id	grammar-name	module	rust-function	classification	feature-gate	entry-point	output-type	parent-rules	child-rules	selection-behavior	termination	whitespace	spec-location	conformance-cases	implementation-path	notes
base.ampersand	ampersand	base	ampersand	terminal	always	parse	Token	none	none	none	exact fixed terminal	none	not-located	TERMINAL-CONTRACTS	src/syntax/src/base.rs::ampersand	Macro-generated terminal "&" with TokenKind::Ampersand; no implicit whitespace.
base.apostrophe	apostrophe	base	apostrophe	terminal	always	parse	Token	none	none	none	exact fixed terminal	none	not-located	TERMINAL-CONTRACTS	src/syntax/src/base.rs::apostrophe	Macro-generated terminal "'" with TokenKind::Apostrophe; no implicit whitespace.
base.asterisk	asterisk	base	asterisk	terminal	always	parse	Token	context-capability-scope,emphasis,grammar-repeat0,kind-any,wildcard	none	none	exact fixed terminal	none	not-located	TERMINAL-CONTRACTS	src/syntax/src/base.rs::asterisk	Macro-generated terminal "*" with TokenKind::Asterisk; no implicit whitespace.
base.at	at	base	at	terminal	always	parse	Token	context-base-context,context-declaration,module-import,module-import-context-alias,prefixed-context-path	none	none	exact fixed terminal	none	not-located	TERMINAL-CONTRACTS	src/syntax/src/base.rs::at	Macro-generated terminal "@" with TokenKind::At; no implicit whitespace.
base.bar	bar	base	bar	terminal	always	parse	Token	figures-row,kind-table,matrix-comprehension,mechdown-table-header,mechdown-table-row,set-comprehension	none	none	exact fixed terminal	none	not-located	TERMINAL-CONTRACTS	src/syntax/src/base.rs::bar	Macro-generated terminal "|" with TokenKind::Bar; no implicit whitespace.
base.backslash	backslash	base	backslash	terminal	always	parse	Token	escaped-char	none	none	exact fixed terminal	none	not-located	TERMINAL-CONTRACTS	src/syntax/src/base.rs::backslash	Macro-generated terminal "\\" with TokenKind::Backslash; no implicit whitespace.
base.caret	caret	base	caret	terminal	always	parse	Token	none	none	none	exact fixed terminal	none	not-located	TERMINAL-CONTRACTS	src/syntax/src/base.rs::caret	Macro-generated terminal "^" with TokenKind::Caret; no implicit whitespace.
base.colon	colon	base	colon	terminal	always	parse	Token	atom,binding,call-arg-with-binding,center-alignment,citation,context-capability-declaration,empty-map,footnote,import-alias-operator,kind-atom,kind-map,left-alignment,mapping,option-mapping,pattern-atom-struct,right-alignment,select-all,title-front-matter,tuple-struct	none	none	exact fixed terminal	none	not-located	TERMINAL-CONTRACTS	src/syntax/src/base.rs::colon	Macro-generated terminal ":" with TokenKind::Colon; no implicit whitespace.
base.comma	comma	base	comma	terminal	always	parse	Token	grammar-list,swizzle-subscript	none	none	exact fixed terminal	none	not-located	TERMINAL-CONTRACTS	src/syntax/src/base.rs::comma	Macro-generated terminal "," with TokenKind::Comma; no implicit whitespace.
base.dash	dash	base	dash	terminal	always	parse	Token	checked-item,negate-factor,unchecked-item,unordered-list-item	none	none	exact fixed terminal	none	not-located	TERMINAL-CONTRACTS	src/syntax/src/base.rs::dash	Macro-generated terminal "-" with TokenKind::Dash; no implicit whitespace.
base.dollar	dollar	base	dollar	terminal	always	parse	Token	none	none	none	exact fixed terminal	none	not-located	TERMINAL-CONTRACTS	src/syntax/src/base.rs::dollar	Macro-generated terminal "$" with TokenKind::Dollar; no implicit whitespace.
base.equal	equal	base	equal	terminal	always	parse	Token	function-define-statements,import-alias-operator	none	none	exact fixed terminal	none	docs/design/specification.mec:1172	TERMINAL-CONTRACTS	src/syntax/src/base.rs::equal	Macro-generated terminal "=" with TokenKind::Equal; no implicit whitespace.
base.exclamation	exclamation	base	exclamation	terminal	always	parse	Token	invariant-define	none	none	exact fixed terminal	none	not-located	TERMINAL-CONTRACTS	src/syntax/src/base.rs::exclamation	Macro-generated terminal "!" with TokenKind::Exclamation; no implicit whitespace.
base.grave	grave	base	grave	terminal	always	parse	Token	inline-code,pattern-tuple-struct	none	none	exact fixed terminal	none	not-located	TERMINAL-CONTRACTS	src/syntax/src/base.rs::grave	Macro-generated terminal "`" with TokenKind::Grave; no implicit whitespace.
base.hashtag	hashtag	base	hashtag	terminal	always	parse	Token	fsm,fsm-implementation,fsm-instance,fsm-specification	none	none	exact fixed terminal	none	not-located	TERMINAL-CONTRACTS	src/syntax/src/base.rs::hashtag	Macro-generated terminal "#" with TokenKind::HashTag; no implicit whitespace.
base.negate	negate	base	negate	terminal	always	parse	Token	grammar-not	none	none	exact fixed terminal	none	not-located	TERMINAL-CONTRACTS	src/syntax/src/base.rs::negate	Macro-generated terminal "¬" with TokenKind::Not; no implicit whitespace.
base.percent	percent	base	percent	terminal	always	parse	Token	none	none	none	exact fixed terminal	none	not-located	TERMINAL-CONTRACTS	src/syntax/src/base.rs::percent	Macro-generated terminal "%" with TokenKind::Percent; no implicit whitespace.
base.period	period	base	period	terminal	always	parse	Token	dot-subscript,dot-subscript-int,float-decimal-start,float-full,fsm-implementation,fsm-specification,function-define-statements,ordered-list-item,swizzle-subscript,ul-subtitle	none	none	exact fixed terminal	none	not-located	TERMINAL-CONTRACTS	src/syntax/src/base.rs::period	Macro-generated terminal "." with TokenKind::Period; no implicit whitespace.
base.plus	plus	base	plus	terminal	always	parse	Token	grammar-repeat1,module-import	none	none	exact fixed terminal	none	not-located	TERMINAL-CONTRACTS	src/syntax/src/base.rs::plus	Macro-generated terminal "+" with TokenKind::Plus; no implicit whitespace.
base.question	question	base	question	terminal	always	parse	Token	expression,grammar-optional,match-expression	none	none	exact fixed terminal	none	not-located	TERMINAL-CONTRACTS	src/syntax/src/base.rs::question	Macro-generated terminal "?" with TokenKind::Question; no implicit whitespace.
base.quote	quote	base	quote	terminal	always	parse	Token	grammar-terminal-token,utf8-string	none	none	exact fixed terminal	none	not-located	TERMINAL-CONTRACTS	src/syntax/src/base.rs::quote	Macro-generated terminal "\"" with TokenKind::Quote; no implicit whitespace.
base.semicolon	semicolon	base	semicolon	terminal	always	parse	Token	grammar-rule	none	none	exact fixed terminal	none	not-located	TERMINAL-CONTRACTS	src/syntax/src/base.rs::semicolon	Macro-generated terminal ";" with TokenKind::Semicolon; no implicit whitespace.
base.slash	slash	base	slash	terminal	always	parse	Token	absolute-source-import-specifier,module-import-context-alias,module-only-import,module-suffix-import,prefixed-context-path,rational-literal	none	none	exact fixed terminal	none	not-located	TERMINAL-CONTRACTS	src/syntax/src/base.rs::slash	Macro-generated terminal "/" with TokenKind::Slash; no implicit whitespace.
base.tilde	tilde	base	tilde	terminal	always	parse	Token	strikethrough	none	none	exact fixed terminal	none	not-located	TERMINAL-CONTRACTS	src/syntax/src/base.rs::tilde	Macro-generated terminal "~" with TokenKind::Tilde; no implicit whitespace.
base.underscore	underscore	base	underscore	terminal	always	parse	Token	module-import-intrinsic-segment,underline,underscore-digit	none	none	exact fixed terminal	none	not-located	TERMINAL-CONTRACTS	src/syntax/src/base.rs::underscore	Macro-generated terminal "_" with TokenKind::Underscore; no implicit whitespace.
base.check-mark	check-mark	base	check_mark	terminal	always	parse	Token	none	none	none	exact fixed terminal	none	not-located	TERMINAL-CONTRACTS	src/syntax/src/base.rs::check_mark	Macro-generated terminal "✓" with TokenKind::True; no implicit whitespace.
base.cross	cross	base	cross	terminal	always	parse	Token	none	none	none	exact fixed terminal	none	not-located	TERMINAL-CONTRACTS	src/syntax/src/base.rs::cross	Macro-generated terminal "✗" with TokenKind::False; no implicit whitespace.
base.english-true-literal	english-true-literal	base	english_true_literal	terminal	always	parse	Token	none	none	none	exact fixed terminal	none	docs/design/specification.mec:578	TERMINAL-CONTRACTS	src/syntax/src/base.rs::english_true_literal	Macro-generated terminal "true" with TokenKind::True; no implicit whitespace.
base.english-false-literal	english-false-literal	base	english_false_literal	terminal	always	parse	Token	none	none	none	exact fixed terminal	none	docs/design/specification.mec:579	TERMINAL-CONTRACTS	src/syntax/src/base.rs::english_false_literal	Macro-generated terminal "false" with TokenKind::False; no implicit whitespace.
base.space	space	base	space	terminal	always	parse	Token	none	none	none	exact fixed terminal	none	not-located	TERMINAL-CONTRACTS	src/syntax/src/base.rs::space	Macro-generated terminal " " with TokenKind::Space; no implicit whitespace.
base.nbsp	nbsp	base	nbsp	terminal	always	parse	Token	none	none	none	exact fixed terminal	none	not-located	TERMINAL-CONTRACTS	src/syntax/src/base.rs::nbsp	Macro-generated terminal "\u{00A0}" with TokenKind::Space; no implicit whitespace.
base.thin-space	thin-space	base	thin_space	terminal	always	parse	Token	none	none	none	exact fixed terminal	none	not-located	TERMINAL-CONTRACTS	src/syntax/src/base.rs::thin_space	Macro-generated terminal "\u{2009}" with TokenKind::Space; no implicit whitespace.
base.new-line-char	new-line-char	base	new_line_char	terminal	always	parse	Token	none	none	none	exact fixed terminal	none	not-located	TERMINAL-CONTRACTS	src/syntax/src/base.rs::new_line_char	Macro-generated terminal "\n" with TokenKind::Newline; no implicit whitespace.
base.carriage-return	carriage-return	base	carriage_return	terminal	always	parse	Token	none	none	none	exact fixed terminal	none	not-located	TERMINAL-CONTRACTS	src/syntax/src/base.rs::carriage_return	Macro-generated terminal "\r" with TokenKind::CarriageReturn; no implicit whitespace.
base.carriage-return-new-line	carriage-return-new-line	base	carriage_return_new_line	terminal	always	parse	Token	none	none	none	exact fixed terminal	none	not-located	TERMINAL-CONTRACTS	src/syntax/src/base.rs::carriage_return_new_line	Macro-generated terminal "\r\n" with TokenKind::CarriageReturn; no implicit whitespace.
base.tab	tab	base	tab	terminal	always	parse	Token	none	none	none	exact fixed terminal	none	not-located	TERMINAL-CONTRACTS	src/syntax/src/base.rs::tab	Macro-generated terminal "\t" with TokenKind::Tab; no implicit whitespace.
base.left-bracket	left-bracket	base	left_bracket	terminal	always	parse	Token	bracket-subscript,checked-item,citation,grammar-list,hyperlink,kind-matrix,matrix-comprehension,pattern-array,reference,unchecked-item	none	none	exact fixed terminal	none	not-located	TERMINAL-CONTRACTS	src/syntax/src/base.rs::left_bracket	Macro-generated terminal "[" with TokenKind::LeftBracket; no implicit whitespace.
base.left-parenthesis	left-parenthesis	base	left_parenthesis	terminal	always	parse	Token	argument-list,context-capability-declaration,enum-variant-kind,fsm-args,fsm-implementation,fsm-specification,fsm-state-definition-variables,function-define,function-out-args,hyperlink,img,kind-tuple,mini-mika,pattern-atom-struct,pattern-tuple,pattern-tuple-struct,subtitle,tuple,tuple-destructure,tuple-struct	none	none	exact fixed terminal	none	not-located	TERMINAL-CONTRACTS	src/syntax/src/base.rs::left_parenthesis	Macro-generated terminal "(" with TokenKind::LeftParenthesis; no implicit whitespace.
base.left-brace	left-brace	base	left_brace	terminal	always	parse	Token	activation-arm,activation-scope,brace-subscript,context-declaration,empty-map,empty-set,eval-inline-mech-code,fsm-block-transition,inline-mech-code,kind-map,kind-record,kind-set,set-comprehension	none	none	exact fixed terminal	none	not-located	TERMINAL-CONTRACTS	src/syntax/src/base.rs::left_brace	Macro-generated terminal "{" with TokenKind::LeftBrace; no implicit whitespace.
base.left-angle1	left-angle1	base	left_angle1	terminal	always	parse	Token	none	none	none	exact fixed terminal	none	not-located	TERMINAL-CONTRACTS	src/syntax/src/base.rs::left_angle1	Macro-generated terminal "<" with TokenKind::LeftAngle; no implicit whitespace.
base.left-angle2	left-angle2	base	left_angle2	terminal	always	parse	Token	none	none	none	exact fixed terminal	none	not-located	TERMINAL-CONTRACTS	src/syntax/src/base.rs::left_angle2	Macro-generated terminal "⟨" with TokenKind::LeftAngle; no implicit whitespace.
base.right-bracket	right-bracket	base	right_bracket	terminal	always	parse	Token	bracket-subscript,checked-item,citation,footnote,footnote-reference,grammar-list,hyperlink,img,kind-matrix,matrix-comprehension,pattern-array,reference,unchecked-item	none	none	exact fixed terminal	none	not-located	TERMINAL-CONTRACTS	src/syntax/src/base.rs::right_bracket	Macro-generated terminal "]" with TokenKind::RightBracket; no implicit whitespace.
base.right-parenthesis	right-parenthesis	base	right_parenthesis	terminal	always	parse	Token	argument-list,context-capability-declaration,enum-variant-kind,fsm-args,fsm-implementation,fsm-specification,fsm-state-definition-variables,function-define,function-out-args,hyperlink,img,kind-tuple,mini-mika,pattern-atom-struct,pattern-tuple,pattern-tuple-struct,subtitle,tuple,tuple-destructure,tuple-struct	none	none	exact fixed terminal	none	not-located	TERMINAL-CONTRACTS	src/syntax/src/base.rs::right_parenthesis	Macro-generated terminal ")" with TokenKind::RightParenthesis; no implicit whitespace.
base.right-brace	right-brace	base	right_brace	terminal	always	parse	Token	activation-arm,activation-scope,brace-subscript,context-declaration,empty-map,empty-set,eval-inline-mech-code,fsm-block-transition,inline-mech-code,kind-map,kind-record,kind-set,set-comprehension	none	none	exact fixed terminal	none	not-located	TERMINAL-CONTRACTS	src/syntax/src/base.rs::right_brace	Macro-generated terminal "}" with TokenKind::RightBrace; no implicit whitespace.
base.right-angle1	right-angle1	base	right_angle1	terminal	always	parse	Token	none	none	none	exact fixed terminal	none	not-located	TERMINAL-CONTRACTS	src/syntax/src/base.rs::right_angle1	Macro-generated terminal ">" with TokenKind::RightAngle; no implicit whitespace.
base.right-angle2	right-angle2	base	right_angle2	terminal	always	parse	Token	none	none	none	exact fixed terminal	none	not-located	TERMINAL-CONTRACTS	src/syntax/src/base.rs::right_angle2	Macro-generated terminal "⟩" with TokenKind::RightAngle; no implicit whitespace.
base.box-tl-round	box-tl-round	base	box_tl_round	terminal	always	parse	Token	none	none	none	exact fixed terminal	none	not-located	TERMINAL-CONTRACTS	src/syntax/src/base.rs::box_tl_round	Macro-generated terminal "╭" with TokenKind::BoxDrawing; no implicit whitespace.
base.box-tr-round	box-tr-round	base	box_tr_round	terminal	always	parse	Token	none	none	none	exact fixed terminal	none	not-located	TERMINAL-CONTRACTS	src/syntax/src/base.rs::box_tr_round	Macro-generated terminal "╮" with TokenKind::BoxDrawing; no implicit whitespace.
base.box-bl-round	box-bl-round	base	box_bl_round	terminal	always	parse	Token	none	none	none	exact fixed terminal	none	not-located	TERMINAL-CONTRACTS	src/syntax/src/base.rs::box_bl_round	Macro-generated terminal "╰" with TokenKind::BoxDrawing; no implicit whitespace.
base.box-br-round	box-br-round	base	box_br_round	terminal	always	parse	Token	none	none	none	exact fixed terminal	none	not-located	TERMINAL-CONTRACTS	src/syntax/src/base.rs::box_br_round	Macro-generated terminal "╯" with TokenKind::BoxDrawing; no implicit whitespace.
base.box-tl-bold	box-tl-bold	base	box_tl_bold	terminal	always	parse	Token	none	none	none	exact fixed terminal	none	not-located	TERMINAL-CONTRACTS	src/syntax/src/base.rs::box_tl_bold	Macro-generated terminal "┏" with TokenKind::BoxDrawing; no implicit whitespace.
base.box-tr-bold	box-tr-bold	base	box_tr_bold	terminal	always	parse	Token	none	none	none	exact fixed terminal	none	not-located	TERMINAL-CONTRACTS	src/syntax/src/base.rs::box_tr_bold	Macro-generated terminal "┓" with TokenKind::BoxDrawing; no implicit whitespace.
base.box-bl-bold	box-bl-bold	base	box_bl_bold	terminal	always	parse	Token	none	none	none	exact fixed terminal	none	not-located	TERMINAL-CONTRACTS	src/syntax/src/base.rs::box_bl_bold	Macro-generated terminal "┗" with TokenKind::BoxDrawing; no implicit whitespace.
base.box-br-bold	box-br-bold	base	box_br_bold	terminal	always	parse	Token	none	none	none	exact fixed terminal	none	not-located	TERMINAL-CONTRACTS	src/syntax/src/base.rs::box_br_bold	Macro-generated terminal "┛" with TokenKind::BoxDrawing; no implicit whitespace.
base.box-tl	box-tl	base	box_tl	terminal	always	parse	Token	none	none	none	exact fixed terminal	none	not-located	TERMINAL-CONTRACTS	src/syntax/src/base.rs::box_tl	Macro-generated terminal "┌" with TokenKind::BoxDrawing; no implicit whitespace.
base.box-tr	box-tr	base	box_tr	terminal	always	parse	Token	none	none	none	exact fixed terminal	none	not-located	TERMINAL-CONTRACTS	src/syntax/src/base.rs::box_tr	Macro-generated terminal "┐" with TokenKind::BoxDrawing; no implicit whitespace.
base.box-bl	box-bl	base	box_bl	terminal	always	parse	Token	none	none	none	exact fixed terminal	none	not-located	TERMINAL-CONTRACTS	src/syntax/src/base.rs::box_bl	Macro-generated terminal "└" with TokenKind::BoxDrawing; no implicit whitespace.
base.box-br	box-br	base	box_br	terminal	always	parse	Token	none	none	none	exact fixed terminal	none	not-located	TERMINAL-CONTRACTS	src/syntax/src/base.rs::box_br	Macro-generated terminal "┘" with TokenKind::BoxDrawing; no implicit whitespace.
base.box-cross	box-cross	base	box_cross	terminal	always	parse	Token	none	none	none	exact fixed terminal	none	not-located	TERMINAL-CONTRACTS	src/syntax/src/base.rs::box_cross	Macro-generated terminal "┼" with TokenKind::BoxDrawing; no implicit whitespace.
base.box-horz	box-horz	base	box_horz	terminal	always	parse	Token	none	none	none	exact fixed terminal	none	not-located	TERMINAL-CONTRACTS	src/syntax/src/base.rs::box_horz	Macro-generated terminal "─" with TokenKind::BoxDrawing; no implicit whitespace.
base.box-t-left	box-t-left	base	box_t_left	terminal	always	parse	Token	none	none	none	exact fixed terminal	none	not-located	TERMINAL-CONTRACTS	src/syntax/src/base.rs::box_t_left	Macro-generated terminal "├" with TokenKind::BoxDrawing; no implicit whitespace.
base.box-t-right	box-t-right	base	box_t_right	terminal	always	parse	Token	none	none	none	exact fixed terminal	none	not-located	TERMINAL-CONTRACTS	src/syntax/src/base.rs::box_t_right	Macro-generated terminal "┤" with TokenKind::BoxDrawing; no implicit whitespace.
base.box-t-top	box-t-top	base	box_t_top	terminal	always	parse	Token	none	none	none	exact fixed terminal	none	not-located	TERMINAL-CONTRACTS	src/syntax/src/base.rs::box_t_top	Macro-generated terminal "┬" with TokenKind::BoxDrawing; no implicit whitespace.
base.box-t-bottom	box-t-bottom	base	box_t_bottom	terminal	always	parse	Token	none	none	none	exact fixed terminal	none	not-located	TERMINAL-CONTRACTS	src/syntax/src/base.rs::box_t_bottom	Macro-generated terminal "┴" with TokenKind::BoxDrawing; no implicit whitespace.
base.box-vert	box-vert	base	box_vert	terminal	always	parse	Token	none	none	none	exact fixed terminal	none	not-located	TERMINAL-CONTRACTS	src/syntax/src/base.rs::box_vert	Macro-generated terminal "│" with TokenKind::BoxDrawing; no implicit whitespace.
base.box-vert-bold	box-vert-bold	base	box_vert_bold	terminal	always	parse	Token	none	none	none	exact fixed terminal	none	not-located	TERMINAL-CONTRACTS	src/syntax/src/base.rs::box_vert_bold	Macro-generated terminal "┃" with TokenKind::BoxDrawing; no implicit whitespace.
base.abstract-sigil	abstract-sigil	base	abstract_sigil	terminal	always	parse	Token	abstract-el	none	none	exact fixed terminal	none	not-located	TERMINAL-CONTRACTS	src/syntax/src/base.rs::abstract_sigil	Macro-generated terminal "%%" with TokenKind::AbstractSigil; no implicit whitespace.
base.emphasis-sigil	emphasis-sigil	base	emphasis_sigil	terminal	always	parse	Token	none	none	none	exact fixed terminal	none	not-located	TERMINAL-CONTRACTS	src/syntax/src/base.rs::emphasis_sigil	Macro-generated terminal "*" with TokenKind::EmphasisSigil; no implicit whitespace.
base.equation-sigil	equation-sigil	base	equation_sigil	terminal	always	parse	Token	equation,inline-equation	none	none	exact fixed terminal	none	not-located	TERMINAL-CONTRACTS	src/syntax/src/base.rs::equation_sigil	Macro-generated terminal "$$" with TokenKind::EquationSigil; no implicit whitespace.
base.footnote-prefix	footnote-prefix	base	footnote_prefix	terminal	always	parse	Token	footnote,footnote-reference	none	none	exact fixed terminal	none	not-located	TERMINAL-CONTRACTS	src/syntax/src/base.rs::footnote_prefix	Macro-generated terminal "[^" with TokenKind::FootnotePrefix; no implicit whitespace.
base.float-left	float-left	base	float_left	terminal	always	parse	Token	none	none	none	exact fixed terminal	none	not-located	TERMINAL-CONTRACTS	src/syntax/src/base.rs::float_left	Macro-generated terminal "<<:" with TokenKind::FloatLeft; no implicit whitespace.
base.float-right	float-right	base	float_right	terminal	always	parse	Token	none	none	none	exact fixed terminal	none	not-located	TERMINAL-CONTRACTS	src/syntax/src/base.rs::float_right	Macro-generated terminal ":>>" with TokenKind::FloatRight; no implicit whitespace.
base.http-prefix	http-prefix	base	http_prefix	terminal	always	parse	Token	none	none	none	exact fixed terminal	none	not-located	TERMINAL-CONTRACTS	src/syntax/src/base.rs::http_prefix	Macro-generated terminal "http" with TokenKind::HttpPrefix; no implicit whitespace.
base.highlight-sigil	highlight-sigil	base	highlight_sigil	terminal	always	parse	Token	highlight	none	none	exact fixed terminal	none	not-located	TERMINAL-CONTRACTS	src/syntax/src/base.rs::highlight_sigil	Macro-generated terminal "!!" with TokenKind::HighlightSigil; no implicit whitespace.
base.img-prefix	img-prefix	base	img_prefix	terminal	always	parse	Token	img	none	none	exact fixed terminal	none	not-located	TERMINAL-CONTRACTS	src/syntax/src/base.rs::img_prefix	Macro-generated terminal "![" with TokenKind::ImgPrefix; no implicit whitespace.
base.quote-sigil	quote-sigil	base	quote_sigil	terminal	always	parse	Token	quote-block	none	none	exact fixed terminal	none	not-located	TERMINAL-CONTRACTS	src/syntax/src/base.rs::quote_sigil	Macro-generated terminal ">" with TokenKind::QuoteSigil; no implicit whitespace.
base.question-sigil	question-sigil	base	question_sigil	terminal	always	parse	Token	question-block	none	none	exact fixed terminal	none	not-located	TERMINAL-CONTRACTS	src/syntax/src/base.rs::question_sigil	Macro-generated terminal "(?)>" with TokenKind::QuestionSigil; no implicit whitespace.
base.info-sigil	info-sigil	base	info_sigil	terminal	always	parse	Token	info-block	none	none	exact fixed terminal	none	not-located	TERMINAL-CONTRACTS	src/syntax/src/base.rs::info_sigil	Macro-generated terminal "(i)>" with TokenKind::InfoSigil; no implicit whitespace.
base.idea-sigil	idea-sigil	base	idea_sigil	terminal	always	parse	Token	idea-block	none	none	exact fixed terminal	none	not-located	TERMINAL-CONTRACTS	src/syntax/src/base.rs::idea_sigil	Macro-generated terminal "(*)>" with TokenKind::IdeaSigil; no implicit whitespace.
base.warning-sigil	warning-sigil	base	warning_sigil	terminal	always	parse	Token	warning-block	none	none	exact fixed terminal	none	not-located	TERMINAL-CONTRACTS	src/syntax/src/base.rs::warning_sigil	Macro-generated terminal "(!)>" with TokenKind::WarningSigil; no implicit whitespace.
base.error-sigil	error-sigil	base	error_sigil	terminal	always	parse	Token	none	none	none	exact fixed terminal	none	not-located	TERMINAL-CONTRACTS	src/syntax/src/base.rs::error_sigil	Macro-generated terminal "(x)>" with TokenKind::ErrorSigil; no implicit whitespace.
base.error-alt-sigil	error-alt-sigil	base	error_alt_sigil	terminal	always	parse	Token	none	none	none	exact fixed terminal	none	not-located	TERMINAL-CONTRACTS	src/syntax/src/base.rs::error_alt_sigil	Macro-generated terminal "(✗)>" with TokenKind::ErrorSigil; no implicit whitespace.
base.success-check-sigil	success-check-sigil	base	success_check_sigil	terminal	always	parse	Token	none	none	none	exact fixed terminal	none	not-located	TERMINAL-CONTRACTS	src/syntax/src/base.rs::success_check_sigil	Macro-generated terminal "(✓)>" with TokenKind::SuccessSigil; no implicit whitespace.
base.success-sigil	success-sigil	base	success_sigil	terminal	always	parse	Token	none	none	none	exact fixed terminal	none	not-located	TERMINAL-CONTRACTS	src/syntax/src/base.rs::success_sigil	Macro-generated terminal "(+)>" with TokenKind::SuccessSigil; no implicit whitespace.
base.strike-sigil	strike-sigil	base	strike_sigil	terminal	always	parse	Token	none	none	none	exact fixed terminal	none	not-located	TERMINAL-CONTRACTS	src/syntax/src/base.rs::strike_sigil	Macro-generated terminal "~~" with TokenKind::StrikeSigil; no implicit whitespace.
base.strong-sigil	strong-sigil	base	strong_sigil	terminal	always	parse	Token	none	none	none	exact fixed terminal	none	not-located	TERMINAL-CONTRACTS	src/syntax/src/base.rs::strong_sigil	Macro-generated terminal "**" with TokenKind::StrongSigil; no implicit whitespace.
base.grave-codeblock-sigil	grave-codeblock-sigil	base	grave_codeblock_sigil	terminal	always	parse	Token	none	none	none	exact fixed terminal	none	docs/design/specification.mec:1809	TERMINAL-CONTRACTS	src/syntax/src/base.rs::grave_codeblock_sigil	Macro-generated terminal "```" with TokenKind::GraveCodeBlockSigil; no implicit whitespace.
base.tilde-codeblock-sigil	tilde-codeblock-sigil	base	tilde_codeblock_sigil	terminal	always	parse	Token	none	none	none	exact fixed terminal	none	docs/design/specification.mec:1810	TERMINAL-CONTRACTS	src/syntax/src/base.rs::tilde_codeblock_sigil	Macro-generated terminal "~~~" with TokenKind::TildeCodeBlockSigil; no implicit whitespace.
base.underline-sigil	underline-sigil	base	underline_sigil	terminal	always	parse	Token	none	none	none	exact fixed terminal	none	not-located	TERMINAL-CONTRACTS	src/syntax/src/base.rs::underline_sigil	Macro-generated terminal "__" with TokenKind::UnderlineSigil; no implicit whitespace.
base.section-sigil	section-sigil	base	section_sigil	terminal	always	parse	Token	section-reference	none	none	exact fixed terminal	none	not-located	TERMINAL-CONTRACTS	src/syntax/src/base.rs::section_sigil	Macro-generated terminal "§" with TokenKind::SectionSigil; no implicit whitespace.
base.mika-section-open	mika-section-open	base	mika_section_open	terminal	always	parse	Token	none	none	none	exact fixed terminal	none	not-located	TERMINAL-CONTRACTS	src/syntax/src/base.rs::mika_section_open	Macro-generated terminal "⸢" with TokenKind::MikaSectionOpen; no implicit whitespace.
base.mika-section-close	mika-section-close	base	mika_section_close	terminal	always	parse	Token	section	none	none	exact fixed terminal	none	not-located	TERMINAL-CONTRACTS	src/syntax/src/base.rs::mika_section_close	Macro-generated terminal "⸥" with TokenKind::MikaSectionClose; no implicit whitespace.
base.prompt-sigil	prompt-sigil	base	prompt_sigil	terminal	always	parse	Token	prompt	none	none	exact fixed terminal	none	not-located	TERMINAL-CONTRACTS	src/syntax/src/base.rs::prompt_sigil	Macro-generated terminal ">:" with TokenKind::PromptSigil; no implicit whitespace.
base.module-import-sigil	module-import-sigil	base	module_import_sigil	terminal	always	parse	Token	import-declaration	none	none	exact fixed terminal	none	not-located	TERMINAL-CONTRACTS	src/syntax/src/base.rs::module_import_sigil	Macro-generated terminal "+>" with TokenKind::ModuleImportSigil; no implicit whitespace.
base.module-export-sigil	module-export-sigil	base	module_export_sigil	terminal	always	parse	Token	export-declaration	none	none	exact fixed terminal	none	not-located	TERMINAL-CONTRACTS	src/syntax/src/base.rs::module_export_sigil	Macro-generated terminal "<+" with TokenKind::ModuleExportSigil; no implicit whitespace.
base.assign-operator	assign-operator	base	assign_operator	terminal	always	parse	Token	variable-assign	none	none	exact fixed terminal	whitespace0 before and after terminal (includes newlines)	docs/design/specification.mec:1349	TERMINAL-CONTRACTS	src/syntax/src/base.rs::assign_operator	Macro-generated terminal "=" with TokenKind::AssignOperator; whitespace0 on both sides.
base.async-transition-operator	async-transition-operator	base	async_transition_operator	terminal	always	parse	Token	activation-scope,fsm-async-transition	none	none	exact fixed terminal	whitespace0 before and after terminal (includes newlines)	not-located	TERMINAL-CONTRACTS	src/syntax/src/base.rs::async_transition_operator	Macro-generated terminal "~>" with TokenKind::AsyncTransitionOperator; whitespace0 on both sides.
base.define-operator	define-operator	base	define_operator	terminal	always	parse	Token	context-declaration,enum-define,fsm-declare,function-define-statements,grammar-rule,invariant-define,kind-define,tuple-destructure,variable-define	none	none	exact fixed terminal	whitespace0 before and after terminal (includes newlines)	docs/design/specification.mec:1332	TERMINAL-CONTRACTS	src/syntax/src/base.rs::define_operator	Macro-generated terminal ":=" with TokenKind::DefineOperator; whitespace0 on both sides.
base.synth-operator	synth-operator	base	synth_operator	terminal	always	parse	Token	none	none	none	exact fixed terminal	whitespace0 before and after terminal (includes newlines)	not-located	TERMINAL-CONTRACTS	src/syntax/src/base.rs::synth_operator	Macro-generated terminal "?=" with TokenKind::SynthOperator; whitespace0 on both sides.
base.gen-operator	gen-operator	base	gen_operator	terminal	always	parse	Token	none	none	none	exact fixed terminal	whitespace0 before and after terminal (includes newlines)	not-located	TERMINAL-CONTRACTS	src/syntax/src/base.rs::gen_operator	Macro-generated terminal "@=" with TokenKind::GenOperator; whitespace0 on both sides.
base.output-operator-a	output-operator-a	base	output_operator_a	terminal	always	parse	Token	none	none	none	exact fixed terminal	whitespace0 before and after terminal (includes newlines)	not-located	TERMINAL-CONTRACTS	src/syntax/src/base.rs::output_operator_a	Macro-generated terminal "=>" with TokenKind::OutputOperator; whitespace0 on both sides.
base.output-operator-u	output-operator-u	base	output_operator_u	terminal	always	parse	Token	none	none	none	exact fixed terminal	whitespace0 before and after terminal (includes newlines)	not-located	TERMINAL-CONTRACTS	src/syntax/src/base.rs::output_operator_u	Macro-generated terminal "⇒" with TokenKind::OutputOperator; whitespace0 on both sides.
base.transition-operator-a	transition-operator-a	base	transition_operator_a	terminal	always	parse	Token	none	none	none	exact fixed terminal	whitespace0 before and after terminal (includes newlines)	not-located	TERMINAL-CONTRACTS	src/syntax/src/base.rs::transition_operator_a	Macro-generated terminal "->" with TokenKind::TransitionOperator; whitespace0 on both sides.
base.transition-operator-u	transition-operator-u	base	transition_operator_u	terminal	always	parse	Token	none	none	none	exact fixed terminal	whitespace0 before and after terminal (includes newlines)	not-located	TERMINAL-CONTRACTS	src/syntax/src/base.rs::transition_operator_u	Macro-generated terminal "→" with TokenKind::TransitionOperator; whitespace0 on both sides.
base.generator-arrow	generator-arrow	base	generator_arrow	terminal	always	parse	Token	none	none	none	exact fixed terminal	whitespace0 before and after terminal (includes newlines)	not-located	TERMINAL-CONTRACTS	src/syntax/src/base.rs::generator_arrow	Macro-generated terminal "<-" with TokenKind::GeneratorArrow; whitespace0 on both sides.
base.generator-arrow-u	generator-arrow-u	base	generator_arrow_u	terminal	always	parse	Token	none	none	none	exact fixed terminal	whitespace0 before and after terminal (includes newlines)	not-located	TERMINAL-CONTRACTS	src/syntax/src/base.rs::generator_arrow_u	Macro-generated terminal "←" with TokenKind::GeneratorArrow; whitespace0 on both sides.
base.spread-operator-a	spread-operator-a	base	spread_operator_a	terminal	always	parse	Token	none	none	none	exact fixed terminal	whitespace0 before and after terminal (includes newlines)	not-located	TERMINAL-CONTRACTS	src/syntax/src/base.rs::spread_operator_a	Macro-generated terminal "..." with TokenKind::SpreadOperator; whitespace0 on both sides.
base.spread-operator-u	spread-operator-u	base	spread_operator_u	terminal	always	parse	Token	none	none	none	exact fixed terminal	whitespace0 before and after terminal (includes newlines)	not-located	TERMINAL-CONTRACTS	src/syntax/src/base.rs::spread_operator_u	Macro-generated terminal "…" with TokenKind::SpreadOperator; whitespace0 on both sides.
base.transition-operator	transition-operator	base	transition_operator	terminal	always	parse	Token	fsm-block-transition,fsm-implementation,fsm-state-transition,fsm-statement-transition	none	ordered-first-success	caller controls remainder	none directly; child rules may consume	not-located	ALTERNATIVE-TERMINAL-CONTRACTS	src/syntax/src/base.rs::transition_operator	Recognizes a terminal/operator form and returns Token.
base.output-operator	output-operator	base	output_operator	terminal	always	parse	Token	activation-arm,fsm-output,function-define-match-arms,function-match-arm,match-arm	none	ordered-first-success	caller controls remainder	none directly; child rules may consume	not-located	ALTERNATIVE-TERMINAL-CONTRACTS	src/syntax/src/base.rs::output_operator	Recognizes a terminal/operator form and returns Token.
base.emoji-grapheme	emoji-grapheme	base	emoji_grapheme	lexical-primitive	always	parse	String	emoji	none	none	caller controls remainder	none directly; child rules may consume	not-located	BASE-EMOJI	src/syntax/src/base.rs::emoji_grapheme	Consumes a lexical primitive and returns String.
base.alpha	alpha	base	alpha	lexical-primitive	always	parse	String	none	none	none	caller controls remainder	none directly; child rules may consume	docs/design/specification.mec:142	IDENT-SYMBOLS	src/syntax/src/base.rs::alpha	Consumes a lexical primitive and returns String.
base.digit	digit	base	digit	lexical-primitive	always	parse	String	none	none	none	caller controls remainder	none directly; child rules may consume	docs/design/specification.mec:143	NUM-INTEGER	src/syntax/src/base.rs::digit	Consumes a lexical primitive and returns String.
base.any	any	base	any	lexical-primitive	always	parse	String	none	none	none	caller controls remainder	none directly; child rules may consume	not-located	CODE-FENCE	src/syntax/src/base.rs::any	Consumes a lexical primitive and returns String.
base.any-token	any-token	base	any_token	lexical-primitive	always	parse	Token	none	none	none	caller controls remainder	none directly; child rules may consume	not-located	COMMENT-DASH	src/syntax/src/base.rs::any_token	Consumes a lexical primitive and returns Token.
base.forbidden-emoji	forbidden-emoji	base	forbidden_emoji	lexical-primitive	always	parse	Token	none	none	ordered-first-success	caller controls remainder	none directly; child rules may consume	not-located	BASE-FORBIDDEN-EMOJI	src/syntax/src/base.rs::forbidden_emoji	Consumes a lexical primitive and returns Token.
base.emoji	emoji	base	emoji	lexical-primitive	always	parse	Token	identifier-path-segment-emoji	emoji-grapheme	peek-gated	caller controls remainder	none directly; child rules may consume	docs/design/specification.mec:144	BASE-EMOJI	src/syntax/src/base.rs::emoji	Consumes a lexical primitive and returns Token.
base.alpha-token	alpha-token	base	alpha_token	lexical-primitive	always	parse	Token	grammar-identifier,source-import-uri-scheme	none	none	caller controls remainder	none directly; child rules may consume	not-located	IDENT-SYMBOLS	src/syntax/src/base.rs::alpha_token	Consumes a lexical primitive and returns Token.
base.digit-token	digit-token	base	digit_token	lexical-primitive	always	parse	Token	digit-sequence,underscore-digit	none	none	caller controls remainder	none directly; child rules may consume	not-located	NUM-INTEGER	src/syntax/src/base.rs::digit_token	Consumes a lexical primitive and returns Token.
base.alphanumeric	alphanumeric	base	alphanumeric	production	always	parse	Token	none	none	ordered-first-success	caller controls remainder	none directly; child rules may consume	docs/design/specification.mec:157	CITATION	src/syntax/src/base.rs::alphanumeric	Constructs Token; implementation-derived inventory entry.
base.underscore-digit	underscore-digit	base	underscore_digit	production	always	parse	Token	none	digit-token,underscore	none	caller controls remainder	none directly; child rules may consume	not-located	NUM-UNDERSCORE	src/syntax/src/base.rs::underscore_digit	Constructs Token; implementation-derived inventory entry.
base.digit-sequence	digit-sequence	base	digit_sequence	production	always	parse	Vec<Token>	float-decimal-start,float-full,typed-integer,untyped-integer	digit-token	ordered-first-success	repetition stops on recoverable child failure; caller controls remainder	none directly; child rules may consume	docs/design/specification.mec:158	NUM-UNDERSCORE	src/syntax/src/base.rs::digit_sequence	Constructs Vec<Token>; implementation-derived inventory entry.
base.grouping-symbol	grouping-symbol	base	grouping_symbol	terminal	always	parse	Token	none	none	ordered-first-success	caller controls remainder	none directly; child rules may consume	docs/design/specification.mec:239	ALTERNATIVE-TERMINAL-CONTRACTS	src/syntax/src/base.rs::grouping_symbol	Recognizes a terminal/operator form and returns Token.
base.punctuation	punctuation	base	punctuation	terminal	always	parse	Token	none	none	ordered-first-success	caller controls remainder	none directly; child rules may consume	docs/design/specification.mec:193	ALTERNATIVE-TERMINAL-CONTRACTS	src/syntax/src/base.rs::punctuation	Recognizes a terminal/operator form and returns Token.
base.escaped-char	escaped-char	base	escaped_char	production	always	parse	Token	none	backslash	ordered-first-success	caller controls remainder	none directly; child rules may consume	docs/design/specification.mec:258	ALTERNATIVE-TERMINAL-CONTRACTS	src/syntax/src/base.rs::escaped_char	Constructs Token; implementation-derived inventory entry.
base.symbol	symbol	base	symbol	terminal	always	parse	Token	none	none	ordered-first-success	caller controls remainder	none directly; child rules may consume	docs/design/specification.mec:212	ALTERNATIVE-TERMINAL-CONTRACTS	src/syntax/src/base.rs::symbol	Recognizes a terminal/operator form and returns Token.
base.identifier-symbol	identifier-symbol	base	identifier_symbol	terminal	always	parse	Token	none	none	ordered-first-success	caller controls remainder	none directly; child rules may consume	docs/design/specification.mec:227	IDENT-SYMBOLS	src/syntax/src/base.rs::identifier_symbol	Recognizes a terminal/operator form and returns Token.
base.text	text	base	text	production	always	parse	Token	none	none	ordered-first-success	caller controls remainder	none directly; child rules may consume	docs/design/specification.mec:259	ALTERNATIVE-TERMINAL-CONTRACTS	src/syntax/src/base.rs::text	Constructs Token; implementation-derived inventory entry.
base.raw-text	raw-text	base	raw_text	production	always	parse	Token	none	none	ordered-first-success	caller controls remainder	none directly; child rules may consume	not-located	ALTERNATIVE-TERMINAL-CONTRACTS	src/syntax/src/base.rs::raw_text	Constructs Token; implementation-derived inventory entry.
base.new-line	new-line	base	new_line	terminal	always	parse	Token	blank-line,comment,grammar,newline-indent,paragraph-newline,table-top,thematic-break,title,title-front-matter,ul-subtitle	none	ordered-first-success	caller controls remainder	none directly; child rules may consume	docs/design/specification.mec:164	ALTERNATIVE-TERMINAL-CONTRACTS	src/syntax/src/base.rs::new_line	Recognizes a terminal/operator form and returns Token.
base.whitespace	whitespace	base	whitespace	lexical-primitive	always	parse	Token	none	none	ordered-first-success	caller controls remainder	none directly; child rules may consume	docs/design/specification.mec:165	MATCH	src/syntax/src/base.rs::whitespace	Consumes a lexical primitive and returns Token.
base.whitespace0	whitespace0	base	whitespace0	production	always	parse	()	activation-arm,activation-scope,add-assign-operator,binding,body,call-arg-with-binding,citation,code-block,code-terminal,context-declaration,div-assign-operator,empty-map,empty-set,eval-inline-mech-code,exp-assign-operator,export-declaration,expression,fancy-table-header,figures-row,footnote,fsm-arm,fsm-block-transition,fsm-implementation,fsm-state-definition,function-define,function-define-match-arms,function-define-statements,function-match-arm,guard-operator,import-declaration,import-group-items,inline-mech-code,kind-record,map,mapping,match-expression,matrix,mech-code-alt,mechdown-table,mechdown-table-header,mechdown-table-row,mika,module-import,mul-assign-operator,option-map,option-mapping,pattern-array,pattern-atom-struct,pattern-tuple,pattern-tuple-struct,program,record,regular-table,send-operator,set,sub-assign-operator,subtitle,table-header,title,title-front-matter,tuple,tuple-struct,ul-subtitle,unchecked-item	none	none	repetition stops on recoverable child failure; caller controls remainder	none directly; child rules may consume	not-located	MATCH	src/syntax/src/base.rs::whitespace0	Constructs (); implementation-derived inventory entry.
base.whitespace1	whitespace1	base	whitespace1	production	always	parse	()	export-declaration,import-declaration	none	none	repetition stops on recoverable child failure; caller controls remainder	none directly; child rules may consume	not-located	FUNCTION-MATCH-ARMS,STRUCT-SET-WHITESPACE	src/syntax/src/base.rs::whitespace1	Constructs (); implementation-derived inventory entry.
base.newline-indent	newline-indent	base	newline_indent	production	always	parse	()	none	new-line	none	repetition stops on recoverable child failure; caller controls remainder	new-line	not-located	LOWER-NEWLINE-INDENT	src/syntax/src/base.rs::newline_indent	Constructs (); implementation-derived inventory entry.
base.ws1e	ws1e	base	ws1e	production	always	parse	()	spaced-subtract,symmetric-difference	none	none	repetition stops on recoverable child failure; caller controls remainder	none directly; child rules may consume	not-located	OP-DELTA-SPACED	src/syntax/src/base.rs::ws1e	Constructs (); implementation-derived inventory entry.
base.ws0e	ws0e	base	ws0e	production	always	parse	()	add,and,complement,cross-product,difference,divide,dot-product,element-of,equal-to,full-join,greater-than,greater-than-equal,intersection,join,left-anti-join,left-join,left-semi-join,less-than,less-than-equal,matrix-multiply,matrix-solve,modulus,multiply,not-element-of,not-equal,or,power,proper-subset,proper-superset,right-join,strict-equal,strict-not-equal,subset,superset,union-op,xor	none	none	repetition stops on recoverable child failure; caller controls remainder	none directly; child rules may consume	not-located	OP-ADD-TIGHT	src/syntax/src/base.rs::ws0e	Constructs (); implementation-derived inventory entry.
base.space-tab	space-tab	base	space_tab	production	always	parse	Token	none	none	ordered-first-success	caller controls remainder	none directly; child rules may consume	not-located	ALTERNATIVE-TERMINAL-CONTRACTS	src/syntax/src/base.rs::space_tab	Constructs Token; implementation-derived inventory entry.
base.space-tab0	space-tab0	base	space_tab0	production	always	parse	()	generator,import-alias-operator,inline-table,inline-table-header,inline-table-row,matrix-column,matrix-comprehension,matrix-row,module-import,module-import-end,parenthetical-term,row-separator,set-comprehension,table-column,table-header,table-row,table-row2,table-separator	none	none	repetition stops on recoverable child failure; caller controls remainder	none directly; child rules may consume	not-located	STRUCT-TABLE	src/syntax/src/base.rs::space_tab0	Constructs (); implementation-derived inventory entry.
base.space-tab1	space-tab1	base	space_tab1	production	always	parse	()	none	none	none	repetition stops on recoverable child failure; caller controls remainder	none directly; child rules may consume	not-located	ALTERNATIVE-TERMINAL-CONTRACTS	src/syntax/src/base.rs::space_tab1	Constructs (); implementation-derived inventory entry.
base.list-separator	list-separator	base	list_separator	production	always	parse	()	pattern-array	tag	none	caller controls remainder	none directly; child rules may consume	docs/design/specification.mec:169	STRUCT-TUPLE	src/syntax/src/base.rs::list_separator	Constructs (); implementation-derived inventory entry.
base.enum-separator	enum-separator	base	enum_separator	production	always	parse	()	pattern-array-token	tag	none	caller controls remainder	none directly; child rules may consume	docs/design/specification.mec:170	PATTERN-ARRAY-REST	src/syntax/src/base.rs::enum_separator	Constructs (); implementation-derived inventory entry.
base.identifier	identifier	base	identifier	production	always	parse	Identifier	atom,binding,call-arg-with-binding,context-base-context,context-capability-declaration,context-declaration,dot-subscript,enum-define,enum-variant,export-declaration,field,fsm,fsm-implementation,fsm-instance,fsm-specification,function-arg,function-call,function-define,header-field,invariant-define,kind-atom,kind-define,kind-scalar,option-mapping,option-value,pattern-atom-struct,pattern-tuple-struct,slice,slice-ref,swizzle-subscript,title-front-matter,tuple-struct,typed-integer,var	none	ordered-first-success	repetition stops on recoverable child failure; caller controls remainder	none directly; child rules may consume	docs/design/specification.mec:322	ALTERNATIVE-TERMINAL-CONTRACTS	src/syntax/src/base.rs::identifier	Constructs Identifier; implementation-derived inventory entry.
base.identifier-path-segment-emoji	identifier-path-segment-emoji	base	identifier_path_segment_emoji	production	always	parse	Token	none	emoji	ordered-first-success/peek-gated	caller controls remainder	none directly; child rules may consume	not-located	IMPORT-MODULE-EMOJI-PATH	src/syntax/src/base.rs::identifier_path_segment_emoji	Constructs Token; implementation-derived inventory entry.
base.identifier-path-segment	identifier-path-segment	base	identifier_path_segment	production	always	parse	Identifier	module-import-alias-segment,module-import-name-segment,module-root,prefixed-context-path	none	ordered-first-success	repetition stops on recoverable child failure; caller controls remainder	none directly; child rules may consume	not-located	IMPORT-MODULE,IMPORT-MODULE-EMOJI-PATH	src/syntax/src/base.rs::identifier_path_segment	Constructs Identifier; implementation-derived inventory entry.
literals.literal	literal	literals	literal	production	always	parse	Literal	factor	map	ordered-first-success	optional component; caller controls remainder	none directly; child rules may consume	docs/design/specification.mec:343	ATOM,BASE-LITERAL-EMPTY,LITERAL-STRING-SELECTION,LITERAL-BOOLEAN-SELECTION,LITERAL-NUMBER-SELECTION	src/syntax/src/literals.rs::literal	Constructs Literal; implementation-derived inventory entry.
literals.empty	empty	literals	empty	production	always	parse	Token	none	tag	none	repetition stops on recoverable child failure; caller controls remainder	none directly; child rules may consume	docs/design/specification.mec:622	BASE-LITERAL-EMPTY	src/syntax/src/literals.rs::empty	Constructs Token; implementation-derived inventory entry.
literals.atom	atom	literals	atom	production	always	parse	Atom	fsm-state-definition	colon,identifier	none	caller controls remainder	none directly; child rules may consume	docs/design/specification.mec:597	ATOM	src/syntax/src/literals.rs::atom	Constructs Atom; implementation-derived inventory entry.
literals.string	string	literals	string	production	always	parse	MechString	option-value	none	ordered-first-success	caller controls remainder	none directly; child rules may consume	docs/design/specification.mec:550	STR-UTF8,STR-RAW	src/syntax/src/literals.rs::string	Constructs MechString; implementation-derived inventory entry.
literals.utf8-string	utf8-string	literals	utf8_string	production	always	parse	MechString	none	quote	ordered-first-success/peek-gated	repetition stops on recoverable child failure; caller controls remainder	none directly; child rules may consume	not-located	STR-UTF8	src/syntax/src/literals.rs::utf8_string	Constructs MechString; implementation-derived inventory entry.
literals.raw-string	raw-string	literals	raw_string	production	always	parse	MechString	none	none	ordered-first-success/peek-gated	repetition stops on recoverable child failure; caller controls remainder	none directly; child rules may consume	not-located	STR-RAW	src/syntax/src/literals.rs::raw_string	Constructs MechString; implementation-derived inventory entry.
literals.boolean	boolean	literals	boolean	production	always	parse	Token	none	none	ordered-first-success	caller controls remainder	none directly; child rules may consume	docs/design/specification.mec:573	BOOL-ENGLISH,BOOL-SYMBOL,BOOL-ENGLISH-FALSE,BOOL-SYMBOL-FALSE	src/syntax/src/literals.rs::boolean	Constructs Token; implementation-derived inventory entry.
literals.true-literal	true-literal	literals	true_literal	production	always	parse	Token	none	none	ordered-first-success	caller controls remainder	none directly; child rules may consume	docs/design/specification.mec:574	BOOL-ENGLISH,BOOL-SYMBOL	src/syntax/src/literals.rs::true_literal	Constructs Token; implementation-derived inventory entry.
literals.false-literal	false-literal	literals	false_literal	production	always	parse	Token	none	none	ordered-first-success	caller controls remainder	none directly; child rules may consume	docs/design/specification.mec:575	BOOL-ENGLISH-FALSE,BOOL-SYMBOL-FALSE	src/syntax/src/literals.rs::false_literal	Constructs Token; implementation-derived inventory entry.
literals.number	number	literals	number	production	always	parse	Number	ordered-list-item	map	ordered-first-success	caller controls remainder	none directly; child rules may consume	docs/design/specification.mec:156	NUM-INTEGER,NUM-TYPED,NUM-UNDERSCORE,NUM-FLOAT,NUM-LEADING-DOT,NUM-SCIENTIFIC,NUM-HEX,NUM-DECIMAL,NUM-OCTAL,NUM-BINARY,NUM-NEGATIVE,NUM-COMPLEX,LEX-RATIONAL-TIGHT	src/syntax/src/literals.rs::number	Constructs Number; implementation-derived inventory entry.
literals.complex-number	complex-number	literals	complex_number	production	always	parse	C64Node	none	tag,untyped-real-number	ordered-first-success	caller controls remainder	none directly; child rules may consume	docs/design/specification.mec:529	NUM-COMPLEX	src/syntax/src/literals.rs::complex_number	Constructs C64Node; implementation-derived inventory entry.
literals.real-number	real-number	literals	real_number	production	always	parse	RealNumber	none	none	ordered-first-success	optional component; caller controls remainder	none directly; child rules may consume	docs/design/specification.mec:446	NUM-INTEGER,NUM-TYPED,NUM-UNDERSCORE,NUM-FLOAT,NUM-LEADING-DOT,NUM-SCIENTIFIC,NUM-HEX,NUM-DECIMAL,NUM-OCTAL,NUM-BINARY,NUM-NEGATIVE,LEX-RATIONAL-TIGHT	src/syntax/src/literals.rs::real_number	Constructs RealNumber; implementation-derived inventory entry.
literals.untyped-real-number	untyped-real-number	literals	untyped_real_number	production	always	parse	RealNumber	complex-number	none	ordered-first-success	optional component; caller controls remainder	none directly; child rules may consume	not-located	NUM-COMPLEX	src/syntax/src/literals.rs::untyped_real_number	Constructs RealNumber; implementation-derived inventory entry.
literals.rational-literal	rational-literal	literals	rational_literal	production	always	parse	RealNumber	none	integer-literal,slash	none	caller controls remainder	none directly; child rules may consume	docs/design/specification.mec:493	LEX-RATIONAL-TIGHT	src/syntax/src/literals.rs::rational_literal	Constructs RealNumber; implementation-derived inventory entry.
literals.scientific-literal	scientific-literal	literals	scientific_literal	production	always	parse	RealNumber	none	float-literal,integer-literal,tag	ordered-first-success/manual-fallback	optional component; caller controls remainder	none directly; child rules may consume	docs/design/specification.mec:488	NUM-SCIENTIFIC	src/syntax/src/literals.rs::scientific_literal	Constructs RealNumber; implementation-derived inventory entry.
literals.float-decimal-start	float-decimal-start	literals	float_decimal_start	production	always	parse	RealNumber	none	digit-sequence,period	none	caller controls remainder	none directly; child rules may consume	docs/design/specification.mec:498	NUM-LEADING-DOT	src/syntax/src/literals.rs::float_decimal_start	Constructs RealNumber; implementation-derived inventory entry.
literals.float-full	float-full	literals	float_full	production	always	parse	RealNumber	none	digit-sequence,period	none	caller controls remainder	none directly; child rules may consume	docs/design/specification.mec:497	NUM-FLOAT	src/syntax/src/literals.rs::float_full	Constructs RealNumber; implementation-derived inventory entry.
literals.float-literal	float-literal	literals	float_literal	production	always	parse	RealNumber	scientific-literal	none	ordered-first-success	caller controls remainder	none directly; child rules may consume	docs/design/specification.mec:496	NUM-LEADING-DOT,NUM-FLOAT	src/syntax/src/literals.rs::float_literal	Constructs RealNumber; implementation-derived inventory entry.
literals.integer-literal	integer-literal	literals	integer_literal	production	always	parse	RealNumber	dot-subscript-int,rational-literal,scientific-literal	none	ordered-first-success	caller controls remainder	none directly; child rules may consume	docs/design/specification.mec:447	NUM-INTEGER,NUM-TYPED,NUM-UNDERSCORE,LEX-RATIONAL-TIGHT,NUM-SCIENTIFIC	src/syntax/src/literals.rs::integer_literal	Constructs RealNumber; implementation-derived inventory entry.
literals.typed-integer	typed-integer	literals	typed_integer	production	always	parse	RealNumber	none	digit-sequence,identifier	none	caller controls remainder	none directly; child rules may consume	not-located	NUM-TYPED	src/syntax/src/literals.rs::typed_integer	Constructs RealNumber; implementation-derived inventory entry.
literals.untyped-integer	untyped-integer	literals	untyped_integer	production	always	parse	RealNumber	none	digit-sequence	none	caller controls remainder	none directly; child rules may consume	not-located	NUM-INTEGER,NUM-UNDERSCORE	src/syntax/src/literals.rs::untyped_integer	Constructs RealNumber; implementation-derived inventory entry.
literals.decimal-literal	decimal-literal	literals	decimal_literal	production	always	parse	RealNumber	none	tag	none	caller controls remainder	none directly; child rules may consume	docs/design/specification.mec:448	NUM-DECIMAL	src/syntax/src/literals.rs::decimal_literal	Constructs RealNumber; implementation-derived inventory entry.
literals.hexadecimal-literal	hexadecimal-literal	literals	hexadecimal_literal	production	always	parse	RealNumber	none	tag	ordered-first-success	repetition stops on recoverable child failure; caller controls remainder	none directly; child rules may consume	docs/design/specification.mec:449	NUM-HEX	src/syntax/src/literals.rs::hexadecimal_literal	Constructs RealNumber; implementation-derived inventory entry.
literals.octal-literal	octal-literal	literals	octal_literal	production	always	parse	RealNumber	none	tag	none	caller controls remainder	none directly; child rules may consume	docs/design/specification.mec:450	NUM-OCTAL	src/syntax/src/literals.rs::octal_literal	Constructs RealNumber; implementation-derived inventory entry.
literals.binary-literal	binary-literal	literals	binary_literal	production	always	parse	RealNumber	none	tag	none	caller controls remainder	none directly; child rules may consume	docs/design/specification.mec:451	NUM-BINARY	src/syntax/src/literals.rs::binary_literal	Constructs RealNumber; implementation-derived inventory entry.
literals.left-angle	left-angle	literals	left_angle	production	always	parse	Token	none	none	ordered-first-success	caller controls remainder	none directly; child rules may consume	not-located	ALTERNATIVE-TERMINAL-CONTRACTS	src/syntax/src/literals.rs::left_angle	Constructs Token; implementation-derived inventory entry.
literals.right-angle	right-angle	literals	right_angle	production	always	parse	Token	grammar-peek,module-import	none	ordered-first-success	caller controls remainder	none directly; child rules may consume	not-located	ALTERNATIVE-TERMINAL-CONTRACTS	src/syntax/src/literals.rs::right_angle	Constructs Token; implementation-derived inventory entry.
literals.kind-annotation	kind-annotation	literals	kind_annotation	production	always	parse	KindAnnotation	enum-variant-inline-kind,enum-variant-kind,function-arg,function-define-match-arms,header-field,kind-define	kind-with-option	none	caller controls remainder	none directly; child rules may consume	docs/design/specification.mec:382	KIND-SCALAR,KIND-OPTION,KIND-COMPOUND,KIND-TABLE,KIND-KIND,KIND-ANY,KIND-EMPTY	src/syntax/src/literals.rs::kind_annotation	Constructs KindAnnotation; implementation-derived inventory entry.
literals.kind	kind	literals	kind	production	always	parse	Kind	kind-map,kind-set,kind-with-option	none	ordered-first-success	caller controls remainder	none directly; child rules may consume	docs/design/specification.mec:383	KIND-SCALAR,KIND-OPTION,KIND-COMPOUND,KIND-TABLE,KIND-KIND,KIND-ANY,KIND-EMPTY	src/syntax/src/literals.rs::kind	Constructs Kind; implementation-derived inventory entry.
literals.kind-with-option	kind-with-option	literals	kind_with_option	production	always	parse	Kind	kind-annotation,kind-kind,kind-matrix	kind	none	optional component; caller controls remainder	none directly; child rules may consume	not-located	KIND-OPTION	src/syntax/src/literals.rs::kind_with_option	Constructs Kind; implementation-derived inventory entry.
literals.kind-kind	kind-kind	literals	kind_kind	production	always	parse	Kind	none	kind-with-option	none	caller controls remainder	none directly; child rules may consume	not-located	KIND-KIND	src/syntax/src/literals.rs::kind_kind	Constructs Kind; implementation-derived inventory entry.
literals.kind-table	kind-table	literals	kind_table	production	always	parse	Kind	none	bar,tuple	ordered-first-success	separator-delimited repetition; caller controls remainder	none directly; child rules may consume	not-located	KIND-TABLE	src/syntax/src/literals.rs::kind_table	Constructs Kind; implementation-derived inventory entry.
literals.kind-any	kind-any	literals	kind_any	production	always	parse	Kind	none	asterisk	none	caller controls remainder	none directly; child rules may consume	not-located	KIND-ANY	src/syntax/src/literals.rs::kind_any	Constructs Kind; implementation-derived inventory entry.
literals.kind-empty	kind-empty	literals	kind_empty	production	always	parse	Kind	none	none	none	repetition stops on recoverable child failure; caller controls remainder	none directly; child rules may consume	docs/design/specification.mec:391	KIND-EMPTY	src/syntax/src/literals.rs::kind_empty	Constructs Kind; implementation-derived inventory entry.
literals.kind-atom	kind-atom	literals	kind_atom	production	always	parse	Kind	none	colon,identifier	none	caller controls remainder	none directly; child rules may consume	docs/design/specification.mec:392	KIND-COMPOUND	src/syntax/src/literals.rs::kind_atom	Constructs Kind; implementation-derived inventory entry.
literals.kind-set	kind-set	literals	kind_set	production	always	parse	Kind	none	kind,left-brace,right-brace,tag	none	optional component; caller controls remainder	none directly; child rules may consume	not-located	KIND-COMPOUND	src/syntax/src/literals.rs::kind_set	Constructs Kind; implementation-derived inventory entry.
literals.kind-map	kind-map	literals	kind_map	production	always	parse	Kind	none	colon,kind,left-brace,right-brace	none	caller controls remainder	none directly; child rules may consume	docs/design/specification.mec:393	KIND-COMPOUND	src/syntax/src/literals.rs::kind_map	Constructs Kind; implementation-derived inventory entry.
literals.kind-record	kind-record	literals	kind_record	production	always	parse	Kind	none	left-brace,right-brace,tag,whitespace0	ordered-first-success	separator-delimited repetition; caller controls remainder	whitespace0; whitespace0/1 include newlines	not-located	KIND-COMPOUND	src/syntax/src/literals.rs::kind_record	Constructs Kind; implementation-derived inventory entry.
literals.kind-matrix	kind-matrix	literals	kind_matrix	production	always	parse	Kind	none	kind-with-option,left-bracket,right-bracket	none	separator-delimited repetition; caller controls remainder	none directly; child rules may consume	not-located	KIND-COMPOUND	src/syntax/src/literals.rs::kind_matrix	Constructs Kind; implementation-derived inventory entry.
literals.kind-tuple	kind-tuple	literals	kind_tuple	production	always	parse	Kind	none	left-parenthesis,right-parenthesis	none	separator-delimited repetition; caller controls remainder	none directly; child rules may consume	docs/design/specification.mec:415	KIND-COMPOUND	src/syntax/src/literals.rs::kind_tuple	Constructs Kind; implementation-derived inventory entry.
literals.kind-scalar	kind-scalar	literals	kind_scalar	production	always	parse	Kind	none	identifier,tuple	none	optional component; caller controls remainder	none directly; child rules may consume	docs/design/specification.mec:418	KIND-SCALAR	src/syntax/src/literals.rs::kind_scalar	Constructs Kind; implementation-derived inventory entry.
structures.max-err		structures	max_err	helper/parser-control	always	parse	ParseError<'a>	none	none	none	caller controls remainder	none directly; child rules may consume	not-applicable	not-applicable	src/syntax/src/structures.rs::max_err	Implementation helper or semantic operation; consumes no standalone grammar rule.
structures.structure	structure	structures	structure	production	always	parse	Structure	factor	empty-map,empty-set,map,matrix,record,set,table,tuple,tuple-struct	manual-fallback	caller controls remainder	none directly; child rules may consume	docs/design/specification.mec:640	STRUCT-MATRIX,STRUCT-TUPLE,STRUCT-TUPLE-STRUCT,STRUCT-RECORD,STRUCT-MAP,STRUCT-SET,STRUCT-EMPTY-SET,STRUCT-EMPTY-MAP,STRUCT-TABLE	src/syntax/src/structures.rs::structure	Constructs Structure; implementation-derived inventory entry.
structures.matrix	matrix	structures	matrix	production	always	parse	Matrix	structure	grammar-peek,matrix-row,whitespace0	ordered-first-success/manual-fallback/peek-gated	manual loop with explicit delimiter or progress condition	whitespace0; whitespace0/1 include newlines	docs/design/specification.mec:679	STRUCT-MATRIX	src/syntax/src/structures.rs::matrix	Constructs Matrix; implementation-derived inventory entry.
structures.matrix-column	matrix-column	structures	matrix_column	production	always	parse	MatrixColumn	none	expression,space-tab0	ordered-first-success	optional component; caller controls remainder	space-tab0	docs/design/specification.mec:670	STRUCT-MATRIX	src/syntax/src/structures.rs::matrix_column	Constructs MatrixColumn; implementation-derived inventory entry.
structures.matrix-row	matrix-row	structures	matrix_row	production	always	parse	MatrixRow	matrix	space-tab0	none	repetition stops on recoverable child failure; caller controls remainder	space-tab0	docs/design/specification.mec:673	STRUCT-MATRIX	src/syntax/src/structures.rs::matrix_row	Constructs MatrixRow; implementation-derived inventory entry.
structures.matrix-start	matrix-start	structures	matrix_start	production	always	parse	Token	none	none	ordered-first-success	caller controls remainder	none directly; child rules may consume	not-located	ALTERNATIVE-TERMINAL-CONTRACTS	src/syntax/src/structures.rs::matrix_start	Constructs Token; implementation-derived inventory entry.
structures.matrix-end	matrix-end	structures	matrix_end	production	always	parse	Token	none	none	ordered-first-success	caller controls remainder	none directly; child rules may consume	not-located	ALTERNATIVE-TERMINAL-CONTRACTS	src/syntax/src/structures.rs::matrix_end	Constructs Token; implementation-derived inventory entry.
structures.table	table	structures	table	production	always	parse	Table	structure	none	ordered-first-success	caller controls remainder	none directly; child rules may consume	docs/design/specification.mec:922	STRUCT-TABLE	src/syntax/src/structures.rs::table	Constructs Table; implementation-derived inventory entry.
structures.fancy-table	fancy-table	structures	fancy_table	production	always	parse	Table	none	fancy-table-header,table-separator,table-top	ordered-first-success	separator-delimited repetition; caller controls remainder	none directly; child rules may consume	not-located	TABLE-FANCY	src/syntax/src/structures.rs::fancy_table	Constructs Table; implementation-derived inventory entry.
structures.fancy-table-header	fancy-table-header	structures	fancy_table_header	production	always	parse	Vec<Field>	fancy-table	table-separator,whitespace0	none	separator-delimited repetition; caller controls remainder	whitespace0; whitespace0/1 include newlines	not-located	TABLE-FANCY	src/syntax/src/structures.rs::fancy_table_header	Constructs Vec<Field>; implementation-derived inventory entry.
structures.row-separator	row-separator	structures	row_separator	production	always	parse	TableRow	none	space-tab0	ordered-first-success	repetition stops on recoverable child failure; caller controls remainder	space-tab0	not-located	TABLE-FANCY	src/syntax/src/structures.rs::row_separator	Constructs TableRow; implementation-derived inventory entry.
structures.table-top	table-top	structures	table_top	production	always	parse	()	fancy-table	new-line,table-start	none	repetition stops on recoverable child failure; caller controls remainder	new-line	not-located	TABLE-FANCY	src/syntax/src/structures.rs::table_top	Constructs (); implementation-derived inventory entry.
structures.table-bottom		structures	table_bottom	helper/not-grammar	always	internal-only	()	none	table-end	none	repetition stops on recoverable child failure; caller controls remainder	none directly; child rules may consume	not-applicable	not-applicable	src/syntax/src/structures.rs::table_bottom	Private parser-shaped helper with no caller at the audited baseline; fancy_table never invokes it, so it is not accepted-language grammar.
structures.inline-table	inline-table	structures	inline_table	production	always	parse	Table	none	inline-table-header,space-tab0,table-separator	none	repetition stops on recoverable child failure; caller controls remainder	space-tab0	not-located	STRUCT-TABLE	src/syntax/src/structures.rs::inline_table	Constructs Table; implementation-derived inventory entry.
structures.inline-table-row	inline-table-row	structures	inline_table_row	production	always	parse	TableRow	none	space-tab0,table-separator	none	repetition stops on recoverable child failure; caller controls remainder	space-tab0	not-located	STRUCT-TABLE	src/syntax/src/structures.rs::inline_table_row	Constructs TableRow; implementation-derived inventory entry.
structures.regular-table	regular-table	structures	regular_table	production	always	parse	Table	none	table-header,table-separator,whitespace0	none	separator-delimited repetition; caller controls remainder	whitespace0; whitespace0/1 include newlines	not-located	TABLE-REGULAR	src/syntax/src/structures.rs::regular_table	Constructs Table; implementation-derived inventory entry.
structures.table-header	table-header	structures	table_header	production	always	parse	Vec<Field>	regular-table	space-tab0,table-separator,whitespace0	none	separator-delimited repetition; caller controls remainder	space-tab0,whitespace0; whitespace0/1 include newlines	docs/design/specification.mec:946	TABLE-REGULAR	src/syntax/src/structures.rs::table_header	Constructs Vec<Field>; implementation-derived inventory entry.
structures.inline-table-header	inline-table-header	structures	inline_table_header	production	always	parse	Vec<Field>	inline-table	space-tab0,table-separator	none	separator-delimited repetition; caller controls remainder	space-tab0	not-located	STRUCT-TABLE	src/syntax/src/structures.rs::inline_table_header	Constructs Vec<Field>; implementation-derived inventory entry.
structures.table-row2	table-row2	structures	table_row2	production	always	parse	TableRow	none	space-tab0,table-separator	none	separator-delimited repetition; caller controls remainder	space-tab0	not-located	TABLE-FANCY	src/syntax/src/structures.rs::table_row2	Constructs TableRow; implementation-derived inventory entry.
structures.table-row	table-row	structures	table_row	production	always	parse	TableRow	none	space-tab0,table-separator	none	separator-delimited repetition; caller controls remainder	space-tab0	docs/design/specification.mec:940	TABLE-REGULAR	src/syntax/src/structures.rs::table_row	Constructs TableRow; implementation-derived inventory entry.
structures.table-column	table-column	structures	table_column	production	always	parse	TableColumn	none	expression,space-tab0	ordered-first-success	optional component; caller controls remainder	space-tab0	docs/design/specification.mec:935	LOWER-TABLE-COLUMN	src/syntax/src/structures.rs::table_column	Constructs TableColumn; implementation-derived inventory entry.
structures.header-field	header-field	structures	header_field	production	always	parse	Field	none	identifier,kind-annotation	none	caller controls remainder	none directly; child rules may consume	not-located	STRUCT-TABLE,TABLE-REGULAR	src/syntax/src/structures.rs::header_field	Constructs Field; implementation-derived inventory entry.
structures.field	field	structures	field	production	always	parse	Field	none	identifier	none	optional component; caller controls remainder	none directly; child rules may consume	docs/design/specification.mec:950	TABLE-FANCY	src/syntax/src/structures.rs::field	Constructs Field; implementation-derived inventory entry.
structures.box-drawing-char	box-drawing-char	structures	box_drawing_char	production	always	parse	Token	none	none	ordered-first-success	caller controls remainder	none directly; child rules may consume	not-located	ALTERNATIVE-TERMINAL-CONTRACTS	src/syntax/src/structures.rs::box_drawing_char	Constructs Token; implementation-derived inventory entry.
structures.box-drawing-emoji	box-drawing-emoji	structures	box_drawing_emoji	production	always	parse	Token	none	none	ordered-first-success	caller controls remainder	none directly; child rules may consume	not-located	ALTERNATIVE-TERMINAL-CONTRACTS	src/syntax/src/structures.rs::box_drawing_emoji	Constructs Token; implementation-derived inventory entry.
structures.table-start	table-start	structures	table_start	production	always	parse	Token	table-top	none	ordered-first-success	caller controls remainder	none directly; child rules may consume	not-located	ALTERNATIVE-TERMINAL-CONTRACTS	src/syntax/src/structures.rs::table_start	Constructs Token; implementation-derived inventory entry.
structures.table-end	table-end	structures	table_end	production	always	parse	Token	row-separator	none	ordered-first-success	caller controls remainder	none directly; child rules may consume	not-located	ALTERNATIVE-TERMINAL-CONTRACTS	src/syntax/src/structures.rs::table_end	Constructs Token; implementation-derived inventory entry.
structures.table-separator	table-separator	structures	table_separator	production	always	parse	Token	fancy-table,fancy-table-header,inline-table,inline-table-header,inline-table-row,regular-table,table-header,table-row,table-row2	space-tab0	ordered-first-success	caller controls remainder	space-tab0	not-located	ALTERNATIVE-TERMINAL-CONTRACTS	src/syntax/src/structures.rs::table_separator	Constructs Token; implementation-derived inventory entry.
structures.table-horz	table-horz	structures	table_horz	production	always	parse	Token	none	none	ordered-first-success	caller controls remainder	none directly; child rules may consume	not-located	ALTERNATIVE-TERMINAL-CONTRACTS	src/syntax/src/structures.rs::table_horz	Constructs Token; implementation-derived inventory entry.
structures.empty-map	empty-map	structures	empty_map	production	always	parse	Map	structure	colon,left-brace,right-brace,whitespace0	none	caller controls remainder	whitespace0; whitespace0/1 include newlines	not-located	STRUCT-EMPTY-MAP	src/syntax/src/structures.rs::empty_map	Constructs Map; implementation-derived inventory entry.
structures.map	map	structures	map	production	always	parse	Map	import-group-separator,literal,module-import-alias,module-import-value-alias,module-suffix-import,number,structure	whitespace0	none	repetition stops on recoverable child failure; caller controls remainder	whitespace0; whitespace0/1 include newlines	docs/design/specification.mec:839	STRUCT-MAP	src/syntax/src/structures.rs::map	Constructs Map; implementation-derived inventory entry.
structures.mapping	mapping	structures	mapping	production	always	parse	Mapping	none	colon,expression,whitespace0	none	optional component; caller controls remainder	whitespace0; whitespace0/1 include newlines	docs/design/specification.mec:844	STRUCT-MAP	src/syntax/src/structures.rs::mapping	Constructs Mapping; implementation-derived inventory entry.
structures.record	record	structures	record	production	always	parse	Record	structure	whitespace0	none	repetition stops on recoverable child failure; caller controls remainder	whitespace0; whitespace0/1 include newlines	docs/design/specification.mec:1017	STRUCT-RECORD	src/syntax/src/structures.rs::record	Constructs Record; implementation-derived inventory entry.
structures.binding	binding	structures	binding	production	always	parse	Binding	none	colon,identifier,whitespace0	none	optional component; caller controls remainder	whitespace0; whitespace0/1 include newlines	docs/design/specification.mec:930	STRUCT-RECORD	src/syntax/src/structures.rs::binding	Constructs Binding; implementation-derived inventory entry.
structures.empty-set	empty-set	structures	empty_set	production	always	parse	Set	structure	left-brace,right-brace,whitespace0	none	optional component; caller controls remainder	whitespace0; whitespace0/1 include newlines	docs/design/specification.mec:782	STRUCT-EMPTY-SET	src/syntax/src/structures.rs::empty_set	Constructs Set; implementation-derived inventory entry.
structures.set	set	structures	set	production	always	parse	Set	structure	whitespace0	ordered-first-success	separator-delimited repetition; caller controls remainder	whitespace0; whitespace0/1 include newlines	docs/design/specification.mec:764	STRUCT-SET,STRUCT-SET-WHITESPACE	src/syntax/src/structures.rs::set	Constructs Set; implementation-derived inventory entry.
structures.tuple	tuple	structures	tuple	production	always	parse	Tuple	code-block,code-terminal,figures-row,footnote,footnote-reference,grammar-range,grammar-terminal-token,hyperlink,img,inline-code,inline-equation,kind-scalar,kind-table,mechdown-table-header,mechdown-table-row,ordered-list,raw-hyperlink,strong,structure,unordered-list-item	left-parenthesis,right-parenthesis,whitespace0	none	separator-delimited repetition; caller controls remainder	whitespace0; whitespace0/1 include newlines	docs/design/specification.mec:893	STRUCT-TUPLE	src/syntax/src/structures.rs::tuple	Constructs Tuple; implementation-derived inventory entry.
structures.tuple-struct	tuple-struct	structures	tuple_struct	production	always	parse	TupleStruct	structure	colon,expression,identifier,left-parenthesis,right-parenthesis,whitespace0	none	caller controls remainder	whitespace0; whitespace0/1 include newlines	docs/design/specification.mec:894	STRUCT-TUPLE-STRUCT	src/syntax/src/structures.rs::tuple_struct	Constructs TupleStruct; implementation-derived inventory entry.
expressions.expression	expression	expressions	expression	production	always	parse	Expression	activation-arm,call-arg,call-arg-with-binding,comprehension-qualifier,eval-inline-mech-code,function-match-arm,generator,mapping,match-arm,matrix-column,matrix-comprehension,mech-code-alt,pattern,set-comprehension,table-column,tuple-destructure,tuple-struct	formula,fsm-pipe,matrix-comprehension,question,range-expression,set-comprehension,whitespace0	manual-fallback	repetition stops on recoverable child failure; caller controls remainder	whitespace0; whitespace0/1 include newlines	docs/design/specification.mec:1078	EXPR-FSM-PIPE,EXPR-SET-COMPREHENSION,EXPR-MATRIX-COMPREHENSION,EXPR-RANGE,EXPR-MATCH-SELECTION,EXPR-FORMULA	src/syntax/src/expressions.rs::expression	Constructs Expression; implementation-derived inventory entry.
expressions.match-expression	match-expression	expressions	match_expression	production	always	parse	MatchExpression	none	factor,question,whitespace0	none	repetition stops on recoverable child failure; caller controls remainder	whitespace0; whitespace0/1 include newlines	docs/design/specification.mec:1232	MATCH,MATCH-GUARD	src/syntax/src/expressions.rs::match_expression	Constructs MatchExpression; implementation-derived inventory entry.
expressions.match-arm	match-arm	expressions	match_arm	production	always	parse	MatchArm	none	expression,guard-operator,output-operator,pattern	ordered-first-success	optional component; caller controls remainder	none directly; child rules may consume	docs/design/specification.mec:1237	MATCH,MATCH-GUARD	src/syntax/src/expressions.rs::match_arm	Constructs MatchArm; implementation-derived inventory entry.
expressions.formula	formula	expressions	formula	production	always	parse	Factor	expression,formula-subscript,range-expression	l1	none	caller controls remainder	none directly; child rules may consume	docs/design/specification.mec:1105	OP-AND-VARIANTS,OP-COMPARE-TIGHT,EXPR-FORMULA,OP-MULTIPLY-VARIANTS,OP-MATRIX-TIGHT,OP-POWER-TIGHT,OP-INNER-JOIN,OP-UNION	src/syntax/src/expressions.rs::formula	Constructs Factor; implementation-derived inventory entry.
expressions.l1	l1	expressions	l1	production	always	parse	Factor	formula	l2	prefix-committed	repetition stops on recoverable child failure; caller controls remainder	none directly; child rules may consume	docs/design/specification.mec:1106	OP-AND-VARIANTS	src/syntax/src/expressions.rs::l1	Constructs Factor; implementation-derived inventory entry.
expressions.l2	l2	expressions	l2	production	always	parse	Factor	l1	l3	prefix-committed	repetition stops on recoverable child failure; caller controls remainder	none directly; child rules may consume	docs/design/specification.mec:1107	OP-COMPARE-TIGHT	src/syntax/src/expressions.rs::l2	Constructs Factor; implementation-derived inventory entry.
expressions.l3	l3	expressions	l3	production	always	parse	Factor	l2	l4	prefix-committed	repetition stops on recoverable child failure; caller controls remainder	none directly; child rules may consume	docs/design/specification.mec:1108	EXPR-FORMULA	src/syntax/src/expressions.rs::l3	Constructs Factor; implementation-derived inventory entry.
expressions.l4	l4	expressions	l4	production	always	parse	Factor	l3	l5	ordered-first-success/prefix-committed	repetition stops on recoverable child failure; caller controls remainder	none directly; child rules may consume	docs/design/specification.mec:1109	OP-MULTIPLY-VARIANTS,OP-MATRIX-TIGHT	src/syntax/src/expressions.rs::l4	Constructs Factor; implementation-derived inventory entry.
expressions.l5	l5	expressions	l5	production	always	parse	Factor	l4	l6	prefix-committed	repetition stops on recoverable child failure; caller controls remainder	none directly; child rules may consume	docs/design/specification.mec:1110	OP-POWER-TIGHT	src/syntax/src/expressions.rs::l5	Constructs Factor; implementation-derived inventory entry.
expressions.l6	l6	expressions	l6	production	always	parse	Factor	l5	l7	prefix-committed	repetition stops on recoverable child failure; caller controls remainder	none directly; child rules may consume	docs/design/specification.mec:1111	OP-INNER-JOIN	src/syntax/src/expressions.rs::l6	Constructs Factor; implementation-derived inventory entry.
expressions.l7	l7	expressions	l7	production	always	parse	Factor	l6	factor	prefix-committed	repetition stops on recoverable child failure; caller controls remainder	none directly; child rules may consume	docs/design/specification.mec:1112	OP-UNION	src/syntax/src/expressions.rs::l7	Constructs Factor; implementation-derived inventory entry.
expressions.factor	factor	expressions	factor	production	always	parse	Factor	l7,match-expression,negate-factor,not-factor	function-call,literal,matrix-comprehension,negate-factor,not-factor,parenthetical-term,slice,structure,var	manual-fallback	optional component; caller controls remainder	none directly; child rules may consume	docs/design/specification.mec:1113	FACTOR-PARENTHETICAL,FACTOR-NEGATE,FACTOR-NOT-BANG,FACTOR-NOT-NEGATE,FACTOR-TRANSPOSE,FACTOR-MATRIX-COMPREHENSION-ORDINARY,FACTOR-STRUCTURE-ORDINARY,FUNCTION-MATCH-ARMS,EXPR-FORMULA,FACTOR-SLICE-ORDINARY,OP-INNER-JOIN	src/syntax/src/expressions.rs::factor	Constructs Factor; implementation-derived inventory entry.
expressions.parenthetical-term	parenthetical-term	expressions	parenthetical_term	production	always	parse	Factor	factor	space-tab0	none	caller controls remainder	space-tab0	docs/design/specification.mec:1102	FACTOR-PARENTHETICAL	src/syntax/src/expressions.rs::parenthetical_term	Constructs Factor; implementation-derived inventory entry.
expressions.context-address-path-token	context-address-path-token	expressions	context_address_path_token	production	always	parse	Token	none	none	ordered-first-success	caller controls remainder	none directly; child rules may consume	not-located	CONTEXT-SEND	src/syntax/src/expressions.rs::context_address_path_token	Constructs Token; implementation-derived inventory entry.
expressions.context-address-path	context-address-path	expressions	context_address_path	production	always	parse	Identifier	prefixed-context-path	none	none	repetition stops on recoverable child failure; caller controls remainder	none directly; child rules may consume	not-located	CONTEXT-SEND	src/syntax/src/expressions.rs::context_address_path	Constructs Identifier; implementation-derived inventory entry.
expressions.prefixed-context-path	prefixed-context-path	expressions	prefixed_context_path	production	always	parse	(Identifier, Identifier)	slice,slice-ref,var	at,context-address-path,identifier-path-segment,slash	none	caller controls remainder	none directly; child rules may consume	not-located	CONTEXT-SEND	src/syntax/src/expressions.rs::prefixed_context_path	Constructs (Identifier, Identifier); implementation-derived inventory entry.
expressions.var	var	expressions	var	production	always	parse	Var	context-send,factor,variable-define	identifier,prefixed-context-path	manual-fallback	optional component; caller controls remainder	none directly; child rules may consume	not-located	CONTEXT-SEND	src/syntax/src/expressions.rs::var	Constructs Var; implementation-derived inventory entry.
expressions.statement-separator	statement-separator	expressions	statement_separator	terminal	always	parse	()	none	none	none	caller controls remainder	none directly; child rules may consume	not-located	FUNCTION-MULTI-OUTPUT	src/syntax/src/expressions.rs::statement_separator	Recognizes a terminal/operator form and returns ().
expressions.add-sub-operator	add-sub-operator	expressions	add_sub_operator	production	always	parse	FormulaOperator	none	none	ordered-first-success	caller controls remainder	none directly; child rules may consume	not-located	EXPR-FORMULA,OP-ADD-SPACED	src/syntax/src/expressions.rs::add_sub_operator	Constructs FormulaOperator; implementation-derived inventory entry.
expressions.mul-div-operator	mul-div-operator	expressions	mul_div_operator	production	always	parse	FormulaOperator	none	none	ordered-first-success	caller controls remainder	none directly; child rules may consume	not-located	OP-MULTIPLY-VARIANTS,OP-DIVIDE-VARIANTS,OP-MODULUS	src/syntax/src/expressions.rs::mul_div_operator	Constructs FormulaOperator; implementation-derived inventory entry.
expressions.power-operator	power-operator	expressions	power_operator	production	always	parse	FormulaOperator	none	power	none	caller controls remainder	none directly; child rules may consume	not-located	OP-POWER-TIGHT	src/syntax/src/expressions.rs::power_operator	Constructs FormulaOperator; implementation-derived inventory entry.
expressions.negate-factor	negate-factor	expressions	negate_factor	production	always	parse	Factor	factor	dash,factor	none	caller controls remainder	none directly; child rules may consume	docs/design/specification.mec:1103	FACTOR-NEGATE	src/syntax/src/expressions.rs::negate_factor	Constructs Factor; implementation-derived inventory entry.
expressions.not-factor	not-factor	expressions	not_factor	production	always	parse	Factor	factor	factor,not	none	caller controls remainder	none directly; child rules may consume	not-located	FACTOR-NOT-BANG,FACTOR-NOT-NEGATE	src/syntax/src/expressions.rs::not_factor	Constructs Factor; implementation-derived inventory entry.
expressions.add	add	expressions	add	terminal	always	parse	AddSubOp	none	tag,ws0e	none	caller controls remainder	ws0e	docs/design/specification.mec:1150	EXPR-FORMULA,OP-ADD-SPACED	src/syntax/src/expressions.rs::add	Recognizes a terminal/operator form and returns AddSubOp.
expressions.subtract	subtract	expressions	subtract	terminal	always	parse	AddSubOp	none	none	ordered-first-success	caller controls remainder	none directly; child rules may consume	docs/design/specification.mec:1151	LEX-DASH-SPACED	src/syntax/src/expressions.rs::subtract	Recognizes a terminal/operator form and returns AddSubOp.
expressions.raw-subtract	raw-subtract	expressions	raw_subtract	terminal	always	parse	AddSubOp	spaced-subtract	tag	peek-gated	caller controls remainder	none directly; child rules may consume	not-located	LEX-DASH-SPACED	src/syntax/src/expressions.rs::raw_subtract	Recognizes a terminal/operator form and returns AddSubOp.
expressions.spaced-subtract	spaced-subtract	expressions	spaced_subtract	terminal	always	parse	AddSubOp	none	raw-subtract,ws1e	none	caller controls remainder	ws1e	not-located	LEX-DASH-SPACED	src/syntax/src/expressions.rs::spaced_subtract	Recognizes a terminal/operator form and returns AddSubOp.
expressions.multiply	multiply	expressions	multiply	terminal	always	parse	MulDivOp	none	tag,ws0e	ordered-first-success/peek-gated	caller controls remainder	ws0e	docs/design/specification.mec:1152	OP-MULTIPLY-VARIANTS	src/syntax/src/expressions.rs::multiply	Recognizes a terminal/operator form and returns MulDivOp.
expressions.divide	divide	expressions	divide	terminal	always	parse	MulDivOp	none	tag,ws0e	ordered-first-success/peek-gated	caller controls remainder	ws0e	docs/design/specification.mec:1153	OP-DIVIDE-VARIANTS	src/syntax/src/expressions.rs::divide	Recognizes a terminal/operator form and returns MulDivOp.
expressions.modulus	modulus	expressions	modulus	terminal	always	parse	MulDivOp	none	tag,ws0e	none	caller controls remainder	ws0e	not-located	OP-MODULUS	src/syntax/src/expressions.rs::modulus	Recognizes a terminal/operator form and returns MulDivOp.
expressions.power	power	expressions	power	terminal	always	parse	PowerOp	power-operator	tag,ws0e	none	caller controls remainder	ws0e	not-located	OP-POWER-TIGHT	src/syntax/src/expressions.rs::power	Recognizes a terminal/operator form and returns PowerOp.
expressions.matrix-operator	matrix-operator	expressions	matrix_operator	production	always	parse	FormulaOperator	none	none	ordered-first-success	caller controls remainder	none directly; child rules may consume	not-located	OP-MATRIX-TIGHT,OP-MATRIX-SOLVE,OP-DOT-PRODUCT-VARIANTS,OP-CROSS-PRODUCT	src/syntax/src/expressions.rs::matrix_operator	Constructs FormulaOperator; implementation-derived inventory entry.
expressions.matrix-multiply	matrix-multiply	expressions	matrix_multiply	terminal	always	parse	VecOp	none	tag,ws0e	none	caller controls remainder	ws0e	docs/design/specification.mec:1164	OP-MATRIX-TIGHT	src/syntax/src/expressions.rs::matrix_multiply	Recognizes a terminal/operator form and returns VecOp.
expressions.matrix-solve	matrix-solve	expressions	matrix_solve	terminal	always	parse	VecOp	none	tag,ws0e	none	caller controls remainder	ws0e	not-located	OP-MATRIX-SOLVE	src/syntax/src/expressions.rs::matrix_solve	Recognizes a terminal/operator form and returns VecOp.
expressions.dot-product	dot-product	expressions	dot_product	terminal	always	parse	VecOp	none	tag,ws0e	ordered-first-success	caller controls remainder	ws0e	docs/design/specification.mec:1162	OP-DOT-PRODUCT-VARIANTS	src/syntax/src/expressions.rs::dot_product	Recognizes a terminal/operator form and returns VecOp.
expressions.cross-product	cross-product	expressions	cross_product	terminal	always	parse	VecOp	none	tag,ws0e	none	caller controls remainder	ws0e	docs/design/specification.mec:1163	OP-CROSS-PRODUCT	src/syntax/src/expressions.rs::cross_product	Recognizes a terminal/operator form and returns VecOp.
expressions.transpose	transpose	expressions	transpose	terminal	always	parse	()	none	tag	none	caller controls remainder	none directly; child rules may consume	docs/design/specification.mec:1165	FACTOR-TRANSPOSE	src/syntax/src/expressions.rs::transpose	Recognizes a terminal/operator form and returns ().
expressions.range-expression	range-expression	expressions	range_expression	production	always	parse	RangeExpression	expression,range-subscript	formula,range-operator	none	optional component; caller controls remainder	none directly; child rules may consume	not-located	RANGE-EXCLUSIVE,RANGE-INCLUSIVE	src/syntax/src/expressions.rs::range_expression	Constructs RangeExpression; implementation-derived inventory entry.
expressions.range-inclusive	range-inclusive	expressions	range_inclusive	terminal	always	parse	RangeOp	none	tag	none	caller controls remainder	none directly; child rules may consume	docs/design/specification.mec:1225	RANGE-INCLUSIVE	src/syntax/src/expressions.rs::range_inclusive	Recognizes a terminal/operator form and returns RangeOp.
expressions.range-exclusive	range-exclusive	expressions	range_exclusive	terminal	always	parse	RangeOp	none	tag	none	caller controls remainder	none directly; child rules may consume	docs/design/specification.mec:1226	RANGE-EXCLUSIVE	src/syntax/src/expressions.rs::range_exclusive	Recognizes a terminal/operator form and returns RangeOp.
expressions.range-operator	range-operator	expressions	range_operator	production	always	parse	RangeOp	range-expression	none	ordered-first-success	caller controls remainder	none directly; child rules may consume	not-located	RANGE-EXCLUSIVE,RANGE-INCLUSIVE	src/syntax/src/expressions.rs::range_operator	Constructs RangeOp; implementation-derived inventory entry.
expressions.comparison-operator	comparison-operator	expressions	comparison_operator	production	always	parse	FormulaOperator	none	none	ordered-first-success	caller controls remainder	none directly; child rules may consume	not-located	OP-NOT-EQUAL-VARIANTS,OP-EQUAL-VARIANTS,OP-STRICT-NOT-EQUAL-VARIANTS,OP-STRICT-EQUAL-VARIANTS,OP-GREATER-THAN,OP-LESS-THAN,OP-GREATER-EQUAL-VARIANTS,OP-LESS-EQUAL-VARIANTS	src/syntax/src/expressions.rs::comparison_operator	Constructs FormulaOperator; implementation-derived inventory entry.
expressions.not-equal	not-equal	expressions	not_equal	terminal	always	parse	ComparisonOp	none	tag,ws0e	ordered-first-success	caller controls remainder	ws0e	docs/design/specification.mec:1171	OP-NOT-EQUAL-VARIANTS	src/syntax/src/expressions.rs::not_equal	Recognizes a terminal/operator form and returns ComparisonOp.
expressions.equal-to	equal-to	expressions	equal_to	terminal	always	parse	ComparisonOp	none	tag,ws0e	ordered-first-success	caller controls remainder	ws0e	not-located	OP-EQUAL-VARIANTS	src/syntax/src/expressions.rs::equal_to	Recognizes a terminal/operator form and returns ComparisonOp.
expressions.strict-not-equal	strict-not-equal	expressions	strict_not_equal	terminal	always	parse	ComparisonOp	none	tag,ws0e	ordered-first-success	caller controls remainder	ws0e	not-located	OP-STRICT-NOT-EQUAL-VARIANTS	src/syntax/src/expressions.rs::strict_not_equal	Recognizes a terminal/operator form and returns ComparisonOp.
expressions.strict-equal	strict-equal	expressions	strict_equal	terminal	always	parse	ComparisonOp	none	tag,ws0e	ordered-first-success	caller controls remainder	ws0e	docs/design/specification.mec:1173	OP-STRICT-EQUAL-VARIANTS	src/syntax/src/expressions.rs::strict_equal	Recognizes a terminal/operator form and returns ComparisonOp.
expressions.greater-than	greater-than	expressions	greater_than	terminal	always	parse	ComparisonOp	none	tag,ws0e	none	caller controls remainder	ws0e	not-located	OP-GREATER-THAN	src/syntax/src/expressions.rs::greater_than	Recognizes a terminal/operator form and returns ComparisonOp.
expressions.less-than	less-than	expressions	less_than	terminal	always	parse	ComparisonOp	none	tag,ws0e	peek-gated	caller controls remainder	ws0e	not-located	OP-LESS-THAN	src/syntax/src/expressions.rs::less_than	Recognizes a terminal/operator form and returns ComparisonOp.
expressions.greater-than-equal	greater-than-equal	expressions	greater_than_equal	terminal	always	parse	ComparisonOp	none	tag,ws0e	ordered-first-success	caller controls remainder	ws0e	not-located	OP-GREATER-EQUAL-VARIANTS	src/syntax/src/expressions.rs::greater_than_equal	Recognizes a terminal/operator form and returns ComparisonOp.
expressions.less-than-equal	less-than-equal	expressions	less_than_equal	terminal	always	parse	ComparisonOp	none	tag,ws0e	ordered-first-success	caller controls remainder	ws0e	not-located	OP-LESS-EQUAL-VARIANTS	src/syntax/src/expressions.rs::less_than_equal	Recognizes a terminal/operator form and returns ComparisonOp.
expressions.logic-operator	logic-operator	expressions	logic_operator	production	always	parse	FormulaOperator	none	none	ordered-first-success	caller controls remainder	none directly; child rules may consume	not-located	OP-OR-VARIANTS,OP-AND-VARIANTS,OP-XOR-VARIANTS	src/syntax/src/expressions.rs::logic_operator	Constructs FormulaOperator; implementation-derived inventory entry.
expressions.or	or	expressions	or	terminal	always	parse	LogicOp	none	tag,ws0e	ordered-first-success	caller controls remainder	ws0e	docs/design/specification.mec:1184	OP-OR-VARIANTS	src/syntax/src/expressions.rs::or	Recognizes a terminal/operator form and returns LogicOp.
expressions.and	and	expressions	and	terminal	always	parse	LogicOp	none	tag,ws0e	ordered-first-success	caller controls remainder	ws0e	docs/design/specification.mec:1185	OP-AND-VARIANTS	src/syntax/src/expressions.rs::and	Recognizes a terminal/operator form and returns LogicOp.
expressions.not	not	expressions	not	terminal	always	parse	LogicOp	not-factor	tag	ordered-first-success	caller controls remainder	none directly; child rules may consume	docs/design/specification.mec:1186	FACTOR-NOT-BANG,FACTOR-NOT-NEGATE	src/syntax/src/expressions.rs::not	Recognizes a terminal/operator form and returns LogicOp.
expressions.xor	xor	expressions	xor	terminal	always	parse	LogicOp	none	tag,ws0e	ordered-first-success	caller controls remainder	ws0e	not-located	OP-XOR-VARIANTS,OP-XOR-CARET	src/syntax/src/expressions.rs::xor	Recognizes a terminal/operator form and returns LogicOp.
expressions.table-operator	table-operator	expressions	table_operator	production	always	parse	FormulaOperator	none	none	ordered-first-success	caller controls remainder	none directly; child rules may consume	not-located	OP-INNER-JOIN,OP-LEFT-JOIN,OP-RIGHT-JOIN,OP-FULL-JOIN,OP-LEFT-SEMI-JOIN,OP-LEFT-ANTI-JOIN	src/syntax/src/expressions.rs::table_operator	Constructs FormulaOperator; implementation-derived inventory entry.
expressions.join	join	expressions	join	terminal	always	parse	TableOp	none	tag,ws0e	none	caller controls remainder	ws0e	not-located	OP-INNER-JOIN	src/syntax/src/expressions.rs::join	Recognizes a terminal/operator form and returns TableOp.
expressions.left-join	left-join	expressions	left_join	terminal	always	parse	TableOp	none	tag,ws0e	none	caller controls remainder	ws0e	not-located	OP-LEFT-JOIN	src/syntax/src/expressions.rs::left_join	Recognizes a terminal/operator form and returns TableOp.
expressions.right-join	right-join	expressions	right_join	terminal	always	parse	TableOp	none	tag,ws0e	none	caller controls remainder	ws0e	docs/design/specification.mec:1195	OP-RIGHT-JOIN	src/syntax/src/expressions.rs::right_join	Recognizes a terminal/operator form and returns TableOp.
expressions.full-join	full-join	expressions	full_join	terminal	always	parse	TableOp	none	tag,ws0e	none	caller controls remainder	ws0e	docs/design/specification.mec:1196	OP-FULL-JOIN	src/syntax/src/expressions.rs::full_join	Recognizes a terminal/operator form and returns TableOp.
expressions.left-semi-join	left-semi-join	expressions	left_semi_join	terminal	always	parse	TableOp	none	tag,ws0e	none	caller controls remainder	ws0e	docs/design/specification.mec:1197	OP-LEFT-SEMI-JOIN	src/syntax/src/expressions.rs::left_semi_join	Recognizes a terminal/operator form and returns TableOp.
expressions.left-anti-join	left-anti-join	expressions	left_anti_join	terminal	always	parse	TableOp	none	tag,ws0e	none	caller controls remainder	ws0e	not-located	OP-LEFT-ANTI-JOIN	src/syntax/src/expressions.rs::left_anti_join	Recognizes a terminal/operator form and returns TableOp.
expressions.set-operator	set-operator	expressions	set_operator	production	always	parse	FormulaOperator	none	none	ordered-first-success	caller controls remainder	none directly; child rules may consume	not-located	OP-UNION,OP-INTERSECTION,OP-DIFFERENCE,OP-COMPLEMENT,OP-SUBSET,OP-SUPERSET,OP-PROPER-SUBSET-VARIANTS,OP-PROPER-SUPERSET-VARIANTS,OP-ELEMENT-OF,OP-NOT-ELEMENT-OF,OP-SYMMETRIC-DIFFERENCE	src/syntax/src/expressions.rs::set_operator	Constructs FormulaOperator; implementation-derived inventory entry.
expressions.union-op	union-op	expressions	union_op	terminal	always	parse	SetOp	none	tag,ws0e	none	caller controls remainder	ws0e	not-located	OP-UNION	src/syntax/src/expressions.rs::union_op	Recognizes a terminal/operator form and returns SetOp.
expressions.intersection	intersection	expressions	intersection	terminal	always	parse	SetOp	none	tag,ws0e	none	caller controls remainder	ws0e	docs/design/specification.mec:1205	OP-INTERSECTION	src/syntax/src/expressions.rs::intersection	Recognizes a terminal/operator form and returns SetOp.
expressions.difference	difference	expressions	difference	terminal	always	parse	SetOp	none	tag,ws0e	none	caller controls remainder	ws0e	docs/design/specification.mec:1206	OP-DIFFERENCE	src/syntax/src/expressions.rs::difference	Recognizes a terminal/operator form and returns SetOp.
expressions.complement	complement	expressions	complement	terminal	always	parse	SetOp	none	tag,ws0e	none	caller controls remainder	ws0e	docs/design/specification.mec:1207	OP-COMPLEMENT	src/syntax/src/expressions.rs::complement	Recognizes a terminal/operator form and returns SetOp.
expressions.subset	subset	expressions	subset	terminal	always	parse	SetOp	none	tag,ws0e	none	caller controls remainder	ws0e	docs/design/specification.mec:1208	OP-SUBSET	src/syntax/src/expressions.rs::subset	Recognizes a terminal/operator form and returns SetOp.
expressions.superset	superset	expressions	superset	terminal	always	parse	SetOp	none	tag,ws0e	none	caller controls remainder	ws0e	docs/design/specification.mec:1209	OP-SUPERSET	src/syntax/src/expressions.rs::superset	Recognizes a terminal/operator form and returns SetOp.
expressions.proper-subset	proper-subset	expressions	proper_subset	terminal	always	parse	SetOp	none	tag,ws0e	ordered-first-success	caller controls remainder	ws0e	docs/design/specification.mec:1210	OP-PROPER-SUBSET-VARIANTS	src/syntax/src/expressions.rs::proper_subset	Recognizes a terminal/operator form and returns SetOp.
expressions.proper-superset	proper-superset	expressions	proper_superset	terminal	always	parse	SetOp	none	tag,ws0e	ordered-first-success	caller controls remainder	ws0e	docs/design/specification.mec:1211	OP-PROPER-SUPERSET-VARIANTS	src/syntax/src/expressions.rs::proper_superset	Recognizes a terminal/operator form and returns SetOp.
expressions.element-of	element-of	expressions	element_of	terminal	always	parse	SetOp	none	tag,ws0e	none	caller controls remainder	ws0e	docs/design/specification.mec:1212	OP-ELEMENT-OF	src/syntax/src/expressions.rs::element_of	Recognizes a terminal/operator form and returns SetOp.
expressions.not-element-of	not-element-of	expressions	not_element_of	terminal	always	parse	SetOp	none	tag,ws0e	none	caller controls remainder	ws0e	docs/design/specification.mec:1213	OP-NOT-ELEMENT-OF	src/syntax/src/expressions.rs::not_element_of	Recognizes a terminal/operator form and returns SetOp.
expressions.symmetric-difference	symmetric-difference	expressions	symmetric_difference	terminal	always	parse	SetOp	none	tag,ws1e	none	caller controls remainder	ws1e	docs/design/specification.mec:1214	OP-SYMMETRIC-DIFFERENCE	src/syntax/src/expressions.rs::symmetric_difference	Recognizes a terminal/operator form and returns SetOp.
expressions.set-comprehension	set-comprehension	expressions	set_comprehension	production	always	parse	SetComprehension	expression	bar,expression,left-brace,right-brace,space-tab0	none	separator-delimited repetition; caller controls remainder	space-tab0	docs/design/specification.mec:769	EXPR-SET-COMPREHENSION	src/syntax/src/expressions.rs::set_comprehension	Constructs SetComprehension; implementation-derived inventory entry.
expressions.matrix-comprehension	matrix-comprehension	expressions	matrix_comprehension	production	always	parse	MatrixComprehension	expression,factor	bar,expression,left-bracket,right-bracket,space-tab0	none	separator-delimited repetition; caller controls remainder	space-tab0	not-located	EXPR-MATRIX-COMPREHENSION	src/syntax/src/expressions.rs::matrix_comprehension	Constructs MatrixComprehension; implementation-derived inventory entry.
expressions.comprehension-qualifier	comprehension-qualifier	expressions	comprehension_qualifier	production	always	parse	ComprehensionQualifier	none	expression,generator,variable-define	manual-fallback	caller controls remainder	none directly; child rules may consume	not-located	EXPR-SET-COMPREHENSION	src/syntax/src/expressions.rs::comprehension_qualifier	Constructs ComprehensionQualifier; implementation-derived inventory entry.
expressions.generator	generator	expressions	generator	production	always	parse	ComprehensionQualifier	comprehension-qualifier	expression,pattern,space-tab0	ordered-first-success/prefix-committed	caller controls remainder	space-tab0	not-located	ALTERNATIVE-TERMINAL-CONTRACTS	src/syntax/src/expressions.rs::generator	Constructs ComprehensionQualifier; implementation-derived inventory entry.
expressions.subscript	subscript	expressions	subscript	production	always	parse	Vec<Subscript>	slice	none	ordered-first-success	repetition stops on recoverable child failure; caller controls remainder	none directly; child rules may consume	docs/design/specification.mec:1253	SUBSCRIPT-SWIZZLE,SUBSCRIPT-DOT,SUBSCRIPT-DOT-INT,SUBSCRIPT-BRACKET-FORMULA,SUBSCRIPT-BRACKET-RANGE,SUBSCRIPT-SELECT-ALL,SUBSCRIPT-BRACE,SUBSCRIPT-COMPOSED	src/syntax/src/expressions.rs::subscript	Constructs Vec<Subscript>; implementation-derived inventory entry.
expressions.slice	slice	expressions	slice	production	always	parse	Slice	factor	identifier,prefixed-context-path,subscript	manual-fallback	caller controls remainder	none directly; child rules may consume	not-located	SLICE	src/syntax/src/expressions.rs::slice	Constructs Slice; implementation-derived inventory entry.
expressions.slice-ref	slice-ref	expressions	slice_ref	production	always	parse	SliceRef	op-assign,variable-assign	identifier,prefixed-context-path	manual-fallback	optional component; caller controls remainder	none directly; child rules may consume	not-located	STMT-ASSIGN	src/syntax/src/expressions.rs::slice_ref	Constructs SliceRef; implementation-derived inventory entry.
expressions.swizzle-subscript	swizzle-subscript	expressions	swizzle_subscript	production	always	parse	Subscript	none	comma,identifier,period,tag	none	separator-delimited repetition; caller controls remainder	none directly; child rules may consume	docs/design/specification.mec:1304	SUBSCRIPT-SWIZZLE	src/syntax/src/expressions.rs::swizzle_subscript	Constructs Subscript; implementation-derived inventory entry.
expressions.dot-subscript	dot-subscript	expressions	dot_subscript	production	always	parse	Subscript	none	identifier,period	none	caller controls remainder	none directly; child rules may consume	docs/design/specification.mec:1293	SUBSCRIPT-DOT	src/syntax/src/expressions.rs::dot_subscript	Constructs Subscript; implementation-derived inventory entry.
expressions.dot-subscript-int	dot-subscript-int	expressions	dot_subscript_int	production	always	parse	Subscript	none	integer-literal,period	none	caller controls remainder	none directly; child rules may consume	docs/design/specification.mec:1294	SUBSCRIPT-DOT-INT	src/syntax/src/expressions.rs::dot_subscript_int	Constructs Subscript; implementation-derived inventory entry.
expressions.bracket-subscript	bracket-subscript	expressions	bracket_subscript	production	always	parse	Subscript	none	left-bracket,right-bracket	ordered-first-success	separator-delimited repetition; caller controls remainder	none directly; child rules may consume	docs/design/specification.mec:1264	SUBSCRIPT-BRACKET-FORMULA	src/syntax/src/expressions.rs::bracket_subscript	Constructs Subscript; implementation-derived inventory entry.
expressions.brace-subscript	brace-subscript	expressions	brace_subscript	production	always	parse	Subscript	none	left-brace,right-brace	ordered-first-success	separator-delimited repetition; caller controls remainder	none directly; child rules may consume	docs/design/specification.mec:1268	SUBSCRIPT-BRACE	src/syntax/src/expressions.rs::brace_subscript	Constructs Subscript; implementation-derived inventory entry.
expressions.select-all	select-all	expressions	select_all	terminal	always	parse	Subscript	none	colon	none	caller controls remainder	none directly; child rules may consume	docs/design/specification.mec:1273	SUBSCRIPT-SELECT-ALL	src/syntax/src/expressions.rs::select_all	Recognizes a terminal/operator form and returns Subscript.
expressions.formula-subscript	formula-subscript	expressions	formula_subscript	production	always	parse	Subscript	none	formula	none	caller controls remainder	none directly; child rules may consume	docs/design/specification.mec:1271	SUBSCRIPT-BRACKET-FORMULA	src/syntax/src/expressions.rs::formula_subscript	Constructs Subscript; implementation-derived inventory entry.
expressions.range-subscript	range-subscript	expressions	range_subscript	production	always	parse	Subscript	none	range-expression	none	caller controls remainder	none directly; child rules may consume	docs/design/specification.mec:1272	SUBSCRIPT-BRACKET-RANGE	src/syntax/src/expressions.rs::range_subscript	Constructs Subscript; implementation-derived inventory entry.
patterns.pattern	pattern	patterns	pattern	production	always	parse	Pattern	activation-arm,fsm-guard,fsm-guard-arm,fsm-transition,fsm-value,function-match-arm,generator,match-arm,pattern-array-item	expression,pattern-array,pattern-atom-struct,pattern-tuple,pattern-tuple-struct,wildcard	manual-fallback	caller controls remainder	none directly; child rules may consume	not-located	PATTERN-WILDCARD,PATTERN-ARRAY,PATTERN-ARRAY-REST,PATTERN-TUPLE,PATTERN-TUPLE-STRUCT,PATTERN-ATOM-STRUCT,PATTERN-EXPRESSION-FALLBACK	src/syntax/src/patterns.rs::pattern	Constructs Pattern; implementation-derived inventory entry.
patterns.wildcard	wildcard	patterns	wildcard	production	always	parse	Pattern	pattern	asterisk	none	caller controls remainder	none directly; child rules may consume	not-located	PATTERN-WILDCARD	src/syntax/src/patterns.rs::wildcard	Constructs Pattern; implementation-derived inventory entry.
patterns.pattern-tuple-struct	pattern-tuple-struct	patterns	pattern_tuple_struct	production	always	parse	PatternTupleStruct	pattern	grave,identifier,left-parenthesis,right-parenthesis,whitespace0	none	separator-delimited repetition; caller controls remainder	whitespace0; whitespace0/1 include newlines	not-located	PATTERN-TUPLE-STRUCT	src/syntax/src/patterns.rs::pattern_tuple_struct	Constructs PatternTupleStruct; implementation-derived inventory entry.
patterns.spread-operator	spread-operator	patterns	spread_operator	terminal	always	parse	()	pattern-array-token	none	ordered-first-success	caller controls remainder	none directly; child rules may consume	not-located	ALTERNATIVE-TERMINAL-CONTRACTS	src/syntax/src/patterns.rs::spread_operator	Recognizes a terminal/operator form and returns ().
patterns.pattern-array-item	pattern-array-item	patterns	pattern_array_item	production	always	parse	Pattern	pattern-array-token	pattern	none	caller controls remainder	none directly; child rules may consume	not-located	PATTERN-ARRAY	src/syntax/src/patterns.rs::pattern_array_item	Constructs Pattern; implementation-derived inventory entry.
patterns.pattern-array-token	pattern-array-token	patterns	pattern_array_token	production	always	parse	PatternArrayToken	pattern-array	enum-separator,pattern-array-item,spread-operator	manual-fallback	caller controls remainder	none directly; child rules may consume	not-located	PATTERN-ARRAY,PATTERN-ARRAY-REST	src/syntax/src/patterns.rs::pattern_array_token	Constructs PatternArrayToken; implementation-derived inventory entry.
patterns.pattern-array	pattern-array	patterns	pattern_array	production/semantic-validation	always	parse	PatternArray	pattern	left-bracket,list-separator,pattern-array-token,right-bracket,whitespace0	manual-fallback	manual loop with explicit delimiter or progress condition	whitespace0; whitespace0/1 include newlines	not-located	PATTERN-ARRAY,PATTERN-ARRAY-REST	src/syntax/src/patterns.rs::pattern_array	Constructs PatternArray and also enforces rest/spread cardinality, position, and mutual-exclusion constraints after token collection.
patterns.pattern-atom-struct	pattern-atom-struct	patterns	pattern_atom_struct	production	always	parse	PatternTupleStruct	pattern	colon,identifier,left-parenthesis,right-parenthesis,whitespace0	none	separator-delimited repetition; caller controls remainder	whitespace0; whitespace0/1 include newlines	not-located	PATTERN-ATOM-STRUCT	src/syntax/src/patterns.rs::pattern_atom_struct	Constructs PatternTupleStruct; implementation-derived inventory entry.
patterns.pattern-tuple	pattern-tuple	patterns	pattern_tuple	production	always	parse	PatternTuple	pattern	left-parenthesis,right-parenthesis,whitespace0	none	separator-delimited repetition; caller controls remainder	whitespace0; whitespace0/1 include newlines	not-located	PATTERN-TUPLE	src/syntax/src/patterns.rs::pattern_tuple	Constructs PatternTuple; implementation-derived inventory entry.
statements.comment-sigil	comment-sigil	statements	comment_sigil	terminal	always	parse	()	comment	tag	ordered-first-success	caller controls remainder	none directly; child rules may consume	docs/design/specification.mec:272	COMMENT-DASH,COMMENT-SLASH	src/syntax/src/statements.rs::comment_sigil	Recognizes a terminal/operator form and returns ().
statements.comment	comment	statements	comment	production	always	parse	Comment	fsm-comment-arm,mech-code-alt	comment-sigil,inline-paragraph,new-line	none	repetition stops on recoverable child failure; caller controls remainder	new-line	docs/design/specification.mec:273	COMMENT-DASH,COMMENT-SLASH	src/syntax/src/statements.rs::comment	Constructs Comment; implementation-derived inventory entry.
statements.op-assign-operator	op-assign-operator	statements	op_assign_operator	terminal	always	parse	OpAssignOp	op-assign	none	ordered-first-success	caller controls remainder	none directly; child rules may consume	docs/design/specification.mec:1370	ALTERNATIVE-TERMINAL-CONTRACTS	src/syntax/src/statements.rs::op_assign_operator	Recognizes a terminal/operator form and returns OpAssignOp.
statements.add-assign-operator	add-assign-operator	statements	add_assign_operator	terminal	always	parse	OpAssignOp	none	tag,whitespace0	none	caller controls remainder	whitespace0; whitespace0/1 include newlines	docs/design/specification.mec:1365	STMT-OP-ASSIGN	src/syntax/src/statements.rs::add_assign_operator	Recognizes a terminal/operator form and returns OpAssignOp.
statements.sub-assign-operator	sub-assign-operator	statements	sub_assign_operator	terminal	always	parse	OpAssignOp	none	tag,whitespace0	none	caller controls remainder	whitespace0; whitespace0/1 include newlines	docs/design/specification.mec:1366	STMT-SUB-ASSIGN	src/syntax/src/statements.rs::sub_assign_operator	Recognizes a terminal/operator form and returns OpAssignOp.
statements.mul-assign-operator	mul-assign-operator	statements	mul_assign_operator	terminal	always	parse	OpAssignOp	none	tag,whitespace0	none	caller controls remainder	whitespace0; whitespace0/1 include newlines	docs/design/specification.mec:1367	STMT-MUL-ASSIGN	src/syntax/src/statements.rs::mul_assign_operator	Recognizes a terminal/operator form and returns OpAssignOp.
statements.div-assign-operator	div-assign-operator	statements	div_assign_operator	terminal	always	parse	OpAssignOp	none	tag,whitespace0	none	caller controls remainder	whitespace0; whitespace0/1 include newlines	docs/design/specification.mec:1368	STMT-DIV-ASSIGN	src/syntax/src/statements.rs::div_assign_operator	Recognizes a terminal/operator form and returns OpAssignOp.
statements.exp-assign-operator	exp-assign-operator	statements	exp_assign_operator	terminal	always	parse	OpAssignOp	none	tag,whitespace0	none	caller controls remainder	whitespace0; whitespace0/1 include newlines	docs/design/specification.mec:1369	STMT-EXP-ASSIGN	src/syntax/src/statements.rs::exp_assign_operator	Recognizes a terminal/operator form and returns OpAssignOp.
statements.send-operator	send-operator	statements	send_operator	terminal	always	parse	()	context-send	tag,whitespace0	none	caller controls remainder	whitespace0; whitespace0/1 include newlines	not-located	CONTEXT-SEND	src/syntax/src/statements.rs::send_operator	Recognizes a terminal/operator form and returns ().
statements.context-send	context-send	statements	context_send	production	always	parse	ContextSend	statement	send-operator,var	none	caller controls remainder	none directly; child rules may consume	not-located	CONTEXT-SEND	src/syntax/src/statements.rs::context_send	Constructs ContextSend; implementation-derived inventory entry.
statements.variable-define	variable-define	statements	variable_define	production	always	parse	VariableDefine	comprehension-qualifier,statement	define-operator,var	peek-gated	optional component; caller controls remainder	none directly; child rules may consume	docs/design/specification.mec:1333	STMT-DEFINE,STMT-MUTABLE	src/syntax/src/statements.rs::variable_define	Constructs VariableDefine; implementation-derived inventory entry.
statements.invariant-define	invariant-define	statements	invariant_define	production	invariant_define	parse	InvariantDefine	statement	define-operator,exclamation,identifier	peek-gated	caller controls remainder	none directly; child rules may consume	not-located	INVARIANT-DEFINE	src/syntax/src/statements.rs::invariant_define	Constructs InvariantDefine; compiled only with the `invariant_define` feature.
statements.variable-assign	variable-assign	statements	variable_assign	production	always	parse	VariableAssign	statement	assign-operator,slice-ref	peek-gated	caller controls remainder	none directly; child rules may consume	docs/design/specification.mec:1350	STMT-ASSIGN	src/syntax/src/statements.rs::variable_assign	Constructs VariableAssign; implementation-derived inventory entry.
statements.op-assign	op-assign	statements	op_assign	production	always	parse	OpAssign	statement	op-assign-operator,slice-ref	peek-gated	caller controls remainder	none directly; child rules may consume	docs/design/specification.mec:1375	STMT-OP-ASSIGN	src/syntax/src/statements.rs::op_assign	Constructs OpAssign; implementation-derived inventory entry.
statements.tuple-destructure	tuple-destructure	statements	tuple_destructure	production	always	parse	TupleDestructure	statement	define-operator,expression,left-parenthesis,right-parenthesis	none	separator-delimited repetition; caller controls remainder	none directly; child rules may consume	not-located	STMT-TUPLE-DESTRUCTURE	src/syntax/src/statements.rs::tuple_destructure	Constructs TupleDestructure; implementation-derived inventory entry.
statements.source-import-tail	source-import-tail	statements	source_import_tail	production	always	parse	Token	uri-source-import-specifier	none	ordered-first-success/peek-gated	repetition stops on recoverable child failure; caller controls remainder	none directly; child rules may consume	not-located	IMPORT-SOURCE-URI	src/syntax/src/statements.rs::source_import_tail	Constructs Token; implementation-derived inventory entry.
statements.source-wildcard-specifier-is-valid		statements	source_wildcard_specifier_is_valid	semantic-validation	always	internal-only	bool	import-declaration	none	none	caller controls remainder	none directly; child rules may consume	not-applicable	not-applicable	src/syntax/src/statements.rs::source_wildcard_specifier_is_valid	Pure semantic predicate for legacy source-import wildcard placement; consumes no syntax.
statements.merge-source-tokens		statements	merge_source_tokens	helper/not-grammar	always	internal-only	MechString	absolute-source-import-specifier,bare-source-import-specifier,relative-source-import-specifier,uri-source-import-specifier	none	none	caller controls remainder	none directly; child rules may consume	not-applicable	not-applicable	src/syntax/src/statements.rs::merge_source_tokens	AST/token assembly helper; consumes no syntax.
statements.source-path-component-token	source-path-component-token	statements	source_path_component_token	production	always	parse	Token	none	none	ordered-first-success	caller controls remainder	none directly; child rules may consume	not-located	IMPORT-SOURCE-BARE	src/syntax/src/statements.rs::source_path_component_token	Constructs Token; implementation-derived inventory entry.
statements.source-path-component	source-path-component	statements	source_path_component	production	always	parse	Vec<Token>	source-mec-path	none	none	repetition stops on recoverable child failure; caller controls remainder	none directly; child rules may consume	not-located	IMPORT-SOURCE-BARE	src/syntax/src/statements.rs::source_path_component	Constructs Vec<Token>; implementation-derived inventory entry.
statements.source-mec-path	source-mec-path	statements	source_mec_path	production	always	parse	Vec<Token>	absolute-source-import-specifier,bare-source-import-specifier,relative-source-import-specifier	source-path-component	none	repetition stops on recoverable child failure; caller controls remainder	none directly; child rules may consume	not-located	IMPORT-SOURCE-BARE	src/syntax/src/statements.rs::source_mec_path	Constructs Vec<Token>; implementation-derived inventory entry.
statements.source-mec-path-wildcard-suffix	source-mec-path-wildcard-suffix	statements	source_mec_path_wildcard_suffix	production	always	parse	Vec<Token>	absolute-source-import-specifier,bare-source-import-specifier,relative-source-import-specifier	none	none	optional component; caller controls remainder	none directly; child rules may consume	not-located	IMPORT-SOURCE-WILDCARD	src/syntax/src/statements.rs::source_mec_path_wildcard_suffix	Constructs Vec<Token>; implementation-derived inventory entry.
statements.relative-source-import-specifier	relative-source-import-specifier	statements	relative_source_import_specifier	production	always	parse	MechString	none	source-mec-path,source-mec-path-wildcard-suffix	ordered-first-success	caller controls remainder	none directly; child rules may consume	not-located	IMPORT-SOURCE	src/syntax/src/statements.rs::relative_source_import_specifier	Constructs MechString; implementation-derived inventory entry.
statements.absolute-source-import-specifier	absolute-source-import-specifier	statements	absolute_source_import_specifier	production	always	parse	MechString	none	slash,source-mec-path,source-mec-path-wildcard-suffix	none	caller controls remainder	none directly; child rules may consume	not-located	IMPORT-SOURCE-ABSOLUTE	src/syntax/src/statements.rs::absolute_source_import_specifier	Constructs MechString; implementation-derived inventory entry.
statements.bare-source-import-specifier	bare-source-import-specifier	statements	bare_source_import_specifier	production	always	parse	MechString	none	source-mec-path,source-mec-path-wildcard-suffix	none	caller controls remainder	none directly; child rules may consume	not-located	IMPORT-SOURCE-BARE	src/syntax/src/statements.rs::bare_source_import_specifier	Constructs MechString; implementation-derived inventory entry.
statements.uri-scheme-part	uri-scheme-part	statements	uri_scheme_part	production	always	parse	Token	none	none	ordered-first-success	caller controls remainder	none directly; child rules may consume	not-located	IMPORT-SOURCE-URI	src/syntax/src/statements.rs::uri_scheme_part	Constructs Token; implementation-derived inventory entry.
statements.source-import-uri-scheme	source-import-uri-scheme	statements	source_import_uri_scheme	production	always	parse	Vec<Token>	uri-source-import-specifier	alpha-token	none	repetition stops on recoverable child failure; caller controls remainder	none directly; child rules may consume	not-located	IMPORT-SOURCE-URI	src/syntax/src/statements.rs::source_import_uri_scheme	Constructs Vec<Token>; implementation-derived inventory entry.
statements.uri-source-import-specifier	uri-source-import-specifier	statements	uri_source_import_specifier	production	always	parse	MechString	none	source-import-tail,source-import-uri-scheme,tag	none	caller controls remainder	none directly; child rules may consume	not-located	IMPORT-SOURCE-URI	src/syntax/src/statements.rs::uri_source_import_specifier	Constructs MechString; implementation-derived inventory entry.
statements.source-import-specifier	source-import-specifier	statements	source_import_specifier	production	always	parse	MechString	import-declaration	none	ordered-first-success	caller controls remainder	none directly; child rules may consume	not-located	IMPORT-SOURCE,IMPORT-SOURCE-BARE,IMPORT-SOURCE-ABSOLUTE,IMPORT-SOURCE-URI,IMPORT-SOURCE-WILDCARD	src/syntax/src/statements.rs::source_import_specifier	Constructs MechString; implementation-derived inventory entry.
statements.import-declaration	import-declaration	statements	import_declaration	production	always	parse	ImportDeclaration	statement	module-import-sigil,source-import-specifier,whitespace0,whitespace1	none	caller controls remainder	whitespace0,whitespace1; whitespace0/1 include newlines	not-located	IMPORT-SOURCE	src/syntax/src/statements.rs::import_declaration	Constructs ImportDeclaration; implementation-derived inventory entry.
statements.export-declaration	export-declaration	statements	export_declaration	production	always	parse	ExportDeclaration	statement	identifier,module-export-sigil,whitespace0,whitespace1	none	caller controls remainder	whitespace0,whitespace1; whitespace0/1 include newlines	not-located	EXPORT-DECLARATION	src/syntax/src/statements.rs::export_declaration	Constructs ExportDeclaration; implementation-derived inventory entry.
statements.context-declaration	context-declaration	statements	context_declaration	production	always	parse	ContextDeclaration	statement	at,define-operator,identifier,left-brace,right-brace,whitespace0	ordered-first-success	separator-delimited repetition; caller controls remainder	whitespace0; whitespace0/1 include newlines	not-located	CONTEXT-DECLARATION,CONTEXT-CAPABILITIES	src/syntax/src/statements.rs::context_declaration	Constructs ContextDeclaration; implementation-derived inventory entry.
statements.context-base-context	context-base-context	statements	context_base_context	production	always	parse	ContextBase	none	at,identifier	none	caller controls remainder	none directly; child rules may consume	not-located	CONTEXT-CAPABILITIES	src/syntax/src/statements.rs::context_base_context	Constructs ContextBase; implementation-derived inventory entry.
statements.context-base-resource-uri	context-base-resource-uri	statements	context_base_resource_uri	production	always	parse	ContextBase	none	tag	ordered-first-success	repetition stops on recoverable child failure; caller controls remainder	none directly; child rules may consume	not-located	CONTEXT-DECLARATION	src/syntax/src/statements.rs::context_base_resource_uri	Constructs ContextBase; implementation-derived inventory entry.
statements.context-capability-declaration	context-capability-declaration	statements	context_capability_declaration	production	always	parse	ContextCapabilityDeclaration	none	colon,context-capability-scope,identifier,left-parenthesis,right-parenthesis	none	caller controls remainder	none directly; child rules may consume	not-located	CONTEXT-CAPABILITIES	src/syntax/src/statements.rs::context_capability_declaration	Constructs ContextCapabilityDeclaration; implementation-derived inventory entry.
statements.context-capability-path-token	context-capability-path-token	statements	context_capability_path_token	production	always	parse	Token	none	none	ordered-first-success	caller controls remainder	none directly; child rules may consume	not-located	CONTEXT-CAPABILITIES	src/syntax/src/statements.rs::context_capability_path_token	Constructs Token; implementation-derived inventory entry.
statements.validate-context-capability-path		statements	validate_context_capability_path	semantic-validation	always	internal-only	Result<(), nom::Err<ParseError<'a>>>	context-capability-path	none	none	caller controls remainder	none directly; child rules may consume	not-applicable	not-applicable	src/syntax/src/statements.rs::validate_context_capability_path	Semantic path-shape validation; consumes no syntax.
statements.context-capability-path	context-capability-path	statements	context_capability_path	production/semantic-validation	always	parse	Identifier	context-capability-scope	none	none	repetition stops on recoverable child failure; caller controls remainder	none directly; child rules may consume	not-located	CONTEXT-CAPABILITIES	src/syntax/src/statements.rs::context_capability_path	Constructs Identifier; implementation-derived inventory entry.
statements.context-capability-scope	context-capability-scope	statements	context_capability_scope	production	always	parse	ContextCapabilityScope	context-capability-declaration	asterisk,context-capability-path	manual-fallback	caller controls remainder	none directly; child rules may consume	not-located	CONTEXT-CAPABILITIES	src/syntax/src/statements.rs::context_capability_scope	Constructs ContextCapabilityScope; implementation-derived inventory entry.
statements.statement	statement	statements	statement	production	always	parse	Statement	fsm-statement-transition,mech-code-alt	context-declaration,context-send,enum-define,export-declaration,fsm-declare,import-declaration,invariant-define,kind-define,op-assign,tuple-destructure,variable-assign,variable-define	alt-best-longest-success	caller controls remainder	none directly; child rules may consume	docs/design/specification.mec:1321	IMPORT-SOURCE,EXPORT-DECLARATION,CONTEXT-DECLARATION,CONTEXT-SEND,STMT-FSM-DECLARE-SELECTION,STMT-DEFINE,STMT-ASSIGN,STMT-OP-ASSIGN,STMT-ENUM,STMT-TUPLE-DESTRUCTURE,STMT-KIND-DEFINE	src/syntax/src/statements.rs::statement	Constructs Statement; implementation-derived inventory entry.
statements.enum-define	enum-define	statements	enum_define	production	always	parse	EnumDefine	statement	define-operator,identifier	none	separator-delimited repetition; caller controls remainder	none directly; child rules may consume	docs/design/specification.mec:1395	STMT-ENUM	src/syntax/src/statements.rs::enum_define	Constructs EnumDefine; implementation-derived inventory entry.
statements.enum-variant	enum-variant	statements	enum_variant	production	always	parse	EnumVariant	none	identifier	ordered-first-success	optional component; caller controls remainder	none directly; child rules may consume	docs/design/specification.mec:1400	STMT-ENUM	src/syntax/src/statements.rs::enum_variant	Constructs EnumVariant; implementation-derived inventory entry.
statements.enum-variant-kind	enum-variant-kind	statements	enum_variant_kind	production	always	parse	KindAnnotation	none	kind-annotation,left-parenthesis,right-parenthesis	none	caller controls remainder	none directly; child rules may consume	docs/design/specification.mec:1404	STMT-ENUM	src/syntax/src/statements.rs::enum_variant_kind	Constructs KindAnnotation; implementation-derived inventory entry.
statements.enum-variant-inline-kind	enum-variant-inline-kind	statements	enum_variant_inline_kind	production	always	parse	KindAnnotation	none	kind-annotation	none	caller controls remainder	none directly; child rules may consume	docs/design/specification.mec:1407	STMT-ENUM	src/syntax/src/statements.rs::enum_variant_inline_kind	Constructs KindAnnotation; implementation-derived inventory entry.
statements.kind-define	kind-define	statements	kind_define	production	always	parse	KindDefine	statement	define-operator,identifier,kind-annotation	none	caller controls remainder	none directly; child rules may consume	docs/design/specification.mec:1469	STMT-KIND-DEFINE	src/syntax/src/statements.rs::kind_define	Constructs KindDefine; implementation-derived inventory entry.
functions.function-define	function-define	functions	function_define	production	always	parse	FunctionDefine	mech-code-alt	function-define-match-arms,function-define-statements,identifier,left-parenthesis,right-parenthesis,whitespace0	manual-fallback	separator-delimited repetition; caller controls remainder	whitespace0; whitespace0/1 include newlines	docs/design/specification.mec:1432	FUNCTION-STATEMENTS,FUNCTION-MULTI-OUTPUT,FUNCTION-MATCH-ARMS	src/syntax/src/functions.rs::function_define	Constructs FunctionDefine; implementation-derived inventory entry.
functions.function-define-statements	function-define-statements	functions	function_define_statements	production	always	parse	FunctionDefine	function-define	define-operator,equal,period,whitespace0	ordered-first-success	separator-delimited repetition; caller controls remainder	whitespace0; whitespace0/1 include newlines	not-located	FUNCTION-STATEMENTS,FUNCTION-MULTI-OUTPUT	src/syntax/src/functions.rs::function_define_statements	Constructs FunctionDefine; implementation-derived inventory entry.
functions.function-define-match-arms	function-define-match-arms	functions	function_define_match_arms	production	always	parse	FunctionDefine	function-define	kind-annotation,output-operator,whitespace0	ordered-first-success	repetition stops on recoverable child failure; caller controls remainder	whitespace0; whitespace0/1 include newlines	not-located	FUNCTION-MATCH-ARMS	src/syntax/src/functions.rs::function_define_match_arms	Constructs FunctionDefine; implementation-derived inventory entry.
functions.function-match-arm	function-match-arm	functions	function_match_arm	production	always	parse	FunctionMatchArm	none	expression,output-operator,pattern,whitespace0	ordered-first-success/manual-fallback	optional component; caller controls remainder	whitespace0; whitespace0/1 include newlines	not-located	FUNCTION-MATCH-ARMS	src/syntax/src/functions.rs::function_match_arm	Constructs FunctionMatchArm; implementation-derived inventory entry.
functions.function-out-args	function-out-args	functions	function_out_args	production	always	parse	Vec<FunctionArgument>	none	left-parenthesis,right-parenthesis	none	separator-delimited repetition; caller controls remainder	none directly; child rules may consume	not-located	FUNCTION-MULTI-OUTPUT	src/syntax/src/functions.rs::function_out_args	Constructs Vec<FunctionArgument>; implementation-derived inventory entry.
functions.function-out-arg	function-out-arg	functions	function_out_arg	production	always	parse	Vec<FunctionArgument>	none	function-arg	none	caller controls remainder	none directly; child rules may consume	not-located	FUNCTION-STATEMENTS	src/syntax/src/functions.rs::function_out_arg	Constructs Vec<FunctionArgument>; implementation-derived inventory entry.
functions.function-arg	function-arg	functions	function_arg	production	always	parse	FunctionArgument	function-out-arg	identifier,kind-annotation	none	caller controls remainder	none directly; child rules may consume	not-located	FUNCTION-STATEMENTS	src/syntax/src/functions.rs::function_arg	Constructs FunctionArgument; implementation-derived inventory entry.
functions.argument-list	argument-list	functions	argument_list	production	always	parse	ArgumentList	function-call	left-parenthesis,right-parenthesis	ordered-first-success	separator-delimited repetition; caller controls remainder	none directly; child rules may consume	not-located	FUNCTION-MATCH-ARMS	src/syntax/src/functions.rs::argument_list	Constructs ArgumentList; implementation-derived inventory entry.
functions.function-call	function-call	functions	function_call	production	always	parse	FunctionCall	factor	argument-list,identifier	none	caller controls remainder	none directly; child rules may consume	not-located	FUNCTION-MATCH-ARMS	src/syntax/src/functions.rs::function_call	Constructs FunctionCall; implementation-derived inventory entry.
functions.call-arg-with-binding	call-arg-with-binding	functions	call_arg_with_binding	production	always	parse	(Option<Identifier>,Expression)	none	colon,expression,identifier,whitespace0	none	caller controls remainder	whitespace0; whitespace0/1 include newlines	not-located	FSM-INSTANCE	src/syntax/src/functions.rs::call_arg_with_binding	Constructs (Option<Identifier>,Expression); implementation-derived inventory entry.
functions.call-arg	call-arg	functions	call_arg	production	always	parse	(Option<Identifier>,Expression)	none	expression	none	caller controls remainder	none directly; child rules may consume	not-located	FSM-INSTANCE	src/syntax/src/functions.rs::call_arg	Constructs (Option<Identifier>,Expression); implementation-derived inventory entry.
state_machines.invalid-fsm-value-pattern		state_machines	invalid_fsm_value_pattern	diagnostic/helper	always	parse	MechError	none	none	none	caller controls remainder	none directly; child rules may consume	not-applicable	not-applicable	src/syntax/src/state_machines.rs::invalid_fsm_value_pattern	Diagnostic/control behavior; excluded from the accepted-language grammar.
state_machines.validate-fsm-value-pattern		state_machines	validate_fsm_value_pattern	semantic-validation	always	internal-only	()	fsm-value	none	none	caller controls remainder	none directly; child rules may consume	not-applicable	not-applicable	src/syntax/src/state_machines.rs::validate_fsm_value_pattern	Recursive semantic validator; consumes no syntax.
state_machines.fsm-value	fsm-value	state_machines	fsm_value	production/semantic-validation	always	parse	Pattern	fsm-async-transition,fsm-implementation,fsm-output,fsm-state-transition	pattern	none	caller controls remainder	none directly; child rules may consume	not-located	FSM-NEXT	src/syntax/src/state_machines.rs::fsm_value	Parses a pattern and then applies the state-machine value-pattern semantic restriction.
state_machines.guard-operator	guard-operator	state_machines	guard_operator	terminal	always	parse	()	activation-arm,fsm-guard,fsm-state-definition,match-arm	tag,whitespace0	ordered-first-success	caller controls remainder	whitespace0; whitespace0/1 include newlines	not-located	ALTERNATIVE-TERMINAL-CONTRACTS	src/syntax/src/state_machines.rs::guard_operator	Recognizes a terminal/operator form and returns ().
state_machines.fsm-implementation	fsm-implementation	state_machines	fsm_implementation	production	always	parse	FsmImplementation	mech-code-alt	fsm-value,hashtag,identifier,left-parenthesis,period,right-parenthesis,transition-operator,whitespace0	none	separator-delimited repetition; caller controls remainder	whitespace0; whitespace0/1 include newlines	not-located	FSM-IMPL	src/syntax/src/state_machines.rs::fsm_implementation	Constructs FsmImplementation; implementation-derived inventory entry.
state_machines.fsm-arm	fsm-arm	state_machines	fsm_arm	production	always	parse	FsmArm	none	whitespace0	ordered-first-success	caller controls remainder	whitespace0; whitespace0/1 include newlines	not-located	FSM-IMPL	src/syntax/src/state_machines.rs::fsm_arm	Constructs FsmArm; implementation-derived inventory entry.
state_machines.fsm-guard-arm	fsm-guard-arm	state_machines	fsm_guard_arm	production	always	parse	FsmArm	none	pattern	none	repetition stops on recoverable child failure; caller controls remainder	none directly; child rules may consume	not-located	FSM-IMPL	src/syntax/src/state_machines.rs::fsm_guard_arm	Constructs FsmArm; implementation-derived inventory entry.
state_machines.fsm-comment-arm	fsm-comment-arm	state_machines	fsm_comment_arm	production	always	parse	FsmArm	none	comment	none	caller controls remainder	none directly; child rules may consume	not-located	FSM-COMMENT-ARM	src/syntax/src/state_machines.rs::fsm_comment_arm	Constructs FsmArm; implementation-derived inventory entry.
state_machines.fsm-guard	fsm-guard	state_machines	fsm_guard	production	always	parse	Guard	none	guard-operator,pattern	ordered-first-success	repetition stops on recoverable child failure; caller controls remainder	none directly; child rules may consume	not-located	FSM-IMPL	src/syntax/src/state_machines.rs::fsm_guard	Constructs Guard; implementation-derived inventory entry.
state_machines.fsm-transition	fsm-transition	state_machines	fsm_transition	production	always	parse	FsmArm	none	pattern	ordered-first-success	repetition stops on recoverable child failure; caller controls remainder	none directly; child rules may consume	not-located	FSM-TRANSITION	src/syntax/src/state_machines.rs::fsm_transition	Constructs FsmArm; implementation-derived inventory entry.
state_machines.fsm-state-transition	fsm-state-transition	state_machines	fsm_state_transition	production	always	parse	Transition	none	fsm-value,transition-operator	none	caller controls remainder	none directly; child rules may consume	not-located	FSM-NEXT	src/syntax/src/state_machines.rs::fsm_state_transition	Constructs Transition; implementation-derived inventory entry.
state_machines.fsm-async-transition	fsm-async-transition	state_machines	fsm_async_transition	production	always	parse	Transition	none	async-transition-operator,fsm-value	none	caller controls remainder	none directly; child rules may consume	not-located	FSM-ASYNC	src/syntax/src/state_machines.rs::fsm_async_transition	Constructs Transition; implementation-derived inventory entry.
state_machines.fsm-statement-transition	fsm-statement-transition	state_machines	fsm_statement_transition	production	always	parse	Transition	none	statement,transition-operator	none	caller controls remainder	none directly; child rules may consume	not-located	FSM-STATEMENT-TRANSITION	src/syntax/src/state_machines.rs::fsm_statement_transition	Constructs Transition; implementation-derived inventory entry.
state_machines.fsm-block-transition	fsm-block-transition	state_machines	fsm_block_transition	production	always	parse	Transition	none	code-terminal,left-brace,mech-code-alt,right-brace,transition-operator,whitespace0	manual-fallback/peek-gated	manual loop with explicit delimiter or progress condition	whitespace0; whitespace0/1 include newlines	not-located	FSM-BLOCK	src/syntax/src/state_machines.rs::fsm_block_transition	Constructs Transition; implementation-derived inventory entry.
state_machines.fsm-output	fsm-output	state_machines	fsm_output	production	always	parse	Transition	none	fsm-value,output-operator	none	caller controls remainder	none directly; child rules may consume	not-located	FSM-OUTPUT	src/syntax/src/state_machines.rs::fsm_output	Constructs Transition; implementation-derived inventory entry.
state_machines.fsm-specification	fsm-specification	state_machines	fsm_specification	production	always	parse	FsmSpecification	mech-code-alt	hashtag,identifier,left-parenthesis,period,right-parenthesis	none	separator-delimited repetition; caller controls remainder	none directly; child rules may consume	not-located	FSM-SPEC	src/syntax/src/state_machines.rs::fsm_specification	Constructs FsmSpecification; implementation-derived inventory entry.
state_machines.fsm-state-definition	fsm-state-definition	state_machines	fsm_state_definition	production	always	parse	StateDefinition	none	atom,guard-operator,whitespace0	none	optional component; caller controls remainder	whitespace0; whitespace0/1 include newlines	not-located	FSM-SPEC	src/syntax/src/state_machines.rs::fsm_state_definition	Constructs StateDefinition; implementation-derived inventory entry.
state_machines.fsm-state-definition-variables	fsm-state-definition-variables	state_machines	fsm_state_definition_variables	production	always	parse	Vec<Var>	none	left-parenthesis,right-parenthesis	none	separator-delimited repetition; caller controls remainder	none directly; child rules may consume	not-located	FSM-SPEC	src/syntax/src/state_machines.rs::fsm_state_definition_variables	Constructs Vec<Var>; implementation-derived inventory entry.
state_machines.fsm-pipe	fsm-pipe	state_machines	fsm_pipe	production	always	parse	FsmPipe	expression,fsm-declare	fsm-instance	ordered-first-success	repetition stops on recoverable child failure; caller controls remainder	none directly; child rules may consume	not-located	EXPR-FSM-PIPE	src/syntax/src/state_machines.rs::fsm_pipe	Constructs FsmPipe; implementation-derived inventory entry.
state_machines.fsm-declare	fsm-declare	state_machines	fsm_declare	production	always	parse	FsmDeclare	statement	define-operator,fsm,fsm-pipe	none	caller controls remainder	none directly; child rules may consume	not-located	FSM-DECLARE	src/syntax/src/state_machines.rs::fsm_declare	Constructs FsmDeclare; implementation-derived inventory entry.
state_machines.fsm	fsm	state_machines	fsm	production	always	parse	Fsm	fsm-declare	hashtag,identifier	none	optional component; caller controls remainder	none directly; child rules may consume	not-located	FSM-DECLARE	src/syntax/src/state_machines.rs::fsm	Constructs Fsm; implementation-derived inventory entry.
state_machines.fsm-instance	fsm-instance	state_machines	fsm_instance	production	always	parse	FsmInstance	fsm-pipe	hashtag,identifier	none	optional component; caller controls remainder	none directly; child rules may consume	not-located	FSM-INSTANCE	src/syntax/src/state_machines.rs::fsm_instance	Constructs FsmInstance; implementation-derived inventory entry.
state_machines.fsm-args	fsm-args	state_machines	fsm_args	production	always	parse	Vec<(Option<Identifier>,Expression)>	none	left-parenthesis,right-parenthesis	ordered-first-success	separator-delimited repetition; caller controls remainder	none directly; child rules may consume	not-located	FSM-INSTANCE	src/syntax/src/state_machines.rs::fsm_args	Constructs Vec<(Option<Identifier>,Expression)>; implementation-derived inventory entry.
activation.activation-scope	activation-scope	activation	activation_scope	production	always	parse	ActivationScope	mech-code-alt	async-transition-operator,left-brace,mech-code,right-brace,whitespace0	manual-fallback/prefix-committed	repetition stops on recoverable child failure; caller controls remainder	whitespace0; whitespace0/1 include newlines	not-located	ACTIVATION-BLOCK,ACTIVATION-ARMS,ACTIVATION-EMPTY	src/syntax/src/activation.rs::activation_scope	PR #680 parser surface omitted from the older 13-file audit list. A leading ~> commits to activation parsing; body selection is braced code or one-or-more pattern arms.
activation.activation-arm	activation-arm	activation	activation_arm	production	always	parse	ActivationArm	none	expression,guard-operator,left-brace,mech-code,output-operator,pattern,right-brace,whitespace0	ordered-first-success/manual-fallback/prefix-committed	optional component; caller controls remainder	whitespace0; whitespace0/1 include newlines	not-located	ACTIVATION-ARMS	src/syntax/src/activation.rs::activation_arm	PR #680 parser surface omitted from the older 13-file audit list. After =>, a braced Mech block is selected by lookahead; otherwise an expression body is parsed.
imports.module-import-name-segment	module-import-name-segment	imports	module_import_name_segment	production	always	parse	ModuleImportPathSegment	none	identifier-path-segment	none	caller controls remainder	none directly; child rules may consume	not-located	IMPORT-MODULE	src/syntax/src/imports.rs::module_import_name_segment	Constructs ModuleImportPathSegment; implementation-derived inventory entry. This PR #680 module extends the older 13-file audit scope.
imports.module-import-intrinsic-segment	module-import-intrinsic-segment	imports	module_import_intrinsic_segment	production	always	parse	ModuleImportPathSegment	none	underscore	prefix-committed	caller controls remainder	none directly; child rules may consume	not-located	IMPORT-MODULE-INTRINSIC	src/syntax/src/imports.rs::module_import_intrinsic_segment	Constructs ModuleImportPathSegment; implementation-derived inventory entry. This PR #680 module extends the older 13-file audit scope.
imports.module-import-path-segment	module-import-path-segment	imports	module_import_path_segment	production	always	parse	ModuleImportPathSegment	module-import-path	none	ordered-first-success	caller controls remainder	none directly; child rules may consume	not-located	IMPORT-MODULE,IMPORT-MODULE-INTRINSIC,IMPORT-MODULE-EMOJI-PATH	src/syntax/src/imports.rs::module_import_path_segment	Constructs ModuleImportPathSegment; implementation-derived inventory entry. This PR #680 module extends the older 13-file audit scope.
imports.module-import-path	module-import-path	imports	module_import_path	production	always	parse	ModuleImportPath	import-group-item	module-import-path-segment	none	repetition stops on recoverable child failure; caller controls remainder	none directly; child rules may consume	not-located	IMPORT-MODULE,IMPORT-MODULE-INTRINSIC,IMPORT-MODULE-EMOJI-PATH	src/syntax/src/imports.rs::module_import_path	Constructs ModuleImportPath; implementation-derived inventory entry. This PR #680 module extends the older 13-file audit scope.
imports.module-import-alias-segment	module-import-alias-segment	imports	module_import_alias_segment	production	always	parse	ModuleImportPathSegment	module-import-alias-path	identifier-path-segment	none	caller controls remainder	none directly; child rules may consume	not-located	IMPORT-MODULE-VALUE-ALIAS	src/syntax/src/imports.rs::module_import_alias_segment	Constructs ModuleImportPathSegment; implementation-derived inventory entry. This PR #680 module extends the older 13-file audit scope.
imports.module-import-alias-path	module-import-alias-path	imports	module_import_alias_path	production	always	parse	ModuleImportPath	none	module-import-alias-segment	none	repetition stops on recoverable child failure; caller controls remainder	none directly; child rules may consume	not-located	IMPORT-MODULE-VALUE-ALIAS	src/syntax/src/imports.rs::module_import_alias_path	Constructs ModuleImportPath; implementation-derived inventory entry. This PR #680 module extends the older 13-file audit scope.
imports.module-import-value-alias	module-import-value-alias	imports	module_import_value_alias	production	always	parse	ModuleImportAlias	none	map	none	caller controls remainder	none directly; child rules may consume	not-located	IMPORT-MODULE-VALUE-ALIAS	src/syntax/src/imports.rs::module_import_value_alias	Constructs ModuleImportAlias; implementation-derived inventory entry. This PR #680 module extends the older 13-file audit scope.
imports.context-import-alias-segment	context-import-alias-segment	imports	context_import_alias_segment	production	always	parse	Identifier	module-import-context-alias	none	ordered-first-success	repetition stops on recoverable child failure; caller controls remainder	none directly; child rules may consume	not-located	IMPORT-ALIAS	src/syntax/src/imports.rs::context_import_alias_segment	Constructs Identifier; implementation-derived inventory entry. This PR #680 module extends the older 13-file audit scope.
imports.module-import-context-alias	module-import-context-alias	imports	module_import_context_alias	production/semantic-validation	always	parse	Identifier	none	at,context-import-alias-segment,slash	peek-gated	caller controls remainder	none directly; child rules may consume	not-located	IMPORT-ALIAS	src/syntax/src/imports.rs::module_import_context_alias	Constructs Identifier; implementation-derived inventory entry. This PR #680 module extends the older 13-file audit scope.
imports.module-import-alias	module-import-alias	imports	module_import_alias	production	always	parse	ModuleImportAlias	aliased-item-import	map	ordered-first-success	caller controls remainder	none directly; child rules may consume	not-located	IMPORT-ALIAS,IMPORT-MODULE-VALUE-ALIAS	src/syntax/src/imports.rs::module_import_alias	Constructs ModuleImportAlias; implementation-derived inventory entry. This PR #680 module extends the older 13-file audit scope.
imports.module-root	module-root	imports	module_root	production	always	parse	Identifier	module-only-import,module-suffix-import	identifier-path-segment	none	caller controls remainder	none directly; child rules may consume	not-located	IMPORT-MODULE	src/syntax/src/imports.rs::module_root	Constructs Identifier; implementation-derived inventory entry. This PR #680 module extends the older 13-file audit scope.
imports.import-alias-operator	import-alias-operator	imports	import_alias_operator	terminal	always	parse	()	aliased-item-import	colon,equal,space-tab0	none	caller controls remainder	space-tab0	not-located	IMPORT-ALIAS,IMPORT-MODULE-VALUE-ALIAS	src/syntax/src/imports.rs::import_alias_operator	Recognizes a terminal/operator form and returns (). This PR #680 module extends the older 13-file audit scope.
imports.import-group-separator	import-group-separator	imports	import_group_separator	terminal	always	parse	()	none	map	ordered-first-success	caller controls remainder	none directly; child rules may consume	not-located	IMPORT-MODULE-GROUP	src/syntax/src/imports.rs::import_group_separator	Recognizes a terminal/operator form and returns (). This PR #680 module extends the older 13-file audit scope.
imports.import-group-item	import-group-item	imports	import_group_item	production	always	parse	ModuleImportGroupItem	import-group-items	module-import-path	none	caller controls remainder	none directly; child rules may consume	not-located	IMPORT-MODULE-GROUP	src/syntax/src/imports.rs::import_group_item	Constructs ModuleImportGroupItem; implementation-derived inventory entry. This PR #680 module extends the older 13-file audit scope.
imports.import-group-items	import-group-items	imports	import_group_items	production	always	parse	Vec<ModuleImportGroupItem>	none	import-group-item,whitespace0	none	repetition stops on recoverable child failure; caller controls remainder	whitespace0; whitespace0/1 include newlines	not-located	IMPORT-MODULE-GROUP	src/syntax/src/imports.rs::import_group_items	Constructs Vec<ModuleImportGroupItem>; implementation-derived inventory entry. This PR #680 module extends the older 13-file audit scope.
imports.module-import-end	module-import-end	imports	module_import_end	production	always	parse	()	module-import	space-tab0	none	optional component; caller controls remainder	space-tab0	not-located	IMPORT-MODULE	src/syntax/src/imports.rs::module_import_end	Constructs (); implementation-derived inventory entry. This PR #680 module extends the older 13-file audit scope.
imports.aliased-item-import	aliased-item-import	imports	aliased_item_import	production	always	parse	ModuleImport	none	import-alias-operator,module-import-alias	prefix-committed	caller controls remainder	none directly; child rules may consume	not-located	IMPORT-ALIAS,IMPORT-MODULE-VALUE-ALIAS	src/syntax/src/imports.rs::aliased_item_import	Constructs ModuleImport; implementation-derived inventory entry. This PR #680 module extends the older 13-file audit scope.
imports.module-suffix-import	module-suffix-import	imports	module_suffix_import	production	always	parse	ModuleImport	none	map,module-root,slash	ordered-first-success/prefix-committed	caller controls remainder	none directly; child rules may consume	not-located	IMPORT-MODULE,IMPORT-MODULE-GROUP,IMPORT-MODULE-INTRINSIC,IMPORT-MODULE-EMOJI-PATH	src/syntax/src/imports.rs::module_suffix_import	Constructs ModuleImport; implementation-derived inventory entry. This PR #680 module extends the older 13-file audit scope.
imports.module-only-import	module-only-import	imports	module_only_import	production	always	parse	ModuleImport	none	module-root,slash	peek-gated	caller controls remainder	none directly; child rules may consume	not-located	IMPORT-MODULE-ONLY	src/syntax/src/imports.rs::module_only_import	Constructs ModuleImport; implementation-derived inventory entry. This PR #680 module extends the older 13-file audit scope.
imports.module-import	module-import	imports	module_import	production	always	parse	ModuleImport	mech-code-alt	at,module-import-end,plus,right-angle,space-tab0,whitespace0	ordered-first-success/peek-gated/prefix-committed	caller controls remainder	space-tab0,whitespace0; whitespace0/1 include newlines	not-located	IMPORT-MODULE,IMPORT-ALIAS,IMPORT-MODULE-ONLY,IMPORT-MODULE-GROUP,IMPORT-MODULE-INTRINSIC,IMPORT-MODULE-VALUE-ALIAS,IMPORT-MODULE-EMOJI-PATH	src/syntax/src/imports.rs::module_import	PR #680 parser surface omitted from the older 13-file audit list. module_import_end is checked on a clone to extend the source range, but the function returns the pre-end input.
mechdown.title	title	mechdown	title	production	always	parse	Title	none	new-line,whitespace0	none	repetition stops on recoverable child failure; caller controls remainder	whitespace0,new-line; whitespace0/1 include newlines	docs/design/specification.mec:1528	TITLE	src/syntax/src/mechdown.rs::title	Constructs Title; implementation-derived inventory entry.
mechdown.title-front-matter	title-front-matter	mechdown	title_front_matter	production	always	parse	TitleFrontMatter	none	colon,figures,identifier,img,inline-paragraph,new-line,whitespace0	none	repetition stops on recoverable child failure; caller controls remainder	whitespace0,new-line; whitespace0/1 include newlines	not-located	TITLE-FRONT-MATTER	src/syntax/src/mechdown.rs::title_front_matter	Constructs TitleFrontMatter; implementation-derived inventory entry.
mechdown.no-alignment	no-alignment	mechdown	no_alignment	production	always	parse	ColumnAlignment	none	none	none	repetition stops on recoverable child failure; caller controls remainder	none directly; child rules may consume	docs/design/specification.mec:1961	MECHDOWN-TABLE-NO-ALIGNMENT	src/syntax/src/mechdown.rs::no_alignment	Constructs ColumnAlignment; implementation-derived inventory entry.
mechdown.left-alignment	left-alignment	mechdown	left_alignment	production	always	parse	ColumnAlignment	none	colon	none	repetition stops on recoverable child failure; caller controls remainder	none directly; child rules may consume	docs/design/specification.mec:1962	MECHDOWN-TABLE	src/syntax/src/mechdown.rs::left_alignment	Constructs ColumnAlignment; implementation-derived inventory entry.
mechdown.right-alignment	right-alignment	mechdown	right_alignment	production	always	parse	ColumnAlignment	none	colon	none	repetition stops on recoverable child failure; caller controls remainder	none directly; child rules may consume	docs/design/specification.mec:1963	MECHDOWN-TABLE	src/syntax/src/mechdown.rs::right_alignment	Constructs ColumnAlignment; implementation-derived inventory entry.
mechdown.center-alignment	center-alignment	mechdown	center_alignment	production	always	parse	ColumnAlignment	none	colon	none	repetition stops on recoverable child failure; caller controls remainder	none directly; child rules may consume	docs/design/specification.mec:1964	MECHDOWN-TABLE-CENTER-ALIGNMENT	src/syntax/src/mechdown.rs::center_alignment	Constructs ColumnAlignment; implementation-derived inventory entry.
mechdown.alignment-separator	alignment-separator	mechdown	alignment_separator	production	always	parse	ColumnAlignment	none	none	ordered-first-success	repetition stops on recoverable child failure; caller controls remainder	none directly; child rules may consume	docs/design/specification.mec:1957	MECHDOWN-TABLE,MECHDOWN-TABLE-NO-ALIGNMENT,MECHDOWN-TABLE-CENTER-ALIGNMENT	src/syntax/src/mechdown.rs::alignment_separator	Constructs ColumnAlignment; implementation-derived inventory entry.
mechdown.mechdown-table	mechdown-table	mechdown	mechdown_table	production	always	parse	MarkdownTable	section-element	whitespace0	ordered-first-success	caller controls remainder	whitespace0; whitespace0/1 include newlines	not-located	MECHDOWN-TABLE,MECHDOWN-TABLE-NO-ALIGNMENT,MECHDOWN-TABLE-CENTER-ALIGNMENT,MECHDOWN-TABLE-NO-HEADER,MECHDOWN-TABLE-EMPTY-PARAGRAPH	src/syntax/src/mechdown.rs::mechdown_table	Constructs MarkdownTable; implementation-derived inventory entry.
mechdown.mechdown-table-with-header	mechdown-table-with-header	mechdown	mechdown_table_with_header	production	always	parse	MarkdownTable	none	mechdown-table-header	none	repetition stops on recoverable child failure; caller controls remainder	none directly; child rules may consume	not-located	MECHDOWN-TABLE,MECHDOWN-TABLE-NO-ALIGNMENT,MECHDOWN-TABLE-CENTER-ALIGNMENT,MECHDOWN-TABLE-EMPTY-PARAGRAPH	src/syntax/src/mechdown.rs::mechdown_table_with_header	Constructs MarkdownTable; implementation-derived inventory entry.
mechdown.mechdown-table-no-header	mechdown-table-no-header	mechdown	mechdown_table_no_header	production	always	parse	MarkdownTable	none	none	none	repetition stops on recoverable child failure; caller controls remainder	none directly; child rules may consume	not-located	MECHDOWN-TABLE-NO-HEADER	src/syntax/src/mechdown.rs::mechdown_table_no_header	Constructs MarkdownTable; implementation-derived inventory entry.
mechdown.mechdown-table-header	mechdown-table-header	mechdown	mechdown_table_header	production	always	parse	(Vec<Paragraph>,Vec<ColumnAlignment>)	mechdown-table-with-header	bar,tuple,whitespace0	none	repetition stops on recoverable child failure; caller controls remainder	whitespace0; whitespace0/1 include newlines	not-located	MECHDOWN-TABLE,MECHDOWN-TABLE-NO-ALIGNMENT,MECHDOWN-TABLE-CENTER-ALIGNMENT,MECHDOWN-TABLE-EMPTY-PARAGRAPH	src/syntax/src/mechdown.rs::mechdown_table_header	Constructs (Vec<Paragraph>,Vec<ColumnAlignment>); implementation-derived inventory entry.
mechdown.empty-paragraph	empty-paragraph	mechdown	empty_paragraph	production	always	parse	Paragraph	none	none	none	caller controls remainder	none directly; child rules may consume	not-located	MECHDOWN-TABLE-EMPTY-PARAGRAPH	src/syntax/src/mechdown.rs::empty_paragraph	Constructs Paragraph; implementation-derived inventory entry.
mechdown.mechdown-table-row	mechdown-table-row	mechdown	mechdown_table_row	production	always	parse	Vec<Paragraph>	none	bar,tuple,whitespace0	ordered-first-success	repetition stops on recoverable child failure; caller controls remainder	whitespace0; whitespace0/1 include newlines	not-located	MECHDOWN-TABLE,MECHDOWN-TABLE-NO-ALIGNMENT,MECHDOWN-TABLE-CENTER-ALIGNMENT,MECHDOWN-TABLE-EMPTY-PARAGRAPH	src/syntax/src/mechdown.rs::mechdown_table_row	Constructs Vec<Paragraph>; implementation-derived inventory entry.
mechdown.ul-subtitle	ul-subtitle	mechdown	ul_subtitle	production	always	parse	Subtitle	section	new-line,paragraph-newline,period,whitespace0	ordered-first-success	repetition stops on recoverable child failure; caller controls remainder	whitespace0,new-line; whitespace0/1 include newlines	not-located	MECHDOWN-UL-SUBTITLE	src/syntax/src/mechdown.rs::ul_subtitle	Constructs Subtitle; implementation-derived inventory entry.
mechdown.subtitle	subtitle	mechdown	subtitle	production	always	parse	Subtitle	mech-code,section-element	grammar-peek,left-parenthesis,paragraph-newline,right-parenthesis,whitespace0	ordered-first-success/peek-gated	separator-delimited repetition; caller controls remainder	whitespace0; whitespace0/1 include newlines	docs/design/specification.mec:1535	MECHDOWN-SUBTITLE	src/syntax/src/mechdown.rs::subtitle	Constructs Subtitle; implementation-derived inventory entry.
mechdown.strong	strong	mechdown	strong	production	always	parse	ParagraphElement	none	paragraph-element,tuple	none	caller controls remainder	none directly; child rules may consume	docs/design/specification.mec:1617	MECHDOWN-INLINE	src/syntax/src/mechdown.rs::strong	Constructs ParagraphElement; implementation-derived inventory entry.
mechdown.emphasis	emphasis	mechdown	emphasis	production	always	parse	ParagraphElement	none	asterisk,paragraph-element	none	caller controls remainder	none directly; child rules may consume	docs/design/specification.mec:1618	MECHDOWN-INLINE	src/syntax/src/mechdown.rs::emphasis	Constructs ParagraphElement; implementation-derived inventory entry.
mechdown.strikethrough	strikethrough	mechdown	strikethrough	production	always	parse	ParagraphElement	none	paragraph-element,tilde	none	caller controls remainder	none directly; child rules may consume	docs/design/specification.mec:1619	MECHDOWN-INLINE	src/syntax/src/mechdown.rs::strikethrough	Constructs ParagraphElement; implementation-derived inventory entry.
mechdown.underline	underline	mechdown	underline	production	always	parse	ParagraphElement	none	paragraph-element,underscore	none	caller controls remainder	none directly; child rules may consume	docs/design/specification.mec:1620	MECHDOWN-INLINE	src/syntax/src/mechdown.rs::underline	Constructs ParagraphElement; implementation-derived inventory entry.
mechdown.highlight	highlight	mechdown	highlight	production	always	parse	ParagraphElement	none	highlight-sigil,paragraph-element	none	caller controls remainder	none directly; child rules may consume	docs/design/specification.mec:1621	MECHDOWN-INLINE	src/syntax/src/mechdown.rs::highlight	Constructs ParagraphElement; implementation-derived inventory entry.
mechdown.inline-code	inline-code	mechdown	inline_code	production	always	parse	ParagraphElement	none	grave,tuple	peek-gated	repetition stops on recoverable child failure; caller controls remainder	none directly; child rules may consume	docs/design/specification.mec:1622	MECHDOWN-INLINE	src/syntax/src/mechdown.rs::inline_code	Constructs ParagraphElement; implementation-derived inventory entry.
mechdown.inline-equation	inline-equation	mechdown	inline_equation	production	always	parse	ParagraphElement	none	equation-sigil,tuple	ordered-first-success/peek-gated	repetition stops on recoverable child failure; caller controls remainder	none directly; child rules may consume	docs/design/specification.mec:1623	MECHDOWN-INLINE	src/syntax/src/mechdown.rs::inline_equation	Constructs ParagraphElement; implementation-derived inventory entry.
mechdown.hyperlink	hyperlink	mechdown	hyperlink	production	always	parse	ParagraphElement	none	inline-paragraph,left-bracket,left-parenthesis,right-bracket,right-parenthesis,tuple	peek-gated	repetition stops on recoverable child failure; caller controls remainder	none directly; child rules may consume	docs/design/specification.mec:1624	MECHDOWN-INLINE	src/syntax/src/mechdown.rs::hyperlink	Constructs ParagraphElement; implementation-derived inventory entry.
mechdown.raw-hyperlink	raw-hyperlink	mechdown	raw_hyperlink	production	always	parse	ParagraphElement	none	grammar-peek,tuple	peek-gated	repetition stops on recoverable child failure; caller controls remainder	none directly; child rules may consume	docs/design/specification.mec:1625	MECHDOWN-INLINE	src/syntax/src/mechdown.rs::raw_hyperlink	Constructs ParagraphElement; implementation-derived inventory entry.
mechdown.option-map	option-map	mechdown	option_map	production	always	parse	OptionMap	none	whitespace0	none	repetition stops on recoverable child failure; caller controls remainder	whitespace0; whitespace0/1 include newlines	docs/design/specification.mec:2027	IMAGE	src/syntax/src/mechdown.rs::option_map	Constructs OptionMap; implementation-derived inventory entry.
mechdown.option-mapping	option-mapping	mechdown	option_mapping	production	always	parse	(Identifier, MechString)	none	colon,identifier,option-value,whitespace0	none	optional component; caller controls remainder	whitespace0; whitespace0/1 include newlines	docs/design/specification.mec:2028	IMAGE	src/syntax/src/mechdown.rs::option_mapping	Constructs (Identifier, MechString); implementation-derived inventory entry.
mechdown.option-value	option-value	mechdown	option_value	production	always	parse	MechString	option-mapping	identifier,string	manual-fallback	caller controls remainder	none directly; child rules may consume	not-located	IMAGE	src/syntax/src/mechdown.rs::option_value	Constructs MechString; implementation-derived inventory entry.
mechdown.img	img	mechdown	img	production	always	parse	Image	figure-item,section-element,title-front-matter	img-prefix,left-parenthesis,right-bracket,right-parenthesis,tuple	peek-gated	repetition stops on recoverable child failure; caller controls remainder	none directly; child rules may consume	docs/design/specification.mec:2026	IMAGE	src/syntax/src/mechdown.rs::img	Constructs Image; implementation-derived inventory entry.
mechdown.figure-item	figure-item	mechdown	figure_item	production	always	parse	FigureItem	none	img	none	caller controls remainder	none directly; child rules may consume	docs/design/specification.mec:2016	FIGURES	src/syntax/src/mechdown.rs::figure_item	Constructs FigureItem; implementation-derived inventory entry.
mechdown.figures-row	figures-row	mechdown	figures_row	production	always	parse	Vec<FigureItem>	none	bar,tuple,whitespace0	none	repetition stops on recoverable child failure; caller controls remainder	whitespace0; whitespace0/1 include newlines	docs/design/specification.mec:2014	FIGURES	src/syntax/src/mechdown.rs::figures_row	Constructs Vec<FigureItem>; implementation-derived inventory entry.
mechdown.figures	figures	mechdown	figures	production	always	parse	FigureTable	section-element,title-front-matter	none	none	repetition stops on recoverable child failure; caller controls remainder	none directly; child rules may consume	docs/design/specification.mec:2013	FIGURES	src/syntax/src/mechdown.rs::figures	Constructs FigureTable; implementation-derived inventory entry.
mechdown.paragraph-text	paragraph-text	mechdown	paragraph_text	production	always	parse	ParagraphElement	none	none	ordered-first-success/peek-gated	repetition stops on recoverable child failure; caller controls remainder	none directly; child rules may consume	docs/design/specification.mec:1609	MECHDOWN-INLINE	src/syntax/src/mechdown.rs::paragraph_text	Constructs ParagraphElement; implementation-derived inventory entry.
mechdown.eval-inline-mech-code	eval-inline-mech-code	mechdown	eval_inline_mech_code	production	always	parse	ParagraphElement	none	expression,left-brace,right-brace,whitespace0	none	caller controls remainder	whitespace0; whitespace0/1 include newlines	not-located	MECHDOWN-INLINE	src/syntax/src/mechdown.rs::eval_inline_mech_code	Constructs ParagraphElement; implementation-derived inventory entry.
mechdown.inline-mech-code	inline-mech-code	mechdown	inline_mech_code	production	always	parse	ParagraphElement	none	left-brace,mech-code-alt,right-brace,whitespace0	none	caller controls remainder	whitespace0; whitespace0/1 include newlines	not-located	MECHDOWN-INLINE	src/syntax/src/mechdown.rs::inline_mech_code	Constructs ParagraphElement; implementation-derived inventory entry.
mechdown.footnote-reference	footnote-reference	mechdown	footnote_reference	production	always	parse	ParagraphElement	none	footnote-prefix,right-bracket,tuple	peek-gated	repetition stops on recoverable child failure; caller controls remainder	none directly; child rules may consume	docs/design/specification.mec:1674	MECHDOWN-INLINE	src/syntax/src/mechdown.rs::footnote_reference	Constructs ParagraphElement; implementation-derived inventory entry.
mechdown.reference	reference	mechdown	reference	production	always	parse	ParagraphElement	none	left-bracket,right-bracket	none	repetition stops on recoverable child failure; caller controls remainder	none directly; child rules may consume	not-located	MECHDOWN-INLINE	src/syntax/src/mechdown.rs::reference	Constructs ParagraphElement; implementation-derived inventory entry.
mechdown.section-reference	section-reference	mechdown	section_reference	production	always	parse	ParagraphElement	none	section-sigil	ordered-first-success	repetition stops on recoverable child failure; caller controls remainder	none directly; child rules may consume	docs/design/specification.mec:1677	MECHDOWN-INLINE	src/syntax/src/mechdown.rs::section_reference	Constructs ParagraphElement; implementation-derived inventory entry.
mechdown.paragraph-element	paragraph-element	mechdown	paragraph_element	production	always	parse	ParagraphElement	emphasis,highlight,strikethrough,strong,underline	none	ordered-first-success	caller controls remainder	none directly; child rules may consume	docs/design/specification.mec:1533	MECHDOWN-INLINE	src/syntax/src/mechdown.rs::paragraph_element	Constructs ParagraphElement; implementation-derived inventory entry.
mechdown.inline-paragraph	inline-paragraph	mechdown	inline_paragraph	production	always	parse	Paragraph	comment,hyperlink,title-front-matter	grammar-peek	peek-gated	repetition stops on recoverable child failure; caller controls remainder	none directly; child rules may consume	not-located	MECHDOWN-INLINE	src/syntax/src/mechdown.rs::inline_paragraph	Constructs Paragraph; implementation-derived inventory entry.
mechdown.paragraph	paragraph	mechdown	paragraph	production	always	parse	Paragraph	citation,paragraph-newline,section-element	grammar-peek	ordered-first-success/peek-gated	repetition stops on recoverable child failure; caller controls remainder	none directly; child rules may consume	docs/design/specification.mec:1534	MECHDOWN-INLINE	src/syntax/src/mechdown.rs::paragraph	Constructs Paragraph; implementation-derived inventory entry.
mechdown.paragraph-newline	paragraph-newline	mechdown	paragraph_newline	production	always	parse	Paragraph	subtitle,ul-subtitle	new-line,paragraph	none	caller controls remainder	new-line	not-located	MECHDOWN-INLINE	src/syntax/src/mechdown.rs::paragraph_newline	Constructs Paragraph; implementation-derived inventory entry.
mechdown.ordered-list-item	ordered-list-item	mechdown	ordered_list_item	production	always	parse	(Number,Paragraph)	none	number,period	none	caller controls remainder	none directly; child rules may consume	docs/design/specification.mec:1711	MECHDOWN-ORDERED	src/syntax/src/mechdown.rs::ordered_list_item	Constructs (Number,Paragraph); implementation-derived inventory entry.
mechdown.checked-item	checked-item	mechdown	checked_item	production	always	parse	(bool,Paragraph)	none	dash,left-bracket,right-bracket,tag	ordered-first-success	caller controls remainder	none directly; child rules may consume	not-located	ALTERNATIVE-TERMINAL-CONTRACTS	src/syntax/src/mechdown.rs::checked_item	Constructs (bool,Paragraph); implementation-derived inventory entry.
mechdown.unchecked-item	unchecked-item	mechdown	unchecked_item	production	always	parse	(bool,Paragraph)	none	dash,left-bracket,right-bracket,whitespace0	none	caller controls remainder	whitespace0; whitespace0/1 include newlines	not-located	ALTERNATIVE-TERMINAL-CONTRACTS	src/syntax/src/mechdown.rs::unchecked_item	Constructs (bool,Paragraph); implementation-derived inventory entry.
mechdown.check-list-item	check-list-item	mechdown	check_list_item	production	always	parse	(bool,Paragraph)	check-list	none	ordered-first-success	caller controls remainder	none directly; child rules may consume	not-located	MECHDOWN-CHECK	src/syntax/src/mechdown.rs::check_list_item	Constructs (bool,Paragraph); implementation-derived inventory entry.
mechdown.check-list	check-list	mechdown	check_list	production	always	parse	MDList	mechdown-list,sublist	check-list-item,sublist	peek-gated	manual loop with explicit delimiter or progress condition	none directly; child rules may consume	not-located	MECHDOWN-CHECK	src/syntax/src/mechdown.rs::check_list	Constructs MDList; implementation-derived inventory entry.
mechdown.unordered-list	unordered-list	mechdown	unordered_list	production	always	parse	MDList	mechdown-list,sublist	sublist,unordered-list-item	peek-gated	manual loop with explicit delimiter or progress condition	none directly; child rules may consume	docs/design/specification.mec:1709	MECHDOWN-UNORDERED	src/syntax/src/mechdown.rs::unordered_list	Constructs MDList; implementation-derived inventory entry.
mechdown.ordered-list	ordered-list	mechdown	ordered_list	production	always	parse	MDList	mechdown-list,sublist	sublist,tuple	peek-gated	manual loop with explicit delimiter or progress condition	none directly; child rules may consume	docs/design/specification.mec:1710	MECHDOWN-ORDERED	src/syntax/src/mechdown.rs::ordered_list	Constructs MDList; implementation-derived inventory entry.
mechdown.sublist	sublist	mechdown	sublist	production	always	parse	MDList	check-list,ordered-list,unordered-list	check-list,ordered-list,unordered-list	manual-fallback	caller controls remainder	none directly; child rules may consume	not-located	MECHDOWN-SUBLIST	src/syntax/src/mechdown.rs::sublist	Constructs MDList; implementation-derived inventory entry.
mechdown.mechdown-list	mechdown-list	mechdown	mechdown_list	production	always	parse	MDList	section-element	check-list,ordered-list,unordered-list	manual-fallback	caller controls remainder	none directly; child rules may consume	not-located	MECHDOWN-UNORDERED,MECHDOWN-ORDERED,MECHDOWN-CHECK,MECHDOWN-SUBLIST	src/syntax/src/mechdown.rs::mechdown_list	Constructs MDList; implementation-derived inventory entry.
mechdown.unordered-list-item	unordered-list-item	mechdown	unordered_list_item	production	always	parse	(Option<Token>,Paragraph)	unordered-list	dash,tuple	none	repetition stops on recoverable child failure; caller controls remainder	none directly; child rules may consume	not-located	MECHDOWN-UNORDERED	src/syntax/src/mechdown.rs::unordered_list_item	Constructs (Option<Token>,Paragraph); implementation-derived inventory entry.
mechdown.codeblock-sigil	codeblock-sigil	mechdown	codeblock_sigil	terminal	always	parse	fn(ParseString) -> ParseResult<Token>	none	none	ordered-first-success	caller controls remainder	none directly; child rules may consume	docs/design/specification.mec:1808	ALTERNATIVE-TERMINAL-CONTRACTS	src/syntax/src/mechdown.rs::codeblock_sigil	Recognizes a terminal/operator form and returns fn(ParseString) -> ParseResult<Token>.
mechdown.code-block	code-block	mechdown	code_block	production	always	parse	SectionElement	none	mech-code,parse-grammar,tuple,whitespace0	peek-gated	repetition stops on recoverable child failure; caller controls remainder	whitespace0; whitespace0/1 include newlines	docs/design/specification.mec:1797	CODE-FENCE	src/syntax/src/mechdown.rs::code_block	Constructs SectionElement; implementation-derived inventory entry.
mechdown.thematic-break	thematic-break	mechdown	thematic_break	production	always	parse	SectionElement	section-element	new-line	none	repetition stops on recoverable child failure; caller controls remainder	new-line	docs/design/specification.mec:1778	MECHDOWN-THEMATIC	src/syntax/src/mechdown.rs::thematic_break	Constructs SectionElement; implementation-derived inventory entry.
mechdown.footnote	footnote	mechdown	footnote	production	always	parse	Footnote	section-element	colon,footnote-prefix,right-bracket,tuple,whitespace0	peek-gated	repetition stops on recoverable child failure; caller controls remainder	whitespace0; whitespace0/1 include newlines	docs/design/specification.mec:1673	FOOTNOTE	src/syntax/src/mechdown.rs::footnote	Constructs Footnote; implementation-derived inventory entry.
mechdown.prompt	prompt	mechdown	prompt	production	always	parse	SectionElement	none	prompt-sigil,section-element	none	repetition stops on recoverable child failure; caller controls remainder	none directly; child rules may consume	not-located	MECHDOWN-PROMPT	src/syntax/src/mechdown.rs::prompt	Constructs SectionElement; implementation-derived inventory entry.
mechdown.blank-line	blank-line	mechdown	blank_line	production	always	parse	Vec<Token>	none	new-line	none	repetition stops on recoverable child failure; caller controls remainder	new-line	not-located	MIXED-DOCUMENT	src/syntax/src/mechdown.rs::blank_line	Constructs Vec<Token>; implementation-derived inventory entry.
mechdown.question-block	question-block	mechdown	question_block	production	always	parse	SectionElement	none	question-sigil	none	repetition stops on recoverable child failure; caller controls remainder	none directly; child rules may consume	not-located	MECHDOWN-QUESTION	src/syntax/src/mechdown.rs::question_block	Constructs SectionElement; implementation-derived inventory entry.
mechdown.info-block	info-block	mechdown	info_block	production	always	parse	SectionElement	none	info-sigil	none	repetition stops on recoverable child failure; caller controls remainder	none directly; child rules may consume	not-located	MECHDOWN-INFO	src/syntax/src/mechdown.rs::info_block	Constructs SectionElement; implementation-derived inventory entry.
mechdown.quote-block	quote-block	mechdown	quote_block	production	always	parse	SectionElement	none	grammar-peek,quote-sigil	peek-gated	repetition stops on recoverable child failure; caller controls remainder	none directly; child rules may consume	not-located	MECHDOWN-QUOTE	src/syntax/src/mechdown.rs::quote_block	Constructs SectionElement; implementation-derived inventory entry.
mechdown.warning-block	warning-block	mechdown	warning_block	production	always	parse	SectionElement	none	grammar-peek,warning-sigil	peek-gated	repetition stops on recoverable child failure; caller controls remainder	none directly; child rules may consume	not-located	MECHDOWN-WARNING	src/syntax/src/mechdown.rs::warning_block	Constructs SectionElement; implementation-derived inventory entry.
mechdown.success-block	success-block	mechdown	success_block	production	always	parse	SectionElement	none	grammar-peek	ordered-first-success/peek-gated	repetition stops on recoverable child failure; caller controls remainder	none directly; child rules may consume	not-located	ALTERNATIVE-TERMINAL-CONTRACTS	src/syntax/src/mechdown.rs::success_block	Constructs SectionElement; implementation-derived inventory entry.
mechdown.error-block	error-block	mechdown	error_block	production	always	parse	SectionElement	none	grammar-peek	ordered-first-success/peek-gated	repetition stops on recoverable child failure; caller controls remainder	none directly; child rules may consume	not-located	ALTERNATIVE-TERMINAL-CONTRACTS	src/syntax/src/mechdown.rs::error_block	Constructs SectionElement; implementation-derived inventory entry.
mechdown.idea-block	idea-block	mechdown	idea_block	production	always	parse	SectionElement	none	idea-sigil	none	repetition stops on recoverable child failure; caller controls remainder	none directly; child rules may consume	not-located	MECHDOWN-IDEA	src/syntax/src/mechdown.rs::idea_block	Constructs SectionElement; implementation-derived inventory entry.
mechdown.abstract-el	abstract-el	mechdown	abstract_el	production	always	parse	SectionElement	none	abstract-sigil	none	repetition stops on recoverable child failure; caller controls remainder	none directly; child rules may consume	not-located	MECHDOWN-ABSTRACT	src/syntax/src/mechdown.rs::abstract_el	Constructs SectionElement; implementation-derived inventory entry.
mechdown.equation	equation	mechdown	equation	production	always	parse	Token	section-element	equation-sigil	ordered-first-success	repetition stops on recoverable child failure; caller controls remainder	none directly; child rules may consume	docs/design/specification.mec:1859	MECHDOWN-EQUATION	src/syntax/src/mechdown.rs::equation	Constructs Token; implementation-derived inventory entry.
mechdown.citation	citation	mechdown	citation	production	always	parse	Citation	section-element	colon,left-bracket,paragraph,right-bracket,whitespace0	none	repetition stops on recoverable child failure; caller controls remainder	whitespace0; whitespace0/1 include newlines	docs/design/specification.mec:1676	CITATION	src/syntax/src/mechdown.rs::citation	Constructs Citation; implementation-derived inventory entry.
mechdown.float-sigil	float-sigil	mechdown	float_sigil	terminal	always	parse	FloatDirection	float	none	ordered-first-success	caller controls remainder	none directly; child rules may consume	not-located	ALTERNATIVE-TERMINAL-CONTRACTS	src/syntax/src/mechdown.rs::float_sigil	Recognizes a terminal/operator form and returns FloatDirection.
mechdown.float	float	mechdown	float	production	always	parse	(Box<SectionElement>,FloatDirection)	section-element	float-sigil,section-element	none	repetition stops on recoverable child failure; caller controls remainder	none directly; child rules may consume	not-located	FLOAT	src/syntax/src/mechdown.rs::float	Constructs (Box<SectionElement>,FloatDirection); implementation-derived inventory entry.
mechdown.not-mech-code	not-mech-code	mechdown	not_mech_code	production	always	parse	()	none	none	ordered-first-success	caller controls remainder	none directly; child rules may consume	not-located	MIXED-DOCUMENT	src/syntax/src/mechdown.rs::not_mech_code	Constructs (); implementation-derived inventory entry.
mechdown.section-element	section-element	mechdown	section_element	production	always	parse	SectionElement	float,prompt,section	citation,equation,figures,float,footnote,img,mechdown-list,mechdown-table,paragraph,subtitle,thematic-break	alt-best-longest-success	caller controls remainder	none directly; child rules may consume	docs/design/specification.mec:1502	ALT-BEST-SECTION-ELEMENT,SECTION-ELEMENT-PROMPT,SECTION-ELEMENT-QUOTE,SECTION-ELEMENT-THEMATIC,SECTION-ELEMENT-EQUATION	src/syntax/src/mechdown.rs::section_element	Constructs SectionElement; implementation-derived inventory entry.
mechdown.section	section	mechdown	section	production	always	parse	Section	body,mika-section	mech-code,mika,mika-section-close,section-element,ul-subtitle	peek-gated	manual loop with explicit delimiter or progress condition	none directly; child rules may consume	docs/design/specification.mec:1519	SECTION-MECH,SECTION-PARAGRAPH	src/syntax/src/mechdown.rs::section	Constructs Section; implementation-derived inventory entry.
mechdown.body	body	mechdown	body	production	always	parse	Body	program	section,whitespace0	none	manual loop with explicit delimiter or progress condition	whitespace0; whitespace0/1 include newlines	docs/design/specification.mec:1501	MIXED-DOCUMENT	src/syntax/src/mechdown.rs::body	Constructs Body; implementation-derived inventory entry.
mika.mika-section	mika-section	mika	mika_section	production	mika	parse	MikaSection	none	section	none	caller controls remainder	none directly; child rules may consume	docs/design/specification.mec:2171	MIKA	src/syntax/src/mika.rs::mika_section	Constructs MikaSection; implementation-derived inventory entry. Compiled only with the mika feature.
mika.mika-arm-left	mika-arm-left	mika	mika_arm_left	production	mika	parse	MikaArm	micro-mika	tag	ordered-first-success	caller controls remainder	none directly; child rules may consume	docs/design/specification.mec:2187	MIKA-ALTERNATIVE-TERMINAL-CONTRACTS	src/syntax/src/mika.rs::mika_arm_left	Constructs MikaArm; implementation-derived inventory entry. Compiled only with the mika feature.
mika.mika-arm-right	mika-arm-right	mika	mika_arm_right	production	mika	parse	MikaArm	micro-mika	tag	ordered-first-success	caller controls remainder	none directly; child rules may consume	docs/design/specification.mec:2190	MIKA-ALTERNATIVE-TERMINAL-CONTRACTS	src/syntax/src/mika.rs::mika_arm_right	Constructs MikaArm; implementation-derived inventory entry. Compiled only with the mika feature.
mika.mika-eye-left	mika-eye-left	mika	mika_eye_left	production	mika	parse	MikaEyeLeft	mika-expression-inner	tag	none	caller controls remainder	none directly; child rules may consume	docs/design/specification.mec:2248	MIKA-ALTERNATIVE-TERMINAL-CONTRACTS	src/syntax/src/mika.rs::mika_eye_left	Constructs MikaEyeLeft; implementation-derived inventory entry. Compiled only with the mika feature.
mika.mika-eye-right	mika-eye-right	mika	mika_eye_right	production	mika	parse	MikaEyeRight	none	tag	none	caller controls remainder	none directly; child rules may consume	docs/design/specification.mec:2252	MIKA-ALTERNATIVE-TERMINAL-CONTRACTS	src/syntax/src/mika.rs::mika_eye_right	Constructs MikaEyeRight; implementation-derived inventory entry. Compiled only with the mika feature.
mika.mika-nose	mika-nose	mika	mika_nose	production	mika	parse	MikaNose	micro-mika,mika-expression-inner	tag	none	caller controls remainder	none directly; child rules may consume	docs/design/specification.mec:2197	MIKA-ALTERNATIVE-TERMINAL-CONTRACTS	src/syntax/src/mika.rs::mika_nose	Constructs MikaNose; implementation-derived inventory entry. Compiled only with the mika feature.
mika.mika-expression-inner	mika-expression-inner	mika	mika_expression_inner	production	mika	parse	MikaExpression	mini-mika	mika-eye-left,mika-nose,tag	none	caller controls remainder	none directly; child rules may consume	docs/design/specification.mec:2242	MIKA-EXPRESSION-INNER,MIKA-MINI	src/syntax/src/mika.rs::mika_expression_inner	Constructs MikaExpression; implementation-derived inventory entry. Compiled only with the mika feature.
mika.micro-mika	micro-mika	mika	micro_mika	production	mika	parse	Mika	none	mika-arm-left,mika-arm-right,mika-nose	none	caller controls remainder	none directly; child rules may consume	docs/design/specification.mec:2162	MIKA	src/syntax/src/mika.rs::micro_mika	Constructs Mika; implementation-derived inventory entry. Compiled only with the mika feature.
mika.mini-mika	mini-mika	mika	mini_mika	production	mika	parse	Mika	none	left-parenthesis,mika-expression-inner,right-parenthesis	none	optional component; caller controls remainder	none directly; child rules may consume	docs/design/specification.mec:2163	MIKA-MINI	src/syntax/src/mika.rs::mini_mika	Constructs Mika; implementation-derived inventory entry. Compiled only with the mika feature.
mika.mika	mika	mika	mika	production	mika	parse	(Mika,Option<MikaSection>)	section	whitespace0	ordered-first-success	optional component; caller controls remainder	whitespace0; whitespace0/1 include newlines	docs/design/specification.mec:2160	MIKA	src/syntax/src/mika.rs::mika	Constructs (Mika,Option<MikaSection>); implementation-derived inventory entry. Compiled only with the mika feature.
grammar.grammar	grammar	grammar	grammar	root/production	always	public-root:grammar	Grammar	parse-grammar	new-line	none	one-or-more rules followed by required synthetic-or-source newline	new-line	docs/design/specification.mec:2350	GRAMMAR	src/syntax/src/grammar.rs::grammar	Constructs Grammar; implementation-derived inventory entry.
grammar.grammar-identifier	grammar-identifier	grammar	grammar_identifier	production	always	parse-grammar	GrammarIdentifier	grammar-definition,grammar-rule	alpha-token	ordered-first-success	repetition stops on recoverable child failure; caller controls remainder	none directly; child rules may consume	not-located	GRAMMAR	src/syntax/src/grammar.rs::grammar_identifier	Constructs GrammarIdentifier; implementation-derived inventory entry.
grammar.rule	grammar-rule	grammar	rule	production	always	parse-grammar	Rule	none	define-operator,grammar-expression,grammar-identifier,semicolon	none	caller controls remainder	none directly; child rules may consume	not-located	GRAMMAR	src/syntax/src/grammar.rs::rule	Constructs Rule; implementation-derived inventory entry.
grammar.grammar-expression	grammar-expression	grammar	grammar_expression	production	always	parse-grammar	GrammarExpression	grammar-rule	grammar-term	none	repetition stops on recoverable child failure; caller controls remainder	none directly; child rules may consume	not-located	GRAMMAR	src/syntax/src/grammar.rs::grammar_expression	Constructs GrammarExpression; implementation-derived inventory entry.
grammar.term	grammar-term	grammar	term	production	always	parse-grammar	GrammarExpression	grammar-expression	grammar-factor	none	repetition stops on recoverable child failure; caller controls remainder	none directly; child rules may consume	not-located	GRAMMAR	src/syntax/src/grammar.rs::term	Constructs GrammarExpression; implementation-derived inventory entry.
grammar.definition	grammar-definition	grammar	definition	production	always	parse-grammar	GrammarExpression	none	grammar-identifier	none	caller controls remainder	none directly; child rules may consume	not-located	GRAMMAR	src/syntax/src/grammar.rs::definition	Constructs GrammarExpression; implementation-derived inventory entry.
grammar.repeat0	grammar-repeat0	grammar	repeat0	production	always	parse-grammar	GrammarExpression	none	asterisk,grammar-factor	none	caller controls remainder	none directly; child rules may consume	not-located	GRAMMAR	src/syntax/src/grammar.rs::repeat0	Constructs GrammarExpression; implementation-derived inventory entry.
grammar.repeat1	grammar-repeat1	grammar	repeat1	production	always	parse-grammar	GrammarExpression	none	grammar-factor,plus	none	caller controls remainder	none directly; child rules may consume	not-located	GRAMMAR	src/syntax/src/grammar.rs::repeat1	Constructs GrammarExpression; implementation-derived inventory entry.
grammar.optional	grammar-optional	grammar	optional	production	always	parse-grammar	GrammarExpression	none	grammar-factor,question	none	caller controls remainder	none directly; child rules may consume	not-located	GRAMMAR	src/syntax/src/grammar.rs::optional	Constructs GrammarExpression; implementation-derived inventory entry.
grammar.peek	grammar-peek	grammar	peek	production	always	parse-grammar	GrammarExpression	code-terminal,error-block,inline-paragraph,matrix,mech-code,paragraph,quote-block,raw-hyperlink,subtitle,success-block,warning-block	grammar-factor,right-angle	none	caller controls remainder	none directly; child rules may consume	not-located	GRAMMAR	src/syntax/src/grammar.rs::peek	Constructs GrammarExpression; implementation-derived inventory entry.
grammar.not	grammar-not	grammar	not	production	always	parse-grammar	GrammarExpression	none	grammar-factor,negate	none	caller controls remainder	none directly; child rules may consume	not-located	GRAMMAR	src/syntax/src/grammar.rs::not	Constructs GrammarExpression; implementation-derived inventory entry.
grammar.list	grammar-list	grammar	list	production	always	parse-grammar	GrammarExpression	none	comma,grammar-factor,left-bracket,right-bracket	none	caller controls remainder	none directly; child rules may consume	not-located	GRAMMAR	src/syntax/src/grammar.rs::list	Constructs GrammarExpression; implementation-derived inventory entry.
grammar.g-range	grammar-range	grammar	g_range	production	always	parse-grammar	GrammarExpression	none	grammar-terminal-token,tuple	none	caller controls remainder	none directly; child rules may consume	not-located	GRAMMAR	src/syntax/src/grammar.rs::g_range	Constructs GrammarExpression; implementation-derived inventory entry.
grammar.factor	grammar-factor	grammar	factor	production	always	parse-grammar	GrammarExpression	grammar-list,grammar-not,grammar-optional,grammar-peek,grammar-repeat0,grammar-repeat1,grammar-term	none	ordered-first-success	caller controls remainder	none directly; child rules may consume	not-located	GRAMMAR	src/syntax/src/grammar.rs::factor	Constructs GrammarExpression; implementation-derived inventory entry.
grammar.group	grammar-group	grammar	group	production	always	parse-grammar	GrammarExpression	none	none	none	caller controls remainder	none directly; child rules may consume	not-located	GRAMMAR	src/syntax/src/grammar.rs::group	Constructs GrammarExpression; implementation-derived inventory entry.
grammar.terminal	grammar-terminal	grammar	terminal	production	always	parse-grammar	GrammarExpression	none	grammar-terminal-token	none	caller controls remainder	none directly; child rules may consume	not-located	GRAMMAR	src/syntax/src/grammar.rs::terminal	Constructs GrammarExpression; implementation-derived inventory entry.
grammar.terminal-token	grammar-terminal-token	grammar	terminal_token	production	always	parse-grammar	Token	grammar-range,grammar-terminal	quote,tuple	peek-gated	repetition stops on recoverable child failure; caller controls remainder	none directly; child rules may consume	not-located	GRAMMAR	src/syntax/src/grammar.rs::terminal_token	Constructs Token; implementation-derived inventory entry.
repl.parse-repl-command	parse-repl-command	repl	parse_repl_command	root/production	always	public-root:parse-repl-command	ReplCommand	none	tag	ordered-first-success	complete consumption required	none directly; child rules may consume	not-located	REPL-HELP,REPL-SAVE,REPL-PROFILE,REPL-STEP,REPL-CODE,REPL-HELP-ALIAS,REPL-QUIT-ALIAS,REPL-DOCS,REPL-DOCS-ALIAS,REPL-SYMBOLS,REPL-WHOS-ALIAS,REPL-PLAN-ALIAS,REPL-LS,REPL-CLEAR,REPL-CLC,REPL-SAVE-EMPTY,REPL-CODE-ALIAS,REPL-CD,REPL-LOAD	src/syntax/src/repl.rs::parse_repl_command	Constructs ReplCommand; implementation-derived inventory entry.
repl.save-rpl	save-rpl	repl	save_rpl	production	always	parse-repl-command	ReplCommand	none	tag	none	caller controls remainder	space1	not-located	REPL-SAVE,REPL-SAVE-EMPTY	src/syntax/src/repl.rs::save_rpl	Constructs ReplCommand; implementation-derived inventory entry.
repl.code-rpl	code-rpl	repl	code_rpl	production	always	parse-repl-command	ReplCommand	none	tag	ordered-first-success	caller controls remainder	space0	not-located	REPL-CODE,REPL-CODE-ALIAS	src/syntax/src/repl.rs::code_rpl	Constructs ReplCommand; implementation-derived inventory entry.
repl.profile-rpl	profile-rpl	repl	profile_rpl	production	always	parse-repl-command	ReplCommand	none	tag	ordered-first-success	caller controls remainder	space0	not-located	REPL-PROFILE	src/syntax/src/repl.rs::profile_rpl	Constructs ReplCommand; implementation-derived inventory entry.
repl.docs-rpl	docs-rpl	repl	docs_rpl	production	always	parse-repl-command	ReplCommand	none	tag	ordered-first-success	optional component; caller controls remainder	space0	not-located	REPL-DOCS,REPL-DOCS-ALIAS	src/syntax/src/repl.rs::docs_rpl	Constructs ReplCommand; implementation-derived inventory entry.
repl.help-rpl	help-rpl	repl	help_rpl	production	always	parse-repl-command	ReplCommand	none	tag	ordered-first-success	caller controls remainder	none directly; child rules may consume	not-located	REPL-HELP,REPL-HELP-ALIAS	src/syntax/src/repl.rs::help_rpl	Constructs ReplCommand; implementation-derived inventory entry.
repl.quit-rpl	quit-rpl	repl	quit_rpl	production	always	parse-repl-command	ReplCommand	none	tag	ordered-first-success	caller controls remainder	none directly; child rules may consume	not-located	REPL-QUIT-ALIAS	src/syntax/src/repl.rs::quit_rpl	Constructs ReplCommand; implementation-derived inventory entry.
repl.cd-rpl	cd-rpl	repl	cd_rpl	production	always	parse-repl-command	ReplCommand	none	tag	none	caller controls remainder	space0	not-located	REPL-CD	src/syntax/src/repl.rs::cd_rpl	Constructs ReplCommand; implementation-derived inventory entry.
repl.symbols-rpl	symbols-rpl	repl	symbols_rpl	production	always	parse-repl-command	ReplCommand	none	tag	ordered-first-success	optional component; caller controls remainder	space0	not-located	REPL-SYMBOLS	src/syntax/src/repl.rs::symbols_rpl	Constructs ReplCommand; implementation-derived inventory entry.
repl.plan-rpl	plan-rpl	repl	plan_rpl	production	always	parse-repl-command	ReplCommand	none	tag	ordered-first-success	caller controls remainder	none directly; child rules may consume	not-located	REPL-PLAN-ALIAS	src/syntax/src/repl.rs::plan_rpl	Constructs ReplCommand; implementation-derived inventory entry.
repl.identifier	repl-identifier	repl	identifier	production	always	parse-repl-command	String	none	none	none	caller controls remainder	none directly; child rules may consume	not-located	REPL-WHOS-ALIAS	src/syntax/src/repl.rs::identifier	Constructs String; implementation-derived inventory entry.
repl.whos-rpl	whos-rpl	repl	whos_rpl	production	always	parse-repl-command	ReplCommand	none	tag	ordered-first-success	separator-delimited repetition; caller controls remainder	space0	not-located	REPL-WHOS-ALIAS	src/syntax/src/repl.rs::whos_rpl	Constructs ReplCommand; implementation-derived inventory entry.
repl.clear-rpl	clear-rpl	repl	clear_rpl	production	always	parse-repl-command	ReplCommand	none	tag	none	caller controls remainder	none directly; child rules may consume	not-located	REPL-CLEAR	src/syntax/src/repl.rs::clear_rpl	Constructs ReplCommand; implementation-derived inventory entry.
repl.clc-rpl	clc-rpl	repl	clc_rpl	production	always	parse-repl-command	ReplCommand	none	tag	none	caller controls remainder	none directly; child rules may consume	not-located	REPL-CLC	src/syntax/src/repl.rs::clc_rpl	Constructs ReplCommand; implementation-derived inventory entry.
repl.ls-rpl	ls-rpl	repl	ls_rpl	production	always	parse-repl-command	ReplCommand	none	tag	none	caller controls remainder	none directly; child rules may consume	not-located	REPL-LS	src/syntax/src/repl.rs::ls_rpl	Constructs ReplCommand; implementation-derived inventory entry.
repl.load-rpl	load-rpl	repl	load_rpl	production	always	parse-repl-command	ReplCommand	none	tag	ordered-first-success	separator-delimited repetition; caller controls remainder	space1	not-located	REPL-LOAD	src/syntax/src/repl.rs::load_rpl	Constructs ReplCommand; implementation-derived inventory entry.
repl.step-rpl	step-rpl	repl	step_rpl	production	always	parse-repl-command	ReplCommand	none	tag	none	optional component; caller controls remainder	space1	not-located	REPL-STEP	src/syntax/src/repl.rs::step_rpl	Constructs ReplCommand; implementation-derived inventory entry.
parser.null		parser	null	parser-control/helper	always	parse	()	code-terminal,invariant-define,kind-record,kind-table,not-mech-code,op-assign,paragraph,unordered-list-item,variable-assign,variable-define	none	none	caller controls remainder	none directly; child rules may consume	not-applicable	not-applicable	src/syntax/src/parser.rs::null	Implementation helper or semantic operation; consumes no standalone grammar rule.
parser.range		parser	range	parser-control/helper	always	parse	(O, SourceRange)	alpha-token,code-block,digit-token,empty,enum-define,kind-annotation,kind-define,kind-kind,map,matrix,mika-section,option-map,parenthetical-term,record,set	none	none	caller controls remainder	none directly; child rules may consume	not-applicable	not-applicable	src/syntax/src/parser.rs::range	Implementation helper or semantic operation; consumes no standalone grammar rule.
parser.label-without-recovery		parser	label_without_recovery	diagnostic/parser-control	always	parse	O	none	none	none	caller controls remainder	none directly; child rules may consume	not-applicable	not-applicable	src/syntax/src/parser.rs::label_without_recovery	Diagnostic/control behavior; excluded from the accepted-language grammar.
parser.label-with-recovery		parser	label_with_recovery	diagnostic/parser-control/recovery	always	parse	O	none	none	none	recovery synchronization boundary	none directly; child rules may consume	not-applicable	not-applicable	src/syntax/src/parser.rs::label_with_recovery	Recovery-only parser mechanic; excluded from the accepted-language grammar.
parser.is		parser	is	parser-control	always	parse	O	none	none	none	caller controls remainder	none directly; child rules may consume	not-applicable	not-applicable	src/syntax/src/parser.rs::is	Implementation helper or semantic operation; consumes no standalone grammar rule.
parser.is-not		parser	is_not	parser-control	always	parse	()	code-block,divide,emoji,error-block,footnote,footnote-reference,grammar-terminal-token,hyperlink,identifier-path-segment-emoji,img,inline-code,inline-equation,inline-paragraph,invariant-define,less-than,multiply,op-assign,ordered-list,paragraph,paragraph-text,quote-block,raw-hyperlink,raw-string,raw-subtract,source-import-tail,subtitle,success-block,utf8-string,variable-assign,variable-define,warning-block	none	none	caller controls remainder	none directly; child rules may consume	not-applicable	not-applicable	src/syntax/src/parser.rs::is_not	Implementation helper or semantic operation; consumes no standalone grammar rule.
parser.tag	tag	parser	tag	terminal/helper	always	parse	String	add,add-assign-operator,and,binary-literal,cd-rpl,checked-item,clc-rpl,clear-rpl,code-rpl,comment-sigil,complement,complex-number,context-base-resource-uri,cross-product,decimal-literal,difference,div-assign-operator,divide,docs-rpl,dot-product,element-of,empty,enum-separator,equal-to,exp-assign-operator,full-join,greater-than,greater-than-equal,guard-operator,help-rpl,hexadecimal-literal,intersection,join,kind-record,kind-set,left-anti-join,left-join,left-semi-join,less-than,less-than-equal,list-separator,load-rpl,ls-rpl,matrix-multiply,matrix-solve,mika-arm-left,mika-arm-right,mika-expression-inner,mika-eye-left,mika-eye-right,mika-nose,modulus,mul-assign-operator,multiply,not,not-element-of,not-equal,octal-literal,or,parse-repl-command,plan-rpl,power,profile-rpl,proper-subset,proper-superset,quit-rpl,range-exclusive,range-inclusive,raw-subtract,right-join,save-rpl,scientific-literal,send-operator,step-rpl,strict-equal,strict-not-equal,sub-assign-operator,subset,superset,swizzle-subscript,symbols-rpl,symmetric-difference,transpose,union-op,uri-source-import-specifier,whos-rpl,xor	none	none	caller controls remainder	none directly; child rules may consume	not-located	OP-ADD-TIGHT	src/syntax/src/parser.rs::tag	Recognizes a terminal/operator form and returns String.
parser.skip-till-eol		parser	skip_till_eol	recovery	always	parse	Token	comment	none	peek-gated	recovery synchronization boundary	none directly; child rules may consume	not-applicable	not-applicable	src/syntax/src/parser.rs::skip_till_eol	Recovery-only parser mechanic; excluded from the accepted-language grammar.
parser.skip-past-eol		parser	skip_past_eol	recovery	always	parse	Token	none	new-line	none	recovery synchronization boundary	new-line	not-applicable	not-applicable	src/syntax/src/parser.rs::skip_past_eol	Recovery-only parser mechanic; excluded from the accepted-language grammar.
parser.skip-till-end-of-statement		parser	skip_till_end_of_statement	recovery	always	parse	Token	mech-code	none	ordered-first-success/peek-gated	recovery synchronization boundary	none directly; child rules may consume	not-applicable	not-applicable	src/syntax/src/parser.rs::skip_till_end_of_statement	Recovery-only parser mechanic; excluded from the accepted-language grammar.
parser.skip-till-section-element		parser	skip_till_section_element	recovery	always	parse	Token	none	none	peek-gated	recovery synchronization boundary	none directly; child rules may consume	not-applicable	not-applicable	src/syntax/src/parser.rs::skip_till_section_element	Recovery-only parser mechanic; excluded from the accepted-language grammar.
parser.skip-till-paragraph-element		parser	skip_till_paragraph_element	recovery	always	parse	Token	none	none	peek-gated	recovery synchronization boundary	none directly; child rules may consume	not-applicable	not-applicable	src/syntax/src/parser.rs::skip_till_paragraph_element	Recovery-only parser mechanic; excluded from the accepted-language grammar.
parser.skip-spaces		parser	skip_spaces	recovery	always	parse	()	none	none	none	recovery synchronization boundary	none directly; child rules may consume	not-applicable	not-applicable	src/syntax/src/parser.rs::skip_spaces	Recovery-only parser mechanic; excluded from the accepted-language grammar.
parser.skip-nil		parser	skip_nil	recovery	always	parse	()	none	none	none	recovery synchronization boundary	none directly; child rules may consume	not-applicable	not-applicable	src/syntax/src/parser.rs::skip_nil	Recovery-only parser mechanic; excluded from the accepted-language grammar.
parser.skip-empty-mech-directive		parser	skip_empty_mech_directive	recovery	always	parse	String	none	none	none	recovery synchronization boundary	none directly; child rules may consume	not-applicable	not-applicable	src/syntax/src/parser.rs::skip_empty_mech_directive	Recovery-only parser mechanic; excluded from the accepted-language grammar.
parser.recover		parser	recover	recovery	always	parse	T	checked-item,ordered-list-item,paragraph,unchecked-item,unordered-list-item	none	none	recovery synchronization boundary	none directly; child rules may consume	not-applicable	not-applicable	src/syntax/src/parser.rs::recover	Recovery-only parser mechanic; excluded from the accepted-language grammar.
parser.mech-code-alt	mech-code-alt	parser	mech_code_alt	production/parser-control	always	parse	MechCode	fsm-block-transition,inline-mech-code,mech-code	activation-scope,comment,expression,fsm-implementation,fsm-specification,function-define,module-import,statement,whitespace0	alt-best-longest-success	caller controls remainder	whitespace0; whitespace0/1 include newlines	docs/design/specification.mec:2057	ALT-BEST-MECH-CODE,MECH-CODE-ACTIVATION,MECH-CODE-FSM-SPEC,MECH-CODE-FSM-IMPL,MECH-CODE-FUNCTION,MECH-CODE-MODULE-IMPORT,MECH-CODE-EXPRESSION,MECH-CODE-COMMENT	src/syntax/src/parser.rs::mech_code_alt	Ranks all successful alternatives by consumed input through alt_best; ties retain implementation order. Activation and module import precede statements and expressions.
parser.code-terminal	code-terminal	parser	code_terminal	production/parser-control	always	parse	Option<Comment>	fsm-block-transition,mech-code	grammar-peek,tuple,whitespace0	ordered-first-success/peek-gated	repetition stops on recoverable child failure; caller controls remainder	whitespace0; whitespace0/1 include newlines	not-located	ALT-BEST-MECH-CODE	src/syntax/src/parser.rs::code_terminal	Constructs Option<Comment>; implementation-derived inventory entry.
parser.mech-code	mech-code	parser	mech_code	root/production/parser-control/recovery	always	public-root:mech-code	ParsedMechCode	activation-arm,activation-scope,code-block,section	code-terminal,grammar-peek,mech-code-alt,subtitle	peek-gated	manual loop; stops at non-Mech boundary, terminal failure, or EOF	none directly; child rules may consume	docs/design/specification.mec:2056	ALT-BEST-MECH-CODE,MECH-CODE-ACTIVATION,MECH-CODE-FSM-SPEC,MECH-CODE-FSM-IMPL,MECH-CODE-FUNCTION,MECH-CODE-MODULE-IMPORT,MECH-CODE-EXPRESSION,MECH-CODE-COMMENT	src/syntax/src/parser.rs::mech_code	Manual repeated Mech-code parser with diagnostic logging and Error placeholder recovery; may return a successfully parsed prefix at a non-Mech boundary.
parser.program	program	parser	program	root/production	always	public-root:program	Program	parse-mech	body,whitespace0	none	optional component; caller controls remainder	whitespace0; whitespace0/1 include newlines	docs/design/specification.mec:1500	MIXED-DOCUMENT,TITLE,TITLE-FRONT-MATTER	src/syntax/src/parser.rs::program	Constructs Program; implementation-derived inventory entry.
parser.parse-mech	parse-mech	parser	parse_mech	root/parser-control	always	public-root:parse-mech	Program	parse	program	none	caller controls remainder	none directly; child rules may consume	not-located	MIXED-DOCUMENT,TITLE,TITLE-FRONT-MATTER	src/syntax/src/parser.rs::parse_mech	Constructs Program; implementation-derived inventory entry.
parser.print-err-report		parser	print_err_report	diagnostic/not-grammar	always	internal-only	()	none	none	none	caller controls remainder	none directly; child rules may consume	not-applicable	not-applicable	src/syntax/src/parser.rs::print_err_report	Diagnostic/control behavior; excluded from the accepted-language grammar.
parser.parse-grammar	parse-grammar	parser	parse_grammar	root/parser-control/diagnostic	always	public-root:parse-grammar	Grammar	code-block	grammar	none	complete consumption required	entry strips ASCII space, LF, CR, and tab	not-located	GRAMMAR	src/syntax/src/parser.rs::parse_grammar	Public grammar entry point strips ASCII space, LF, CR, and tab before parsing, then init_source appends a synthetic newline and remaining input is rejected.
parser.parse	parse	parser	parse	root/parser-control/diagnostic	always	public-root:parse	Program	none	parse-mech	none	complete consumption required	none directly; child rules may consume	not-located	MIXED-DOCUMENT,TITLE,TITLE-FRONT-MATTER	src/syntax/src/parser.rs::parse	Public source entry point. graphemes::init_source appends one synthetic newline unconditionally; success also requires zero remaining graphemes.
