export	overload-id	declaration	qualification	acceptance
math/tgamma	0	FunctionTypeOverload { id: 0, input_layout: [Value], scheme: KindScheme { kind_parameters: [KindParameter { id: KindParameterId(0), upper_bound: None }], dimension_parameters: [], inputs: Fixed([Parameter(KindParameterId(0))]), outputs: [Parameter(KindParameterId(0))], constraints: [Satisfies { kind: Parameter(KindParameterId(0)), predicate: FloatingPoint }] }, output_schema_rules: [FromResolvedType] }	O01: untested as an independently identified overload; the export sample is not attributed to this candidate	representative admitted kind/layout cells, rejected target cells, reference values, bytecode and changing-turn behavior
math/tgamma	1	FunctionTypeOverload { id: 1, input_layout: [Value], scheme: KindScheme { kind_parameters: [KindParameter { id: KindParameterId(0), upper_bound: None }], dimension_parameters: [DimensionParameterDeclaration { id: DimensionParameterId(0), origin: Inferred, lifetime: Turn, lower_bound: Constant(0), upper_bound: None }, DimensionParameterDeclaration { id: DimensionParameterId(1), origin: Inferred, lifetime: Turn, lower_bound: Constant(0), upper_bound: None }], inputs: Fixed([Matrix { element: Parameter(KindParameterId(0)), dimensions: [Parameter(DimensionParameterId(0)), Parameter(DimensionParameterId(1))] }]), outputs: [Matrix { element: Parameter(KindParameterId(0)), dimensions: [Parameter(DimensionParameterId(0)), Parameter(DimensionParameterId(1))] }], constraints: [Satisfies { kind: Parameter(KindParameterId(0)), predicate: FloatingPoint }] }, output_schema_rules: [FromResolvedType] }	O01: untested as an independently identified overload; the export sample is not attributed to this candidate	representative admitted kind/layout cells, rejected target cells, reference values, bytecode and changing-turn behavior
range/exclusive	0	FunctionTypeOverload { id: 0, input_layout: [Value, Value], scheme: KindScheme { kind_parameters: [KindParameter { id: KindParameterId(0), upper_bound: None }, KindParameter { id: KindParameterId(1), upper_bound: None }, KindParameter { id: KindParameterId(2), upper_bound: None }], dimension_parameters: [DimensionParameterDeclaration { id: DimensionParameterId(0), origin: Inferred, lifetime: Turn, lower_bound: Constant(0), upper_bound: None }], inputs: Fixed([Parameter(KindParameterId(0)), Parameter(KindParameterId(1))]), outputs: [Matrix { element: Parameter(KindParameterId(2)), dimensions: [Constant(1), Parameter(DimensionParameterId(0))] }], constraints: [Satisfies { kind: Parameter(KindParameterId(0)), predicate: RangeEndpoint }, Satisfies { kind: Parameter(KindParameterId(1)), predicate: RangeEndpoint }, Promotes { left: Parameter(KindParameterId(0)), right: Parameter(KindParameterId(1)), output: Parameter(KindParameterId(2)) }] }, output_schema_rules: [FromResolvedType] }	O01: untested as an independently identified overload; the export sample is not attributed to this candidate	representative admitted kind/layout cells, rejected target cells, reference values, bytecode and changing-turn behavior
set/powerset	0	FunctionTypeOverload { id: 0, input_layout: [Value], scheme: KindScheme { kind_parameters: [KindParameter { id: KindParameterId(0), upper_bound: None }], dimension_parameters: [DimensionParameterDeclaration { id: DimensionParameterId(0), origin: Inferred, lifetime: Turn, lower_bound: Constant(0), upper_bound: None }, DimensionParameterDeclaration { id: DimensionParameterId(1), origin: Inferred, lifetime: Turn, lower_bound: Constant(0), upper_bound: Some(Parameter(DimensionParameterId(0))) }, DimensionParameterDeclaration { id: DimensionParameterId(2), origin: Inferred, lifetime: Turn, lower_bound: Constant(0), upper_bound: None }], inputs: Fixed([Set { element: Parameter(KindParameterId(0)), cardinality: Parameter(DimensionParameterId(0)) }]), outputs: [Set { element: Set { element: Parameter(KindParameterId(0)), cardinality: Parameter(DimensionParameterId(1)) }, cardinality: Parameter(DimensionParameterId(2)) }], constraints: [] }, output_schema_rules: [DynamicSetPowerset] }	O01: untested as an independently identified overload; the export sample is not attributed to this candidate	representative admitted kind/layout cells, rejected target cells, reference values, bytecode and changing-turn behavior
math/neg	0	FunctionTypeOverload { id: 0, input_layout: [Value], scheme: KindScheme { kind_parameters: [KindParameter { id: KindParameterId(0), upper_bound: None }], dimension_parameters: [], inputs: Fixed([Parameter(KindParameterId(0))]), outputs: [Parameter(KindParameterId(0))], constraints: [Satisfies { kind: Parameter(KindParameterId(0)), predicate: Negatable }] }, output_schema_rules: [FromResolvedType] }	O01: untested as an independently identified overload; the export sample is not attributed to this candidate	representative admitted kind/layout cells, rejected target cells, reference values, bytecode and changing-turn behavior
math/neg	1	FunctionTypeOverload { id: 1, input_layout: [Value], scheme: KindScheme { kind_parameters: [KindParameter { id: KindParameterId(0), upper_bound: None }], dimension_parameters: [DimensionParameterDeclaration { id: DimensionParameterId(0), origin: Inferred, lifetime: Turn, lower_bound: Constant(0), upper_bound: None }, DimensionParameterDeclaration { id: DimensionParameterId(1), origin: Inferred, lifetime: Turn, lower_bound: Constant(0), upper_bound: None }], inputs: Fixed([Matrix { element: Parameter(KindParameterId(0)), dimensions: [Parameter(DimensionParameterId(0)), Parameter(DimensionParameterId(1))] }]), outputs: [Matrix { element: Parameter(KindParameterId(0)), dimensions: [Parameter(DimensionParameterId(0)), Parameter(DimensionParameterId(1))] }], constraints: [Satisfies { kind: Parameter(KindParameterId(0)), predicate: Negatable }] }, output_schema_rules: [FromResolvedType] }	O01: untested as an independently identified overload; the export sample is not attributed to this candidate	representative admitted kind/layout cells, rejected target cells, reference values, bytecode and changing-turn behavior
math/rint	0	FunctionTypeOverload { id: 0, input_layout: [Value], scheme: KindScheme { kind_parameters: [KindParameter { id: KindParameterId(0), upper_bound: None }], dimension_parameters: [], inputs: Fixed([Parameter(KindParameterId(0))]), outputs: [Parameter(KindParameterId(0))], constraints: [Satisfies { kind: Parameter(KindParameterId(0)), predicate: FloatingPoint }] }, output_schema_rules: [FromResolvedType] }	O01: untested as an independently identified overload; the export sample is not attributed to this candidate	representative admitted kind/layout cells, rejected target cells, reference values, bytecode and changing-turn behavior
math/rint	1	FunctionTypeOverload { id: 1, input_layout: [Value], scheme: KindScheme { kind_parameters: [KindParameter { id: KindParameterId(0), upper_bound: None }], dimension_parameters: [DimensionParameterDeclaration { id: DimensionParameterId(0), origin: Inferred, lifetime: Turn, lower_bound: Constant(0), upper_bound: None }, DimensionParameterDeclaration { id: DimensionParameterId(1), origin: Inferred, lifetime: Turn, lower_bound: Constant(0), upper_bound: None }], inputs: Fixed([Matrix { element: Parameter(KindParameterId(0)), dimensions: [Parameter(DimensionParameterId(0)), Parameter(DimensionParameterId(1))] }]), outputs: [Matrix { element: Parameter(KindParameterId(0)), dimensions: [Parameter(DimensionParameterId(0)), Parameter(DimensionParameterId(1))] }], constraints: [Satisfies { kind: Parameter(KindParameterId(0)), predicate: FloatingPoint }] }, output_schema_rules: [FromResolvedType] }	O01: untested as an independently identified overload; the export sample is not attributed to this candidate	representative admitted kind/layout cells, rejected target cells, reference values, bytecode and changing-turn behavior
math/bessel/y0	0	FunctionTypeOverload { id: 0, input_layout: [Value], scheme: KindScheme { kind_parameters: [KindParameter { id: KindParameterId(0), upper_bound: None }], dimension_parameters: [], inputs: Fixed([Parameter(KindParameterId(0))]), outputs: [Parameter(KindParameterId(0))], constraints: [Satisfies { kind: Parameter(KindParameterId(0)), predicate: FloatingPoint }] }, output_schema_rules: [FromResolvedType] }	O01: untested as an independently identified overload; the export sample is not attributed to this candidate	representative admitted kind/layout cells, rejected target cells, reference values, bytecode and changing-turn behavior
math/bessel/y0	1	FunctionTypeOverload { id: 1, input_layout: [Value], scheme: KindScheme { kind_parameters: [KindParameter { id: KindParameterId(0), upper_bound: None }], dimension_parameters: [DimensionParameterDeclaration { id: DimensionParameterId(0), origin: Inferred, lifetime: Turn, lower_bound: Constant(0), upper_bound: None }, DimensionParameterDeclaration { id: DimensionParameterId(1), origin: Inferred, lifetime: Turn, lower_bound: Constant(0), upper_bound: None }], inputs: Fixed([Matrix { element: Parameter(KindParameterId(0)), dimensions: [Parameter(DimensionParameterId(0)), Parameter(DimensionParameterId(1))] }]), outputs: [Matrix { element: Parameter(KindParameterId(0)), dimensions: [Parameter(DimensionParameterId(0)), Parameter(DimensionParameterId(1))] }], constraints: [Satisfies { kind: Parameter(KindParameterId(0)), predicate: FloatingPoint }] }, output_schema_rules: [FromResolvedType] }	O01: untested as an independently identified overload; the export sample is not attributed to this candidate	representative admitted kind/layout cells, rejected target cells, reference values, bytecode and changing-turn behavior
table/left-semi-join	syntax-directed	Some(FunctionTypeDeclaration { overloads: [], template: Some(TableJoin(LeftSemi)), parameter_names: None })	O01: intrinsic contract requires operator-specific kind/layout witnesses	qualify the source intrinsic contract and supported target layouts
math/acsc	0	FunctionTypeOverload { id: 0, input_layout: [Value], scheme: KindScheme { kind_parameters: [KindParameter { id: KindParameterId(0), upper_bound: None }], dimension_parameters: [], inputs: Fixed([Parameter(KindParameterId(0))]), outputs: [Parameter(KindParameterId(0))], constraints: [Satisfies { kind: Parameter(KindParameterId(0)), predicate: FloatingPoint }] }, output_schema_rules: [FromResolvedType] }	O01: untested as an independently identified overload; the export sample is not attributed to this candidate	representative admitted kind/layout cells, rejected target cells, reference values, bytecode and changing-turn behavior
math/acsc	1	FunctionTypeOverload { id: 1, input_layout: [Value], scheme: KindScheme { kind_parameters: [KindParameter { id: KindParameterId(0), upper_bound: None }], dimension_parameters: [DimensionParameterDeclaration { id: DimensionParameterId(0), origin: Inferred, lifetime: Turn, lower_bound: Constant(0), upper_bound: None }, DimensionParameterDeclaration { id: DimensionParameterId(1), origin: Inferred, lifetime: Turn, lower_bound: Constant(0), upper_bound: None }], inputs: Fixed([Matrix { element: Parameter(KindParameterId(0)), dimensions: [Parameter(DimensionParameterId(0)), Parameter(DimensionParameterId(1))] }]), outputs: [Matrix { element: Parameter(KindParameterId(0)), dimensions: [Parameter(DimensionParameterId(0)), Parameter(DimensionParameterId(1))] }], constraints: [Satisfies { kind: Parameter(KindParameterId(0)), predicate: FloatingPoint }] }, output_schema_rules: [FromResolvedType] }	O01: untested as an independently identified overload; the export sample is not attributed to this candidate	representative admitted kind/layout cells, rejected target cells, reference values, bytecode and changing-turn behavior
math/div	0	FunctionTypeOverload { id: 0, input_layout: [Value, Value], scheme: KindScheme { kind_parameters: [KindParameter { id: KindParameterId(0), upper_bound: None }, KindParameter { id: KindParameterId(1), upper_bound: None }, KindParameter { id: KindParameterId(2), upper_bound: None }], dimension_parameters: [], inputs: Fixed([Parameter(KindParameterId(0)), Parameter(KindParameterId(1))]), outputs: [Parameter(KindParameterId(2))], constraints: [Satisfies { kind: Parameter(KindParameterId(0)), predicate: Number }, Satisfies { kind: Parameter(KindParameterId(1)), predicate: Number }, Promotes { left: Parameter(KindParameterId(0)), right: Parameter(KindParameterId(1)), output: Parameter(KindParameterId(2)) }] }, output_schema_rules: [FromResolvedType] }	O01: untested as an independently identified overload; the export sample is not attributed to this candidate	representative admitted kind/layout cells, rejected target cells, reference values, bytecode and changing-turn behavior
math/div	1	FunctionTypeOverload { id: 1, input_layout: [Value, Value], scheme: KindScheme { kind_parameters: [KindParameter { id: KindParameterId(0), upper_bound: None }, KindParameter { id: KindParameterId(1), upper_bound: None }, KindParameter { id: KindParameterId(2), upper_bound: None }], dimension_parameters: [DimensionParameterDeclaration { id: DimensionParameterId(0), origin: Inferred, lifetime: Turn, lower_bound: Constant(0), upper_bound: None }, DimensionParameterDeclaration { id: DimensionParameterId(1), origin: Inferred, lifetime: Turn, lower_bound: Constant(0), upper_bound: None }], inputs: Fixed([Matrix { element: Parameter(KindParameterId(0)), dimensions: [Parameter(DimensionParameterId(0)), Parameter(DimensionParameterId(1))] }, Matrix { element: Parameter(KindParameterId(1)), dimensions: [Parameter(DimensionParameterId(0)), Parameter(DimensionParameterId(1))] }]), outputs: [Matrix { element: Parameter(KindParameterId(2)), dimensions: [Parameter(DimensionParameterId(0)), Parameter(DimensionParameterId(1))] }], constraints: [Satisfies { kind: Parameter(KindParameterId(0)), predicate: Number }, Satisfies { kind: Parameter(KindParameterId(1)), predicate: Number }, Promotes { left: Parameter(KindParameterId(0)), right: Parameter(KindParameterId(1)), output: Parameter(KindParameterId(2)) }] }, output_schema_rules: [FromResolvedType] }	O01: untested as an independently identified overload; the export sample is not attributed to this candidate	representative admitted kind/layout cells, rejected target cells, reference values, bytecode and changing-turn behavior
math/div	2	FunctionTypeOverload { id: 2, input_layout: [Value, Value], scheme: KindScheme { kind_parameters: [KindParameter { id: KindParameterId(0), upper_bound: None }, KindParameter { id: KindParameterId(1), upper_bound: None }, KindParameter { id: KindParameterId(2), upper_bound: None }], dimension_parameters: [DimensionParameterDeclaration { id: DimensionParameterId(0), origin: Inferred, lifetime: Turn, lower_bound: Constant(0), upper_bound: None }, DimensionParameterDeclaration { id: DimensionParameterId(1), origin: Inferred, lifetime: Turn, lower_bound: Constant(0), upper_bound: None }], inputs: Fixed([Matrix { element: Parameter(KindParameterId(0)), dimensions: [Parameter(DimensionParameterId(0)), Parameter(DimensionParameterId(1))] }, Parameter(KindParameterId(1))]), outputs: [Matrix { element: Parameter(KindParameterId(2)), dimensions: [Parameter(DimensionParameterId(0)), Parameter(DimensionParameterId(1))] }], constraints: [Satisfies { kind: Parameter(KindParameterId(0)), predicate: Number }, Satisfies { kind: Parameter(KindParameterId(1)), predicate: Number }, Promotes { left: Parameter(KindParameterId(0)), right: Parameter(KindParameterId(1)), output: Parameter(KindParameterId(2)) }] }, output_schema_rules: [FromResolvedType] }	O01: untested as an independently identified overload; the export sample is not attributed to this candidate	representative admitted kind/layout cells, rejected target cells, reference values, bytecode and changing-turn behavior
math/div	3	FunctionTypeOverload { id: 3, input_layout: [Value, Value], scheme: KindScheme { kind_parameters: [KindParameter { id: KindParameterId(0), upper_bound: None }, KindParameter { id: KindParameterId(1), upper_bound: None }, KindParameter { id: KindParameterId(2), upper_bound: None }], dimension_parameters: [DimensionParameterDeclaration { id: DimensionParameterId(0), origin: Inferred, lifetime: Turn, lower_bound: Constant(0), upper_bound: None }, DimensionParameterDeclaration { id: DimensionParameterId(1), origin: Inferred, lifetime: Turn, lower_bound: Constant(0), upper_bound: None }], inputs: Fixed([Parameter(KindParameterId(0)), Matrix { element: Parameter(KindParameterId(1)), dimensions: [Parameter(DimensionParameterId(0)), Parameter(DimensionParameterId(1))] }]), outputs: [Matrix { element: Parameter(KindParameterId(2)), dimensions: [Parameter(DimensionParameterId(0)), Parameter(DimensionParameterId(1))] }], constraints: [Satisfies { kind: Parameter(KindParameterId(0)), predicate: Number }, Satisfies { kind: Parameter(KindParameterId(1)), predicate: Number }, Promotes { left: Parameter(KindParameterId(0)), right: Parameter(KindParameterId(1)), output: Parameter(KindParameterId(2)) }] }, output_schema_rules: [FromResolvedType] }	O01: untested as an independently identified overload; the export sample is not attributed to this candidate	representative admitted kind/layout cells, rejected target cells, reference values, bytecode and changing-turn behavior
math/div	4	FunctionTypeOverload { id: 4, input_layout: [Value, Value], scheme: KindScheme { kind_parameters: [KindParameter { id: KindParameterId(0), upper_bound: None }, KindParameter { id: KindParameterId(1), upper_bound: None }, KindParameter { id: KindParameterId(2), upper_bound: None }], dimension_parameters: [DimensionParameterDeclaration { id: DimensionParameterId(0), origin: Inferred, lifetime: Turn, lower_bound: Constant(0), upper_bound: None }, DimensionParameterDeclaration { id: DimensionParameterId(1), origin: Inferred, lifetime: Turn, lower_bound: Constant(0), upper_bound: None }, DimensionParameterDeclaration { id: DimensionParameterId(2), origin: Inferred, lifetime: Turn, lower_bound: Constant(0), upper_bound: None }], inputs: Fixed([Matrix { element: Parameter(KindParameterId(0)), dimensions: [Parameter(DimensionParameterId(0)), Parameter(DimensionParameterId(1))] }, Matrix { element: Parameter(KindParameterId(1)), dimensions: [Parameter(DimensionParameterId(2)), Constant(1)] }]), outputs: [Matrix { element: Parameter(KindParameterId(2)), dimensions: [Parameter(DimensionParameterId(0)), Parameter(DimensionParameterId(1))] }], constraints: [Satisfies { kind: Parameter(KindParameterId(0)), predicate: Number }, Satisfies { kind: Parameter(KindParameterId(1)), predicate: Number }, Promotes { left: Parameter(KindParameterId(0)), right: Parameter(KindParameterId(1)), output: Parameter(KindParameterId(2)) }, DimensionCompatible(Parameter(DimensionParameterId(0)), Parameter(DimensionParameterId(2)))] }, output_schema_rules: [FromResolvedType] }	O01: untested as an independently identified overload; the export sample is not attributed to this candidate	representative admitted kind/layout cells, rejected target cells, reference values, bytecode and changing-turn behavior
math/div	5	FunctionTypeOverload { id: 5, input_layout: [Value, Value], scheme: KindScheme { kind_parameters: [KindParameter { id: KindParameterId(0), upper_bound: None }, KindParameter { id: KindParameterId(1), upper_bound: None }, KindParameter { id: KindParameterId(2), upper_bound: None }], dimension_parameters: [DimensionParameterDeclaration { id: DimensionParameterId(0), origin: Inferred, lifetime: Turn, lower_bound: Constant(0), upper_bound: None }, DimensionParameterDeclaration { id: DimensionParameterId(1), origin: Inferred, lifetime: Turn, lower_bound: Constant(0), upper_bound: None }, DimensionParameterDeclaration { id: DimensionParameterId(2), origin: Inferred, lifetime: Turn, lower_bound: Constant(0), upper_bound: None }], inputs: Fixed([Matrix { element: Parameter(KindParameterId(0)), dimensions: [Parameter(DimensionParameterId(0)), Parameter(DimensionParameterId(1))] }, Matrix { element: Parameter(KindParameterId(1)), dimensions: [Constant(1), Parameter(DimensionParameterId(2))] }]), outputs: [Matrix { element: Parameter(KindParameterId(2)), dimensions: [Parameter(DimensionParameterId(0)), Parameter(DimensionParameterId(1))] }], constraints: [Satisfies { kind: Parameter(KindParameterId(0)), predicate: Number }, Satisfies { kind: Parameter(KindParameterId(1)), predicate: Number }, Promotes { left: Parameter(KindParameterId(0)), right: Parameter(KindParameterId(1)), output: Parameter(KindParameterId(2)) }, DimensionCompatible(Parameter(DimensionParameterId(1)), Parameter(DimensionParameterId(2)))] }, output_schema_rules: [FromResolvedType] }	O01: untested as an independently identified overload; the export sample is not attributed to this candidate	representative admitted kind/layout cells, rejected target cells, reference values, bytecode and changing-turn behavior
math/div	6	FunctionTypeOverload { id: 6, input_layout: [Value, Value], scheme: KindScheme { kind_parameters: [KindParameter { id: KindParameterId(0), upper_bound: None }, KindParameter { id: KindParameterId(1), upper_bound: None }, KindParameter { id: KindParameterId(2), upper_bound: None }], dimension_parameters: [DimensionParameterDeclaration { id: DimensionParameterId(0), origin: Inferred, lifetime: Turn, lower_bound: Constant(0), upper_bound: None }, DimensionParameterDeclaration { id: DimensionParameterId(1), origin: Inferred, lifetime: Turn, lower_bound: Constant(0), upper_bound: None }, DimensionParameterDeclaration { id: DimensionParameterId(2), origin: Inferred, lifetime: Turn, lower_bound: Constant(0), upper_bound: None }], inputs: Fixed([Matrix { element: Parameter(KindParameterId(0)), dimensions: [Parameter(DimensionParameterId(2)), Constant(1)] }, Matrix { element: Parameter(KindParameterId(1)), dimensions: [Parameter(DimensionParameterId(0)), Parameter(DimensionParameterId(1))] }]), outputs: [Matrix { element: Parameter(KindParameterId(2)), dimensions: [Parameter(DimensionParameterId(0)), Parameter(DimensionParameterId(1))] }], constraints: [Satisfies { kind: Parameter(KindParameterId(0)), predicate: Number }, Satisfies { kind: Parameter(KindParameterId(1)), predicate: Number }, Promotes { left: Parameter(KindParameterId(0)), right: Parameter(KindParameterId(1)), output: Parameter(KindParameterId(2)) }, DimensionCompatible(Parameter(DimensionParameterId(0)), Parameter(DimensionParameterId(2)))] }, output_schema_rules: [FromResolvedType] }	O01: untested as an independently identified overload; the export sample is not attributed to this candidate	representative admitted kind/layout cells, rejected target cells, reference values, bytecode and changing-turn behavior
math/div	7	FunctionTypeOverload { id: 7, input_layout: [Value, Value], scheme: KindScheme { kind_parameters: [KindParameter { id: KindParameterId(0), upper_bound: None }, KindParameter { id: KindParameterId(1), upper_bound: None }, KindParameter { id: KindParameterId(2), upper_bound: None }], dimension_parameters: [DimensionParameterDeclaration { id: DimensionParameterId(0), origin: Inferred, lifetime: Turn, lower_bound: Constant(0), upper_bound: None }, DimensionParameterDeclaration { id: DimensionParameterId(1), origin: Inferred, lifetime: Turn, lower_bound: Constant(0), upper_bound: None }, DimensionParameterDeclaration { id: DimensionParameterId(2), origin: Inferred, lifetime: Turn, lower_bound: Constant(0), upper_bound: None }], inputs: Fixed([Matrix { element: Parameter(KindParameterId(0)), dimensions: [Constant(1), Parameter(DimensionParameterId(2))] }, Matrix { element: Parameter(KindParameterId(1)), dimensions: [Parameter(DimensionParameterId(0)), Parameter(DimensionParameterId(1))] }]), outputs: [Matrix { element: Parameter(KindParameterId(2)), dimensions: [Parameter(DimensionParameterId(0)), Parameter(DimensionParameterId(1))] }], constraints: [Satisfies { kind: Parameter(KindParameterId(0)), predicate: Number }, Satisfies { kind: Parameter(KindParameterId(1)), predicate: Number }, Promotes { left: Parameter(KindParameterId(0)), right: Parameter(KindParameterId(1)), output: Parameter(KindParameterId(2)) }, DimensionCompatible(Parameter(DimensionParameterId(1)), Parameter(DimensionParameterId(2)))] }, output_schema_rules: [FromResolvedType] }	O01: untested as an independently identified overload; the export sample is not attributed to this candidate	representative admitted kind/layout cells, rejected target cells, reference values, bytecode and changing-turn behavior
math/div	8	FunctionTypeOverload { id: 8, input_layout: [Value, Value], scheme: KindScheme { kind_parameters: [KindParameter { id: KindParameterId(0), upper_bound: None }, KindParameter { id: KindParameterId(1), upper_bound: None }, KindParameter { id: KindParameterId(2), upper_bound: None }], dimension_parameters: [DimensionParameterDeclaration { id: DimensionParameterId(0), origin: Inferred, lifetime: Turn, lower_bound: Constant(0), upper_bound: None }, DimensionParameterDeclaration { id: DimensionParameterId(1), origin: Inferred, lifetime: Turn, lower_bound: Constant(0), upper_bound: None }, DimensionParameterDeclaration { id: DimensionParameterId(2), origin: Inferred, lifetime: Turn, lower_bound: Constant(0), upper_bound: None }, DimensionParameterDeclaration { id: DimensionParameterId(3), origin: Inferred, lifetime: Turn, lower_bound: Constant(0), upper_bound: None }], inputs: Fixed([Matrix { element: Parameter(KindParameterId(0)), dimensions: [Parameter(DimensionParameterId(0)), Parameter(DimensionParameterId(1))] }, Matrix { element: Parameter(KindParameterId(1)), dimensions: [Parameter(DimensionParameterId(2)), Parameter(DimensionParameterId(3))] }]), outputs: [Matrix { element: Parameter(KindParameterId(2)), dimensions: [Parameter(DimensionParameterId(0)), Parameter(DimensionParameterId(1))] }], constraints: [Satisfies { kind: Parameter(KindParameterId(0)), predicate: Number }, Satisfies { kind: Parameter(KindParameterId(1)), predicate: Number }, Promotes { left: Parameter(KindParameterId(0)), right: Parameter(KindParameterId(1)), output: Parameter(KindParameterId(2)) }, DimensionCompatible(Parameter(DimensionParameterId(0)), Parameter(DimensionParameterId(2))), DimensionCompatible(Parameter(DimensionParameterId(1)), Parameter(DimensionParameterId(3)))] }, output_schema_rules: [FromResolvedType] }	O01: untested as an independently identified overload; the export sample is not attributed to this candidate	representative admitted kind/layout cells, rejected target cells, reference values, bytecode and changing-turn behavior
math/div	9	FunctionTypeOverload { id: 9, input_layout: [Value, Value], scheme: KindScheme { kind_parameters: [KindParameter { id: KindParameterId(0), upper_bound: None }, KindParameter { id: KindParameterId(1), upper_bound: None }, KindParameter { id: KindParameterId(2), upper_bound: None }], dimension_parameters: [DimensionParameterDeclaration { id: DimensionParameterId(0), origin: Inferred, lifetime: Turn, lower_bound: Constant(0), upper_bound: None }, DimensionParameterDeclaration { id: DimensionParameterId(1), origin: Inferred, lifetime: Turn, lower_bound: Constant(0), upper_bound: None }, DimensionParameterDeclaration { id: DimensionParameterId(2), origin: Inferred, lifetime: Turn, lower_bound: Constant(0), upper_bound: None }, DimensionParameterDeclaration { id: DimensionParameterId(3), origin: Inferred, lifetime: Turn, lower_bound: Constant(0), upper_bound: None }], inputs: Fixed([Matrix { element: Parameter(KindParameterId(0)), dimensions: [Parameter(DimensionParameterId(0)), Parameter(DimensionParameterId(1))] }, Matrix { element: Parameter(KindParameterId(1)), dimensions: [Parameter(DimensionParameterId(2)), Parameter(DimensionParameterId(3))] }]), outputs: [Matrix { element: Parameter(KindParameterId(2)), dimensions: [Parameter(DimensionParameterId(2)), Parameter(DimensionParameterId(3))] }], constraints: [Satisfies { kind: Parameter(KindParameterId(0)), predicate: Number }, Satisfies { kind: Parameter(KindParameterId(1)), predicate: Number }, Promotes { left: Parameter(KindParameterId(0)), right: Parameter(KindParameterId(1)), output: Parameter(KindParameterId(2)) }, DimensionCompatible(Parameter(DimensionParameterId(0)), Parameter(DimensionParameterId(2))), DimensionCompatible(Parameter(DimensionParameterId(1)), Parameter(DimensionParameterId(3)))] }, output_schema_rules: [FromResolvedType] }	O01: untested as an independently identified overload; the export sample is not attributed to this candidate	representative admitted kind/layout cells, rejected target cells, reference values, bytecode and changing-turn behavior
range/inclusive	0	FunctionTypeOverload { id: 0, input_layout: [Value, Value], scheme: KindScheme { kind_parameters: [KindParameter { id: KindParameterId(0), upper_bound: None }, KindParameter { id: KindParameterId(1), upper_bound: None }, KindParameter { id: KindParameterId(2), upper_bound: None }], dimension_parameters: [DimensionParameterDeclaration { id: DimensionParameterId(0), origin: Inferred, lifetime: Turn, lower_bound: Constant(0), upper_bound: None }], inputs: Fixed([Parameter(KindParameterId(0)), Parameter(KindParameterId(1))]), outputs: [Matrix { element: Parameter(KindParameterId(2)), dimensions: [Constant(1), Parameter(DimensionParameterId(0))] }], constraints: [Satisfies { kind: Parameter(KindParameterId(0)), predicate: RangeEndpoint }, Satisfies { kind: Parameter(KindParameterId(1)), predicate: RangeEndpoint }, Promotes { left: Parameter(KindParameterId(0)), right: Parameter(KindParameterId(1)), output: Parameter(KindParameterId(2)) }] }, output_schema_rules: [FromResolvedType] }	O01: untested as an independently identified overload; the export sample is not attributed to this candidate	representative admitted kind/layout cells, rejected target cells, reference values, bytecode and changing-turn behavior
string/concat	0	FunctionTypeOverload { id: 0, input_layout: [Value, Value], scheme: KindScheme { kind_parameters: [], dimension_parameters: [], inputs: Fixed([Named(KindId(14)), Named(KindId(14))]), outputs: [Named(KindId(14))], constraints: [] }, output_schema_rules: [FromResolvedType] }	O01: untested as an independently identified overload; the export sample is not attributed to this candidate	representative admitted kind/layout cells, rejected target cells, reference values, bytecode and changing-turn behavior
set/insert	0	FunctionTypeOverload { id: 0, input_layout: [Value, Value], scheme: KindScheme { kind_parameters: [KindParameter { id: KindParameterId(0), upper_bound: None }], dimension_parameters: [DimensionParameterDeclaration { id: DimensionParameterId(0), origin: Inferred, lifetime: Turn, lower_bound: Constant(0), upper_bound: None }, DimensionParameterDeclaration { id: DimensionParameterId(1), origin: Inferred, lifetime: Turn, lower_bound: Constant(0), upper_bound: Some(Add([Parameter(DimensionParameterId(0)), Constant(1)])) }], inputs: Fixed([Set { element: Parameter(KindParameterId(0)), cardinality: Parameter(DimensionParameterId(0)) }, Parameter(KindParameterId(0))]), outputs: [Set { element: Parameter(KindParameterId(0)), cardinality: Parameter(DimensionParameterId(1)) }], constraints: [Satisfies { kind: Parameter(KindParameterId(0)), predicate: Keyable }] }, output_schema_rules: [FromInput(0)] }	O01: untested as an independently identified overload; the export sample is not attributed to this candidate	representative admitted kind/layout cells, rejected target cells, reference values, bytecode and changing-turn behavior
set/define	syntax-directed	Some(FunctionTypeDeclaration { overloads: [], template: Some(SetDefinition), parameter_names: None })	O01: intrinsic contract requires operator-specific kind/layout witnesses	qualify the source intrinsic contract and supported target layouts
math/bessel/y1	0	FunctionTypeOverload { id: 0, input_layout: [Value], scheme: KindScheme { kind_parameters: [KindParameter { id: KindParameterId(0), upper_bound: None }], dimension_parameters: [], inputs: Fixed([Parameter(KindParameterId(0))]), outputs: [Parameter(KindParameterId(0))], constraints: [Satisfies { kind: Parameter(KindParameterId(0)), predicate: FloatingPoint }] }, output_schema_rules: [FromResolvedType] }	O01: untested as an independently identified overload; the export sample is not attributed to this candidate	representative admitted kind/layout cells, rejected target cells, reference values, bytecode and changing-turn behavior
math/bessel/y1	1	FunctionTypeOverload { id: 1, input_layout: [Value], scheme: KindScheme { kind_parameters: [KindParameter { id: KindParameterId(0), upper_bound: None }], dimension_parameters: [DimensionParameterDeclaration { id: DimensionParameterId(0), origin: Inferred, lifetime: Turn, lower_bound: Constant(0), upper_bound: None }, DimensionParameterDeclaration { id: DimensionParameterId(1), origin: Inferred, lifetime: Turn, lower_bound: Constant(0), upper_bound: None }], inputs: Fixed([Matrix { element: Parameter(KindParameterId(0)), dimensions: [Parameter(DimensionParameterId(0)), Parameter(DimensionParameterId(1))] }]), outputs: [Matrix { element: Parameter(KindParameterId(0)), dimensions: [Parameter(DimensionParameterId(0)), Parameter(DimensionParameterId(1))] }], constraints: [Satisfies { kind: Parameter(KindParameterId(0)), predicate: FloatingPoint }] }, output_schema_rules: [FromResolvedType] }	O01: untested as an independently identified overload; the export sample is not attributed to this candidate	representative admitted kind/layout cells, rejected target cells, reference values, bytecode and changing-turn behavior
math/sub-assign/range	0	FunctionTypeOverload { id: 0, input_layout: [Value, Value, Value], scheme: KindScheme { kind_parameters: [KindParameter { id: KindParameterId(0), upper_bound: None }, KindParameter { id: KindParameterId(1), upper_bound: None }], dimension_parameters: [], inputs: Fixed([Parameter(KindParameterId(0)), Parameter(KindParameterId(0)), Parameter(KindParameterId(1))]), outputs: [Parameter(KindParameterId(0))], constraints: [Satisfies { kind: Parameter(KindParameterId(0)), predicate: Number }] }, output_schema_rules: [FromResolvedType] }	O01: untested as an independently identified overload; the export sample is not attributed to this candidate	representative admitted kind/layout cells, rejected target cells, reference values, bytecode and changing-turn behavior
math/sub-assign/range	1	FunctionTypeOverload { id: 1, input_layout: [Value, Value, Value], scheme: KindScheme { kind_parameters: [KindParameter { id: KindParameterId(0), upper_bound: None }, KindParameter { id: KindParameterId(1), upper_bound: None }], dimension_parameters: [DimensionParameterDeclaration { id: DimensionParameterId(0), origin: Inferred, lifetime: Turn, lower_bound: Constant(0), upper_bound: None }, DimensionParameterDeclaration { id: DimensionParameterId(1), origin: Inferred, lifetime: Turn, lower_bound: Constant(0), upper_bound: None }], inputs: Fixed([Matrix { element: Parameter(KindParameterId(0)), dimensions: [Parameter(DimensionParameterId(0)), Parameter(DimensionParameterId(1))] }, Parameter(KindParameterId(0)), Parameter(KindParameterId(1))]), outputs: [Matrix { element: Parameter(KindParameterId(0)), dimensions: [Parameter(DimensionParameterId(0)), Parameter(DimensionParameterId(1))] }], constraints: [Satisfies { kind: Parameter(KindParameterId(0)), predicate: Number }] }, output_schema_rules: [FromResolvedType] }	O01: untested as an independently identified overload; the export sample is not attributed to this candidate	representative admitted kind/layout cells, rejected target cells, reference values, bytecode and changing-turn behavior
math/sub-assign/range	2	FunctionTypeOverload { id: 2, input_layout: [Value, Value, Value], scheme: KindScheme { kind_parameters: [KindParameter { id: KindParameterId(0), upper_bound: None }, KindParameter { id: KindParameterId(1), upper_bound: None }], dimension_parameters: [DimensionParameterDeclaration { id: DimensionParameterId(0), origin: Inferred, lifetime: Turn, lower_bound: Constant(0), upper_bound: None }, DimensionParameterDeclaration { id: DimensionParameterId(1), origin: Inferred, lifetime: Turn, lower_bound: Constant(0), upper_bound: None }, DimensionParameterDeclaration { id: DimensionParameterId(2), origin: Inferred, lifetime: Turn, lower_bound: Constant(0), upper_bound: None }, DimensionParameterDeclaration { id: DimensionParameterId(3), origin: Inferred, lifetime: Turn, lower_bound: Constant(0), upper_bound: None }], inputs: Fixed([Matrix { element: Parameter(KindParameterId(0)), dimensions: [Parameter(DimensionParameterId(0)), Parameter(DimensionParameterId(1))] }, Matrix { element: Parameter(KindParameterId(0)), dimensions: [Parameter(DimensionParameterId(2)), Parameter(DimensionParameterId(3))] }, Parameter(KindParameterId(1))]), outputs: [Matrix { element: Parameter(KindParameterId(0)), dimensions: [Parameter(DimensionParameterId(0)), Parameter(DimensionParameterId(1))] }], constraints: [Satisfies { kind: Parameter(KindParameterId(0)), predicate: Number }] }, output_schema_rules: [FromResolvedType] }	O01: untested as an independently identified overload; the export sample is not attributed to this candidate	representative admitted kind/layout cells, rejected target cells, reference values, bytecode and changing-turn behavior
matrix/vertcat	syntax-directed	Some(FunctionTypeDeclaration { overloads: [], template: Some(VerticalConcatenation), parameter_names: None })	O01: intrinsic contract requires operator-specific kind/layout witnesses	qualify the source intrinsic contract and supported target layouts
matrix/transpose	0	FunctionTypeOverload { id: 0, input_layout: [Value], scheme: KindScheme { kind_parameters: [KindParameter { id: KindParameterId(0), upper_bound: None }], dimension_parameters: [DimensionParameterDeclaration { id: DimensionParameterId(0), origin: Inferred, lifetime: Turn, lower_bound: Constant(0), upper_bound: None }, DimensionParameterDeclaration { id: DimensionParameterId(1), origin: Inferred, lifetime: Turn, lower_bound: Constant(0), upper_bound: None }], inputs: Fixed([Matrix { element: Parameter(KindParameterId(0)), dimensions: [Parameter(DimensionParameterId(0)), Parameter(DimensionParameterId(1))] }]), outputs: [Matrix { element: Parameter(KindParameterId(0)), dimensions: [Parameter(DimensionParameterId(1)), Parameter(DimensionParameterId(0))] }], constraints: [] }, output_schema_rules: [TransposeOfInput(0)] }	O01: untested as an independently identified overload; the export sample is not attributed to this candidate	representative admitted kind/layout cells, rejected target cells, reference values, bytecode and changing-turn behavior
math/div-assign	0	FunctionTypeOverload { id: 0, input_layout: [Value, Value], scheme: KindScheme { kind_parameters: [KindParameter { id: KindParameterId(0), upper_bound: None }], dimension_parameters: [], inputs: Fixed([Parameter(KindParameterId(0)), Parameter(KindParameterId(0))]), outputs: [Parameter(KindParameterId(0))], constraints: [Satisfies { kind: Parameter(KindParameterId(0)), predicate: Number }] }, output_schema_rules: [FromResolvedType] }	O01: untested as an independently identified overload; the export sample is not attributed to this candidate	representative admitted kind/layout cells, rejected target cells, reference values, bytecode and changing-turn behavior
math/div-assign	1	FunctionTypeOverload { id: 1, input_layout: [Value, Value], scheme: KindScheme { kind_parameters: [KindParameter { id: KindParameterId(0), upper_bound: None }], dimension_parameters: [DimensionParameterDeclaration { id: DimensionParameterId(0), origin: Inferred, lifetime: Turn, lower_bound: Constant(0), upper_bound: None }, DimensionParameterDeclaration { id: DimensionParameterId(1), origin: Inferred, lifetime: Turn, lower_bound: Constant(0), upper_bound: None }], inputs: Fixed([Matrix { element: Parameter(KindParameterId(0)), dimensions: [Parameter(DimensionParameterId(0)), Parameter(DimensionParameterId(1))] }, Parameter(KindParameterId(0))]), outputs: [Matrix { element: Parameter(KindParameterId(0)), dimensions: [Parameter(DimensionParameterId(0)), Parameter(DimensionParameterId(1))] }], constraints: [Satisfies { kind: Parameter(KindParameterId(0)), predicate: Number }] }, output_schema_rules: [FromResolvedType] }	O01: untested as an independently identified overload; the export sample is not attributed to this candidate	representative admitted kind/layout cells, rejected target cells, reference values, bytecode and changing-turn behavior
math/div-assign	2	FunctionTypeOverload { id: 2, input_layout: [Value, Value], scheme: KindScheme { kind_parameters: [KindParameter { id: KindParameterId(0), upper_bound: None }], dimension_parameters: [DimensionParameterDeclaration { id: DimensionParameterId(0), origin: Inferred, lifetime: Turn, lower_bound: Constant(0), upper_bound: None }, DimensionParameterDeclaration { id: DimensionParameterId(1), origin: Inferred, lifetime: Turn, lower_bound: Constant(0), upper_bound: None }, DimensionParameterDeclaration { id: DimensionParameterId(2), origin: Inferred, lifetime: Turn, lower_bound: Constant(0), upper_bound: None }, DimensionParameterDeclaration { id: DimensionParameterId(3), origin: Inferred, lifetime: Turn, lower_bound: Constant(0), upper_bound: None }], inputs: Fixed([Matrix { element: Parameter(KindParameterId(0)), dimensions: [Parameter(DimensionParameterId(0)), Parameter(DimensionParameterId(1))] }, Matrix { element: Parameter(KindParameterId(0)), dimensions: [Parameter(DimensionParameterId(2)), Parameter(DimensionParameterId(3))] }]), outputs: [Matrix { element: Parameter(KindParameterId(0)), dimensions: [Parameter(DimensionParameterId(0)), Parameter(DimensionParameterId(1))] }], constraints: [Satisfies { kind: Parameter(KindParameterId(0)), predicate: Number }, DimensionEqual(Parameter(DimensionParameterId(0)), Parameter(DimensionParameterId(2))), DimensionEqual(Parameter(DimensionParameterId(1)), Parameter(DimensionParameterId(3)))] }, output_schema_rules: [FromResolvedType] }	O01: untested as an independently identified overload; the export sample is not attributed to this candidate	representative admitted kind/layout cells, rejected target cells, reference values, bytecode and changing-turn behavior
matrix/horzcat	syntax-directed	Some(FunctionTypeDeclaration { overloads: [], template: Some(HorizontalConcatenation), parameter_names: None })	O01: intrinsic contract requires operator-specific kind/layout witnesses	qualify the source intrinsic contract and supported target layouts
math/mul-assign/range-all	0	FunctionTypeOverload { id: 0, input_layout: [Value, Value, Value, MatrixAllSelection], scheme: KindScheme { kind_parameters: [KindParameter { id: KindParameterId(0), upper_bound: None }, KindParameter { id: KindParameterId(1), upper_bound: None }], dimension_parameters: [], inputs: Fixed([Parameter(KindParameterId(0)), Parameter(KindParameterId(0)), Parameter(KindParameterId(1))]), outputs: [Parameter(KindParameterId(0))], constraints: [Satisfies { kind: Parameter(KindParameterId(0)), predicate: Number }] }, output_schema_rules: [FromResolvedType] }	O01: untested as an independently identified overload; the export sample is not attributed to this candidate	representative admitted kind/layout cells, rejected target cells, reference values, bytecode and changing-turn behavior
math/mul-assign/range-all	1	FunctionTypeOverload { id: 1, input_layout: [Value, Value, Value, MatrixAllSelection], scheme: KindScheme { kind_parameters: [KindParameter { id: KindParameterId(0), upper_bound: None }, KindParameter { id: KindParameterId(1), upper_bound: None }], dimension_parameters: [DimensionParameterDeclaration { id: DimensionParameterId(0), origin: Inferred, lifetime: Turn, lower_bound: Constant(0), upper_bound: None }, DimensionParameterDeclaration { id: DimensionParameterId(1), origin: Inferred, lifetime: Turn, lower_bound: Constant(0), upper_bound: None }], inputs: Fixed([Matrix { element: Parameter(KindParameterId(0)), dimensions: [Parameter(DimensionParameterId(0)), Parameter(DimensionParameterId(1))] }, Parameter(KindParameterId(0)), Parameter(KindParameterId(1))]), outputs: [Matrix { element: Parameter(KindParameterId(0)), dimensions: [Parameter(DimensionParameterId(0)), Parameter(DimensionParameterId(1))] }], constraints: [Satisfies { kind: Parameter(KindParameterId(0)), predicate: Number }] }, output_schema_rules: [FromResolvedType] }	O01: untested as an independently identified overload; the export sample is not attributed to this candidate	representative admitted kind/layout cells, rejected target cells, reference values, bytecode and changing-turn behavior
math/mul-assign/range-all	2	FunctionTypeOverload { id: 2, input_layout: [Value, Value, Value, MatrixAllSelection], scheme: KindScheme { kind_parameters: [KindParameter { id: KindParameterId(0), upper_bound: None }, KindParameter { id: KindParameterId(1), upper_bound: None }], dimension_parameters: [DimensionParameterDeclaration { id: DimensionParameterId(0), origin: Inferred, lifetime: Turn, lower_bound: Constant(0), upper_bound: None }, DimensionParameterDeclaration { id: DimensionParameterId(1), origin: Inferred, lifetime: Turn, lower_bound: Constant(0), upper_bound: None }, DimensionParameterDeclaration { id: DimensionParameterId(2), origin: Inferred, lifetime: Turn, lower_bound: Constant(0), upper_bound: None }, DimensionParameterDeclaration { id: DimensionParameterId(3), origin: Inferred, lifetime: Turn, lower_bound: Constant(0), upper_bound: None }], inputs: Fixed([Matrix { element: Parameter(KindParameterId(0)), dimensions: [Parameter(DimensionParameterId(0)), Parameter(DimensionParameterId(1))] }, Matrix { element: Parameter(KindParameterId(0)), dimensions: [Parameter(DimensionParameterId(2)), Parameter(DimensionParameterId(3))] }, Parameter(KindParameterId(1))]), outputs: [Matrix { element: Parameter(KindParameterId(0)), dimensions: [Parameter(DimensionParameterId(0)), Parameter(DimensionParameterId(1))] }], constraints: [Satisfies { kind: Parameter(KindParameterId(0)), predicate: Number }] }, output_schema_rules: [FromResolvedType] }	O01: untested as an independently identified overload; the export sample is not attributed to this candidate	representative admitted kind/layout cells, rejected target cells, reference values, bytecode and changing-turn behavior
math/remainder	0	FunctionTypeOverload { id: 0, input_layout: [Value, Value], scheme: KindScheme { kind_parameters: [KindParameter { id: KindParameterId(0), upper_bound: None }, KindParameter { id: KindParameterId(1), upper_bound: None }, KindParameter { id: KindParameterId(2), upper_bound: None }], dimension_parameters: [], inputs: Fixed([Parameter(KindParameterId(0)), Parameter(KindParameterId(1))]), outputs: [Parameter(KindParameterId(2))], constraints: [Satisfies { kind: Parameter(KindParameterId(0)), predicate: Number }, Satisfies { kind: Parameter(KindParameterId(1)), predicate: Number }, Promotes { left: Parameter(KindParameterId(0)), right: Parameter(KindParameterId(1)), output: Parameter(KindParameterId(2)) }, Satisfies { kind: Parameter(KindParameterId(0)), predicate: FloatingPoint }, Satisfies { kind: Parameter(KindParameterId(1)), predicate: FloatingPoint }] }, output_schema_rules: [FromResolvedType] }	O01: untested as an independently identified overload; the export sample is not attributed to this candidate	representative admitted kind/layout cells, rejected target cells, reference values, bytecode and changing-turn behavior
math/remainder	1	FunctionTypeOverload { id: 1, input_layout: [Value, Value], scheme: KindScheme { kind_parameters: [KindParameter { id: KindParameterId(0), upper_bound: None }, KindParameter { id: KindParameterId(1), upper_bound: None }, KindParameter { id: KindParameterId(2), upper_bound: None }], dimension_parameters: [DimensionParameterDeclaration { id: DimensionParameterId(0), origin: Inferred, lifetime: Turn, lower_bound: Constant(0), upper_bound: None }, DimensionParameterDeclaration { id: DimensionParameterId(1), origin: Inferred, lifetime: Turn, lower_bound: Constant(0), upper_bound: None }], inputs: Fixed([Matrix { element: Parameter(KindParameterId(0)), dimensions: [Parameter(DimensionParameterId(0)), Parameter(DimensionParameterId(1))] }, Matrix { element: Parameter(KindParameterId(1)), dimensions: [Parameter(DimensionParameterId(0)), Parameter(DimensionParameterId(1))] }]), outputs: [Matrix { element: Parameter(KindParameterId(2)), dimensions: [Parameter(DimensionParameterId(0)), Parameter(DimensionParameterId(1))] }], constraints: [Satisfies { kind: Parameter(KindParameterId(0)), predicate: Number }, Satisfies { kind: Parameter(KindParameterId(1)), predicate: Number }, Promotes { left: Parameter(KindParameterId(0)), right: Parameter(KindParameterId(1)), output: Parameter(KindParameterId(2)) }, Satisfies { kind: Parameter(KindParameterId(0)), predicate: FloatingPoint }, Satisfies { kind: Parameter(KindParameterId(1)), predicate: FloatingPoint }] }, output_schema_rules: [FromResolvedType] }	O01: untested as an independently identified overload; the export sample is not attributed to this candidate	representative admitted kind/layout cells, rejected target cells, reference values, bytecode and changing-turn behavior
math/remainder	2	FunctionTypeOverload { id: 2, input_layout: [Value, Value], scheme: KindScheme { kind_parameters: [KindParameter { id: KindParameterId(0), upper_bound: None }, KindParameter { id: KindParameterId(1), upper_bound: None }, KindParameter { id: KindParameterId(2), upper_bound: None }], dimension_parameters: [DimensionParameterDeclaration { id: DimensionParameterId(0), origin: Inferred, lifetime: Turn, lower_bound: Constant(0), upper_bound: None }, DimensionParameterDeclaration { id: DimensionParameterId(1), origin: Inferred, lifetime: Turn, lower_bound: Constant(0), upper_bound: None }], inputs: Fixed([Matrix { element: Parameter(KindParameterId(0)), dimensions: [Parameter(DimensionParameterId(0)), Parameter(DimensionParameterId(1))] }, Parameter(KindParameterId(1))]), outputs: [Matrix { element: Parameter(KindParameterId(2)), dimensions: [Parameter(DimensionParameterId(0)), Parameter(DimensionParameterId(1))] }], constraints: [Satisfies { kind: Parameter(KindParameterId(0)), predicate: Number }, Satisfies { kind: Parameter(KindParameterId(1)), predicate: Number }, Promotes { left: Parameter(KindParameterId(0)), right: Parameter(KindParameterId(1)), output: Parameter(KindParameterId(2)) }, Satisfies { kind: Parameter(KindParameterId(0)), predicate: FloatingPoint }, Satisfies { kind: Parameter(KindParameterId(1)), predicate: FloatingPoint }] }, output_schema_rules: [FromResolvedType] }	O01: untested as an independently identified overload; the export sample is not attributed to this candidate	representative admitted kind/layout cells, rejected target cells, reference values, bytecode and changing-turn behavior
math/remainder	3	FunctionTypeOverload { id: 3, input_layout: [Value, Value], scheme: KindScheme { kind_parameters: [KindParameter { id: KindParameterId(0), upper_bound: None }, KindParameter { id: KindParameterId(1), upper_bound: None }, KindParameter { id: KindParameterId(2), upper_bound: None }], dimension_parameters: [DimensionParameterDeclaration { id: DimensionParameterId(0), origin: Inferred, lifetime: Turn, lower_bound: Constant(0), upper_bound: None }, DimensionParameterDeclaration { id: DimensionParameterId(1), origin: Inferred, lifetime: Turn, lower_bound: Constant(0), upper_bound: None }], inputs: Fixed([Parameter(KindParameterId(0)), Matrix { element: Parameter(KindParameterId(1)), dimensions: [Parameter(DimensionParameterId(0)), Parameter(DimensionParameterId(1))] }]), outputs: [Matrix { element: Parameter(KindParameterId(2)), dimensions: [Parameter(DimensionParameterId(0)), Parameter(DimensionParameterId(1))] }], constraints: [Satisfies { kind: Parameter(KindParameterId(0)), predicate: Number }, Satisfies { kind: Parameter(KindParameterId(1)), predicate: Number }, Promotes { left: Parameter(KindParameterId(0)), right: Parameter(KindParameterId(1)), output: Parameter(KindParameterId(2)) }, Satisfies { kind: Parameter(KindParameterId(0)), predicate: FloatingPoint }, Satisfies { kind: Parameter(KindParameterId(1)), predicate: FloatingPoint }] }, output_schema_rules: [FromResolvedType] }	O01: untested as an independently identified overload; the export sample is not attributed to this candidate	representative admitted kind/layout cells, rejected target cells, reference values, bytecode and changing-turn behavior
math/remainder	4	FunctionTypeOverload { id: 4, input_layout: [Value, Value], scheme: KindScheme { kind_parameters: [KindParameter { id: KindParameterId(0), upper_bound: None }, KindParameter { id: KindParameterId(1), upper_bound: None }, KindParameter { id: KindParameterId(2), upper_bound: None }], dimension_parameters: [DimensionParameterDeclaration { id: DimensionParameterId(0), origin: Inferred, lifetime: Turn, lower_bound: Constant(0), upper_bound: None }, DimensionParameterDeclaration { id: DimensionParameterId(1), origin: Inferred, lifetime: Turn, lower_bound: Constant(0), upper_bound: None }, DimensionParameterDeclaration { id: DimensionParameterId(2), origin: Inferred, lifetime: Turn, lower_bound: Constant(0), upper_bound: None }], inputs: Fixed([Matrix { element: Parameter(KindParameterId(0)), dimensions: [Parameter(DimensionParameterId(0)), Parameter(DimensionParameterId(1))] }, Matrix { element: Parameter(KindParameterId(1)), dimensions: [Parameter(DimensionParameterId(2)), Constant(1)] }]), outputs: [Matrix { element: Parameter(KindParameterId(2)), dimensions: [Parameter(DimensionParameterId(0)), Parameter(DimensionParameterId(1))] }], constraints: [Satisfies { kind: Parameter(KindParameterId(0)), predicate: Number }, Satisfies { kind: Parameter(KindParameterId(1)), predicate: Number }, Promotes { left: Parameter(KindParameterId(0)), right: Parameter(KindParameterId(1)), output: Parameter(KindParameterId(2)) }, DimensionCompatible(Parameter(DimensionParameterId(0)), Parameter(DimensionParameterId(2))), Satisfies { kind: Parameter(KindParameterId(0)), predicate: FloatingPoint }, Satisfies { kind: Parameter(KindParameterId(1)), predicate: FloatingPoint }] }, output_schema_rules: [FromResolvedType] }	O01: untested as an independently identified overload; the export sample is not attributed to this candidate	representative admitted kind/layout cells, rejected target cells, reference values, bytecode and changing-turn behavior
math/remainder	5	FunctionTypeOverload { id: 5, input_layout: [Value, Value], scheme: KindScheme { kind_parameters: [KindParameter { id: KindParameterId(0), upper_bound: None }, KindParameter { id: KindParameterId(1), upper_bound: None }, KindParameter { id: KindParameterId(2), upper_bound: None }], dimension_parameters: [DimensionParameterDeclaration { id: DimensionParameterId(0), origin: Inferred, lifetime: Turn, lower_bound: Constant(0), upper_bound: None }, DimensionParameterDeclaration { id: DimensionParameterId(1), origin: Inferred, lifetime: Turn, lower_bound: Constant(0), upper_bound: None }, DimensionParameterDeclaration { id: DimensionParameterId(2), origin: Inferred, lifetime: Turn, lower_bound: Constant(0), upper_bound: None }], inputs: Fixed([Matrix { element: Parameter(KindParameterId(0)), dimensions: [Parameter(DimensionParameterId(0)), Parameter(DimensionParameterId(1))] }, Matrix { element: Parameter(KindParameterId(1)), dimensions: [Constant(1), Parameter(DimensionParameterId(2))] }]), outputs: [Matrix { element: Parameter(KindParameterId(2)), dimensions: [Parameter(DimensionParameterId(0)), Parameter(DimensionParameterId(1))] }], constraints: [Satisfies { kind: Parameter(KindParameterId(0)), predicate: Number }, Satisfies { kind: Parameter(KindParameterId(1)), predicate: Number }, Promotes { left: Parameter(KindParameterId(0)), right: Parameter(KindParameterId(1)), output: Parameter(KindParameterId(2)) }, DimensionCompatible(Parameter(DimensionParameterId(1)), Parameter(DimensionParameterId(2))), Satisfies { kind: Parameter(KindParameterId(0)), predicate: FloatingPoint }, Satisfies { kind: Parameter(KindParameterId(1)), predicate: FloatingPoint }] }, output_schema_rules: [FromResolvedType] }	O01: untested as an independently identified overload; the export sample is not attributed to this candidate	representative admitted kind/layout cells, rejected target cells, reference values, bytecode and changing-turn behavior
math/remainder	6	FunctionTypeOverload { id: 6, input_layout: [Value, Value], scheme: KindScheme { kind_parameters: [KindParameter { id: KindParameterId(0), upper_bound: None }, KindParameter { id: KindParameterId(1), upper_bound: None }, KindParameter { id: KindParameterId(2), upper_bound: None }], dimension_parameters: [DimensionParameterDeclaration { id: DimensionParameterId(0), origin: Inferred, lifetime: Turn, lower_bound: Constant(0), upper_bound: None }, DimensionParameterDeclaration { id: DimensionParameterId(1), origin: Inferred, lifetime: Turn, lower_bound: Constant(0), upper_bound: None }, DimensionParameterDeclaration { id: DimensionParameterId(2), origin: Inferred, lifetime: Turn, lower_bound: Constant(0), upper_bound: None }], inputs: Fixed([Matrix { element: Parameter(KindParameterId(0)), dimensions: [Parameter(DimensionParameterId(2)), Constant(1)] }, Matrix { element: Parameter(KindParameterId(1)), dimensions: [Parameter(DimensionParameterId(0)), Parameter(DimensionParameterId(1))] }]), outputs: [Matrix { element: Parameter(KindParameterId(2)), dimensions: [Parameter(DimensionParameterId(0)), Parameter(DimensionParameterId(1))] }], constraints: [Satisfies { kind: Parameter(KindParameterId(0)), predicate: Number }, Satisfies { kind: Parameter(KindParameterId(1)), predicate: Number }, Promotes { left: Parameter(KindParameterId(0)), right: Parameter(KindParameterId(1)), output: Parameter(KindParameterId(2)) }, DimensionCompatible(Parameter(DimensionParameterId(0)), Parameter(DimensionParameterId(2))), Satisfies { kind: Parameter(KindParameterId(0)), predicate: FloatingPoint }, Satisfies { kind: Parameter(KindParameterId(1)), predicate: FloatingPoint }] }, output_schema_rules: [FromResolvedType] }	O01: untested as an independently identified overload; the export sample is not attributed to this candidate	representative admitted kind/layout cells, rejected target cells, reference values, bytecode and changing-turn behavior
math/remainder	7	FunctionTypeOverload { id: 7, input_layout: [Value, Value], scheme: KindScheme { kind_parameters: [KindParameter { id: KindParameterId(0), upper_bound: None }, KindParameter { id: KindParameterId(1), upper_bound: None }, KindParameter { id: KindParameterId(2), upper_bound: None }], dimension_parameters: [DimensionParameterDeclaration { id: DimensionParameterId(0), origin: Inferred, lifetime: Turn, lower_bound: Constant(0), upper_bound: None }, DimensionParameterDeclaration { id: DimensionParameterId(1), origin: Inferred, lifetime: Turn, lower_bound: Constant(0), upper_bound: None }, DimensionParameterDeclaration { id: DimensionParameterId(2), origin: Inferred, lifetime: Turn, lower_bound: Constant(0), upper_bound: None }], inputs: Fixed([Matrix { element: Parameter(KindParameterId(0)), dimensions: [Constant(1), Parameter(DimensionParameterId(2))] }, Matrix { element: Parameter(KindParameterId(1)), dimensions: [Parameter(DimensionParameterId(0)), Parameter(DimensionParameterId(1))] }]), outputs: [Matrix { element: Parameter(KindParameterId(2)), dimensions: [Parameter(DimensionParameterId(0)), Parameter(DimensionParameterId(1))] }], constraints: [Satisfies { kind: Parameter(KindParameterId(0)), predicate: Number }, Satisfies { kind: Parameter(KindParameterId(1)), predicate: Number }, Promotes { left: Parameter(KindParameterId(0)), right: Parameter(KindParameterId(1)), output: Parameter(KindParameterId(2)) }, DimensionCompatible(Parameter(DimensionParameterId(1)), Parameter(DimensionParameterId(2))), Satisfies { kind: Parameter(KindParameterId(0)), predicate: FloatingPoint }, Satisfies { kind: Parameter(KindParameterId(1)), predicate: FloatingPoint }] }, output_schema_rules: [FromResolvedType] }	O01: untested as an independently identified overload; the export sample is not attributed to this candidate	representative admitted kind/layout cells, rejected target cells, reference values, bytecode and changing-turn behavior
math/remainder	8	FunctionTypeOverload { id: 8, input_layout: [Value, Value], scheme: KindScheme { kind_parameters: [KindParameter { id: KindParameterId(0), upper_bound: None }, KindParameter { id: KindParameterId(1), upper_bound: None }, KindParameter { id: KindParameterId(2), upper_bound: None }], dimension_parameters: [DimensionParameterDeclaration { id: DimensionParameterId(0), origin: Inferred, lifetime: Turn, lower_bound: Constant(0), upper_bound: None }, DimensionParameterDeclaration { id: DimensionParameterId(1), origin: Inferred, lifetime: Turn, lower_bound: Constant(0), upper_bound: None }, DimensionParameterDeclaration { id: DimensionParameterId(2), origin: Inferred, lifetime: Turn, lower_bound: Constant(0), upper_bound: None }, DimensionParameterDeclaration { id: DimensionParameterId(3), origin: Inferred, lifetime: Turn, lower_bound: Constant(0), upper_bound: None }], inputs: Fixed([Matrix { element: Parameter(KindParameterId(0)), dimensions: [Parameter(DimensionParameterId(0)), Parameter(DimensionParameterId(1))] }, Matrix { element: Parameter(KindParameterId(1)), dimensions: [Parameter(DimensionParameterId(2)), Parameter(DimensionParameterId(3))] }]), outputs: [Matrix { element: Parameter(KindParameterId(2)), dimensions: [Parameter(DimensionParameterId(0)), Parameter(DimensionParameterId(1))] }], constraints: [Satisfies { kind: Parameter(KindParameterId(0)), predicate: Number }, Satisfies { kind: Parameter(KindParameterId(1)), predicate: Number }, Promotes { left: Parameter(KindParameterId(0)), right: Parameter(KindParameterId(1)), output: Parameter(KindParameterId(2)) }, DimensionCompatible(Parameter(DimensionParameterId(0)), Parameter(DimensionParameterId(2))), DimensionCompatible(Parameter(DimensionParameterId(1)), Parameter(DimensionParameterId(3))), Satisfies { kind: Parameter(KindParameterId(0)), predicate: FloatingPoint }, Satisfies { kind: Parameter(KindParameterId(1)), predicate: FloatingPoint }] }, output_schema_rules: [FromResolvedType] }	O01: untested as an independently identified overload; the export sample is not attributed to this candidate	representative admitted kind/layout cells, rejected target cells, reference values, bytecode and changing-turn behavior
math/remainder	9	FunctionTypeOverload { id: 9, input_layout: [Value, Value], scheme: KindScheme { kind_parameters: [KindParameter { id: KindParameterId(0), upper_bound: None }, KindParameter { id: KindParameterId(1), upper_bound: None }, KindParameter { id: KindParameterId(2), upper_bound: None }], dimension_parameters: [DimensionParameterDeclaration { id: DimensionParameterId(0), origin: Inferred, lifetime: Turn, lower_bound: Constant(0), upper_bound: None }, DimensionParameterDeclaration { id: DimensionParameterId(1), origin: Inferred, lifetime: Turn, lower_bound: Constant(0), upper_bound: None }, DimensionParameterDeclaration { id: DimensionParameterId(2), origin: Inferred, lifetime: Turn, lower_bound: Constant(0), upper_bound: None }, DimensionParameterDeclaration { id: DimensionParameterId(3), origin: Inferred, lifetime: Turn, lower_bound: Constant(0), upper_bound: None }], inputs: Fixed([Matrix { element: Parameter(KindParameterId(0)), dimensions: [Parameter(DimensionParameterId(0)), Parameter(DimensionParameterId(1))] }, Matrix { element: Parameter(KindParameterId(1)), dimensions: [Parameter(DimensionParameterId(2)), Parameter(DimensionParameterId(3))] }]), outputs: [Matrix { element: Parameter(KindParameterId(2)), dimensions: [Parameter(DimensionParameterId(2)), Parameter(DimensionParameterId(3))] }], constraints: [Satisfies { kind: Parameter(KindParameterId(0)), predicate: Number }, Satisfies { kind: Parameter(KindParameterId(1)), predicate: Number }, Promotes { left: Parameter(KindParameterId(0)), right: Parameter(KindParameterId(1)), output: Parameter(KindParameterId(2)) }, DimensionCompatible(Parameter(DimensionParameterId(0)), Parameter(DimensionParameterId(2))), DimensionCompatible(Parameter(DimensionParameterId(1)), Parameter(DimensionParameterId(3))), Satisfies { kind: Parameter(KindParameterId(0)), predicate: FloatingPoint }, Satisfies { kind: Parameter(KindParameterId(1)), predicate: FloatingPoint }] }, output_schema_rules: [FromResolvedType] }	O01: untested as an independently identified overload; the export sample is not attributed to this candidate	representative admitted kind/layout cells, rejected target cells, reference values, bytecode and changing-turn behavior
math/log	0	FunctionTypeOverload { id: 0, input_layout: [Value], scheme: KindScheme { kind_parameters: [KindParameter { id: KindParameterId(0), upper_bound: None }], dimension_parameters: [], inputs: Fixed([Parameter(KindParameterId(0))]), outputs: [Parameter(KindParameterId(0))], constraints: [Satisfies { kind: Parameter(KindParameterId(0)), predicate: FloatingPoint }] }, output_schema_rules: [FromResolvedType] }	O01: untested as an independently identified overload; the export sample is not attributed to this candidate	representative admitted kind/layout cells, rejected target cells, reference values, bytecode and changing-turn behavior
math/log	1	FunctionTypeOverload { id: 1, input_layout: [Value], scheme: KindScheme { kind_parameters: [KindParameter { id: KindParameterId(0), upper_bound: None }], dimension_parameters: [DimensionParameterDeclaration { id: DimensionParameterId(0), origin: Inferred, lifetime: Turn, lower_bound: Constant(0), upper_bound: None }, DimensionParameterDeclaration { id: DimensionParameterId(1), origin: Inferred, lifetime: Turn, lower_bound: Constant(0), upper_bound: None }], inputs: Fixed([Matrix { element: Parameter(KindParameterId(0)), dimensions: [Parameter(DimensionParameterId(0)), Parameter(DimensionParameterId(1))] }]), outputs: [Matrix { element: Parameter(KindParameterId(0)), dimensions: [Parameter(DimensionParameterId(0)), Parameter(DimensionParameterId(1))] }], constraints: [Satisfies { kind: Parameter(KindParameterId(0)), predicate: FloatingPoint }] }, output_schema_rules: [FromResolvedType] }	O01: untested as an independently identified overload; the export sample is not attributed to this candidate	representative admitted kind/layout cells, rejected target cells, reference values, bytecode and changing-turn behavior
math/floor	0	FunctionTypeOverload { id: 0, input_layout: [Value], scheme: KindScheme { kind_parameters: [KindParameter { id: KindParameterId(0), upper_bound: None }], dimension_parameters: [], inputs: Fixed([Parameter(KindParameterId(0))]), outputs: [Parameter(KindParameterId(0))], constraints: [Satisfies { kind: Parameter(KindParameterId(0)), predicate: FloatingPoint }] }, output_schema_rules: [FromResolvedType] }	O01: untested as an independently identified overload; the export sample is not attributed to this candidate	representative admitted kind/layout cells, rejected target cells, reference values, bytecode and changing-turn behavior
math/floor	1	FunctionTypeOverload { id: 1, input_layout: [Value], scheme: KindScheme { kind_parameters: [KindParameter { id: KindParameterId(0), upper_bound: None }], dimension_parameters: [DimensionParameterDeclaration { id: DimensionParameterId(0), origin: Inferred, lifetime: Turn, lower_bound: Constant(0), upper_bound: None }, DimensionParameterDeclaration { id: DimensionParameterId(1), origin: Inferred, lifetime: Turn, lower_bound: Constant(0), upper_bound: None }], inputs: Fixed([Matrix { element: Parameter(KindParameterId(0)), dimensions: [Parameter(DimensionParameterId(0)), Parameter(DimensionParameterId(1))] }]), outputs: [Matrix { element: Parameter(KindParameterId(0)), dimensions: [Parameter(DimensionParameterId(0)), Parameter(DimensionParameterId(1))] }], constraints: [Satisfies { kind: Parameter(KindParameterId(0)), predicate: FloatingPoint }] }, output_schema_rules: [FromResolvedType] }	O01: untested as an independently identified overload; the export sample is not attributed to this candidate	representative admitted kind/layout cells, rejected target cells, reference values, bytecode and changing-turn behavior
math/sub-assign	0	FunctionTypeOverload { id: 0, input_layout: [Value, Value], scheme: KindScheme { kind_parameters: [KindParameter { id: KindParameterId(0), upper_bound: None }], dimension_parameters: [], inputs: Fixed([Parameter(KindParameterId(0)), Parameter(KindParameterId(0))]), outputs: [Parameter(KindParameterId(0))], constraints: [Satisfies { kind: Parameter(KindParameterId(0)), predicate: Number }] }, output_schema_rules: [FromResolvedType] }	O01: untested as an independently identified overload; the export sample is not attributed to this candidate	representative admitted kind/layout cells, rejected target cells, reference values, bytecode and changing-turn behavior
math/sub-assign	1	FunctionTypeOverload { id: 1, input_layout: [Value, Value], scheme: KindScheme { kind_parameters: [KindParameter { id: KindParameterId(0), upper_bound: None }], dimension_parameters: [DimensionParameterDeclaration { id: DimensionParameterId(0), origin: Inferred, lifetime: Turn, lower_bound: Constant(0), upper_bound: None }, DimensionParameterDeclaration { id: DimensionParameterId(1), origin: Inferred, lifetime: Turn, lower_bound: Constant(0), upper_bound: None }], inputs: Fixed([Matrix { element: Parameter(KindParameterId(0)), dimensions: [Parameter(DimensionParameterId(0)), Parameter(DimensionParameterId(1))] }, Parameter(KindParameterId(0))]), outputs: [Matrix { element: Parameter(KindParameterId(0)), dimensions: [Parameter(DimensionParameterId(0)), Parameter(DimensionParameterId(1))] }], constraints: [Satisfies { kind: Parameter(KindParameterId(0)), predicate: Number }] }, output_schema_rules: [FromResolvedType] }	O01: untested as an independently identified overload; the export sample is not attributed to this candidate	representative admitted kind/layout cells, rejected target cells, reference values, bytecode and changing-turn behavior
math/sub-assign	2	FunctionTypeOverload { id: 2, input_layout: [Value, Value], scheme: KindScheme { kind_parameters: [KindParameter { id: KindParameterId(0), upper_bound: None }], dimension_parameters: [DimensionParameterDeclaration { id: DimensionParameterId(0), origin: Inferred, lifetime: Turn, lower_bound: Constant(0), upper_bound: None }, DimensionParameterDeclaration { id: DimensionParameterId(1), origin: Inferred, lifetime: Turn, lower_bound: Constant(0), upper_bound: None }, DimensionParameterDeclaration { id: DimensionParameterId(2), origin: Inferred, lifetime: Turn, lower_bound: Constant(0), upper_bound: None }, DimensionParameterDeclaration { id: DimensionParameterId(3), origin: Inferred, lifetime: Turn, lower_bound: Constant(0), upper_bound: None }], inputs: Fixed([Matrix { element: Parameter(KindParameterId(0)), dimensions: [Parameter(DimensionParameterId(0)), Parameter(DimensionParameterId(1))] }, Matrix { element: Parameter(KindParameterId(0)), dimensions: [Parameter(DimensionParameterId(2)), Parameter(DimensionParameterId(3))] }]), outputs: [Matrix { element: Parameter(KindParameterId(0)), dimensions: [Parameter(DimensionParameterId(0)), Parameter(DimensionParameterId(1))] }], constraints: [Satisfies { kind: Parameter(KindParameterId(0)), predicate: Number }, DimensionEqual(Parameter(DimensionParameterId(0)), Parameter(DimensionParameterId(2))), DimensionEqual(Parameter(DimensionParameterId(1)), Parameter(DimensionParameterId(3)))] }, output_schema_rules: [FromResolvedType] }	O01: untested as an independently identified overload; the export sample is not attributed to this candidate	representative admitted kind/layout cells, rejected target cells, reference values, bytecode and changing-turn behavior
math/cbrt	0	FunctionTypeOverload { id: 0, input_layout: [Value], scheme: KindScheme { kind_parameters: [KindParameter { id: KindParameterId(0), upper_bound: None }], dimension_parameters: [], inputs: Fixed([Parameter(KindParameterId(0))]), outputs: [Parameter(KindParameterId(0))], constraints: [Satisfies { kind: Parameter(KindParameterId(0)), predicate: FloatingPoint }] }, output_schema_rules: [FromResolvedType] }	O01: untested as an independently identified overload; the export sample is not attributed to this candidate	representative admitted kind/layout cells, rejected target cells, reference values, bytecode and changing-turn behavior
math/cbrt	1	FunctionTypeOverload { id: 1, input_layout: [Value], scheme: KindScheme { kind_parameters: [KindParameter { id: KindParameterId(0), upper_bound: None }], dimension_parameters: [DimensionParameterDeclaration { id: DimensionParameterId(0), origin: Inferred, lifetime: Turn, lower_bound: Constant(0), upper_bound: None }, DimensionParameterDeclaration { id: DimensionParameterId(1), origin: Inferred, lifetime: Turn, lower_bound: Constant(0), upper_bound: None }], inputs: Fixed([Matrix { element: Parameter(KindParameterId(0)), dimensions: [Parameter(DimensionParameterId(0)), Parameter(DimensionParameterId(1))] }]), outputs: [Matrix { element: Parameter(KindParameterId(0)), dimensions: [Parameter(DimensionParameterId(0)), Parameter(DimensionParameterId(1))] }], constraints: [Satisfies { kind: Parameter(KindParameterId(0)), predicate: FloatingPoint }] }, output_schema_rules: [FromResolvedType] }	O01: untested as an independently identified overload; the export sample is not attributed to this candidate	representative admitted kind/layout cells, rejected target cells, reference values, bytecode and changing-turn behavior
logic/xor	0	FunctionTypeOverload { id: 0, input_layout: [Value, Value], scheme: KindScheme { kind_parameters: [], dimension_parameters: [], inputs: Fixed([Named(KindId(15)), Named(KindId(15))]), outputs: [Named(KindId(15))], constraints: [] }, output_schema_rules: [FromResolvedType] }	O01: untested as an independently identified overload; the export sample is not attributed to this candidate	representative admitted kind/layout cells, rejected target cells, reference values, bytecode and changing-turn behavior
logic/xor	1	FunctionTypeOverload { id: 1, input_layout: [Value, Value], scheme: KindScheme { kind_parameters: [], dimension_parameters: [DimensionParameterDeclaration { id: DimensionParameterId(0), origin: Inferred, lifetime: Turn, lower_bound: Constant(0), upper_bound: None }, DimensionParameterDeclaration { id: DimensionParameterId(1), origin: Inferred, lifetime: Turn, lower_bound: Constant(0), upper_bound: None }], inputs: Fixed([Matrix { element: Named(KindId(15)), dimensions: [Parameter(DimensionParameterId(0)), Parameter(DimensionParameterId(1))] }, Matrix { element: Named(KindId(15)), dimensions: [Parameter(DimensionParameterId(0)), Parameter(DimensionParameterId(1))] }]), outputs: [Matrix { element: Named(KindId(15)), dimensions: [Parameter(DimensionParameterId(0)), Parameter(DimensionParameterId(1))] }], constraints: [] }, output_schema_rules: [FromResolvedType] }	O01: untested as an independently identified overload; the export sample is not attributed to this candidate	representative admitted kind/layout cells, rejected target cells, reference values, bytecode and changing-turn behavior
logic/xor	2	FunctionTypeOverload { id: 2, input_layout: [Value, Value], scheme: KindScheme { kind_parameters: [], dimension_parameters: [DimensionParameterDeclaration { id: DimensionParameterId(0), origin: Inferred, lifetime: Turn, lower_bound: Constant(0), upper_bound: None }, DimensionParameterDeclaration { id: DimensionParameterId(1), origin: Inferred, lifetime: Turn, lower_bound: Constant(0), upper_bound: None }], inputs: Fixed([Matrix { element: Named(KindId(15)), dimensions: [Parameter(DimensionParameterId(0)), Parameter(DimensionParameterId(1))] }, Named(KindId(15))]), outputs: [Matrix { element: Named(KindId(15)), dimensions: [Parameter(DimensionParameterId(0)), Parameter(DimensionParameterId(1))] }], constraints: [] }, output_schema_rules: [FromResolvedType] }	O01: untested as an independently identified overload; the export sample is not attributed to this candidate	representative admitted kind/layout cells, rejected target cells, reference values, bytecode and changing-turn behavior
logic/xor	3	FunctionTypeOverload { id: 3, input_layout: [Value, Value], scheme: KindScheme { kind_parameters: [], dimension_parameters: [DimensionParameterDeclaration { id: DimensionParameterId(0), origin: Inferred, lifetime: Turn, lower_bound: Constant(0), upper_bound: None }, DimensionParameterDeclaration { id: DimensionParameterId(1), origin: Inferred, lifetime: Turn, lower_bound: Constant(0), upper_bound: None }, DimensionParameterDeclaration { id: DimensionParameterId(2), origin: Inferred, lifetime: Turn, lower_bound: Constant(0), upper_bound: None }], inputs: Fixed([Matrix { element: Named(KindId(15)), dimensions: [Parameter(DimensionParameterId(0)), Parameter(DimensionParameterId(1))] }, Matrix { element: Named(KindId(15)), dimensions: [Parameter(DimensionParameterId(2)), Constant(1)] }]), outputs: [Matrix { element: Named(KindId(15)), dimensions: [Parameter(DimensionParameterId(0)), Parameter(DimensionParameterId(1))] }], constraints: [DimensionCompatible(Parameter(DimensionParameterId(0)), Parameter(DimensionParameterId(2)))] }, output_schema_rules: [FromResolvedType] }	O01: untested as an independently identified overload; the export sample is not attributed to this candidate	representative admitted kind/layout cells, rejected target cells, reference values, bytecode and changing-turn behavior
logic/xor	4	FunctionTypeOverload { id: 4, input_layout: [Value, Value], scheme: KindScheme { kind_parameters: [], dimension_parameters: [DimensionParameterDeclaration { id: DimensionParameterId(0), origin: Inferred, lifetime: Turn, lower_bound: Constant(0), upper_bound: None }, DimensionParameterDeclaration { id: DimensionParameterId(1), origin: Inferred, lifetime: Turn, lower_bound: Constant(0), upper_bound: None }, DimensionParameterDeclaration { id: DimensionParameterId(2), origin: Inferred, lifetime: Turn, lower_bound: Constant(0), upper_bound: None }], inputs: Fixed([Matrix { element: Named(KindId(15)), dimensions: [Parameter(DimensionParameterId(0)), Parameter(DimensionParameterId(1))] }, Matrix { element: Named(KindId(15)), dimensions: [Constant(1), Parameter(DimensionParameterId(2))] }]), outputs: [Matrix { element: Named(KindId(15)), dimensions: [Parameter(DimensionParameterId(0)), Parameter(DimensionParameterId(1))] }], constraints: [DimensionCompatible(Parameter(DimensionParameterId(1)), Parameter(DimensionParameterId(2)))] }, output_schema_rules: [FromResolvedType] }	O01: untested as an independently identified overload; the export sample is not attributed to this candidate	representative admitted kind/layout cells, rejected target cells, reference values, bytecode and changing-turn behavior
logic/xor	5	FunctionTypeOverload { id: 5, input_layout: [Value, Value], scheme: KindScheme { kind_parameters: [], dimension_parameters: [DimensionParameterDeclaration { id: DimensionParameterId(0), origin: Inferred, lifetime: Turn, lower_bound: Constant(0), upper_bound: None }, DimensionParameterDeclaration { id: DimensionParameterId(1), origin: Inferred, lifetime: Turn, lower_bound: Constant(0), upper_bound: None }], inputs: Fixed([Named(KindId(15)), Matrix { element: Named(KindId(15)), dimensions: [Parameter(DimensionParameterId(0)), Parameter(DimensionParameterId(1))] }]), outputs: [Matrix { element: Named(KindId(15)), dimensions: [Parameter(DimensionParameterId(0)), Parameter(DimensionParameterId(1))] }], constraints: [] }, output_schema_rules: [FromResolvedType] }	O01: untested as an independently identified overload; the export sample is not attributed to this candidate	representative admitted kind/layout cells, rejected target cells, reference values, bytecode and changing-turn behavior
logic/xor	6	FunctionTypeOverload { id: 6, input_layout: [Value, Value], scheme: KindScheme { kind_parameters: [], dimension_parameters: [DimensionParameterDeclaration { id: DimensionParameterId(0), origin: Inferred, lifetime: Turn, lower_bound: Constant(0), upper_bound: None }, DimensionParameterDeclaration { id: DimensionParameterId(1), origin: Inferred, lifetime: Turn, lower_bound: Constant(0), upper_bound: None }, DimensionParameterDeclaration { id: DimensionParameterId(2), origin: Inferred, lifetime: Turn, lower_bound: Constant(0), upper_bound: None }], inputs: Fixed([Matrix { element: Named(KindId(15)), dimensions: [Parameter(DimensionParameterId(2)), Constant(1)] }, Matrix { element: Named(KindId(15)), dimensions: [Parameter(DimensionParameterId(0)), Parameter(DimensionParameterId(1))] }]), outputs: [Matrix { element: Named(KindId(15)), dimensions: [Parameter(DimensionParameterId(0)), Parameter(DimensionParameterId(1))] }], constraints: [DimensionCompatible(Parameter(DimensionParameterId(0)), Parameter(DimensionParameterId(2)))] }, output_schema_rules: [FromResolvedType] }	O01: untested as an independently identified overload; the export sample is not attributed to this candidate	representative admitted kind/layout cells, rejected target cells, reference values, bytecode and changing-turn behavior
logic/xor	7	FunctionTypeOverload { id: 7, input_layout: [Value, Value], scheme: KindScheme { kind_parameters: [], dimension_parameters: [DimensionParameterDeclaration { id: DimensionParameterId(0), origin: Inferred, lifetime: Turn, lower_bound: Constant(0), upper_bound: None }, DimensionParameterDeclaration { id: DimensionParameterId(1), origin: Inferred, lifetime: Turn, lower_bound: Constant(0), upper_bound: None }, DimensionParameterDeclaration { id: DimensionParameterId(2), origin: Inferred, lifetime: Turn, lower_bound: Constant(0), upper_bound: None }], inputs: Fixed([Matrix { element: Named(KindId(15)), dimensions: [Constant(1), Parameter(DimensionParameterId(2))] }, Matrix { element: Named(KindId(15)), dimensions: [Parameter(DimensionParameterId(0)), Parameter(DimensionParameterId(1))] }]), outputs: [Matrix { element: Named(KindId(15)), dimensions: [Parameter(DimensionParameterId(0)), Parameter(DimensionParameterId(1))] }], constraints: [DimensionCompatible(Parameter(DimensionParameterId(1)), Parameter(DimensionParameterId(2)))] }, output_schema_rules: [FromResolvedType] }	O01: untested as an independently identified overload; the export sample is not attributed to this candidate	representative admitted kind/layout cells, rejected target cells, reference values, bytecode and changing-turn behavior
logic/xor	8	FunctionTypeOverload { id: 8, input_layout: [Value, Value], scheme: KindScheme { kind_parameters: [], dimension_parameters: [DimensionParameterDeclaration { id: DimensionParameterId(0), origin: Inferred, lifetime: Turn, lower_bound: Constant(0), upper_bound: None }, DimensionParameterDeclaration { id: DimensionParameterId(1), origin: Inferred, lifetime: Turn, lower_bound: Constant(0), upper_bound: None }, DimensionParameterDeclaration { id: DimensionParameterId(2), origin: Inferred, lifetime: Turn, lower_bound: Constant(0), upper_bound: None }, DimensionParameterDeclaration { id: DimensionParameterId(3), origin: Inferred, lifetime: Turn, lower_bound: Constant(0), upper_bound: None }], inputs: Fixed([Matrix { element: Named(KindId(15)), dimensions: [Parameter(DimensionParameterId(0)), Parameter(DimensionParameterId(1))] }, Matrix { element: Named(KindId(15)), dimensions: [Parameter(DimensionParameterId(2)), Parameter(DimensionParameterId(3))] }]), outputs: [Matrix { element: Named(KindId(15)), dimensions: [Parameter(DimensionParameterId(0)), Parameter(DimensionParameterId(1))] }], constraints: [DimensionCompatible(Parameter(DimensionParameterId(0)), Parameter(DimensionParameterId(2))), DimensionCompatible(Parameter(DimensionParameterId(1)), Parameter(DimensionParameterId(3)))] }, output_schema_rules: [FromResolvedType] }	O01: untested as an independently identified overload; the export sample is not attributed to this candidate	representative admitted kind/layout cells, rejected target cells, reference values, bytecode and changing-turn behavior
logic/xor	9	FunctionTypeOverload { id: 9, input_layout: [Value, Value], scheme: KindScheme { kind_parameters: [], dimension_parameters: [DimensionParameterDeclaration { id: DimensionParameterId(0), origin: Inferred, lifetime: Turn, lower_bound: Constant(0), upper_bound: None }, DimensionParameterDeclaration { id: DimensionParameterId(1), origin: Inferred, lifetime: Turn, lower_bound: Constant(0), upper_bound: None }, DimensionParameterDeclaration { id: DimensionParameterId(2), origin: Inferred, lifetime: Turn, lower_bound: Constant(0), upper_bound: None }, DimensionParameterDeclaration { id: DimensionParameterId(3), origin: Inferred, lifetime: Turn, lower_bound: Constant(0), upper_bound: None }], inputs: Fixed([Matrix { element: Named(KindId(15)), dimensions: [Parameter(DimensionParameterId(0)), Parameter(DimensionParameterId(1))] }, Matrix { element: Named(KindId(15)), dimensions: [Parameter(DimensionParameterId(2)), Parameter(DimensionParameterId(3))] }]), outputs: [Matrix { element: Named(KindId(15)), dimensions: [Parameter(DimensionParameterId(2)), Parameter(DimensionParameterId(3))] }], constraints: [DimensionCompatible(Parameter(DimensionParameterId(0)), Parameter(DimensionParameterId(2))), DimensionCompatible(Parameter(DimensionParameterId(1)), Parameter(DimensionParameterId(3)))] }, output_schema_rules: [FromResolvedType] }	O01: untested as an independently identified overload; the export sample is not attributed to this candidate	representative admitted kind/layout cells, rejected target cells, reference values, bytecode and changing-turn behavior
set/disjoint	0	FunctionTypeOverload { id: 0, input_layout: [Value, Value], scheme: KindScheme { kind_parameters: [KindParameter { id: KindParameterId(0), upper_bound: None }], dimension_parameters: [DimensionParameterDeclaration { id: DimensionParameterId(0), origin: Inferred, lifetime: Turn, lower_bound: Constant(0), upper_bound: None }, DimensionParameterDeclaration { id: DimensionParameterId(1), origin: Inferred, lifetime: Turn, lower_bound: Constant(0), upper_bound: None }], inputs: Fixed([Set { element: Parameter(KindParameterId(0)), cardinality: Parameter(DimensionParameterId(0)) }, Set { element: Parameter(KindParameterId(0)), cardinality: Parameter(DimensionParameterId(1)) }]), outputs: [Named(KindId(15))], constraints: [Satisfies { kind: Parameter(KindParameterId(0)), predicate: Keyable }] }, output_schema_rules: [FromResolvedType] }	O01: untested as an independently identified overload; the export sample is not attributed to this candidate	representative admitted kind/layout cells, rejected target cells, reference values, bytecode and changing-turn behavior
set/not_equals	0	FunctionTypeOverload { id: 0, input_layout: [Value, Value], scheme: KindScheme { kind_parameters: [KindParameter { id: KindParameterId(0), upper_bound: None }], dimension_parameters: [DimensionParameterDeclaration { id: DimensionParameterId(0), origin: Inferred, lifetime: Turn, lower_bound: Constant(0), upper_bound: None }, DimensionParameterDeclaration { id: DimensionParameterId(1), origin: Inferred, lifetime: Turn, lower_bound: Constant(0), upper_bound: None }], inputs: Fixed([Set { element: Parameter(KindParameterId(0)), cardinality: Parameter(DimensionParameterId(0)) }, Set { element: Parameter(KindParameterId(0)), cardinality: Parameter(DimensionParameterId(1)) }]), outputs: [Named(KindId(15))], constraints: [Satisfies { kind: Parameter(KindParameterId(0)), predicate: Keyable }] }, output_schema_rules: [FromResolvedType] }	O01: untested as an independently identified overload; the export sample is not attributed to this candidate	representative admitted kind/layout cells, rejected target cells, reference values, bytecode and changing-turn behavior
math/abs	0	FunctionTypeOverload { id: 0, input_layout: [Value], scheme: KindScheme { kind_parameters: [KindParameter { id: KindParameterId(0), upper_bound: None }], dimension_parameters: [], inputs: Fixed([Parameter(KindParameterId(0))]), outputs: [Parameter(KindParameterId(0))], constraints: [Satisfies { kind: Parameter(KindParameterId(0)), predicate: Real }] }, output_schema_rules: [FromResolvedType] }	O01: untested as an independently identified overload; the export sample is not attributed to this candidate	representative admitted kind/layout cells, rejected target cells, reference values, bytecode and changing-turn behavior
math/abs	1	FunctionTypeOverload { id: 1, input_layout: [Value], scheme: KindScheme { kind_parameters: [KindParameter { id: KindParameterId(0), upper_bound: None }], dimension_parameters: [DimensionParameterDeclaration { id: DimensionParameterId(0), origin: Inferred, lifetime: Turn, lower_bound: Constant(0), upper_bound: None }, DimensionParameterDeclaration { id: DimensionParameterId(1), origin: Inferred, lifetime: Turn, lower_bound: Constant(0), upper_bound: None }], inputs: Fixed([Matrix { element: Parameter(KindParameterId(0)), dimensions: [Parameter(DimensionParameterId(0)), Parameter(DimensionParameterId(1))] }]), outputs: [Matrix { element: Parameter(KindParameterId(0)), dimensions: [Parameter(DimensionParameterId(0)), Parameter(DimensionParameterId(1))] }], constraints: [Satisfies { kind: Parameter(KindParameterId(0)), predicate: Real }] }, output_schema_rules: [FromResolvedType] }	O01: untested as an independently identified overload; the export sample is not attributed to this candidate	representative admitted kind/layout cells, rejected target cells, reference values, bytecode and changing-turn behavior
math/abs	2	FunctionTypeOverload { id: 2, input_layout: [Value], scheme: KindScheme { kind_parameters: [], dimension_parameters: [], inputs: Fixed([Named(KindId(12))]), outputs: [Named(KindId(12))], constraints: [] }, output_schema_rules: [FromResolvedType] }	O01: untested as an independently identified overload; the export sample is not attributed to this candidate	representative admitted kind/layout cells, rejected target cells, reference values, bytecode and changing-turn behavior
math/abs	3	FunctionTypeOverload { id: 3, input_layout: [Value], scheme: KindScheme { kind_parameters: [], dimension_parameters: [DimensionParameterDeclaration { id: DimensionParameterId(0), origin: Inferred, lifetime: Turn, lower_bound: Constant(0), upper_bound: None }, DimensionParameterDeclaration { id: DimensionParameterId(1), origin: Inferred, lifetime: Turn, lower_bound: Constant(0), upper_bound: None }], inputs: Fixed([Matrix { element: Named(KindId(12)), dimensions: [Parameter(DimensionParameterId(0)), Parameter(DimensionParameterId(1))] }]), outputs: [Matrix { element: Named(KindId(12)), dimensions: [Parameter(DimensionParameterId(0)), Parameter(DimensionParameterId(1))] }], constraints: [] }, output_schema_rules: [FromResolvedType] }	O01: untested as an independently identified overload; the export sample is not attributed to this candidate	representative admitted kind/layout cells, rejected target cells, reference values, bytecode and changing-turn behavior
stats/sum/column	0	FunctionTypeOverload { id: 0, input_layout: [Value], scheme: KindScheme { kind_parameters: [KindParameter { id: KindParameterId(0), upper_bound: None }], dimension_parameters: [DimensionParameterDeclaration { id: DimensionParameterId(0), origin: Inferred, lifetime: Turn, lower_bound: Constant(0), upper_bound: None }, DimensionParameterDeclaration { id: DimensionParameterId(1), origin: Inferred, lifetime: Turn, lower_bound: Constant(0), upper_bound: None }], inputs: Fixed([Matrix { element: Parameter(KindParameterId(0)), dimensions: [Parameter(DimensionParameterId(0)), Parameter(DimensionParameterId(1))] }]), outputs: [Matrix { element: Parameter(KindParameterId(0)), dimensions: [Parameter(DimensionParameterId(0)), Constant(1)] }], constraints: [Satisfies { kind: Parameter(KindParameterId(0)), predicate: Number }] }, output_schema_rules: [FromResolvedType] }	O01: untested as an independently identified overload; the export sample is not attributed to this candidate	representative admitted kind/layout cells, rejected target cells, reference values, bytecode and changing-turn behavior
math/log2	0	FunctionTypeOverload { id: 0, input_layout: [Value], scheme: KindScheme { kind_parameters: [KindParameter { id: KindParameterId(0), upper_bound: None }], dimension_parameters: [], inputs: Fixed([Parameter(KindParameterId(0))]), outputs: [Parameter(KindParameterId(0))], constraints: [Satisfies { kind: Parameter(KindParameterId(0)), predicate: FloatingPoint }] }, output_schema_rules: [FromResolvedType] }	O01: untested as an independently identified overload; the export sample is not attributed to this candidate	representative admitted kind/layout cells, rejected target cells, reference values, bytecode and changing-turn behavior
math/log2	1	FunctionTypeOverload { id: 1, input_layout: [Value], scheme: KindScheme { kind_parameters: [KindParameter { id: KindParameterId(0), upper_bound: None }], dimension_parameters: [DimensionParameterDeclaration { id: DimensionParameterId(0), origin: Inferred, lifetime: Turn, lower_bound: Constant(0), upper_bound: None }, DimensionParameterDeclaration { id: DimensionParameterId(1), origin: Inferred, lifetime: Turn, lower_bound: Constant(0), upper_bound: None }], inputs: Fixed([Matrix { element: Parameter(KindParameterId(0)), dimensions: [Parameter(DimensionParameterId(0)), Parameter(DimensionParameterId(1))] }]), outputs: [Matrix { element: Parameter(KindParameterId(0)), dimensions: [Parameter(DimensionParameterId(0)), Parameter(DimensionParameterId(1))] }], constraints: [Satisfies { kind: Parameter(KindParameterId(0)), predicate: FloatingPoint }] }, output_schema_rules: [FromResolvedType] }	O01: untested as an independently identified overload; the export sample is not attributed to this candidate	representative admitted kind/layout cells, rejected target cells, reference values, bytecode and changing-turn behavior
math/lgamma	0	FunctionTypeOverload { id: 0, input_layout: [Value], scheme: KindScheme { kind_parameters: [KindParameter { id: KindParameterId(0), upper_bound: None }], dimension_parameters: [], inputs: Fixed([Parameter(KindParameterId(0))]), outputs: [Parameter(KindParameterId(0))], constraints: [Satisfies { kind: Parameter(KindParameterId(0)), predicate: FloatingPoint }] }, output_schema_rules: [FromResolvedType] }	O01: untested as an independently identified overload; the export sample is not attributed to this candidate	representative admitted kind/layout cells, rejected target cells, reference values, bytecode and changing-turn behavior
math/lgamma	1	FunctionTypeOverload { id: 1, input_layout: [Value], scheme: KindScheme { kind_parameters: [KindParameter { id: KindParameterId(0), upper_bound: None }], dimension_parameters: [DimensionParameterDeclaration { id: DimensionParameterId(0), origin: Inferred, lifetime: Turn, lower_bound: Constant(0), upper_bound: None }, DimensionParameterDeclaration { id: DimensionParameterId(1), origin: Inferred, lifetime: Turn, lower_bound: Constant(0), upper_bound: None }], inputs: Fixed([Matrix { element: Parameter(KindParameterId(0)), dimensions: [Parameter(DimensionParameterId(0)), Parameter(DimensionParameterId(1))] }]), outputs: [Matrix { element: Parameter(KindParameterId(0)), dimensions: [Parameter(DimensionParameterId(0)), Parameter(DimensionParameterId(1))] }], constraints: [Satisfies { kind: Parameter(KindParameterId(0)), predicate: FloatingPoint }] }, output_schema_rules: [FromResolvedType] }	O01: untested as an independently identified overload; the export sample is not attributed to this candidate	representative admitted kind/layout cells, rejected target cells, reference values, bytecode and changing-turn behavior
math/atan	0	FunctionTypeOverload { id: 0, input_layout: [Value], scheme: KindScheme { kind_parameters: [KindParameter { id: KindParameterId(0), upper_bound: None }], dimension_parameters: [], inputs: Fixed([Parameter(KindParameterId(0))]), outputs: [Parameter(KindParameterId(0))], constraints: [Satisfies { kind: Parameter(KindParameterId(0)), predicate: FloatingPoint }] }, output_schema_rules: [FromResolvedType] }	O01: untested as an independently identified overload; the export sample is not attributed to this candidate	representative admitted kind/layout cells, rejected target cells, reference values, bytecode and changing-turn behavior
math/atan	1	FunctionTypeOverload { id: 1, input_layout: [Value], scheme: KindScheme { kind_parameters: [KindParameter { id: KindParameterId(0), upper_bound: None }], dimension_parameters: [DimensionParameterDeclaration { id: DimensionParameterId(0), origin: Inferred, lifetime: Turn, lower_bound: Constant(0), upper_bound: None }, DimensionParameterDeclaration { id: DimensionParameterId(1), origin: Inferred, lifetime: Turn, lower_bound: Constant(0), upper_bound: None }], inputs: Fixed([Matrix { element: Parameter(KindParameterId(0)), dimensions: [Parameter(DimensionParameterId(0)), Parameter(DimensionParameterId(1))] }]), outputs: [Matrix { element: Parameter(KindParameterId(0)), dimensions: [Parameter(DimensionParameterId(0)), Parameter(DimensionParameterId(1))] }], constraints: [Satisfies { kind: Parameter(KindParameterId(0)), predicate: FloatingPoint }] }, output_schema_rules: [FromResolvedType] }	O01: untested as an independently identified overload; the export sample is not attributed to this candidate	representative admitted kind/layout cells, rejected target cells, reference values, bytecode and changing-turn behavior
set/equals	0	FunctionTypeOverload { id: 0, input_layout: [Value, Value], scheme: KindScheme { kind_parameters: [KindParameter { id: KindParameterId(0), upper_bound: None }], dimension_parameters: [DimensionParameterDeclaration { id: DimensionParameterId(0), origin: Inferred, lifetime: Turn, lower_bound: Constant(0), upper_bound: None }, DimensionParameterDeclaration { id: DimensionParameterId(1), origin: Inferred, lifetime: Turn, lower_bound: Constant(0), upper_bound: None }], inputs: Fixed([Set { element: Parameter(KindParameterId(0)), cardinality: Parameter(DimensionParameterId(0)) }, Set { element: Parameter(KindParameterId(0)), cardinality: Parameter(DimensionParameterId(1)) }]), outputs: [Named(KindId(15))], constraints: [Satisfies { kind: Parameter(KindParameterId(0)), predicate: Keyable }] }, output_schema_rules: [FromResolvedType] }	O01: untested as an independently identified overload; the export sample is not attributed to this candidate	representative admitted kind/layout cells, rejected target cells, reference values, bytecode and changing-turn behavior
math/fdim	0	FunctionTypeOverload { id: 0, input_layout: [Value, Value], scheme: KindScheme { kind_parameters: [KindParameter { id: KindParameterId(0), upper_bound: None }, KindParameter { id: KindParameterId(1), upper_bound: None }, KindParameter { id: KindParameterId(2), upper_bound: None }], dimension_parameters: [], inputs: Fixed([Parameter(KindParameterId(0)), Parameter(KindParameterId(1))]), outputs: [Parameter(KindParameterId(2))], constraints: [Satisfies { kind: Parameter(KindParameterId(0)), predicate: Number }, Satisfies { kind: Parameter(KindParameterId(1)), predicate: Number }, Promotes { left: Parameter(KindParameterId(0)), right: Parameter(KindParameterId(1)), output: Parameter(KindParameterId(2)) }, Satisfies { kind: Parameter(KindParameterId(0)), predicate: FloatingPoint }, Satisfies { kind: Parameter(KindParameterId(1)), predicate: FloatingPoint }] }, output_schema_rules: [FromResolvedType] }	O01: untested as an independently identified overload; the export sample is not attributed to this candidate	representative admitted kind/layout cells, rejected target cells, reference values, bytecode and changing-turn behavior
math/fdim	1	FunctionTypeOverload { id: 1, input_layout: [Value, Value], scheme: KindScheme { kind_parameters: [KindParameter { id: KindParameterId(0), upper_bound: None }, KindParameter { id: KindParameterId(1), upper_bound: None }, KindParameter { id: KindParameterId(2), upper_bound: None }], dimension_parameters: [DimensionParameterDeclaration { id: DimensionParameterId(0), origin: Inferred, lifetime: Turn, lower_bound: Constant(0), upper_bound: None }, DimensionParameterDeclaration { id: DimensionParameterId(1), origin: Inferred, lifetime: Turn, lower_bound: Constant(0), upper_bound: None }], inputs: Fixed([Matrix { element: Parameter(KindParameterId(0)), dimensions: [Parameter(DimensionParameterId(0)), Parameter(DimensionParameterId(1))] }, Matrix { element: Parameter(KindParameterId(1)), dimensions: [Parameter(DimensionParameterId(0)), Parameter(DimensionParameterId(1))] }]), outputs: [Matrix { element: Parameter(KindParameterId(2)), dimensions: [Parameter(DimensionParameterId(0)), Parameter(DimensionParameterId(1))] }], constraints: [Satisfies { kind: Parameter(KindParameterId(0)), predicate: Number }, Satisfies { kind: Parameter(KindParameterId(1)), predicate: Number }, Promotes { left: Parameter(KindParameterId(0)), right: Parameter(KindParameterId(1)), output: Parameter(KindParameterId(2)) }, Satisfies { kind: Parameter(KindParameterId(0)), predicate: FloatingPoint }, Satisfies { kind: Parameter(KindParameterId(1)), predicate: FloatingPoint }] }, output_schema_rules: [FromResolvedType] }	O01: untested as an independently identified overload; the export sample is not attributed to this candidate	representative admitted kind/layout cells, rejected target cells, reference values, bytecode and changing-turn behavior
math/fdim	2	FunctionTypeOverload { id: 2, input_layout: [Value, Value], scheme: KindScheme { kind_parameters: [KindParameter { id: KindParameterId(0), upper_bound: None }, KindParameter { id: KindParameterId(1), upper_bound: None }, KindParameter { id: KindParameterId(2), upper_bound: None }], dimension_parameters: [DimensionParameterDeclaration { id: DimensionParameterId(0), origin: Inferred, lifetime: Turn, lower_bound: Constant(0), upper_bound: None }, DimensionParameterDeclaration { id: DimensionParameterId(1), origin: Inferred, lifetime: Turn, lower_bound: Constant(0), upper_bound: None }], inputs: Fixed([Matrix { element: Parameter(KindParameterId(0)), dimensions: [Parameter(DimensionParameterId(0)), Parameter(DimensionParameterId(1))] }, Parameter(KindParameterId(1))]), outputs: [Matrix { element: Parameter(KindParameterId(2)), dimensions: [Parameter(DimensionParameterId(0)), Parameter(DimensionParameterId(1))] }], constraints: [Satisfies { kind: Parameter(KindParameterId(0)), predicate: Number }, Satisfies { kind: Parameter(KindParameterId(1)), predicate: Number }, Promotes { left: Parameter(KindParameterId(0)), right: Parameter(KindParameterId(1)), output: Parameter(KindParameterId(2)) }, Satisfies { kind: Parameter(KindParameterId(0)), predicate: FloatingPoint }, Satisfies { kind: Parameter(KindParameterId(1)), predicate: FloatingPoint }] }, output_schema_rules: [FromResolvedType] }	O01: untested as an independently identified overload; the export sample is not attributed to this candidate	representative admitted kind/layout cells, rejected target cells, reference values, bytecode and changing-turn behavior
math/fdim	3	FunctionTypeOverload { id: 3, input_layout: [Value, Value], scheme: KindScheme { kind_parameters: [KindParameter { id: KindParameterId(0), upper_bound: None }, KindParameter { id: KindParameterId(1), upper_bound: None }, KindParameter { id: KindParameterId(2), upper_bound: None }], dimension_parameters: [DimensionParameterDeclaration { id: DimensionParameterId(0), origin: Inferred, lifetime: Turn, lower_bound: Constant(0), upper_bound: None }, DimensionParameterDeclaration { id: DimensionParameterId(1), origin: Inferred, lifetime: Turn, lower_bound: Constant(0), upper_bound: None }], inputs: Fixed([Parameter(KindParameterId(0)), Matrix { element: Parameter(KindParameterId(1)), dimensions: [Parameter(DimensionParameterId(0)), Parameter(DimensionParameterId(1))] }]), outputs: [Matrix { element: Parameter(KindParameterId(2)), dimensions: [Parameter(DimensionParameterId(0)), Parameter(DimensionParameterId(1))] }], constraints: [Satisfies { kind: Parameter(KindParameterId(0)), predicate: Number }, Satisfies { kind: Parameter(KindParameterId(1)), predicate: Number }, Promotes { left: Parameter(KindParameterId(0)), right: Parameter(KindParameterId(1)), output: Parameter(KindParameterId(2)) }, Satisfies { kind: Parameter(KindParameterId(0)), predicate: FloatingPoint }, Satisfies { kind: Parameter(KindParameterId(1)), predicate: FloatingPoint }] }, output_schema_rules: [FromResolvedType] }	O01: untested as an independently identified overload; the export sample is not attributed to this candidate	representative admitted kind/layout cells, rejected target cells, reference values, bytecode and changing-turn behavior
math/fdim	4	FunctionTypeOverload { id: 4, input_layout: [Value, Value], scheme: KindScheme { kind_parameters: [KindParameter { id: KindParameterId(0), upper_bound: None }, KindParameter { id: KindParameterId(1), upper_bound: None }, KindParameter { id: KindParameterId(2), upper_bound: None }], dimension_parameters: [DimensionParameterDeclaration { id: DimensionParameterId(0), origin: Inferred, lifetime: Turn, lower_bound: Constant(0), upper_bound: None }, DimensionParameterDeclaration { id: DimensionParameterId(1), origin: Inferred, lifetime: Turn, lower_bound: Constant(0), upper_bound: None }, DimensionParameterDeclaration { id: DimensionParameterId(2), origin: Inferred, lifetime: Turn, lower_bound: Constant(0), upper_bound: None }], inputs: Fixed([Matrix { element: Parameter(KindParameterId(0)), dimensions: [Parameter(DimensionParameterId(0)), Parameter(DimensionParameterId(1))] }, Matrix { element: Parameter(KindParameterId(1)), dimensions: [Parameter(DimensionParameterId(2)), Constant(1)] }]), outputs: [Matrix { element: Parameter(KindParameterId(2)), dimensions: [Parameter(DimensionParameterId(0)), Parameter(DimensionParameterId(1))] }], constraints: [Satisfies { kind: Parameter(KindParameterId(0)), predicate: Number }, Satisfies { kind: Parameter(KindParameterId(1)), predicate: Number }, Promotes { left: Parameter(KindParameterId(0)), right: Parameter(KindParameterId(1)), output: Parameter(KindParameterId(2)) }, DimensionCompatible(Parameter(DimensionParameterId(0)), Parameter(DimensionParameterId(2))), Satisfies { kind: Parameter(KindParameterId(0)), predicate: FloatingPoint }, Satisfies { kind: Parameter(KindParameterId(1)), predicate: FloatingPoint }] }, output_schema_rules: [FromResolvedType] }	O01: untested as an independently identified overload; the export sample is not attributed to this candidate	representative admitted kind/layout cells, rejected target cells, reference values, bytecode and changing-turn behavior
math/fdim	5	FunctionTypeOverload { id: 5, input_layout: [Value, Value], scheme: KindScheme { kind_parameters: [KindParameter { id: KindParameterId(0), upper_bound: None }, KindParameter { id: KindParameterId(1), upper_bound: None }, KindParameter { id: KindParameterId(2), upper_bound: None }], dimension_parameters: [DimensionParameterDeclaration { id: DimensionParameterId(0), origin: Inferred, lifetime: Turn, lower_bound: Constant(0), upper_bound: None }, DimensionParameterDeclaration { id: DimensionParameterId(1), origin: Inferred, lifetime: Turn, lower_bound: Constant(0), upper_bound: None }, DimensionParameterDeclaration { id: DimensionParameterId(2), origin: Inferred, lifetime: Turn, lower_bound: Constant(0), upper_bound: None }], inputs: Fixed([Matrix { element: Parameter(KindParameterId(0)), dimensions: [Parameter(DimensionParameterId(0)), Parameter(DimensionParameterId(1))] }, Matrix { element: Parameter(KindParameterId(1)), dimensions: [Constant(1), Parameter(DimensionParameterId(2))] }]), outputs: [Matrix { element: Parameter(KindParameterId(2)), dimensions: [Parameter(DimensionParameterId(0)), Parameter(DimensionParameterId(1))] }], constraints: [Satisfies { kind: Parameter(KindParameterId(0)), predicate: Number }, Satisfies { kind: Parameter(KindParameterId(1)), predicate: Number }, Promotes { left: Parameter(KindParameterId(0)), right: Parameter(KindParameterId(1)), output: Parameter(KindParameterId(2)) }, DimensionCompatible(Parameter(DimensionParameterId(1)), Parameter(DimensionParameterId(2))), Satisfies { kind: Parameter(KindParameterId(0)), predicate: FloatingPoint }, Satisfies { kind: Parameter(KindParameterId(1)), predicate: FloatingPoint }] }, output_schema_rules: [FromResolvedType] }	O01: untested as an independently identified overload; the export sample is not attributed to this candidate	representative admitted kind/layout cells, rejected target cells, reference values, bytecode and changing-turn behavior
math/fdim	6	FunctionTypeOverload { id: 6, input_layout: [Value, Value], scheme: KindScheme { kind_parameters: [KindParameter { id: KindParameterId(0), upper_bound: None }, KindParameter { id: KindParameterId(1), upper_bound: None }, KindParameter { id: KindParameterId(2), upper_bound: None }], dimension_parameters: [DimensionParameterDeclaration { id: DimensionParameterId(0), origin: Inferred, lifetime: Turn, lower_bound: Constant(0), upper_bound: None }, DimensionParameterDeclaration { id: DimensionParameterId(1), origin: Inferred, lifetime: Turn, lower_bound: Constant(0), upper_bound: None }, DimensionParameterDeclaration { id: DimensionParameterId(2), origin: Inferred, lifetime: Turn, lower_bound: Constant(0), upper_bound: None }], inputs: Fixed([Matrix { element: Parameter(KindParameterId(0)), dimensions: [Parameter(DimensionParameterId(2)), Constant(1)] }, Matrix { element: Parameter(KindParameterId(1)), dimensions: [Parameter(DimensionParameterId(0)), Parameter(DimensionParameterId(1))] }]), outputs: [Matrix { element: Parameter(KindParameterId(2)), dimensions: [Parameter(DimensionParameterId(0)), Parameter(DimensionParameterId(1))] }], constraints: [Satisfies { kind: Parameter(KindParameterId(0)), predicate: Number }, Satisfies { kind: Parameter(KindParameterId(1)), predicate: Number }, Promotes { left: Parameter(KindParameterId(0)), right: Parameter(KindParameterId(1)), output: Parameter(KindParameterId(2)) }, DimensionCompatible(Parameter(DimensionParameterId(0)), Parameter(DimensionParameterId(2))), Satisfies { kind: Parameter(KindParameterId(0)), predicate: FloatingPoint }, Satisfies { kind: Parameter(KindParameterId(1)), predicate: FloatingPoint }] }, output_schema_rules: [FromResolvedType] }	O01: untested as an independently identified overload; the export sample is not attributed to this candidate	representative admitted kind/layout cells, rejected target cells, reference values, bytecode and changing-turn behavior
math/fdim	7	FunctionTypeOverload { id: 7, input_layout: [Value, Value], scheme: KindScheme { kind_parameters: [KindParameter { id: KindParameterId(0), upper_bound: None }, KindParameter { id: KindParameterId(1), upper_bound: None }, KindParameter { id: KindParameterId(2), upper_bound: None }], dimension_parameters: [DimensionParameterDeclaration { id: DimensionParameterId(0), origin: Inferred, lifetime: Turn, lower_bound: Constant(0), upper_bound: None }, DimensionParameterDeclaration { id: DimensionParameterId(1), origin: Inferred, lifetime: Turn, lower_bound: Constant(0), upper_bound: None }, DimensionParameterDeclaration { id: DimensionParameterId(2), origin: Inferred, lifetime: Turn, lower_bound: Constant(0), upper_bound: None }], inputs: Fixed([Matrix { element: Parameter(KindParameterId(0)), dimensions: [Constant(1), Parameter(DimensionParameterId(2))] }, Matrix { element: Parameter(KindParameterId(1)), dimensions: [Parameter(DimensionParameterId(0)), Parameter(DimensionParameterId(1))] }]), outputs: [Matrix { element: Parameter(KindParameterId(2)), dimensions: [Parameter(DimensionParameterId(0)), Parameter(DimensionParameterId(1))] }], constraints: [Satisfies { kind: Parameter(KindParameterId(0)), predicate: Number }, Satisfies { kind: Parameter(KindParameterId(1)), predicate: Number }, Promotes { left: Parameter(KindParameterId(0)), right: Parameter(KindParameterId(1)), output: Parameter(KindParameterId(2)) }, DimensionCompatible(Parameter(DimensionParameterId(1)), Parameter(DimensionParameterId(2))), Satisfies { kind: Parameter(KindParameterId(0)), predicate: FloatingPoint }, Satisfies { kind: Parameter(KindParameterId(1)), predicate: FloatingPoint }] }, output_schema_rules: [FromResolvedType] }	O01: untested as an independently identified overload; the export sample is not attributed to this candidate	representative admitted kind/layout cells, rejected target cells, reference values, bytecode and changing-turn behavior
math/fdim	8	FunctionTypeOverload { id: 8, input_layout: [Value, Value], scheme: KindScheme { kind_parameters: [KindParameter { id: KindParameterId(0), upper_bound: None }, KindParameter { id: KindParameterId(1), upper_bound: None }, KindParameter { id: KindParameterId(2), upper_bound: None }], dimension_parameters: [DimensionParameterDeclaration { id: DimensionParameterId(0), origin: Inferred, lifetime: Turn, lower_bound: Constant(0), upper_bound: None }, DimensionParameterDeclaration { id: DimensionParameterId(1), origin: Inferred, lifetime: Turn, lower_bound: Constant(0), upper_bound: None }, DimensionParameterDeclaration { id: DimensionParameterId(2), origin: Inferred, lifetime: Turn, lower_bound: Constant(0), upper_bound: None }, DimensionParameterDeclaration { id: DimensionParameterId(3), origin: Inferred, lifetime: Turn, lower_bound: Constant(0), upper_bound: None }], inputs: Fixed([Matrix { element: Parameter(KindParameterId(0)), dimensions: [Parameter(DimensionParameterId(0)), Parameter(DimensionParameterId(1))] }, Matrix { element: Parameter(KindParameterId(1)), dimensions: [Parameter(DimensionParameterId(2)), Parameter(DimensionParameterId(3))] }]), outputs: [Matrix { element: Parameter(KindParameterId(2)), dimensions: [Parameter(DimensionParameterId(0)), Parameter(DimensionParameterId(1))] }], constraints: [Satisfies { kind: Parameter(KindParameterId(0)), predicate: Number }, Satisfies { kind: Parameter(KindParameterId(1)), predicate: Number }, Promotes { left: Parameter(KindParameterId(0)), right: Parameter(KindParameterId(1)), output: Parameter(KindParameterId(2)) }, DimensionCompatible(Parameter(DimensionParameterId(0)), Parameter(DimensionParameterId(2))), DimensionCompatible(Parameter(DimensionParameterId(1)), Parameter(DimensionParameterId(3))), Satisfies { kind: Parameter(KindParameterId(0)), predicate: FloatingPoint }, Satisfies { kind: Parameter(KindParameterId(1)), predicate: FloatingPoint }] }, output_schema_rules: [FromResolvedType] }	O01: untested as an independently identified overload; the export sample is not attributed to this candidate	representative admitted kind/layout cells, rejected target cells, reference values, bytecode and changing-turn behavior
math/fdim	9	FunctionTypeOverload { id: 9, input_layout: [Value, Value], scheme: KindScheme { kind_parameters: [KindParameter { id: KindParameterId(0), upper_bound: None }, KindParameter { id: KindParameterId(1), upper_bound: None }, KindParameter { id: KindParameterId(2), upper_bound: None }], dimension_parameters: [DimensionParameterDeclaration { id: DimensionParameterId(0), origin: Inferred, lifetime: Turn, lower_bound: Constant(0), upper_bound: None }, DimensionParameterDeclaration { id: DimensionParameterId(1), origin: Inferred, lifetime: Turn, lower_bound: Constant(0), upper_bound: None }, DimensionParameterDeclaration { id: DimensionParameterId(2), origin: Inferred, lifetime: Turn, lower_bound: Constant(0), upper_bound: None }, DimensionParameterDeclaration { id: DimensionParameterId(3), origin: Inferred, lifetime: Turn, lower_bound: Constant(0), upper_bound: None }], inputs: Fixed([Matrix { element: Parameter(KindParameterId(0)), dimensions: [Parameter(DimensionParameterId(0)), Parameter(DimensionParameterId(1))] }, Matrix { element: Parameter(KindParameterId(1)), dimensions: [Parameter(DimensionParameterId(2)), Parameter(DimensionParameterId(3))] }]), outputs: [Matrix { element: Parameter(KindParameterId(2)), dimensions: [Parameter(DimensionParameterId(2)), Parameter(DimensionParameterId(3))] }], constraints: [Satisfies { kind: Parameter(KindParameterId(0)), predicate: Number }, Satisfies { kind: Parameter(KindParameterId(1)), predicate: Number }, Promotes { left: Parameter(KindParameterId(0)), right: Parameter(KindParameterId(1)), output: Parameter(KindParameterId(2)) }, DimensionCompatible(Parameter(DimensionParameterId(0)), Parameter(DimensionParameterId(2))), DimensionCompatible(Parameter(DimensionParameterId(1)), Parameter(DimensionParameterId(3))), Satisfies { kind: Parameter(KindParameterId(0)), predicate: FloatingPoint }, Satisfies { kind: Parameter(KindParameterId(1)), predicate: FloatingPoint }] }, output_schema_rules: [FromResolvedType] }	O01: untested as an independently identified overload; the export sample is not attributed to this candidate	representative admitted kind/layout cells, rejected target cells, reference values, bytecode and changing-turn behavior
math/roundeven	0	FunctionTypeOverload { id: 0, input_layout: [Value], scheme: KindScheme { kind_parameters: [KindParameter { id: KindParameterId(0), upper_bound: None }], dimension_parameters: [], inputs: Fixed([Parameter(KindParameterId(0))]), outputs: [Parameter(KindParameterId(0))], constraints: [Satisfies { kind: Parameter(KindParameterId(0)), predicate: FloatingPoint }] }, output_schema_rules: [FromResolvedType] }	O01: untested as an independently identified overload; the export sample is not attributed to this candidate	representative admitted kind/layout cells, rejected target cells, reference values, bytecode and changing-turn behavior
math/roundeven	1	FunctionTypeOverload { id: 1, input_layout: [Value], scheme: KindScheme { kind_parameters: [KindParameter { id: KindParameterId(0), upper_bound: None }], dimension_parameters: [DimensionParameterDeclaration { id: DimensionParameterId(0), origin: Inferred, lifetime: Turn, lower_bound: Constant(0), upper_bound: None }, DimensionParameterDeclaration { id: DimensionParameterId(1), origin: Inferred, lifetime: Turn, lower_bound: Constant(0), upper_bound: None }], inputs: Fixed([Matrix { element: Parameter(KindParameterId(0)), dimensions: [Parameter(DimensionParameterId(0)), Parameter(DimensionParameterId(1))] }]), outputs: [Matrix { element: Parameter(KindParameterId(0)), dimensions: [Parameter(DimensionParameterId(0)), Parameter(DimensionParameterId(1))] }], constraints: [Satisfies { kind: Parameter(KindParameterId(0)), predicate: FloatingPoint }] }, output_schema_rules: [FromResolvedType] }	O01: untested as an independently identified overload; the export sample is not attributed to this candidate	representative admitted kind/layout cells, rejected target cells, reference values, bytecode and changing-turn behavior
table/join	syntax-directed	Some(FunctionTypeDeclaration { overloads: [], template: Some(TableJoin(Inner)), parameter_names: None })	O01: intrinsic contract requires operator-specific kind/layout witnesses	qualify the source intrinsic contract and supported target layouts
compare/sneq	0	FunctionTypeOverload { id: 0, input_layout: [Value, Value], scheme: KindScheme { kind_parameters: [KindParameter { id: KindParameterId(0), upper_bound: None }], dimension_parameters: [], inputs: Fixed([Parameter(KindParameterId(0)), Parameter(KindParameterId(0))]), outputs: [Named(KindId(15))], constraints: [Satisfies { kind: Parameter(KindParameterId(0)), predicate: Equatable }] }, output_schema_rules: [FromResolvedType] }	O01: untested as an independently identified overload; the export sample is not attributed to this candidate	representative admitted kind/layout cells, rejected target cells, reference values, bytecode and changing-turn behavior
compare/sneq	1	FunctionTypeOverload { id: 1, input_layout: [Value, Value], scheme: KindScheme { kind_parameters: [KindParameter { id: KindParameterId(0), upper_bound: None }], dimension_parameters: [DimensionParameterDeclaration { id: DimensionParameterId(0), origin: Inferred, lifetime: Turn, lower_bound: Constant(0), upper_bound: None }, DimensionParameterDeclaration { id: DimensionParameterId(1), origin: Inferred, lifetime: Turn, lower_bound: Constant(0), upper_bound: None }, DimensionParameterDeclaration { id: DimensionParameterId(2), origin: Inferred, lifetime: Turn, lower_bound: Constant(0), upper_bound: None }, DimensionParameterDeclaration { id: DimensionParameterId(3), origin: Inferred, lifetime: Turn, lower_bound: Constant(0), upper_bound: None }], inputs: Fixed([Matrix { element: Parameter(KindParameterId(0)), dimensions: [Parameter(DimensionParameterId(0)), Parameter(DimensionParameterId(1))] }, Matrix { element: Parameter(KindParameterId(0)), dimensions: [Parameter(DimensionParameterId(2)), Parameter(DimensionParameterId(3))] }]), outputs: [Named(KindId(15))], constraints: [Satisfies { kind: Parameter(KindParameterId(0)), predicate: Equatable }, DimensionCompatible(Parameter(DimensionParameterId(0)), Parameter(DimensionParameterId(2))), DimensionCompatible(Parameter(DimensionParameterId(1)), Parameter(DimensionParameterId(3)))] }, output_schema_rules: [FromResolvedType] }	O01: untested as an independently identified overload; the export sample is not attributed to this candidate	representative admitted kind/layout cells, rejected target cells, reference values, bytecode and changing-turn behavior
math/tan	0	FunctionTypeOverload { id: 0, input_layout: [Value], scheme: KindScheme { kind_parameters: [KindParameter { id: KindParameterId(0), upper_bound: None }], dimension_parameters: [], inputs: Fixed([Parameter(KindParameterId(0))]), outputs: [Parameter(KindParameterId(0))], constraints: [Satisfies { kind: Parameter(KindParameterId(0)), predicate: FloatingPoint }] }, output_schema_rules: [FromResolvedType] }	O01: untested as an independently identified overload; the export sample is not attributed to this candidate	representative admitted kind/layout cells, rejected target cells, reference values, bytecode and changing-turn behavior
math/tan	1	FunctionTypeOverload { id: 1, input_layout: [Value], scheme: KindScheme { kind_parameters: [KindParameter { id: KindParameterId(0), upper_bound: None }], dimension_parameters: [DimensionParameterDeclaration { id: DimensionParameterId(0), origin: Inferred, lifetime: Turn, lower_bound: Constant(0), upper_bound: None }, DimensionParameterDeclaration { id: DimensionParameterId(1), origin: Inferred, lifetime: Turn, lower_bound: Constant(0), upper_bound: None }], inputs: Fixed([Matrix { element: Parameter(KindParameterId(0)), dimensions: [Parameter(DimensionParameterId(0)), Parameter(DimensionParameterId(1))] }]), outputs: [Matrix { element: Parameter(KindParameterId(0)), dimensions: [Parameter(DimensionParameterId(0)), Parameter(DimensionParameterId(1))] }], constraints: [Satisfies { kind: Parameter(KindParameterId(0)), predicate: FloatingPoint }] }, output_schema_rules: [FromResolvedType] }	O01: untested as an independently identified overload; the export sample is not attributed to this candidate	representative admitted kind/layout cells, rejected target cells, reference values, bytecode and changing-turn behavior
set/cartesian-product	0	FunctionTypeOverload { id: 0, input_layout: [Value, Value], scheme: KindScheme { kind_parameters: [KindParameter { id: KindParameterId(0), upper_bound: None }, KindParameter { id: KindParameterId(1), upper_bound: None }], dimension_parameters: [DimensionParameterDeclaration { id: DimensionParameterId(0), origin: Inferred, lifetime: Turn, lower_bound: Constant(0), upper_bound: None }, DimensionParameterDeclaration { id: DimensionParameterId(1), origin: Inferred, lifetime: Turn, lower_bound: Constant(0), upper_bound: None }, DimensionParameterDeclaration { id: DimensionParameterId(2), origin: Inferred, lifetime: Turn, lower_bound: Constant(0), upper_bound: Some(Multiply([Parameter(DimensionParameterId(0)), Parameter(DimensionParameterId(1))])) }], inputs: Fixed([Set { element: Parameter(KindParameterId(0)), cardinality: Parameter(DimensionParameterId(0)) }, Set { element: Parameter(KindParameterId(1)), cardinality: Parameter(DimensionParameterId(1)) }]), outputs: [Set { element: Tuple([Parameter(KindParameterId(0)), Parameter(KindParameterId(1))]), cardinality: Parameter(DimensionParameterId(2)) }], constraints: [] }, output_schema_rules: [DynamicSetCartesianProduct] }	O01: untested as an independently identified overload; the export sample is not attributed to this candidate	representative admitted kind/layout cells, rejected target cells, reference values, bytecode and changing-turn behavior
math/bessel/yn	0	FunctionTypeOverload { id: 0, input_layout: [Value, Value], scheme: KindScheme { kind_parameters: [KindParameter { id: KindParameterId(0), upper_bound: None }, KindParameter { id: KindParameterId(1), upper_bound: None }, KindParameter { id: KindParameterId(2), upper_bound: None }], dimension_parameters: [], inputs: Fixed([Parameter(KindParameterId(0)), Parameter(KindParameterId(1))]), outputs: [Parameter(KindParameterId(2))], constraints: [Satisfies { kind: Parameter(KindParameterId(0)), predicate: Number }, Satisfies { kind: Parameter(KindParameterId(1)), predicate: Number }, Promotes { left: Parameter(KindParameterId(0)), right: Parameter(KindParameterId(1)), output: Parameter(KindParameterId(2)) }, Satisfies { kind: Parameter(KindParameterId(0)), predicate: FloatingPoint }, Satisfies { kind: Parameter(KindParameterId(1)), predicate: FloatingPoint }] }, output_schema_rules: [FromResolvedType] }	O01: untested as an independently identified overload; the export sample is not attributed to this candidate	representative admitted kind/layout cells, rejected target cells, reference values, bytecode and changing-turn behavior
math/bessel/yn	1	FunctionTypeOverload { id: 1, input_layout: [Value, Value], scheme: KindScheme { kind_parameters: [KindParameter { id: KindParameterId(0), upper_bound: None }, KindParameter { id: KindParameterId(1), upper_bound: None }, KindParameter { id: KindParameterId(2), upper_bound: None }], dimension_parameters: [DimensionParameterDeclaration { id: DimensionParameterId(0), origin: Inferred, lifetime: Turn, lower_bound: Constant(0), upper_bound: None }, DimensionParameterDeclaration { id: DimensionParameterId(1), origin: Inferred, lifetime: Turn, lower_bound: Constant(0), upper_bound: None }], inputs: Fixed([Matrix { element: Parameter(KindParameterId(0)), dimensions: [Parameter(DimensionParameterId(0)), Parameter(DimensionParameterId(1))] }, Matrix { element: Parameter(KindParameterId(1)), dimensions: [Parameter(DimensionParameterId(0)), Parameter(DimensionParameterId(1))] }]), outputs: [Matrix { element: Parameter(KindParameterId(2)), dimensions: [Parameter(DimensionParameterId(0)), Parameter(DimensionParameterId(1))] }], constraints: [Satisfies { kind: Parameter(KindParameterId(0)), predicate: Number }, Satisfies { kind: Parameter(KindParameterId(1)), predicate: Number }, Promotes { left: Parameter(KindParameterId(0)), right: Parameter(KindParameterId(1)), output: Parameter(KindParameterId(2)) }, Satisfies { kind: Parameter(KindParameterId(0)), predicate: FloatingPoint }, Satisfies { kind: Parameter(KindParameterId(1)), predicate: FloatingPoint }] }, output_schema_rules: [FromResolvedType] }	O01: untested as an independently identified overload; the export sample is not attributed to this candidate	representative admitted kind/layout cells, rejected target cells, reference values, bytecode and changing-turn behavior
math/bessel/yn	2	FunctionTypeOverload { id: 2, input_layout: [Value, Value], scheme: KindScheme { kind_parameters: [KindParameter { id: KindParameterId(0), upper_bound: None }, KindParameter { id: KindParameterId(1), upper_bound: None }, KindParameter { id: KindParameterId(2), upper_bound: None }], dimension_parameters: [DimensionParameterDeclaration { id: DimensionParameterId(0), origin: Inferred, lifetime: Turn, lower_bound: Constant(0), upper_bound: None }, DimensionParameterDeclaration { id: DimensionParameterId(1), origin: Inferred, lifetime: Turn, lower_bound: Constant(0), upper_bound: None }], inputs: Fixed([Matrix { element: Parameter(KindParameterId(0)), dimensions: [Parameter(DimensionParameterId(0)), Parameter(DimensionParameterId(1))] }, Parameter(KindParameterId(1))]), outputs: [Matrix { element: Parameter(KindParameterId(2)), dimensions: [Parameter(DimensionParameterId(0)), Parameter(DimensionParameterId(1))] }], constraints: [Satisfies { kind: Parameter(KindParameterId(0)), predicate: Number }, Satisfies { kind: Parameter(KindParameterId(1)), predicate: Number }, Promotes { left: Parameter(KindParameterId(0)), right: Parameter(KindParameterId(1)), output: Parameter(KindParameterId(2)) }, Satisfies { kind: Parameter(KindParameterId(0)), predicate: FloatingPoint }, Satisfies { kind: Parameter(KindParameterId(1)), predicate: FloatingPoint }] }, output_schema_rules: [FromResolvedType] }	O01: untested as an independently identified overload; the export sample is not attributed to this candidate	representative admitted kind/layout cells, rejected target cells, reference values, bytecode and changing-turn behavior
math/bessel/yn	3	FunctionTypeOverload { id: 3, input_layout: [Value, Value], scheme: KindScheme { kind_parameters: [KindParameter { id: KindParameterId(0), upper_bound: None }, KindParameter { id: KindParameterId(1), upper_bound: None }, KindParameter { id: KindParameterId(2), upper_bound: None }], dimension_parameters: [DimensionParameterDeclaration { id: DimensionParameterId(0), origin: Inferred, lifetime: Turn, lower_bound: Constant(0), upper_bound: None }, DimensionParameterDeclaration { id: DimensionParameterId(1), origin: Inferred, lifetime: Turn, lower_bound: Constant(0), upper_bound: None }], inputs: Fixed([Parameter(KindParameterId(0)), Matrix { element: Parameter(KindParameterId(1)), dimensions: [Parameter(DimensionParameterId(0)), Parameter(DimensionParameterId(1))] }]), outputs: [Matrix { element: Parameter(KindParameterId(2)), dimensions: [Parameter(DimensionParameterId(0)), Parameter(DimensionParameterId(1))] }], constraints: [Satisfies { kind: Parameter(KindParameterId(0)), predicate: Number }, Satisfies { kind: Parameter(KindParameterId(1)), predicate: Number }, Promotes { left: Parameter(KindParameterId(0)), right: Parameter(KindParameterId(1)), output: Parameter(KindParameterId(2)) }, Satisfies { kind: Parameter(KindParameterId(0)), predicate: FloatingPoint }, Satisfies { kind: Parameter(KindParameterId(1)), predicate: FloatingPoint }] }, output_schema_rules: [FromResolvedType] }	O01: untested as an independently identified overload; the export sample is not attributed to this candidate	representative admitted kind/layout cells, rejected target cells, reference values, bytecode and changing-turn behavior
math/bessel/yn	4	FunctionTypeOverload { id: 4, input_layout: [Value, Value], scheme: KindScheme { kind_parameters: [KindParameter { id: KindParameterId(0), upper_bound: None }, KindParameter { id: KindParameterId(1), upper_bound: None }, KindParameter { id: KindParameterId(2), upper_bound: None }], dimension_parameters: [DimensionParameterDeclaration { id: DimensionParameterId(0), origin: Inferred, lifetime: Turn, lower_bound: Constant(0), upper_bound: None }, DimensionParameterDeclaration { id: DimensionParameterId(1), origin: Inferred, lifetime: Turn, lower_bound: Constant(0), upper_bound: None }, DimensionParameterDeclaration { id: DimensionParameterId(2), origin: Inferred, lifetime: Turn, lower_bound: Constant(0), upper_bound: None }], inputs: Fixed([Matrix { element: Parameter(KindParameterId(0)), dimensions: [Parameter(DimensionParameterId(0)), Parameter(DimensionParameterId(1))] }, Matrix { element: Parameter(KindParameterId(1)), dimensions: [Parameter(DimensionParameterId(2)), Constant(1)] }]), outputs: [Matrix { element: Parameter(KindParameterId(2)), dimensions: [Parameter(DimensionParameterId(0)), Parameter(DimensionParameterId(1))] }], constraints: [Satisfies { kind: Parameter(KindParameterId(0)), predicate: Number }, Satisfies { kind: Parameter(KindParameterId(1)), predicate: Number }, Promotes { left: Parameter(KindParameterId(0)), right: Parameter(KindParameterId(1)), output: Parameter(KindParameterId(2)) }, DimensionCompatible(Parameter(DimensionParameterId(0)), Parameter(DimensionParameterId(2))), Satisfies { kind: Parameter(KindParameterId(0)), predicate: FloatingPoint }, Satisfies { kind: Parameter(KindParameterId(1)), predicate: FloatingPoint }] }, output_schema_rules: [FromResolvedType] }	O01: untested as an independently identified overload; the export sample is not attributed to this candidate	representative admitted kind/layout cells, rejected target cells, reference values, bytecode and changing-turn behavior
math/bessel/yn	5	FunctionTypeOverload { id: 5, input_layout: [Value, Value], scheme: KindScheme { kind_parameters: [KindParameter { id: KindParameterId(0), upper_bound: None }, KindParameter { id: KindParameterId(1), upper_bound: None }, KindParameter { id: KindParameterId(2), upper_bound: None }], dimension_parameters: [DimensionParameterDeclaration { id: DimensionParameterId(0), origin: Inferred, lifetime: Turn, lower_bound: Constant(0), upper_bound: None }, DimensionParameterDeclaration { id: DimensionParameterId(1), origin: Inferred, lifetime: Turn, lower_bound: Constant(0), upper_bound: None }, DimensionParameterDeclaration { id: DimensionParameterId(2), origin: Inferred, lifetime: Turn, lower_bound: Constant(0), upper_bound: None }], inputs: Fixed([Matrix { element: Parameter(KindParameterId(0)), dimensions: [Parameter(DimensionParameterId(0)), Parameter(DimensionParameterId(1))] }, Matrix { element: Parameter(KindParameterId(1)), dimensions: [Constant(1), Parameter(DimensionParameterId(2))] }]), outputs: [Matrix { element: Parameter(KindParameterId(2)), dimensions: [Parameter(DimensionParameterId(0)), Parameter(DimensionParameterId(1))] }], constraints: [Satisfies { kind: Parameter(KindParameterId(0)), predicate: Number }, Satisfies { kind: Parameter(KindParameterId(1)), predicate: Number }, Promotes { left: Parameter(KindParameterId(0)), right: Parameter(KindParameterId(1)), output: Parameter(KindParameterId(2)) }, DimensionCompatible(Parameter(DimensionParameterId(1)), Parameter(DimensionParameterId(2))), Satisfies { kind: Parameter(KindParameterId(0)), predicate: FloatingPoint }, Satisfies { kind: Parameter(KindParameterId(1)), predicate: FloatingPoint }] }, output_schema_rules: [FromResolvedType] }	O01: untested as an independently identified overload; the export sample is not attributed to this candidate	representative admitted kind/layout cells, rejected target cells, reference values, bytecode and changing-turn behavior
math/bessel/yn	6	FunctionTypeOverload { id: 6, input_layout: [Value, Value], scheme: KindScheme { kind_parameters: [KindParameter { id: KindParameterId(0), upper_bound: None }, KindParameter { id: KindParameterId(1), upper_bound: None }, KindParameter { id: KindParameterId(2), upper_bound: None }], dimension_parameters: [DimensionParameterDeclaration { id: DimensionParameterId(0), origin: Inferred, lifetime: Turn, lower_bound: Constant(0), upper_bound: None }, DimensionParameterDeclaration { id: DimensionParameterId(1), origin: Inferred, lifetime: Turn, lower_bound: Constant(0), upper_bound: None }, DimensionParameterDeclaration { id: DimensionParameterId(2), origin: Inferred, lifetime: Turn, lower_bound: Constant(0), upper_bound: None }], inputs: Fixed([Matrix { element: Parameter(KindParameterId(0)), dimensions: [Parameter(DimensionParameterId(2)), Constant(1)] }, Matrix { element: Parameter(KindParameterId(1)), dimensions: [Parameter(DimensionParameterId(0)), Parameter(DimensionParameterId(1))] }]), outputs: [Matrix { element: Parameter(KindParameterId(2)), dimensions: [Parameter(DimensionParameterId(0)), Parameter(DimensionParameterId(1))] }], constraints: [Satisfies { kind: Parameter(KindParameterId(0)), predicate: Number }, Satisfies { kind: Parameter(KindParameterId(1)), predicate: Number }, Promotes { left: Parameter(KindParameterId(0)), right: Parameter(KindParameterId(1)), output: Parameter(KindParameterId(2)) }, DimensionCompatible(Parameter(DimensionParameterId(0)), Parameter(DimensionParameterId(2))), Satisfies { kind: Parameter(KindParameterId(0)), predicate: FloatingPoint }, Satisfies { kind: Parameter(KindParameterId(1)), predicate: FloatingPoint }] }, output_schema_rules: [FromResolvedType] }	O01: untested as an independently identified overload; the export sample is not attributed to this candidate	representative admitted kind/layout cells, rejected target cells, reference values, bytecode and changing-turn behavior
math/bessel/yn	7	FunctionTypeOverload { id: 7, input_layout: [Value, Value], scheme: KindScheme { kind_parameters: [KindParameter { id: KindParameterId(0), upper_bound: None }, KindParameter { id: KindParameterId(1), upper_bound: None }, KindParameter { id: KindParameterId(2), upper_bound: None }], dimension_parameters: [DimensionParameterDeclaration { id: DimensionParameterId(0), origin: Inferred, lifetime: Turn, lower_bound: Constant(0), upper_bound: None }, DimensionParameterDeclaration { id: DimensionParameterId(1), origin: Inferred, lifetime: Turn, lower_bound: Constant(0), upper_bound: None }, DimensionParameterDeclaration { id: DimensionParameterId(2), origin: Inferred, lifetime: Turn, lower_bound: Constant(0), upper_bound: None }], inputs: Fixed([Matrix { element: Parameter(KindParameterId(0)), dimensions: [Constant(1), Parameter(DimensionParameterId(2))] }, Matrix { element: Parameter(KindParameterId(1)), dimensions: [Parameter(DimensionParameterId(0)), Parameter(DimensionParameterId(1))] }]), outputs: [Matrix { element: Parameter(KindParameterId(2)), dimensions: [Parameter(DimensionParameterId(0)), Parameter(DimensionParameterId(1))] }], constraints: [Satisfies { kind: Parameter(KindParameterId(0)), predicate: Number }, Satisfies { kind: Parameter(KindParameterId(1)), predicate: Number }, Promotes { left: Parameter(KindParameterId(0)), right: Parameter(KindParameterId(1)), output: Parameter(KindParameterId(2)) }, DimensionCompatible(Parameter(DimensionParameterId(1)), Parameter(DimensionParameterId(2))), Satisfies { kind: Parameter(KindParameterId(0)), predicate: FloatingPoint }, Satisfies { kind: Parameter(KindParameterId(1)), predicate: FloatingPoint }] }, output_schema_rules: [FromResolvedType] }	O01: untested as an independently identified overload; the export sample is not attributed to this candidate	representative admitted kind/layout cells, rejected target cells, reference values, bytecode and changing-turn behavior
math/bessel/yn	8	FunctionTypeOverload { id: 8, input_layout: [Value, Value], scheme: KindScheme { kind_parameters: [KindParameter { id: KindParameterId(0), upper_bound: None }, KindParameter { id: KindParameterId(1), upper_bound: None }, KindParameter { id: KindParameterId(2), upper_bound: None }], dimension_parameters: [DimensionParameterDeclaration { id: DimensionParameterId(0), origin: Inferred, lifetime: Turn, lower_bound: Constant(0), upper_bound: None }, DimensionParameterDeclaration { id: DimensionParameterId(1), origin: Inferred, lifetime: Turn, lower_bound: Constant(0), upper_bound: None }, DimensionParameterDeclaration { id: DimensionParameterId(2), origin: Inferred, lifetime: Turn, lower_bound: Constant(0), upper_bound: None }, DimensionParameterDeclaration { id: DimensionParameterId(3), origin: Inferred, lifetime: Turn, lower_bound: Constant(0), upper_bound: None }], inputs: Fixed([Matrix { element: Parameter(KindParameterId(0)), dimensions: [Parameter(DimensionParameterId(0)), Parameter(DimensionParameterId(1))] }, Matrix { element: Parameter(KindParameterId(1)), dimensions: [Parameter(DimensionParameterId(2)), Parameter(DimensionParameterId(3))] }]), outputs: [Matrix { element: Parameter(KindParameterId(2)), dimensions: [Parameter(DimensionParameterId(0)), Parameter(DimensionParameterId(1))] }], constraints: [Satisfies { kind: Parameter(KindParameterId(0)), predicate: Number }, Satisfies { kind: Parameter(KindParameterId(1)), predicate: Number }, Promotes { left: Parameter(KindParameterId(0)), right: Parameter(KindParameterId(1)), output: Parameter(KindParameterId(2)) }, DimensionCompatible(Parameter(DimensionParameterId(0)), Parameter(DimensionParameterId(2))), DimensionCompatible(Parameter(DimensionParameterId(1)), Parameter(DimensionParameterId(3))), Satisfies { kind: Parameter(KindParameterId(0)), predicate: FloatingPoint }, Satisfies { kind: Parameter(KindParameterId(1)), predicate: FloatingPoint }] }, output_schema_rules: [FromResolvedType] }	O01: untested as an independently identified overload; the export sample is not attributed to this candidate	representative admitted kind/layout cells, rejected target cells, reference values, bytecode and changing-turn behavior
math/bessel/yn	9	FunctionTypeOverload { id: 9, input_layout: [Value, Value], scheme: KindScheme { kind_parameters: [KindParameter { id: KindParameterId(0), upper_bound: None }, KindParameter { id: KindParameterId(1), upper_bound: None }, KindParameter { id: KindParameterId(2), upper_bound: None }], dimension_parameters: [DimensionParameterDeclaration { id: DimensionParameterId(0), origin: Inferred, lifetime: Turn, lower_bound: Constant(0), upper_bound: None }, DimensionParameterDeclaration { id: DimensionParameterId(1), origin: Inferred, lifetime: Turn, lower_bound: Constant(0), upper_bound: None }, DimensionParameterDeclaration { id: DimensionParameterId(2), origin: Inferred, lifetime: Turn, lower_bound: Constant(0), upper_bound: None }, DimensionParameterDeclaration { id: DimensionParameterId(3), origin: Inferred, lifetime: Turn, lower_bound: Constant(0), upper_bound: None }], inputs: Fixed([Matrix { element: Parameter(KindParameterId(0)), dimensions: [Parameter(DimensionParameterId(0)), Parameter(DimensionParameterId(1))] }, Matrix { element: Parameter(KindParameterId(1)), dimensions: [Parameter(DimensionParameterId(2)), Parameter(DimensionParameterId(3))] }]), outputs: [Matrix { element: Parameter(KindParameterId(2)), dimensions: [Parameter(DimensionParameterId(2)), Parameter(DimensionParameterId(3))] }], constraints: [Satisfies { kind: Parameter(KindParameterId(0)), predicate: Number }, Satisfies { kind: Parameter(KindParameterId(1)), predicate: Number }, Promotes { left: Parameter(KindParameterId(0)), right: Parameter(KindParameterId(1)), output: Parameter(KindParameterId(2)) }, DimensionCompatible(Parameter(DimensionParameterId(0)), Parameter(DimensionParameterId(2))), DimensionCompatible(Parameter(DimensionParameterId(1)), Parameter(DimensionParameterId(3))), Satisfies { kind: Parameter(KindParameterId(0)), predicate: FloatingPoint }, Satisfies { kind: Parameter(KindParameterId(1)), predicate: FloatingPoint }] }, output_schema_rules: [FromResolvedType] }	O01: untested as an independently identified overload; the export sample is not attributed to this candidate	representative admitted kind/layout cells, rejected target cells, reference values, bytecode and changing-turn behavior
math/cosh	0	FunctionTypeOverload { id: 0, input_layout: [Value], scheme: KindScheme { kind_parameters: [KindParameter { id: KindParameterId(0), upper_bound: None }], dimension_parameters: [], inputs: Fixed([Parameter(KindParameterId(0))]), outputs: [Parameter(KindParameterId(0))], constraints: [Satisfies { kind: Parameter(KindParameterId(0)), predicate: FloatingPoint }] }, output_schema_rules: [FromResolvedType] }	O01: untested as an independently identified overload; the export sample is not attributed to this candidate	representative admitted kind/layout cells, rejected target cells, reference values, bytecode and changing-turn behavior
math/cosh	1	FunctionTypeOverload { id: 1, input_layout: [Value], scheme: KindScheme { kind_parameters: [KindParameter { id: KindParameterId(0), upper_bound: None }], dimension_parameters: [DimensionParameterDeclaration { id: DimensionParameterId(0), origin: Inferred, lifetime: Turn, lower_bound: Constant(0), upper_bound: None }, DimensionParameterDeclaration { id: DimensionParameterId(1), origin: Inferred, lifetime: Turn, lower_bound: Constant(0), upper_bound: None }], inputs: Fixed([Matrix { element: Parameter(KindParameterId(0)), dimensions: [Parameter(DimensionParameterId(0)), Parameter(DimensionParameterId(1))] }]), outputs: [Matrix { element: Parameter(KindParameterId(0)), dimensions: [Parameter(DimensionParameterId(0)), Parameter(DimensionParameterId(1))] }], constraints: [Satisfies { kind: Parameter(KindParameterId(0)), predicate: FloatingPoint }] }, output_schema_rules: [FromResolvedType] }	O01: untested as an independently identified overload; the export sample is not attributed to this candidate	representative admitted kind/layout cells, rejected target cells, reference values, bytecode and changing-turn behavior
math/asinh	0	FunctionTypeOverload { id: 0, input_layout: [Value], scheme: KindScheme { kind_parameters: [KindParameter { id: KindParameterId(0), upper_bound: None }], dimension_parameters: [], inputs: Fixed([Parameter(KindParameterId(0))]), outputs: [Parameter(KindParameterId(0))], constraints: [Satisfies { kind: Parameter(KindParameterId(0)), predicate: FloatingPoint }] }, output_schema_rules: [FromResolvedType] }	O01: untested as an independently identified overload; the export sample is not attributed to this candidate	representative admitted kind/layout cells, rejected target cells, reference values, bytecode and changing-turn behavior
math/asinh	1	FunctionTypeOverload { id: 1, input_layout: [Value], scheme: KindScheme { kind_parameters: [KindParameter { id: KindParameterId(0), upper_bound: None }], dimension_parameters: [DimensionParameterDeclaration { id: DimensionParameterId(0), origin: Inferred, lifetime: Turn, lower_bound: Constant(0), upper_bound: None }, DimensionParameterDeclaration { id: DimensionParameterId(1), origin: Inferred, lifetime: Turn, lower_bound: Constant(0), upper_bound: None }], inputs: Fixed([Matrix { element: Parameter(KindParameterId(0)), dimensions: [Parameter(DimensionParameterId(0)), Parameter(DimensionParameterId(1))] }]), outputs: [Matrix { element: Parameter(KindParameterId(0)), dimensions: [Parameter(DimensionParameterId(0)), Parameter(DimensionParameterId(1))] }], constraints: [Satisfies { kind: Parameter(KindParameterId(0)), predicate: FloatingPoint }] }, output_schema_rules: [FromResolvedType] }	O01: untested as an independently identified overload; the export sample is not attributed to this candidate	representative admitted kind/layout cells, rejected target cells, reference values, bytecode and changing-turn behavior
set/comprehension	0	FunctionTypeOverload { id: 0, input_layout: [], scheme: KindScheme { kind_parameters: [], dimension_parameters: [DimensionParameterDeclaration { id: DimensionParameterId(0), origin: Inferred, lifetime: Turn, lower_bound: Constant(0), upper_bound: None }], inputs: Fixed([]), outputs: [Set { element: Tuple([]), cardinality: Parameter(DimensionParameterId(0)) }], constraints: [Satisfies { kind: Tuple([]), predicate: Keyable }] }, output_schema_rules: [FromResolvedType] }	O01: untested as an independently identified overload; the export sample is not attributed to this candidate	representative admitted kind/layout cells, rejected target cells, reference values, bytecode and changing-turn behavior
set/comprehension	1	FunctionTypeOverload { id: 1, input_layout: [Value], scheme: KindScheme { kind_parameters: [KindParameter { id: KindParameterId(0), upper_bound: None }], dimension_parameters: [DimensionParameterDeclaration { id: DimensionParameterId(0), origin: Inferred, lifetime: Turn, lower_bound: Constant(0), upper_bound: None }], inputs: Variadic { prefix: [], repeated: Parameter(KindParameterId(0)), min_repetitions: 1 }, outputs: [Set { element: Parameter(KindParameterId(0)), cardinality: Parameter(DimensionParameterId(0)) }], constraints: [Satisfies { kind: Parameter(KindParameterId(0)), predicate: Keyable }] }, output_schema_rules: [FromResolvedType] }	O01: untested as an independently identified overload; the export sample is not attributed to this candidate	representative admitted kind/layout cells, rejected target cells, reference values, bytecode and changing-turn behavior
matrix/comprehension	0	FunctionTypeOverload { id: 0, input_layout: [Value], scheme: KindScheme { kind_parameters: [KindParameter { id: KindParameterId(0), upper_bound: None }], dimension_parameters: [DimensionParameterDeclaration { id: DimensionParameterId(0), origin: Inferred, lifetime: Turn, lower_bound: Constant(0), upper_bound: None }, DimensionParameterDeclaration { id: DimensionParameterId(1), origin: Inferred, lifetime: Turn, lower_bound: Constant(0), upper_bound: None }], inputs: Variadic { prefix: [], repeated: Parameter(KindParameterId(0)), min_repetitions: 0 }, outputs: [Matrix { element: Parameter(KindParameterId(0)), dimensions: [Parameter(DimensionParameterId(0)), Parameter(DimensionParameterId(1))] }], constraints: [] }, output_schema_rules: [FromResolvedType] }	O01: untested as an independently identified overload; the export sample is not attributed to this candidate	representative admitted kind/layout cells, rejected target cells, reference values, bytecode and changing-turn behavior
table/left-outer-join	syntax-directed	Some(FunctionTypeDeclaration { overloads: [], template: Some(TableJoin(LeftOuter)), parameter_names: None })	O01: intrinsic contract requires operator-specific kind/layout witnesses	qualify the source intrinsic contract and supported target layouts
math/fmod	0	FunctionTypeOverload { id: 0, input_layout: [Value, Value], scheme: KindScheme { kind_parameters: [KindParameter { id: KindParameterId(0), upper_bound: None }, KindParameter { id: KindParameterId(1), upper_bound: None }, KindParameter { id: KindParameterId(2), upper_bound: None }], dimension_parameters: [], inputs: Fixed([Parameter(KindParameterId(0)), Parameter(KindParameterId(1))]), outputs: [Parameter(KindParameterId(2))], constraints: [Satisfies { kind: Parameter(KindParameterId(0)), predicate: Number }, Satisfies { kind: Parameter(KindParameterId(1)), predicate: Number }, Promotes { left: Parameter(KindParameterId(0)), right: Parameter(KindParameterId(1)), output: Parameter(KindParameterId(2)) }, Satisfies { kind: Parameter(KindParameterId(0)), predicate: FloatingPoint }, Satisfies { kind: Parameter(KindParameterId(1)), predicate: FloatingPoint }] }, output_schema_rules: [FromResolvedType] }	O01: untested as an independently identified overload; the export sample is not attributed to this candidate	representative admitted kind/layout cells, rejected target cells, reference values, bytecode and changing-turn behavior
math/fmod	1	FunctionTypeOverload { id: 1, input_layout: [Value, Value], scheme: KindScheme { kind_parameters: [KindParameter { id: KindParameterId(0), upper_bound: None }, KindParameter { id: KindParameterId(1), upper_bound: None }, KindParameter { id: KindParameterId(2), upper_bound: None }], dimension_parameters: [DimensionParameterDeclaration { id: DimensionParameterId(0), origin: Inferred, lifetime: Turn, lower_bound: Constant(0), upper_bound: None }, DimensionParameterDeclaration { id: DimensionParameterId(1), origin: Inferred, lifetime: Turn, lower_bound: Constant(0), upper_bound: None }], inputs: Fixed([Matrix { element: Parameter(KindParameterId(0)), dimensions: [Parameter(DimensionParameterId(0)), Parameter(DimensionParameterId(1))] }, Matrix { element: Parameter(KindParameterId(1)), dimensions: [Parameter(DimensionParameterId(0)), Parameter(DimensionParameterId(1))] }]), outputs: [Matrix { element: Parameter(KindParameterId(2)), dimensions: [Parameter(DimensionParameterId(0)), Parameter(DimensionParameterId(1))] }], constraints: [Satisfies { kind: Parameter(KindParameterId(0)), predicate: Number }, Satisfies { kind: Parameter(KindParameterId(1)), predicate: Number }, Promotes { left: Parameter(KindParameterId(0)), right: Parameter(KindParameterId(1)), output: Parameter(KindParameterId(2)) }, Satisfies { kind: Parameter(KindParameterId(0)), predicate: FloatingPoint }, Satisfies { kind: Parameter(KindParameterId(1)), predicate: FloatingPoint }] }, output_schema_rules: [FromResolvedType] }	O01: untested as an independently identified overload; the export sample is not attributed to this candidate	representative admitted kind/layout cells, rejected target cells, reference values, bytecode and changing-turn behavior
math/fmod	2	FunctionTypeOverload { id: 2, input_layout: [Value, Value], scheme: KindScheme { kind_parameters: [KindParameter { id: KindParameterId(0), upper_bound: None }, KindParameter { id: KindParameterId(1), upper_bound: None }, KindParameter { id: KindParameterId(2), upper_bound: None }], dimension_parameters: [DimensionParameterDeclaration { id: DimensionParameterId(0), origin: Inferred, lifetime: Turn, lower_bound: Constant(0), upper_bound: None }, DimensionParameterDeclaration { id: DimensionParameterId(1), origin: Inferred, lifetime: Turn, lower_bound: Constant(0), upper_bound: None }], inputs: Fixed([Matrix { element: Parameter(KindParameterId(0)), dimensions: [Parameter(DimensionParameterId(0)), Parameter(DimensionParameterId(1))] }, Parameter(KindParameterId(1))]), outputs: [Matrix { element: Parameter(KindParameterId(2)), dimensions: [Parameter(DimensionParameterId(0)), Parameter(DimensionParameterId(1))] }], constraints: [Satisfies { kind: Parameter(KindParameterId(0)), predicate: Number }, Satisfies { kind: Parameter(KindParameterId(1)), predicate: Number }, Promotes { left: Parameter(KindParameterId(0)), right: Parameter(KindParameterId(1)), output: Parameter(KindParameterId(2)) }, Satisfies { kind: Parameter(KindParameterId(0)), predicate: FloatingPoint }, Satisfies { kind: Parameter(KindParameterId(1)), predicate: FloatingPoint }] }, output_schema_rules: [FromResolvedType] }	O01: untested as an independently identified overload; the export sample is not attributed to this candidate	representative admitted kind/layout cells, rejected target cells, reference values, bytecode and changing-turn behavior
math/fmod	3	FunctionTypeOverload { id: 3, input_layout: [Value, Value], scheme: KindScheme { kind_parameters: [KindParameter { id: KindParameterId(0), upper_bound: None }, KindParameter { id: KindParameterId(1), upper_bound: None }, KindParameter { id: KindParameterId(2), upper_bound: None }], dimension_parameters: [DimensionParameterDeclaration { id: DimensionParameterId(0), origin: Inferred, lifetime: Turn, lower_bound: Constant(0), upper_bound: None }, DimensionParameterDeclaration { id: DimensionParameterId(1), origin: Inferred, lifetime: Turn, lower_bound: Constant(0), upper_bound: None }], inputs: Fixed([Parameter(KindParameterId(0)), Matrix { element: Parameter(KindParameterId(1)), dimensions: [Parameter(DimensionParameterId(0)), Parameter(DimensionParameterId(1))] }]), outputs: [Matrix { element: Parameter(KindParameterId(2)), dimensions: [Parameter(DimensionParameterId(0)), Parameter(DimensionParameterId(1))] }], constraints: [Satisfies { kind: Parameter(KindParameterId(0)), predicate: Number }, Satisfies { kind: Parameter(KindParameterId(1)), predicate: Number }, Promotes { left: Parameter(KindParameterId(0)), right: Parameter(KindParameterId(1)), output: Parameter(KindParameterId(2)) }, Satisfies { kind: Parameter(KindParameterId(0)), predicate: FloatingPoint }, Satisfies { kind: Parameter(KindParameterId(1)), predicate: FloatingPoint }] }, output_schema_rules: [FromResolvedType] }	O01: untested as an independently identified overload; the export sample is not attributed to this candidate	representative admitted kind/layout cells, rejected target cells, reference values, bytecode and changing-turn behavior
math/fmod	4	FunctionTypeOverload { id: 4, input_layout: [Value, Value], scheme: KindScheme { kind_parameters: [KindParameter { id: KindParameterId(0), upper_bound: None }, KindParameter { id: KindParameterId(1), upper_bound: None }, KindParameter { id: KindParameterId(2), upper_bound: None }], dimension_parameters: [DimensionParameterDeclaration { id: DimensionParameterId(0), origin: Inferred, lifetime: Turn, lower_bound: Constant(0), upper_bound: None }, DimensionParameterDeclaration { id: DimensionParameterId(1), origin: Inferred, lifetime: Turn, lower_bound: Constant(0), upper_bound: None }, DimensionParameterDeclaration { id: DimensionParameterId(2), origin: Inferred, lifetime: Turn, lower_bound: Constant(0), upper_bound: None }], inputs: Fixed([Matrix { element: Parameter(KindParameterId(0)), dimensions: [Parameter(DimensionParameterId(0)), Parameter(DimensionParameterId(1))] }, Matrix { element: Parameter(KindParameterId(1)), dimensions: [Parameter(DimensionParameterId(2)), Constant(1)] }]), outputs: [Matrix { element: Parameter(KindParameterId(2)), dimensions: [Parameter(DimensionParameterId(0)), Parameter(DimensionParameterId(1))] }], constraints: [Satisfies { kind: Parameter(KindParameterId(0)), predicate: Number }, Satisfies { kind: Parameter(KindParameterId(1)), predicate: Number }, Promotes { left: Parameter(KindParameterId(0)), right: Parameter(KindParameterId(1)), output: Parameter(KindParameterId(2)) }, DimensionCompatible(Parameter(DimensionParameterId(0)), Parameter(DimensionParameterId(2))), Satisfies { kind: Parameter(KindParameterId(0)), predicate: FloatingPoint }, Satisfies { kind: Parameter(KindParameterId(1)), predicate: FloatingPoint }] }, output_schema_rules: [FromResolvedType] }	O01: untested as an independently identified overload; the export sample is not attributed to this candidate	representative admitted kind/layout cells, rejected target cells, reference values, bytecode and changing-turn behavior
math/fmod	5	FunctionTypeOverload { id: 5, input_layout: [Value, Value], scheme: KindScheme { kind_parameters: [KindParameter { id: KindParameterId(0), upper_bound: None }, KindParameter { id: KindParameterId(1), upper_bound: None }, KindParameter { id: KindParameterId(2), upper_bound: None }], dimension_parameters: [DimensionParameterDeclaration { id: DimensionParameterId(0), origin: Inferred, lifetime: Turn, lower_bound: Constant(0), upper_bound: None }, DimensionParameterDeclaration { id: DimensionParameterId(1), origin: Inferred, lifetime: Turn, lower_bound: Constant(0), upper_bound: None }, DimensionParameterDeclaration { id: DimensionParameterId(2), origin: Inferred, lifetime: Turn, lower_bound: Constant(0), upper_bound: None }], inputs: Fixed([Matrix { element: Parameter(KindParameterId(0)), dimensions: [Parameter(DimensionParameterId(0)), Parameter(DimensionParameterId(1))] }, Matrix { element: Parameter(KindParameterId(1)), dimensions: [Constant(1), Parameter(DimensionParameterId(2))] }]), outputs: [Matrix { element: Parameter(KindParameterId(2)), dimensions: [Parameter(DimensionParameterId(0)), Parameter(DimensionParameterId(1))] }], constraints: [Satisfies { kind: Parameter(KindParameterId(0)), predicate: Number }, Satisfies { kind: Parameter(KindParameterId(1)), predicate: Number }, Promotes { left: Parameter(KindParameterId(0)), right: Parameter(KindParameterId(1)), output: Parameter(KindParameterId(2)) }, DimensionCompatible(Parameter(DimensionParameterId(1)), Parameter(DimensionParameterId(2))), Satisfies { kind: Parameter(KindParameterId(0)), predicate: FloatingPoint }, Satisfies { kind: Parameter(KindParameterId(1)), predicate: FloatingPoint }] }, output_schema_rules: [FromResolvedType] }	O01: untested as an independently identified overload; the export sample is not attributed to this candidate	representative admitted kind/layout cells, rejected target cells, reference values, bytecode and changing-turn behavior
math/fmod	6	FunctionTypeOverload { id: 6, input_layout: [Value, Value], scheme: KindScheme { kind_parameters: [KindParameter { id: KindParameterId(0), upper_bound: None }, KindParameter { id: KindParameterId(1), upper_bound: None }, KindParameter { id: KindParameterId(2), upper_bound: None }], dimension_parameters: [DimensionParameterDeclaration { id: DimensionParameterId(0), origin: Inferred, lifetime: Turn, lower_bound: Constant(0), upper_bound: None }, DimensionParameterDeclaration { id: DimensionParameterId(1), origin: Inferred, lifetime: Turn, lower_bound: Constant(0), upper_bound: None }, DimensionParameterDeclaration { id: DimensionParameterId(2), origin: Inferred, lifetime: Turn, lower_bound: Constant(0), upper_bound: None }], inputs: Fixed([Matrix { element: Parameter(KindParameterId(0)), dimensions: [Parameter(DimensionParameterId(2)), Constant(1)] }, Matrix { element: Parameter(KindParameterId(1)), dimensions: [Parameter(DimensionParameterId(0)), Parameter(DimensionParameterId(1))] }]), outputs: [Matrix { element: Parameter(KindParameterId(2)), dimensions: [Parameter(DimensionParameterId(0)), Parameter(DimensionParameterId(1))] }], constraints: [Satisfies { kind: Parameter(KindParameterId(0)), predicate: Number }, Satisfies { kind: Parameter(KindParameterId(1)), predicate: Number }, Promotes { left: Parameter(KindParameterId(0)), right: Parameter(KindParameterId(1)), output: Parameter(KindParameterId(2)) }, DimensionCompatible(Parameter(DimensionParameterId(0)), Parameter(DimensionParameterId(2))), Satisfies { kind: Parameter(KindParameterId(0)), predicate: FloatingPoint }, Satisfies { kind: Parameter(KindParameterId(1)), predicate: FloatingPoint }] }, output_schema_rules: [FromResolvedType] }	O01: untested as an independently identified overload; the export sample is not attributed to this candidate	representative admitted kind/layout cells, rejected target cells, reference values, bytecode and changing-turn behavior
math/fmod	7	FunctionTypeOverload { id: 7, input_layout: [Value, Value], scheme: KindScheme { kind_parameters: [KindParameter { id: KindParameterId(0), upper_bound: None }, KindParameter { id: KindParameterId(1), upper_bound: None }, KindParameter { id: KindParameterId(2), upper_bound: None }], dimension_parameters: [DimensionParameterDeclaration { id: DimensionParameterId(0), origin: Inferred, lifetime: Turn, lower_bound: Constant(0), upper_bound: None }, DimensionParameterDeclaration { id: DimensionParameterId(1), origin: Inferred, lifetime: Turn, lower_bound: Constant(0), upper_bound: None }, DimensionParameterDeclaration { id: DimensionParameterId(2), origin: Inferred, lifetime: Turn, lower_bound: Constant(0), upper_bound: None }], inputs: Fixed([Matrix { element: Parameter(KindParameterId(0)), dimensions: [Constant(1), Parameter(DimensionParameterId(2))] }, Matrix { element: Parameter(KindParameterId(1)), dimensions: [Parameter(DimensionParameterId(0)), Parameter(DimensionParameterId(1))] }]), outputs: [Matrix { element: Parameter(KindParameterId(2)), dimensions: [Parameter(DimensionParameterId(0)), Parameter(DimensionParameterId(1))] }], constraints: [Satisfies { kind: Parameter(KindParameterId(0)), predicate: Number }, Satisfies { kind: Parameter(KindParameterId(1)), predicate: Number }, Promotes { left: Parameter(KindParameterId(0)), right: Parameter(KindParameterId(1)), output: Parameter(KindParameterId(2)) }, DimensionCompatible(Parameter(DimensionParameterId(1)), Parameter(DimensionParameterId(2))), Satisfies { kind: Parameter(KindParameterId(0)), predicate: FloatingPoint }, Satisfies { kind: Parameter(KindParameterId(1)), predicate: FloatingPoint }] }, output_schema_rules: [FromResolvedType] }	O01: untested as an independently identified overload; the export sample is not attributed to this candidate	representative admitted kind/layout cells, rejected target cells, reference values, bytecode and changing-turn behavior
math/fmod	8	FunctionTypeOverload { id: 8, input_layout: [Value, Value], scheme: KindScheme { kind_parameters: [KindParameter { id: KindParameterId(0), upper_bound: None }, KindParameter { id: KindParameterId(1), upper_bound: None }, KindParameter { id: KindParameterId(2), upper_bound: None }], dimension_parameters: [DimensionParameterDeclaration { id: DimensionParameterId(0), origin: Inferred, lifetime: Turn, lower_bound: Constant(0), upper_bound: None }, DimensionParameterDeclaration { id: DimensionParameterId(1), origin: Inferred, lifetime: Turn, lower_bound: Constant(0), upper_bound: None }, DimensionParameterDeclaration { id: DimensionParameterId(2), origin: Inferred, lifetime: Turn, lower_bound: Constant(0), upper_bound: None }, DimensionParameterDeclaration { id: DimensionParameterId(3), origin: Inferred, lifetime: Turn, lower_bound: Constant(0), upper_bound: None }], inputs: Fixed([Matrix { element: Parameter(KindParameterId(0)), dimensions: [Parameter(DimensionParameterId(0)), Parameter(DimensionParameterId(1))] }, Matrix { element: Parameter(KindParameterId(1)), dimensions: [Parameter(DimensionParameterId(2)), Parameter(DimensionParameterId(3))] }]), outputs: [Matrix { element: Parameter(KindParameterId(2)), dimensions: [Parameter(DimensionParameterId(0)), Parameter(DimensionParameterId(1))] }], constraints: [Satisfies { kind: Parameter(KindParameterId(0)), predicate: Number }, Satisfies { kind: Parameter(KindParameterId(1)), predicate: Number }, Promotes { left: Parameter(KindParameterId(0)), right: Parameter(KindParameterId(1)), output: Parameter(KindParameterId(2)) }, DimensionCompatible(Parameter(DimensionParameterId(0)), Parameter(DimensionParameterId(2))), DimensionCompatible(Parameter(DimensionParameterId(1)), Parameter(DimensionParameterId(3))), Satisfies { kind: Parameter(KindParameterId(0)), predicate: FloatingPoint }, Satisfies { kind: Parameter(KindParameterId(1)), predicate: FloatingPoint }] }, output_schema_rules: [FromResolvedType] }	O01: untested as an independently identified overload; the export sample is not attributed to this candidate	representative admitted kind/layout cells, rejected target cells, reference values, bytecode and changing-turn behavior
math/fmod	9	FunctionTypeOverload { id: 9, input_layout: [Value, Value], scheme: KindScheme { kind_parameters: [KindParameter { id: KindParameterId(0), upper_bound: None }, KindParameter { id: KindParameterId(1), upper_bound: None }, KindParameter { id: KindParameterId(2), upper_bound: None }], dimension_parameters: [DimensionParameterDeclaration { id: DimensionParameterId(0), origin: Inferred, lifetime: Turn, lower_bound: Constant(0), upper_bound: None }, DimensionParameterDeclaration { id: DimensionParameterId(1), origin: Inferred, lifetime: Turn, lower_bound: Constant(0), upper_bound: None }, DimensionParameterDeclaration { id: DimensionParameterId(2), origin: Inferred, lifetime: Turn, lower_bound: Constant(0), upper_bound: None }, DimensionParameterDeclaration { id: DimensionParameterId(3), origin: Inferred, lifetime: Turn, lower_bound: Constant(0), upper_bound: None }], inputs: Fixed([Matrix { element: Parameter(KindParameterId(0)), dimensions: [Parameter(DimensionParameterId(0)), Parameter(DimensionParameterId(1))] }, Matrix { element: Parameter(KindParameterId(1)), dimensions: [Parameter(DimensionParameterId(2)), Parameter(DimensionParameterId(3))] }]), outputs: [Matrix { element: Parameter(KindParameterId(2)), dimensions: [Parameter(DimensionParameterId(2)), Parameter(DimensionParameterId(3))] }], constraints: [Satisfies { kind: Parameter(KindParameterId(0)), predicate: Number }, Satisfies { kind: Parameter(KindParameterId(1)), predicate: Number }, Promotes { left: Parameter(KindParameterId(0)), right: Parameter(KindParameterId(1)), output: Parameter(KindParameterId(2)) }, DimensionCompatible(Parameter(DimensionParameterId(0)), Parameter(DimensionParameterId(2))), DimensionCompatible(Parameter(DimensionParameterId(1)), Parameter(DimensionParameterId(3))), Satisfies { kind: Parameter(KindParameterId(0)), predicate: FloatingPoint }, Satisfies { kind: Parameter(KindParameterId(1)), predicate: FloatingPoint }] }, output_schema_rules: [FromResolvedType] }	O01: untested as an independently identified overload; the export sample is not attributed to this candidate	representative admitted kind/layout cells, rejected target cells, reference values, bytecode and changing-turn behavior
math/add-assign	0	FunctionTypeOverload { id: 0, input_layout: [Value, Value], scheme: KindScheme { kind_parameters: [KindParameter { id: KindParameterId(0), upper_bound: None }], dimension_parameters: [], inputs: Fixed([Parameter(KindParameterId(0)), Parameter(KindParameterId(0))]), outputs: [Parameter(KindParameterId(0))], constraints: [Satisfies { kind: Parameter(KindParameterId(0)), predicate: Number }] }, output_schema_rules: [FromResolvedType] }	O01: untested as an independently identified overload; the export sample is not attributed to this candidate	representative admitted kind/layout cells, rejected target cells, reference values, bytecode and changing-turn behavior
math/add-assign	1	FunctionTypeOverload { id: 1, input_layout: [Value, Value], scheme: KindScheme { kind_parameters: [KindParameter { id: KindParameterId(0), upper_bound: None }], dimension_parameters: [DimensionParameterDeclaration { id: DimensionParameterId(0), origin: Inferred, lifetime: Turn, lower_bound: Constant(0), upper_bound: None }, DimensionParameterDeclaration { id: DimensionParameterId(1), origin: Inferred, lifetime: Turn, lower_bound: Constant(0), upper_bound: None }], inputs: Fixed([Matrix { element: Parameter(KindParameterId(0)), dimensions: [Parameter(DimensionParameterId(0)), Parameter(DimensionParameterId(1))] }, Parameter(KindParameterId(0))]), outputs: [Matrix { element: Parameter(KindParameterId(0)), dimensions: [Parameter(DimensionParameterId(0)), Parameter(DimensionParameterId(1))] }], constraints: [Satisfies { kind: Parameter(KindParameterId(0)), predicate: Number }] }, output_schema_rules: [FromResolvedType] }	O01: untested as an independently identified overload; the export sample is not attributed to this candidate	representative admitted kind/layout cells, rejected target cells, reference values, bytecode and changing-turn behavior
math/add-assign	2	FunctionTypeOverload { id: 2, input_layout: [Value, Value], scheme: KindScheme { kind_parameters: [KindParameter { id: KindParameterId(0), upper_bound: None }], dimension_parameters: [DimensionParameterDeclaration { id: DimensionParameterId(0), origin: Inferred, lifetime: Turn, lower_bound: Constant(0), upper_bound: None }, DimensionParameterDeclaration { id: DimensionParameterId(1), origin: Inferred, lifetime: Turn, lower_bound: Constant(0), upper_bound: None }, DimensionParameterDeclaration { id: DimensionParameterId(2), origin: Inferred, lifetime: Turn, lower_bound: Constant(0), upper_bound: None }, DimensionParameterDeclaration { id: DimensionParameterId(3), origin: Inferred, lifetime: Turn, lower_bound: Constant(0), upper_bound: None }], inputs: Fixed([Matrix { element: Parameter(KindParameterId(0)), dimensions: [Parameter(DimensionParameterId(0)), Parameter(DimensionParameterId(1))] }, Matrix { element: Parameter(KindParameterId(0)), dimensions: [Parameter(DimensionParameterId(2)), Parameter(DimensionParameterId(3))] }]), outputs: [Matrix { element: Parameter(KindParameterId(0)), dimensions: [Parameter(DimensionParameterId(0)), Parameter(DimensionParameterId(1))] }], constraints: [Satisfies { kind: Parameter(KindParameterId(0)), predicate: Number }, DimensionEqual(Parameter(DimensionParameterId(0)), Parameter(DimensionParameterId(2))), DimensionEqual(Parameter(DimensionParameterId(1)), Parameter(DimensionParameterId(3)))] }, output_schema_rules: [FromResolvedType] }	O01: untested as an independently identified overload; the export sample is not attributed to this candidate	representative admitted kind/layout cells, rejected target cells, reference values, bytecode and changing-turn behavior
matrix/matmul	0	FunctionTypeOverload { id: 0, input_layout: [Value, Value], scheme: KindScheme { kind_parameters: [KindParameter { id: KindParameterId(0), upper_bound: None }, KindParameter { id: KindParameterId(1), upper_bound: None }, KindParameter { id: KindParameterId(2), upper_bound: None }], dimension_parameters: [DimensionParameterDeclaration { id: DimensionParameterId(0), origin: Inferred, lifetime: Turn, lower_bound: Constant(0), upper_bound: None }, DimensionParameterDeclaration { id: DimensionParameterId(1), origin: Inferred, lifetime: Turn, lower_bound: Constant(0), upper_bound: None }, DimensionParameterDeclaration { id: DimensionParameterId(2), origin: Inferred, lifetime: Turn, lower_bound: Constant(0), upper_bound: None }], inputs: Fixed([Matrix { element: Parameter(KindParameterId(0)), dimensions: [Parameter(DimensionParameterId(0)), Parameter(DimensionParameterId(1))] }, Matrix { element: Parameter(KindParameterId(1)), dimensions: [Parameter(DimensionParameterId(1)), Parameter(DimensionParameterId(2))] }]), outputs: [Matrix { element: Parameter(KindParameterId(2)), dimensions: [Parameter(DimensionParameterId(0)), Parameter(DimensionParameterId(2))] }], constraints: [Satisfies { kind: Parameter(KindParameterId(0)), predicate: Number }, Satisfies { kind: Parameter(KindParameterId(1)), predicate: Number }, Promotes { left: Parameter(KindParameterId(0)), right: Parameter(KindParameterId(1)), output: Parameter(KindParameterId(2)) }] }, output_schema_rules: [FromResolvedType] }	O01: untested as an independently identified overload; the export sample is not attributed to this candidate	representative admitted kind/layout cells, rejected target cells, reference values, bytecode and changing-turn behavior
matrix/matmul	1	FunctionTypeOverload { id: 1, input_layout: [Value, Value], scheme: KindScheme { kind_parameters: [KindParameter { id: KindParameterId(0), upper_bound: None }, KindParameter { id: KindParameterId(1), upper_bound: None }, KindParameter { id: KindParameterId(2), upper_bound: None }], dimension_parameters: [DimensionParameterDeclaration { id: DimensionParameterId(0), origin: Inferred, lifetime: Turn, lower_bound: Constant(0), upper_bound: None }, DimensionParameterDeclaration { id: DimensionParameterId(1), origin: Inferred, lifetime: Turn, lower_bound: Constant(0), upper_bound: None }, DimensionParameterDeclaration { id: DimensionParameterId(2), origin: Inferred, lifetime: Turn, lower_bound: Constant(0), upper_bound: None }, DimensionParameterDeclaration { id: DimensionParameterId(3), origin: Inferred, lifetime: Turn, lower_bound: Constant(0), upper_bound: None }], inputs: Fixed([Matrix { element: Parameter(KindParameterId(0)), dimensions: [Parameter(DimensionParameterId(0)), Parameter(DimensionParameterId(1))] }, Matrix { element: Parameter(KindParameterId(1)), dimensions: [Parameter(DimensionParameterId(2)), Parameter(DimensionParameterId(3))] }]), outputs: [Matrix { element: Parameter(KindParameterId(2)), dimensions: [Parameter(DimensionParameterId(0)), Parameter(DimensionParameterId(3))] }], constraints: [Satisfies { kind: Parameter(KindParameterId(0)), predicate: Number }, Satisfies { kind: Parameter(KindParameterId(1)), predicate: Number }, Promotes { left: Parameter(KindParameterId(0)), right: Parameter(KindParameterId(1)), output: Parameter(KindParameterId(2)) }, DimensionCompatible(Parameter(DimensionParameterId(1)), Parameter(DimensionParameterId(2)))] }, output_schema_rules: [FromResolvedType] }	O01: untested as an independently identified overload; the export sample is not attributed to this candidate	representative admitted kind/layout cells, rejected target cells, reference values, bytecode and changing-turn behavior
compare/seq	0	FunctionTypeOverload { id: 0, input_layout: [Value, Value], scheme: KindScheme { kind_parameters: [KindParameter { id: KindParameterId(0), upper_bound: None }], dimension_parameters: [], inputs: Fixed([Parameter(KindParameterId(0)), Parameter(KindParameterId(0))]), outputs: [Named(KindId(15))], constraints: [Satisfies { kind: Parameter(KindParameterId(0)), predicate: Equatable }] }, output_schema_rules: [FromResolvedType] }	O01: untested as an independently identified overload; the export sample is not attributed to this candidate	representative admitted kind/layout cells, rejected target cells, reference values, bytecode and changing-turn behavior
compare/seq	1	FunctionTypeOverload { id: 1, input_layout: [Value, Value], scheme: KindScheme { kind_parameters: [KindParameter { id: KindParameterId(0), upper_bound: None }], dimension_parameters: [DimensionParameterDeclaration { id: DimensionParameterId(0), origin: Inferred, lifetime: Turn, lower_bound: Constant(0), upper_bound: None }, DimensionParameterDeclaration { id: DimensionParameterId(1), origin: Inferred, lifetime: Turn, lower_bound: Constant(0), upper_bound: None }, DimensionParameterDeclaration { id: DimensionParameterId(2), origin: Inferred, lifetime: Turn, lower_bound: Constant(0), upper_bound: None }, DimensionParameterDeclaration { id: DimensionParameterId(3), origin: Inferred, lifetime: Turn, lower_bound: Constant(0), upper_bound: None }], inputs: Fixed([Matrix { element: Parameter(KindParameterId(0)), dimensions: [Parameter(DimensionParameterId(0)), Parameter(DimensionParameterId(1))] }, Matrix { element: Parameter(KindParameterId(0)), dimensions: [Parameter(DimensionParameterId(2)), Parameter(DimensionParameterId(3))] }]), outputs: [Named(KindId(15))], constraints: [Satisfies { kind: Parameter(KindParameterId(0)), predicate: Equatable }, DimensionCompatible(Parameter(DimensionParameterId(0)), Parameter(DimensionParameterId(2))), DimensionCompatible(Parameter(DimensionParameterId(1)), Parameter(DimensionParameterId(3)))] }, output_schema_rules: [FromResolvedType] }	O01: untested as an independently identified overload; the export sample is not attributed to this candidate	representative admitted kind/layout cells, rejected target cells, reference values, bytecode and changing-turn behavior
table/right-outer-join	syntax-directed	Some(FunctionTypeDeclaration { overloads: [], template: Some(TableJoin(RightOuter)), parameter_names: None })	O01: intrinsic contract requires operator-specific kind/layout witnesses	qualify the source intrinsic contract and supported target layouts
set/union	0	FunctionTypeOverload { id: 0, input_layout: [Value, Value], scheme: KindScheme { kind_parameters: [KindParameter { id: KindParameterId(0), upper_bound: None }], dimension_parameters: [DimensionParameterDeclaration { id: DimensionParameterId(0), origin: Inferred, lifetime: Turn, lower_bound: Constant(0), upper_bound: None }, DimensionParameterDeclaration { id: DimensionParameterId(1), origin: Inferred, lifetime: Turn, lower_bound: Constant(0), upper_bound: None }, DimensionParameterDeclaration { id: DimensionParameterId(2), origin: Inferred, lifetime: Turn, lower_bound: Constant(0), upper_bound: Some(Add([Parameter(DimensionParameterId(0)), Parameter(DimensionParameterId(1))])) }], inputs: Fixed([Set { element: Parameter(KindParameterId(0)), cardinality: Parameter(DimensionParameterId(0)) }, Set { element: Parameter(KindParameterId(0)), cardinality: Parameter(DimensionParameterId(1)) }]), outputs: [Set { element: Parameter(KindParameterId(0)), cardinality: Parameter(DimensionParameterId(2)) }], constraints: [Satisfies { kind: Parameter(KindParameterId(0)), predicate: Keyable }] }, output_schema_rules: [FromInput(0)] }	O01: untested as an independently identified overload; the export sample is not attributed to this candidate	representative admitted kind/layout cells, rejected target cells, reference values, bytecode and changing-turn behavior
set/size	0	FunctionTypeOverload { id: 0, input_layout: [Value], scheme: KindScheme { kind_parameters: [KindParameter { id: KindParameterId(0), upper_bound: None }], dimension_parameters: [DimensionParameterDeclaration { id: DimensionParameterId(0), origin: Inferred, lifetime: Turn, lower_bound: Constant(0), upper_bound: None }], inputs: Fixed([Set { element: Parameter(KindParameterId(0)), cardinality: Parameter(DimensionParameterId(0)) }]), outputs: [Named(KindId(3))], constraints: [] }, output_schema_rules: [FromResolvedType] }	O01: untested as an independently identified overload; the export sample is not attributed to this candidate	representative admitted kind/layout cells, rejected target cells, reference values, bytecode and changing-turn behavior
compare/gt	0	FunctionTypeOverload { id: 0, input_layout: [Value, Value], scheme: KindScheme { kind_parameters: [KindParameter { id: KindParameterId(0), upper_bound: None }, KindParameter { id: KindParameterId(1), upper_bound: None }, KindParameter { id: KindParameterId(2), upper_bound: None }], dimension_parameters: [], inputs: Fixed([Parameter(KindParameterId(0)), Parameter(KindParameterId(1))]), outputs: [Named(KindId(15))], constraints: [Satisfies { kind: Parameter(KindParameterId(0)), predicate: Number }, Satisfies { kind: Parameter(KindParameterId(1)), predicate: Number }, Promotes { left: Parameter(KindParameterId(0)), right: Parameter(KindParameterId(1)), output: Parameter(KindParameterId(2)) }, Satisfies { kind: Parameter(KindParameterId(0)), predicate: Ordered }, Satisfies { kind: Parameter(KindParameterId(1)), predicate: Ordered }] }, output_schema_rules: [FromResolvedType] }	O01: untested as an independently identified overload; the export sample is not attributed to this candidate	representative admitted kind/layout cells, rejected target cells, reference values, bytecode and changing-turn behavior
compare/gt	1	FunctionTypeOverload { id: 1, input_layout: [Value, Value], scheme: KindScheme { kind_parameters: [KindParameter { id: KindParameterId(0), upper_bound: None }, KindParameter { id: KindParameterId(1), upper_bound: None }, KindParameter { id: KindParameterId(2), upper_bound: None }], dimension_parameters: [DimensionParameterDeclaration { id: DimensionParameterId(0), origin: Inferred, lifetime: Turn, lower_bound: Constant(0), upper_bound: None }, DimensionParameterDeclaration { id: DimensionParameterId(1), origin: Inferred, lifetime: Turn, lower_bound: Constant(0), upper_bound: None }], inputs: Fixed([Matrix { element: Parameter(KindParameterId(0)), dimensions: [Parameter(DimensionParameterId(0)), Parameter(DimensionParameterId(1))] }, Matrix { element: Parameter(KindParameterId(1)), dimensions: [Parameter(DimensionParameterId(0)), Parameter(DimensionParameterId(1))] }]), outputs: [Matrix { element: Named(KindId(15)), dimensions: [Parameter(DimensionParameterId(0)), Parameter(DimensionParameterId(1))] }], constraints: [Satisfies { kind: Parameter(KindParameterId(0)), predicate: Number }, Satisfies { kind: Parameter(KindParameterId(1)), predicate: Number }, Promotes { left: Parameter(KindParameterId(0)), right: Parameter(KindParameterId(1)), output: Parameter(KindParameterId(2)) }, Satisfies { kind: Parameter(KindParameterId(0)), predicate: Ordered }, Satisfies { kind: Parameter(KindParameterId(1)), predicate: Ordered }] }, output_schema_rules: [FromResolvedType] }	O01: untested as an independently identified overload; the export sample is not attributed to this candidate	representative admitted kind/layout cells, rejected target cells, reference values, bytecode and changing-turn behavior
compare/gt	2	FunctionTypeOverload { id: 2, input_layout: [Value, Value], scheme: KindScheme { kind_parameters: [KindParameter { id: KindParameterId(0), upper_bound: None }, KindParameter { id: KindParameterId(1), upper_bound: None }, KindParameter { id: KindParameterId(2), upper_bound: None }], dimension_parameters: [DimensionParameterDeclaration { id: DimensionParameterId(0), origin: Inferred, lifetime: Turn, lower_bound: Constant(0), upper_bound: None }, DimensionParameterDeclaration { id: DimensionParameterId(1), origin: Inferred, lifetime: Turn, lower_bound: Constant(0), upper_bound: None }], inputs: Fixed([Matrix { element: Parameter(KindParameterId(0)), dimensions: [Parameter(DimensionParameterId(0)), Parameter(DimensionParameterId(1))] }, Parameter(KindParameterId(1))]), outputs: [Matrix { element: Named(KindId(15)), dimensions: [Parameter(DimensionParameterId(0)), Parameter(DimensionParameterId(1))] }], constraints: [Satisfies { kind: Parameter(KindParameterId(0)), predicate: Number }, Satisfies { kind: Parameter(KindParameterId(1)), predicate: Number }, Promotes { left: Parameter(KindParameterId(0)), right: Parameter(KindParameterId(1)), output: Parameter(KindParameterId(2)) }, Satisfies { kind: Parameter(KindParameterId(0)), predicate: Ordered }, Satisfies { kind: Parameter(KindParameterId(1)), predicate: Ordered }] }, output_schema_rules: [FromResolvedType] }	O01: untested as an independently identified overload; the export sample is not attributed to this candidate	representative admitted kind/layout cells, rejected target cells, reference values, bytecode and changing-turn behavior
compare/gt	3	FunctionTypeOverload { id: 3, input_layout: [Value, Value], scheme: KindScheme { kind_parameters: [KindParameter { id: KindParameterId(0), upper_bound: None }, KindParameter { id: KindParameterId(1), upper_bound: None }, KindParameter { id: KindParameterId(2), upper_bound: None }], dimension_parameters: [DimensionParameterDeclaration { id: DimensionParameterId(0), origin: Inferred, lifetime: Turn, lower_bound: Constant(0), upper_bound: None }, DimensionParameterDeclaration { id: DimensionParameterId(1), origin: Inferred, lifetime: Turn, lower_bound: Constant(0), upper_bound: None }], inputs: Fixed([Parameter(KindParameterId(0)), Matrix { element: Parameter(KindParameterId(1)), dimensions: [Parameter(DimensionParameterId(0)), Parameter(DimensionParameterId(1))] }]), outputs: [Matrix { element: Named(KindId(15)), dimensions: [Parameter(DimensionParameterId(0)), Parameter(DimensionParameterId(1))] }], constraints: [Satisfies { kind: Parameter(KindParameterId(0)), predicate: Number }, Satisfies { kind: Parameter(KindParameterId(1)), predicate: Number }, Promotes { left: Parameter(KindParameterId(0)), right: Parameter(KindParameterId(1)), output: Parameter(KindParameterId(2)) }, Satisfies { kind: Parameter(KindParameterId(0)), predicate: Ordered }, Satisfies { kind: Parameter(KindParameterId(1)), predicate: Ordered }] }, output_schema_rules: [FromResolvedType] }	O01: untested as an independently identified overload; the export sample is not attributed to this candidate	representative admitted kind/layout cells, rejected target cells, reference values, bytecode and changing-turn behavior
compare/gt	4	FunctionTypeOverload { id: 4, input_layout: [Value, Value], scheme: KindScheme { kind_parameters: [KindParameter { id: KindParameterId(0), upper_bound: None }, KindParameter { id: KindParameterId(1), upper_bound: None }, KindParameter { id: KindParameterId(2), upper_bound: None }], dimension_parameters: [DimensionParameterDeclaration { id: DimensionParameterId(0), origin: Inferred, lifetime: Turn, lower_bound: Constant(0), upper_bound: None }, DimensionParameterDeclaration { id: DimensionParameterId(1), origin: Inferred, lifetime: Turn, lower_bound: Constant(0), upper_bound: None }, DimensionParameterDeclaration { id: DimensionParameterId(2), origin: Inferred, lifetime: Turn, lower_bound: Constant(0), upper_bound: None }], inputs: Fixed([Matrix { element: Parameter(KindParameterId(0)), dimensions: [Parameter(DimensionParameterId(0)), Parameter(DimensionParameterId(1))] }, Matrix { element: Parameter(KindParameterId(1)), dimensions: [Parameter(DimensionParameterId(2)), Constant(1)] }]), outputs: [Matrix { element: Named(KindId(15)), dimensions: [Parameter(DimensionParameterId(0)), Parameter(DimensionParameterId(1))] }], constraints: [Satisfies { kind: Parameter(KindParameterId(0)), predicate: Number }, Satisfies { kind: Parameter(KindParameterId(1)), predicate: Number }, Promotes { left: Parameter(KindParameterId(0)), right: Parameter(KindParameterId(1)), output: Parameter(KindParameterId(2)) }, DimensionCompatible(Parameter(DimensionParameterId(0)), Parameter(DimensionParameterId(2))), Satisfies { kind: Parameter(KindParameterId(0)), predicate: Ordered }, Satisfies { kind: Parameter(KindParameterId(1)), predicate: Ordered }] }, output_schema_rules: [FromResolvedType] }	O01: untested as an independently identified overload; the export sample is not attributed to this candidate	representative admitted kind/layout cells, rejected target cells, reference values, bytecode and changing-turn behavior
compare/gt	5	FunctionTypeOverload { id: 5, input_layout: [Value, Value], scheme: KindScheme { kind_parameters: [KindParameter { id: KindParameterId(0), upper_bound: None }, KindParameter { id: KindParameterId(1), upper_bound: None }, KindParameter { id: KindParameterId(2), upper_bound: None }], dimension_parameters: [DimensionParameterDeclaration { id: DimensionParameterId(0), origin: Inferred, lifetime: Turn, lower_bound: Constant(0), upper_bound: None }, DimensionParameterDeclaration { id: DimensionParameterId(1), origin: Inferred, lifetime: Turn, lower_bound: Constant(0), upper_bound: None }, DimensionParameterDeclaration { id: DimensionParameterId(2), origin: Inferred, lifetime: Turn, lower_bound: Constant(0), upper_bound: None }], inputs: Fixed([Matrix { element: Parameter(KindParameterId(0)), dimensions: [Parameter(DimensionParameterId(0)), Parameter(DimensionParameterId(1))] }, Matrix { element: Parameter(KindParameterId(1)), dimensions: [Constant(1), Parameter(DimensionParameterId(2))] }]), outputs: [Matrix { element: Named(KindId(15)), dimensions: [Parameter(DimensionParameterId(0)), Parameter(DimensionParameterId(1))] }], constraints: [Satisfies { kind: Parameter(KindParameterId(0)), predicate: Number }, Satisfies { kind: Parameter(KindParameterId(1)), predicate: Number }, Promotes { left: Parameter(KindParameterId(0)), right: Parameter(KindParameterId(1)), output: Parameter(KindParameterId(2)) }, DimensionCompatible(Parameter(DimensionParameterId(1)), Parameter(DimensionParameterId(2))), Satisfies { kind: Parameter(KindParameterId(0)), predicate: Ordered }, Satisfies { kind: Parameter(KindParameterId(1)), predicate: Ordered }] }, output_schema_rules: [FromResolvedType] }	O01: untested as an independently identified overload; the export sample is not attributed to this candidate	representative admitted kind/layout cells, rejected target cells, reference values, bytecode and changing-turn behavior
compare/gt	6	FunctionTypeOverload { id: 6, input_layout: [Value, Value], scheme: KindScheme { kind_parameters: [KindParameter { id: KindParameterId(0), upper_bound: None }, KindParameter { id: KindParameterId(1), upper_bound: None }, KindParameter { id: KindParameterId(2), upper_bound: None }], dimension_parameters: [DimensionParameterDeclaration { id: DimensionParameterId(0), origin: Inferred, lifetime: Turn, lower_bound: Constant(0), upper_bound: None }, DimensionParameterDeclaration { id: DimensionParameterId(1), origin: Inferred, lifetime: Turn, lower_bound: Constant(0), upper_bound: None }, DimensionParameterDeclaration { id: DimensionParameterId(2), origin: Inferred, lifetime: Turn, lower_bound: Constant(0), upper_bound: None }], inputs: Fixed([Matrix { element: Parameter(KindParameterId(0)), dimensions: [Parameter(DimensionParameterId(2)), Constant(1)] }, Matrix { element: Parameter(KindParameterId(1)), dimensions: [Parameter(DimensionParameterId(0)), Parameter(DimensionParameterId(1))] }]), outputs: [Matrix { element: Named(KindId(15)), dimensions: [Parameter(DimensionParameterId(0)), Parameter(DimensionParameterId(1))] }], constraints: [Satisfies { kind: Parameter(KindParameterId(0)), predicate: Number }, Satisfies { kind: Parameter(KindParameterId(1)), predicate: Number }, Promotes { left: Parameter(KindParameterId(0)), right: Parameter(KindParameterId(1)), output: Parameter(KindParameterId(2)) }, DimensionCompatible(Parameter(DimensionParameterId(0)), Parameter(DimensionParameterId(2))), Satisfies { kind: Parameter(KindParameterId(0)), predicate: Ordered }, Satisfies { kind: Parameter(KindParameterId(1)), predicate: Ordered }] }, output_schema_rules: [FromResolvedType] }	O01: untested as an independently identified overload; the export sample is not attributed to this candidate	representative admitted kind/layout cells, rejected target cells, reference values, bytecode and changing-turn behavior
compare/gt	7	FunctionTypeOverload { id: 7, input_layout: [Value, Value], scheme: KindScheme { kind_parameters: [KindParameter { id: KindParameterId(0), upper_bound: None }, KindParameter { id: KindParameterId(1), upper_bound: None }, KindParameter { id: KindParameterId(2), upper_bound: None }], dimension_parameters: [DimensionParameterDeclaration { id: DimensionParameterId(0), origin: Inferred, lifetime: Turn, lower_bound: Constant(0), upper_bound: None }, DimensionParameterDeclaration { id: DimensionParameterId(1), origin: Inferred, lifetime: Turn, lower_bound: Constant(0), upper_bound: None }, DimensionParameterDeclaration { id: DimensionParameterId(2), origin: Inferred, lifetime: Turn, lower_bound: Constant(0), upper_bound: None }], inputs: Fixed([Matrix { element: Parameter(KindParameterId(0)), dimensions: [Constant(1), Parameter(DimensionParameterId(2))] }, Matrix { element: Parameter(KindParameterId(1)), dimensions: [Parameter(DimensionParameterId(0)), Parameter(DimensionParameterId(1))] }]), outputs: [Matrix { element: Named(KindId(15)), dimensions: [Parameter(DimensionParameterId(0)), Parameter(DimensionParameterId(1))] }], constraints: [Satisfies { kind: Parameter(KindParameterId(0)), predicate: Number }, Satisfies { kind: Parameter(KindParameterId(1)), predicate: Number }, Promotes { left: Parameter(KindParameterId(0)), right: Parameter(KindParameterId(1)), output: Parameter(KindParameterId(2)) }, DimensionCompatible(Parameter(DimensionParameterId(1)), Parameter(DimensionParameterId(2))), Satisfies { kind: Parameter(KindParameterId(0)), predicate: Ordered }, Satisfies { kind: Parameter(KindParameterId(1)), predicate: Ordered }] }, output_schema_rules: [FromResolvedType] }	O01: untested as an independently identified overload; the export sample is not attributed to this candidate	representative admitted kind/layout cells, rejected target cells, reference values, bytecode and changing-turn behavior
compare/gt	8	FunctionTypeOverload { id: 8, input_layout: [Value, Value], scheme: KindScheme { kind_parameters: [KindParameter { id: KindParameterId(0), upper_bound: None }, KindParameter { id: KindParameterId(1), upper_bound: None }, KindParameter { id: KindParameterId(2), upper_bound: None }], dimension_parameters: [DimensionParameterDeclaration { id: DimensionParameterId(0), origin: Inferred, lifetime: Turn, lower_bound: Constant(0), upper_bound: None }, DimensionParameterDeclaration { id: DimensionParameterId(1), origin: Inferred, lifetime: Turn, lower_bound: Constant(0), upper_bound: None }, DimensionParameterDeclaration { id: DimensionParameterId(2), origin: Inferred, lifetime: Turn, lower_bound: Constant(0), upper_bound: None }, DimensionParameterDeclaration { id: DimensionParameterId(3), origin: Inferred, lifetime: Turn, lower_bound: Constant(0), upper_bound: None }], inputs: Fixed([Matrix { element: Parameter(KindParameterId(0)), dimensions: [Parameter(DimensionParameterId(0)), Parameter(DimensionParameterId(1))] }, Matrix { element: Parameter(KindParameterId(1)), dimensions: [Parameter(DimensionParameterId(2)), Parameter(DimensionParameterId(3))] }]), outputs: [Matrix { element: Named(KindId(15)), dimensions: [Parameter(DimensionParameterId(0)), Parameter(DimensionParameterId(1))] }], constraints: [Satisfies { kind: Parameter(KindParameterId(0)), predicate: Number }, Satisfies { kind: Parameter(KindParameterId(1)), predicate: Number }, Promotes { left: Parameter(KindParameterId(0)), right: Parameter(KindParameterId(1)), output: Parameter(KindParameterId(2)) }, DimensionCompatible(Parameter(DimensionParameterId(0)), Parameter(DimensionParameterId(2))), DimensionCompatible(Parameter(DimensionParameterId(1)), Parameter(DimensionParameterId(3))), Satisfies { kind: Parameter(KindParameterId(0)), predicate: Ordered }, Satisfies { kind: Parameter(KindParameterId(1)), predicate: Ordered }] }, output_schema_rules: [FromResolvedType] }	O01: untested as an independently identified overload; the export sample is not attributed to this candidate	representative admitted kind/layout cells, rejected target cells, reference values, bytecode and changing-turn behavior
compare/gt	9	FunctionTypeOverload { id: 9, input_layout: [Value, Value], scheme: KindScheme { kind_parameters: [KindParameter { id: KindParameterId(0), upper_bound: None }, KindParameter { id: KindParameterId(1), upper_bound: None }, KindParameter { id: KindParameterId(2), upper_bound: None }], dimension_parameters: [DimensionParameterDeclaration { id: DimensionParameterId(0), origin: Inferred, lifetime: Turn, lower_bound: Constant(0), upper_bound: None }, DimensionParameterDeclaration { id: DimensionParameterId(1), origin: Inferred, lifetime: Turn, lower_bound: Constant(0), upper_bound: None }, DimensionParameterDeclaration { id: DimensionParameterId(2), origin: Inferred, lifetime: Turn, lower_bound: Constant(0), upper_bound: None }, DimensionParameterDeclaration { id: DimensionParameterId(3), origin: Inferred, lifetime: Turn, lower_bound: Constant(0), upper_bound: None }], inputs: Fixed([Matrix { element: Parameter(KindParameterId(0)), dimensions: [Parameter(DimensionParameterId(0)), Parameter(DimensionParameterId(1))] }, Matrix { element: Parameter(KindParameterId(1)), dimensions: [Parameter(DimensionParameterId(2)), Parameter(DimensionParameterId(3))] }]), outputs: [Matrix { element: Named(KindId(15)), dimensions: [Parameter(DimensionParameterId(2)), Parameter(DimensionParameterId(3))] }], constraints: [Satisfies { kind: Parameter(KindParameterId(0)), predicate: Number }, Satisfies { kind: Parameter(KindParameterId(1)), predicate: Number }, Promotes { left: Parameter(KindParameterId(0)), right: Parameter(KindParameterId(1)), output: Parameter(KindParameterId(2)) }, DimensionCompatible(Parameter(DimensionParameterId(0)), Parameter(DimensionParameterId(2))), DimensionCompatible(Parameter(DimensionParameterId(1)), Parameter(DimensionParameterId(3))), Satisfies { kind: Parameter(KindParameterId(0)), predicate: Ordered }, Satisfies { kind: Parameter(KindParameterId(1)), predicate: Ordered }] }, output_schema_rules: [FromResolvedType] }	O01: untested as an independently identified overload; the export sample is not attributed to this candidate	representative admitted kind/layout cells, rejected target cells, reference values, bytecode and changing-turn behavior
compare/gt	10	FunctionTypeOverload { id: 10, input_layout: [Value, Value], scheme: KindScheme { kind_parameters: [], dimension_parameters: [], inputs: Fixed([Named(KindId(14)), Named(KindId(14))]), outputs: [Named(KindId(15))], constraints: [] }, output_schema_rules: [FromResolvedType] }	O01: untested as an independently identified overload; the export sample is not attributed to this candidate	representative admitted kind/layout cells, rejected target cells, reference values, bytecode and changing-turn behavior
compare/gt	11	FunctionTypeOverload { id: 11, input_layout: [Value, Value], scheme: KindScheme { kind_parameters: [], dimension_parameters: [DimensionParameterDeclaration { id: DimensionParameterId(0), origin: Inferred, lifetime: Turn, lower_bound: Constant(0), upper_bound: None }, DimensionParameterDeclaration { id: DimensionParameterId(1), origin: Inferred, lifetime: Turn, lower_bound: Constant(0), upper_bound: None }], inputs: Fixed([Matrix { element: Named(KindId(14)), dimensions: [Parameter(DimensionParameterId(0)), Parameter(DimensionParameterId(1))] }, Matrix { element: Named(KindId(14)), dimensions: [Parameter(DimensionParameterId(0)), Parameter(DimensionParameterId(1))] }]), outputs: [Matrix { element: Named(KindId(15)), dimensions: [Parameter(DimensionParameterId(0)), Parameter(DimensionParameterId(1))] }], constraints: [] }, output_schema_rules: [FromResolvedType] }	O01: untested as an independently identified overload; the export sample is not attributed to this candidate	representative admitted kind/layout cells, rejected target cells, reference values, bytecode and changing-turn behavior
math/copysign	0	FunctionTypeOverload { id: 0, input_layout: [Value, Value], scheme: KindScheme { kind_parameters: [KindParameter { id: KindParameterId(0), upper_bound: None }, KindParameter { id: KindParameterId(1), upper_bound: None }, KindParameter { id: KindParameterId(2), upper_bound: None }], dimension_parameters: [], inputs: Fixed([Parameter(KindParameterId(0)), Parameter(KindParameterId(1))]), outputs: [Parameter(KindParameterId(2))], constraints: [Satisfies { kind: Parameter(KindParameterId(0)), predicate: Number }, Satisfies { kind: Parameter(KindParameterId(1)), predicate: Number }, Promotes { left: Parameter(KindParameterId(0)), right: Parameter(KindParameterId(1)), output: Parameter(KindParameterId(2)) }, Satisfies { kind: Parameter(KindParameterId(0)), predicate: FloatingPoint }, Satisfies { kind: Parameter(KindParameterId(1)), predicate: FloatingPoint }] }, output_schema_rules: [FromResolvedType] }	O01: untested as an independently identified overload; the export sample is not attributed to this candidate	representative admitted kind/layout cells, rejected target cells, reference values, bytecode and changing-turn behavior
math/copysign	1	FunctionTypeOverload { id: 1, input_layout: [Value, Value], scheme: KindScheme { kind_parameters: [KindParameter { id: KindParameterId(0), upper_bound: None }, KindParameter { id: KindParameterId(1), upper_bound: None }, KindParameter { id: KindParameterId(2), upper_bound: None }], dimension_parameters: [DimensionParameterDeclaration { id: DimensionParameterId(0), origin: Inferred, lifetime: Turn, lower_bound: Constant(0), upper_bound: None }, DimensionParameterDeclaration { id: DimensionParameterId(1), origin: Inferred, lifetime: Turn, lower_bound: Constant(0), upper_bound: None }], inputs: Fixed([Matrix { element: Parameter(KindParameterId(0)), dimensions: [Parameter(DimensionParameterId(0)), Parameter(DimensionParameterId(1))] }, Matrix { element: Parameter(KindParameterId(1)), dimensions: [Parameter(DimensionParameterId(0)), Parameter(DimensionParameterId(1))] }]), outputs: [Matrix { element: Parameter(KindParameterId(2)), dimensions: [Parameter(DimensionParameterId(0)), Parameter(DimensionParameterId(1))] }], constraints: [Satisfies { kind: Parameter(KindParameterId(0)), predicate: Number }, Satisfies { kind: Parameter(KindParameterId(1)), predicate: Number }, Promotes { left: Parameter(KindParameterId(0)), right: Parameter(KindParameterId(1)), output: Parameter(KindParameterId(2)) }, Satisfies { kind: Parameter(KindParameterId(0)), predicate: FloatingPoint }, Satisfies { kind: Parameter(KindParameterId(1)), predicate: FloatingPoint }] }, output_schema_rules: [FromResolvedType] }	O01: untested as an independently identified overload; the export sample is not attributed to this candidate	representative admitted kind/layout cells, rejected target cells, reference values, bytecode and changing-turn behavior
math/copysign	2	FunctionTypeOverload { id: 2, input_layout: [Value, Value], scheme: KindScheme { kind_parameters: [KindParameter { id: KindParameterId(0), upper_bound: None }, KindParameter { id: KindParameterId(1), upper_bound: None }, KindParameter { id: KindParameterId(2), upper_bound: None }], dimension_parameters: [DimensionParameterDeclaration { id: DimensionParameterId(0), origin: Inferred, lifetime: Turn, lower_bound: Constant(0), upper_bound: None }, DimensionParameterDeclaration { id: DimensionParameterId(1), origin: Inferred, lifetime: Turn, lower_bound: Constant(0), upper_bound: None }], inputs: Fixed([Matrix { element: Parameter(KindParameterId(0)), dimensions: [Parameter(DimensionParameterId(0)), Parameter(DimensionParameterId(1))] }, Parameter(KindParameterId(1))]), outputs: [Matrix { element: Parameter(KindParameterId(2)), dimensions: [Parameter(DimensionParameterId(0)), Parameter(DimensionParameterId(1))] }], constraints: [Satisfies { kind: Parameter(KindParameterId(0)), predicate: Number }, Satisfies { kind: Parameter(KindParameterId(1)), predicate: Number }, Promotes { left: Parameter(KindParameterId(0)), right: Parameter(KindParameterId(1)), output: Parameter(KindParameterId(2)) }, Satisfies { kind: Parameter(KindParameterId(0)), predicate: FloatingPoint }, Satisfies { kind: Parameter(KindParameterId(1)), predicate: FloatingPoint }] }, output_schema_rules: [FromResolvedType] }	O01: untested as an independently identified overload; the export sample is not attributed to this candidate	representative admitted kind/layout cells, rejected target cells, reference values, bytecode and changing-turn behavior
math/copysign	3	FunctionTypeOverload { id: 3, input_layout: [Value, Value], scheme: KindScheme { kind_parameters: [KindParameter { id: KindParameterId(0), upper_bound: None }, KindParameter { id: KindParameterId(1), upper_bound: None }, KindParameter { id: KindParameterId(2), upper_bound: None }], dimension_parameters: [DimensionParameterDeclaration { id: DimensionParameterId(0), origin: Inferred, lifetime: Turn, lower_bound: Constant(0), upper_bound: None }, DimensionParameterDeclaration { id: DimensionParameterId(1), origin: Inferred, lifetime: Turn, lower_bound: Constant(0), upper_bound: None }], inputs: Fixed([Parameter(KindParameterId(0)), Matrix { element: Parameter(KindParameterId(1)), dimensions: [Parameter(DimensionParameterId(0)), Parameter(DimensionParameterId(1))] }]), outputs: [Matrix { element: Parameter(KindParameterId(2)), dimensions: [Parameter(DimensionParameterId(0)), Parameter(DimensionParameterId(1))] }], constraints: [Satisfies { kind: Parameter(KindParameterId(0)), predicate: Number }, Satisfies { kind: Parameter(KindParameterId(1)), predicate: Number }, Promotes { left: Parameter(KindParameterId(0)), right: Parameter(KindParameterId(1)), output: Parameter(KindParameterId(2)) }, Satisfies { kind: Parameter(KindParameterId(0)), predicate: FloatingPoint }, Satisfies { kind: Parameter(KindParameterId(1)), predicate: FloatingPoint }] }, output_schema_rules: [FromResolvedType] }	O01: untested as an independently identified overload; the export sample is not attributed to this candidate	representative admitted kind/layout cells, rejected target cells, reference values, bytecode and changing-turn behavior
math/copysign	4	FunctionTypeOverload { id: 4, input_layout: [Value, Value], scheme: KindScheme { kind_parameters: [KindParameter { id: KindParameterId(0), upper_bound: None }, KindParameter { id: KindParameterId(1), upper_bound: None }, KindParameter { id: KindParameterId(2), upper_bound: None }], dimension_parameters: [DimensionParameterDeclaration { id: DimensionParameterId(0), origin: Inferred, lifetime: Turn, lower_bound: Constant(0), upper_bound: None }, DimensionParameterDeclaration { id: DimensionParameterId(1), origin: Inferred, lifetime: Turn, lower_bound: Constant(0), upper_bound: None }, DimensionParameterDeclaration { id: DimensionParameterId(2), origin: Inferred, lifetime: Turn, lower_bound: Constant(0), upper_bound: None }], inputs: Fixed([Matrix { element: Parameter(KindParameterId(0)), dimensions: [Parameter(DimensionParameterId(0)), Parameter(DimensionParameterId(1))] }, Matrix { element: Parameter(KindParameterId(1)), dimensions: [Parameter(DimensionParameterId(2)), Constant(1)] }]), outputs: [Matrix { element: Parameter(KindParameterId(2)), dimensions: [Parameter(DimensionParameterId(0)), Parameter(DimensionParameterId(1))] }], constraints: [Satisfies { kind: Parameter(KindParameterId(0)), predicate: Number }, Satisfies { kind: Parameter(KindParameterId(1)), predicate: Number }, Promotes { left: Parameter(KindParameterId(0)), right: Parameter(KindParameterId(1)), output: Parameter(KindParameterId(2)) }, DimensionCompatible(Parameter(DimensionParameterId(0)), Parameter(DimensionParameterId(2))), Satisfies { kind: Parameter(KindParameterId(0)), predicate: FloatingPoint }, Satisfies { kind: Parameter(KindParameterId(1)), predicate: FloatingPoint }] }, output_schema_rules: [FromResolvedType] }	O01: untested as an independently identified overload; the export sample is not attributed to this candidate	representative admitted kind/layout cells, rejected target cells, reference values, bytecode and changing-turn behavior
math/copysign	5	FunctionTypeOverload { id: 5, input_layout: [Value, Value], scheme: KindScheme { kind_parameters: [KindParameter { id: KindParameterId(0), upper_bound: None }, KindParameter { id: KindParameterId(1), upper_bound: None }, KindParameter { id: KindParameterId(2), upper_bound: None }], dimension_parameters: [DimensionParameterDeclaration { id: DimensionParameterId(0), origin: Inferred, lifetime: Turn, lower_bound: Constant(0), upper_bound: None }, DimensionParameterDeclaration { id: DimensionParameterId(1), origin: Inferred, lifetime: Turn, lower_bound: Constant(0), upper_bound: None }, DimensionParameterDeclaration { id: DimensionParameterId(2), origin: Inferred, lifetime: Turn, lower_bound: Constant(0), upper_bound: None }], inputs: Fixed([Matrix { element: Parameter(KindParameterId(0)), dimensions: [Parameter(DimensionParameterId(0)), Parameter(DimensionParameterId(1))] }, Matrix { element: Parameter(KindParameterId(1)), dimensions: [Constant(1), Parameter(DimensionParameterId(2))] }]), outputs: [Matrix { element: Parameter(KindParameterId(2)), dimensions: [Parameter(DimensionParameterId(0)), Parameter(DimensionParameterId(1))] }], constraints: [Satisfies { kind: Parameter(KindParameterId(0)), predicate: Number }, Satisfies { kind: Parameter(KindParameterId(1)), predicate: Number }, Promotes { left: Parameter(KindParameterId(0)), right: Parameter(KindParameterId(1)), output: Parameter(KindParameterId(2)) }, DimensionCompatible(Parameter(DimensionParameterId(1)), Parameter(DimensionParameterId(2))), Satisfies { kind: Parameter(KindParameterId(0)), predicate: FloatingPoint }, Satisfies { kind: Parameter(KindParameterId(1)), predicate: FloatingPoint }] }, output_schema_rules: [FromResolvedType] }	O01: untested as an independently identified overload; the export sample is not attributed to this candidate	representative admitted kind/layout cells, rejected target cells, reference values, bytecode and changing-turn behavior
math/copysign	6	FunctionTypeOverload { id: 6, input_layout: [Value, Value], scheme: KindScheme { kind_parameters: [KindParameter { id: KindParameterId(0), upper_bound: None }, KindParameter { id: KindParameterId(1), upper_bound: None }, KindParameter { id: KindParameterId(2), upper_bound: None }], dimension_parameters: [DimensionParameterDeclaration { id: DimensionParameterId(0), origin: Inferred, lifetime: Turn, lower_bound: Constant(0), upper_bound: None }, DimensionParameterDeclaration { id: DimensionParameterId(1), origin: Inferred, lifetime: Turn, lower_bound: Constant(0), upper_bound: None }, DimensionParameterDeclaration { id: DimensionParameterId(2), origin: Inferred, lifetime: Turn, lower_bound: Constant(0), upper_bound: None }], inputs: Fixed([Matrix { element: Parameter(KindParameterId(0)), dimensions: [Parameter(DimensionParameterId(2)), Constant(1)] }, Matrix { element: Parameter(KindParameterId(1)), dimensions: [Parameter(DimensionParameterId(0)), Parameter(DimensionParameterId(1))] }]), outputs: [Matrix { element: Parameter(KindParameterId(2)), dimensions: [Parameter(DimensionParameterId(0)), Parameter(DimensionParameterId(1))] }], constraints: [Satisfies { kind: Parameter(KindParameterId(0)), predicate: Number }, Satisfies { kind: Parameter(KindParameterId(1)), predicate: Number }, Promotes { left: Parameter(KindParameterId(0)), right: Parameter(KindParameterId(1)), output: Parameter(KindParameterId(2)) }, DimensionCompatible(Parameter(DimensionParameterId(0)), Parameter(DimensionParameterId(2))), Satisfies { kind: Parameter(KindParameterId(0)), predicate: FloatingPoint }, Satisfies { kind: Parameter(KindParameterId(1)), predicate: FloatingPoint }] }, output_schema_rules: [FromResolvedType] }	O01: untested as an independently identified overload; the export sample is not attributed to this candidate	representative admitted kind/layout cells, rejected target cells, reference values, bytecode and changing-turn behavior
math/copysign	7	FunctionTypeOverload { id: 7, input_layout: [Value, Value], scheme: KindScheme { kind_parameters: [KindParameter { id: KindParameterId(0), upper_bound: None }, KindParameter { id: KindParameterId(1), upper_bound: None }, KindParameter { id: KindParameterId(2), upper_bound: None }], dimension_parameters: [DimensionParameterDeclaration { id: DimensionParameterId(0), origin: Inferred, lifetime: Turn, lower_bound: Constant(0), upper_bound: None }, DimensionParameterDeclaration { id: DimensionParameterId(1), origin: Inferred, lifetime: Turn, lower_bound: Constant(0), upper_bound: None }, DimensionParameterDeclaration { id: DimensionParameterId(2), origin: Inferred, lifetime: Turn, lower_bound: Constant(0), upper_bound: None }], inputs: Fixed([Matrix { element: Parameter(KindParameterId(0)), dimensions: [Constant(1), Parameter(DimensionParameterId(2))] }, Matrix { element: Parameter(KindParameterId(1)), dimensions: [Parameter(DimensionParameterId(0)), Parameter(DimensionParameterId(1))] }]), outputs: [Matrix { element: Parameter(KindParameterId(2)), dimensions: [Parameter(DimensionParameterId(0)), Parameter(DimensionParameterId(1))] }], constraints: [Satisfies { kind: Parameter(KindParameterId(0)), predicate: Number }, Satisfies { kind: Parameter(KindParameterId(1)), predicate: Number }, Promotes { left: Parameter(KindParameterId(0)), right: Parameter(KindParameterId(1)), output: Parameter(KindParameterId(2)) }, DimensionCompatible(Parameter(DimensionParameterId(1)), Parameter(DimensionParameterId(2))), Satisfies { kind: Parameter(KindParameterId(0)), predicate: FloatingPoint }, Satisfies { kind: Parameter(KindParameterId(1)), predicate: FloatingPoint }] }, output_schema_rules: [FromResolvedType] }	O01: untested as an independently identified overload; the export sample is not attributed to this candidate	representative admitted kind/layout cells, rejected target cells, reference values, bytecode and changing-turn behavior
math/copysign	8	FunctionTypeOverload { id: 8, input_layout: [Value, Value], scheme: KindScheme { kind_parameters: [KindParameter { id: KindParameterId(0), upper_bound: None }, KindParameter { id: KindParameterId(1), upper_bound: None }, KindParameter { id: KindParameterId(2), upper_bound: None }], dimension_parameters: [DimensionParameterDeclaration { id: DimensionParameterId(0), origin: Inferred, lifetime: Turn, lower_bound: Constant(0), upper_bound: None }, DimensionParameterDeclaration { id: DimensionParameterId(1), origin: Inferred, lifetime: Turn, lower_bound: Constant(0), upper_bound: None }, DimensionParameterDeclaration { id: DimensionParameterId(2), origin: Inferred, lifetime: Turn, lower_bound: Constant(0), upper_bound: None }, DimensionParameterDeclaration { id: DimensionParameterId(3), origin: Inferred, lifetime: Turn, lower_bound: Constant(0), upper_bound: None }], inputs: Fixed([Matrix { element: Parameter(KindParameterId(0)), dimensions: [Parameter(DimensionParameterId(0)), Parameter(DimensionParameterId(1))] }, Matrix { element: Parameter(KindParameterId(1)), dimensions: [Parameter(DimensionParameterId(2)), Parameter(DimensionParameterId(3))] }]), outputs: [Matrix { element: Parameter(KindParameterId(2)), dimensions: [Parameter(DimensionParameterId(0)), Parameter(DimensionParameterId(1))] }], constraints: [Satisfies { kind: Parameter(KindParameterId(0)), predicate: Number }, Satisfies { kind: Parameter(KindParameterId(1)), predicate: Number }, Promotes { left: Parameter(KindParameterId(0)), right: Parameter(KindParameterId(1)), output: Parameter(KindParameterId(2)) }, DimensionCompatible(Parameter(DimensionParameterId(0)), Parameter(DimensionParameterId(2))), DimensionCompatible(Parameter(DimensionParameterId(1)), Parameter(DimensionParameterId(3))), Satisfies { kind: Parameter(KindParameterId(0)), predicate: FloatingPoint }, Satisfies { kind: Parameter(KindParameterId(1)), predicate: FloatingPoint }] }, output_schema_rules: [FromResolvedType] }	O01: untested as an independently identified overload; the export sample is not attributed to this candidate	representative admitted kind/layout cells, rejected target cells, reference values, bytecode and changing-turn behavior
math/copysign	9	FunctionTypeOverload { id: 9, input_layout: [Value, Value], scheme: KindScheme { kind_parameters: [KindParameter { id: KindParameterId(0), upper_bound: None }, KindParameter { id: KindParameterId(1), upper_bound: None }, KindParameter { id: KindParameterId(2), upper_bound: None }], dimension_parameters: [DimensionParameterDeclaration { id: DimensionParameterId(0), origin: Inferred, lifetime: Turn, lower_bound: Constant(0), upper_bound: None }, DimensionParameterDeclaration { id: DimensionParameterId(1), origin: Inferred, lifetime: Turn, lower_bound: Constant(0), upper_bound: None }, DimensionParameterDeclaration { id: DimensionParameterId(2), origin: Inferred, lifetime: Turn, lower_bound: Constant(0), upper_bound: None }, DimensionParameterDeclaration { id: DimensionParameterId(3), origin: Inferred, lifetime: Turn, lower_bound: Constant(0), upper_bound: None }], inputs: Fixed([Matrix { element: Parameter(KindParameterId(0)), dimensions: [Parameter(DimensionParameterId(0)), Parameter(DimensionParameterId(1))] }, Matrix { element: Parameter(KindParameterId(1)), dimensions: [Parameter(DimensionParameterId(2)), Parameter(DimensionParameterId(3))] }]), outputs: [Matrix { element: Parameter(KindParameterId(2)), dimensions: [Parameter(DimensionParameterId(2)), Parameter(DimensionParameterId(3))] }], constraints: [Satisfies { kind: Parameter(KindParameterId(0)), predicate: Number }, Satisfies { kind: Parameter(KindParameterId(1)), predicate: Number }, Promotes { left: Parameter(KindParameterId(0)), right: Parameter(KindParameterId(1)), output: Parameter(KindParameterId(2)) }, DimensionCompatible(Parameter(DimensionParameterId(0)), Parameter(DimensionParameterId(2))), DimensionCompatible(Parameter(DimensionParameterId(1)), Parameter(DimensionParameterId(3))), Satisfies { kind: Parameter(KindParameterId(0)), predicate: FloatingPoint }, Satisfies { kind: Parameter(KindParameterId(1)), predicate: FloatingPoint }] }, output_schema_rules: [FromResolvedType] }	O01: untested as an independently identified overload; the export sample is not attributed to this candidate	representative admitted kind/layout cells, rejected target cells, reference values, bytecode and changing-turn behavior
math/cos	0	FunctionTypeOverload { id: 0, input_layout: [Value], scheme: KindScheme { kind_parameters: [KindParameter { id: KindParameterId(0), upper_bound: None }], dimension_parameters: [], inputs: Fixed([Parameter(KindParameterId(0))]), outputs: [Parameter(KindParameterId(0))], constraints: [Satisfies { kind: Parameter(KindParameterId(0)), predicate: FloatingPoint }] }, output_schema_rules: [FromResolvedType] }	O01: untested as an independently identified overload; the export sample is not attributed to this candidate	representative admitted kind/layout cells, rejected target cells, reference values, bytecode and changing-turn behavior
math/cos	1	FunctionTypeOverload { id: 1, input_layout: [Value], scheme: KindScheme { kind_parameters: [KindParameter { id: KindParameterId(0), upper_bound: None }], dimension_parameters: [DimensionParameterDeclaration { id: DimensionParameterId(0), origin: Inferred, lifetime: Turn, lower_bound: Constant(0), upper_bound: None }, DimensionParameterDeclaration { id: DimensionParameterId(1), origin: Inferred, lifetime: Turn, lower_bound: Constant(0), upper_bound: None }], inputs: Fixed([Matrix { element: Parameter(KindParameterId(0)), dimensions: [Parameter(DimensionParameterId(0)), Parameter(DimensionParameterId(1))] }]), outputs: [Matrix { element: Parameter(KindParameterId(0)), dimensions: [Parameter(DimensionParameterId(0)), Parameter(DimensionParameterId(1))] }], constraints: [Satisfies { kind: Parameter(KindParameterId(0)), predicate: FloatingPoint }] }, output_schema_rules: [FromResolvedType] }	O01: untested as an independently identified overload; the export sample is not attributed to this candidate	representative admitted kind/layout cells, rejected target cells, reference values, bytecode and changing-turn behavior
compare/min	0	FunctionTypeOverload { id: 0, input_layout: [Value, Value], scheme: KindScheme { kind_parameters: [KindParameter { id: KindParameterId(0), upper_bound: None }, KindParameter { id: KindParameterId(1), upper_bound: None }, KindParameter { id: KindParameterId(2), upper_bound: None }], dimension_parameters: [], inputs: Fixed([Parameter(KindParameterId(0)), Parameter(KindParameterId(1))]), outputs: [Parameter(KindParameterId(2))], constraints: [Satisfies { kind: Parameter(KindParameterId(0)), predicate: Number }, Satisfies { kind: Parameter(KindParameterId(1)), predicate: Number }, Promotes { left: Parameter(KindParameterId(0)), right: Parameter(KindParameterId(1)), output: Parameter(KindParameterId(2)) }, Satisfies { kind: Parameter(KindParameterId(0)), predicate: Ordered }, Satisfies { kind: Parameter(KindParameterId(1)), predicate: Ordered }] }, output_schema_rules: [FromResolvedType] }	O01: untested as an independently identified overload; the export sample is not attributed to this candidate	representative admitted kind/layout cells, rejected target cells, reference values, bytecode and changing-turn behavior
compare/min	1	FunctionTypeOverload { id: 1, input_layout: [Value, Value], scheme: KindScheme { kind_parameters: [KindParameter { id: KindParameterId(0), upper_bound: None }, KindParameter { id: KindParameterId(1), upper_bound: None }, KindParameter { id: KindParameterId(2), upper_bound: None }], dimension_parameters: [DimensionParameterDeclaration { id: DimensionParameterId(0), origin: Inferred, lifetime: Turn, lower_bound: Constant(0), upper_bound: None }, DimensionParameterDeclaration { id: DimensionParameterId(1), origin: Inferred, lifetime: Turn, lower_bound: Constant(0), upper_bound: None }], inputs: Fixed([Matrix { element: Parameter(KindParameterId(0)), dimensions: [Parameter(DimensionParameterId(0)), Parameter(DimensionParameterId(1))] }, Matrix { element: Parameter(KindParameterId(1)), dimensions: [Parameter(DimensionParameterId(0)), Parameter(DimensionParameterId(1))] }]), outputs: [Matrix { element: Parameter(KindParameterId(2)), dimensions: [Parameter(DimensionParameterId(0)), Parameter(DimensionParameterId(1))] }], constraints: [Satisfies { kind: Parameter(KindParameterId(0)), predicate: Number }, Satisfies { kind: Parameter(KindParameterId(1)), predicate: Number }, Promotes { left: Parameter(KindParameterId(0)), right: Parameter(KindParameterId(1)), output: Parameter(KindParameterId(2)) }, Satisfies { kind: Parameter(KindParameterId(0)), predicate: Ordered }, Satisfies { kind: Parameter(KindParameterId(1)), predicate: Ordered }] }, output_schema_rules: [FromResolvedType] }	O01: untested as an independently identified overload; the export sample is not attributed to this candidate	representative admitted kind/layout cells, rejected target cells, reference values, bytecode and changing-turn behavior
compare/min	2	FunctionTypeOverload { id: 2, input_layout: [Value, Value], scheme: KindScheme { kind_parameters: [KindParameter { id: KindParameterId(0), upper_bound: None }, KindParameter { id: KindParameterId(1), upper_bound: None }, KindParameter { id: KindParameterId(2), upper_bound: None }], dimension_parameters: [DimensionParameterDeclaration { id: DimensionParameterId(0), origin: Inferred, lifetime: Turn, lower_bound: Constant(0), upper_bound: None }, DimensionParameterDeclaration { id: DimensionParameterId(1), origin: Inferred, lifetime: Turn, lower_bound: Constant(0), upper_bound: None }], inputs: Fixed([Matrix { element: Parameter(KindParameterId(0)), dimensions: [Parameter(DimensionParameterId(0)), Parameter(DimensionParameterId(1))] }, Parameter(KindParameterId(1))]), outputs: [Matrix { element: Parameter(KindParameterId(2)), dimensions: [Parameter(DimensionParameterId(0)), Parameter(DimensionParameterId(1))] }], constraints: [Satisfies { kind: Parameter(KindParameterId(0)), predicate: Number }, Satisfies { kind: Parameter(KindParameterId(1)), predicate: Number }, Promotes { left: Parameter(KindParameterId(0)), right: Parameter(KindParameterId(1)), output: Parameter(KindParameterId(2)) }, Satisfies { kind: Parameter(KindParameterId(0)), predicate: Ordered }, Satisfies { kind: Parameter(KindParameterId(1)), predicate: Ordered }] }, output_schema_rules: [FromResolvedType] }	O01: untested as an independently identified overload; the export sample is not attributed to this candidate	representative admitted kind/layout cells, rejected target cells, reference values, bytecode and changing-turn behavior
compare/min	3	FunctionTypeOverload { id: 3, input_layout: [Value, Value], scheme: KindScheme { kind_parameters: [KindParameter { id: KindParameterId(0), upper_bound: None }, KindParameter { id: KindParameterId(1), upper_bound: None }, KindParameter { id: KindParameterId(2), upper_bound: None }], dimension_parameters: [DimensionParameterDeclaration { id: DimensionParameterId(0), origin: Inferred, lifetime: Turn, lower_bound: Constant(0), upper_bound: None }, DimensionParameterDeclaration { id: DimensionParameterId(1), origin: Inferred, lifetime: Turn, lower_bound: Constant(0), upper_bound: None }], inputs: Fixed([Parameter(KindParameterId(0)), Matrix { element: Parameter(KindParameterId(1)), dimensions: [Parameter(DimensionParameterId(0)), Parameter(DimensionParameterId(1))] }]), outputs: [Matrix { element: Parameter(KindParameterId(2)), dimensions: [Parameter(DimensionParameterId(0)), Parameter(DimensionParameterId(1))] }], constraints: [Satisfies { kind: Parameter(KindParameterId(0)), predicate: Number }, Satisfies { kind: Parameter(KindParameterId(1)), predicate: Number }, Promotes { left: Parameter(KindParameterId(0)), right: Parameter(KindParameterId(1)), output: Parameter(KindParameterId(2)) }, Satisfies { kind: Parameter(KindParameterId(0)), predicate: Ordered }, Satisfies { kind: Parameter(KindParameterId(1)), predicate: Ordered }] }, output_schema_rules: [FromResolvedType] }	O01: untested as an independently identified overload; the export sample is not attributed to this candidate	representative admitted kind/layout cells, rejected target cells, reference values, bytecode and changing-turn behavior
compare/min	4	FunctionTypeOverload { id: 4, input_layout: [Value, Value], scheme: KindScheme { kind_parameters: [KindParameter { id: KindParameterId(0), upper_bound: None }, KindParameter { id: KindParameterId(1), upper_bound: None }, KindParameter { id: KindParameterId(2), upper_bound: None }], dimension_parameters: [DimensionParameterDeclaration { id: DimensionParameterId(0), origin: Inferred, lifetime: Turn, lower_bound: Constant(0), upper_bound: None }, DimensionParameterDeclaration { id: DimensionParameterId(1), origin: Inferred, lifetime: Turn, lower_bound: Constant(0), upper_bound: None }, DimensionParameterDeclaration { id: DimensionParameterId(2), origin: Inferred, lifetime: Turn, lower_bound: Constant(0), upper_bound: None }], inputs: Fixed([Matrix { element: Parameter(KindParameterId(0)), dimensions: [Parameter(DimensionParameterId(0)), Parameter(DimensionParameterId(1))] }, Matrix { element: Parameter(KindParameterId(1)), dimensions: [Parameter(DimensionParameterId(2)), Constant(1)] }]), outputs: [Matrix { element: Parameter(KindParameterId(2)), dimensions: [Parameter(DimensionParameterId(0)), Parameter(DimensionParameterId(1))] }], constraints: [Satisfies { kind: Parameter(KindParameterId(0)), predicate: Number }, Satisfies { kind: Parameter(KindParameterId(1)), predicate: Number }, Promotes { left: Parameter(KindParameterId(0)), right: Parameter(KindParameterId(1)), output: Parameter(KindParameterId(2)) }, DimensionCompatible(Parameter(DimensionParameterId(0)), Parameter(DimensionParameterId(2))), Satisfies { kind: Parameter(KindParameterId(0)), predicate: Ordered }, Satisfies { kind: Parameter(KindParameterId(1)), predicate: Ordered }] }, output_schema_rules: [FromResolvedType] }	O01: untested as an independently identified overload; the export sample is not attributed to this candidate	representative admitted kind/layout cells, rejected target cells, reference values, bytecode and changing-turn behavior
compare/min	5	FunctionTypeOverload { id: 5, input_layout: [Value, Value], scheme: KindScheme { kind_parameters: [KindParameter { id: KindParameterId(0), upper_bound: None }, KindParameter { id: KindParameterId(1), upper_bound: None }, KindParameter { id: KindParameterId(2), upper_bound: None }], dimension_parameters: [DimensionParameterDeclaration { id: DimensionParameterId(0), origin: Inferred, lifetime: Turn, lower_bound: Constant(0), upper_bound: None }, DimensionParameterDeclaration { id: DimensionParameterId(1), origin: Inferred, lifetime: Turn, lower_bound: Constant(0), upper_bound: None }, DimensionParameterDeclaration { id: DimensionParameterId(2), origin: Inferred, lifetime: Turn, lower_bound: Constant(0), upper_bound: None }], inputs: Fixed([Matrix { element: Parameter(KindParameterId(0)), dimensions: [Parameter(DimensionParameterId(0)), Parameter(DimensionParameterId(1))] }, Matrix { element: Parameter(KindParameterId(1)), dimensions: [Constant(1), Parameter(DimensionParameterId(2))] }]), outputs: [Matrix { element: Parameter(KindParameterId(2)), dimensions: [Parameter(DimensionParameterId(0)), Parameter(DimensionParameterId(1))] }], constraints: [Satisfies { kind: Parameter(KindParameterId(0)), predicate: Number }, Satisfies { kind: Parameter(KindParameterId(1)), predicate: Number }, Promotes { left: Parameter(KindParameterId(0)), right: Parameter(KindParameterId(1)), output: Parameter(KindParameterId(2)) }, DimensionCompatible(Parameter(DimensionParameterId(1)), Parameter(DimensionParameterId(2))), Satisfies { kind: Parameter(KindParameterId(0)), predicate: Ordered }, Satisfies { kind: Parameter(KindParameterId(1)), predicate: Ordered }] }, output_schema_rules: [FromResolvedType] }	O01: untested as an independently identified overload; the export sample is not attributed to this candidate	representative admitted kind/layout cells, rejected target cells, reference values, bytecode and changing-turn behavior
compare/min	6	FunctionTypeOverload { id: 6, input_layout: [Value, Value], scheme: KindScheme { kind_parameters: [KindParameter { id: KindParameterId(0), upper_bound: None }, KindParameter { id: KindParameterId(1), upper_bound: None }, KindParameter { id: KindParameterId(2), upper_bound: None }], dimension_parameters: [DimensionParameterDeclaration { id: DimensionParameterId(0), origin: Inferred, lifetime: Turn, lower_bound: Constant(0), upper_bound: None }, DimensionParameterDeclaration { id: DimensionParameterId(1), origin: Inferred, lifetime: Turn, lower_bound: Constant(0), upper_bound: None }, DimensionParameterDeclaration { id: DimensionParameterId(2), origin: Inferred, lifetime: Turn, lower_bound: Constant(0), upper_bound: None }], inputs: Fixed([Matrix { element: Parameter(KindParameterId(0)), dimensions: [Parameter(DimensionParameterId(2)), Constant(1)] }, Matrix { element: Parameter(KindParameterId(1)), dimensions: [Parameter(DimensionParameterId(0)), Parameter(DimensionParameterId(1))] }]), outputs: [Matrix { element: Parameter(KindParameterId(2)), dimensions: [Parameter(DimensionParameterId(0)), Parameter(DimensionParameterId(1))] }], constraints: [Satisfies { kind: Parameter(KindParameterId(0)), predicate: Number }, Satisfies { kind: Parameter(KindParameterId(1)), predicate: Number }, Promotes { left: Parameter(KindParameterId(0)), right: Parameter(KindParameterId(1)), output: Parameter(KindParameterId(2)) }, DimensionCompatible(Parameter(DimensionParameterId(0)), Parameter(DimensionParameterId(2))), Satisfies { kind: Parameter(KindParameterId(0)), predicate: Ordered }, Satisfies { kind: Parameter(KindParameterId(1)), predicate: Ordered }] }, output_schema_rules: [FromResolvedType] }	O01: untested as an independently identified overload; the export sample is not attributed to this candidate	representative admitted kind/layout cells, rejected target cells, reference values, bytecode and changing-turn behavior
compare/min	7	FunctionTypeOverload { id: 7, input_layout: [Value, Value], scheme: KindScheme { kind_parameters: [KindParameter { id: KindParameterId(0), upper_bound: None }, KindParameter { id: KindParameterId(1), upper_bound: None }, KindParameter { id: KindParameterId(2), upper_bound: None }], dimension_parameters: [DimensionParameterDeclaration { id: DimensionParameterId(0), origin: Inferred, lifetime: Turn, lower_bound: Constant(0), upper_bound: None }, DimensionParameterDeclaration { id: DimensionParameterId(1), origin: Inferred, lifetime: Turn, lower_bound: Constant(0), upper_bound: None }, DimensionParameterDeclaration { id: DimensionParameterId(2), origin: Inferred, lifetime: Turn, lower_bound: Constant(0), upper_bound: None }], inputs: Fixed([Matrix { element: Parameter(KindParameterId(0)), dimensions: [Constant(1), Parameter(DimensionParameterId(2))] }, Matrix { element: Parameter(KindParameterId(1)), dimensions: [Parameter(DimensionParameterId(0)), Parameter(DimensionParameterId(1))] }]), outputs: [Matrix { element: Parameter(KindParameterId(2)), dimensions: [Parameter(DimensionParameterId(0)), Parameter(DimensionParameterId(1))] }], constraints: [Satisfies { kind: Parameter(KindParameterId(0)), predicate: Number }, Satisfies { kind: Parameter(KindParameterId(1)), predicate: Number }, Promotes { left: Parameter(KindParameterId(0)), right: Parameter(KindParameterId(1)), output: Parameter(KindParameterId(2)) }, DimensionCompatible(Parameter(DimensionParameterId(1)), Parameter(DimensionParameterId(2))), Satisfies { kind: Parameter(KindParameterId(0)), predicate: Ordered }, Satisfies { kind: Parameter(KindParameterId(1)), predicate: Ordered }] }, output_schema_rules: [FromResolvedType] }	O01: untested as an independently identified overload; the export sample is not attributed to this candidate	representative admitted kind/layout cells, rejected target cells, reference values, bytecode and changing-turn behavior
compare/min	8	FunctionTypeOverload { id: 8, input_layout: [Value, Value], scheme: KindScheme { kind_parameters: [KindParameter { id: KindParameterId(0), upper_bound: None }, KindParameter { id: KindParameterId(1), upper_bound: None }, KindParameter { id: KindParameterId(2), upper_bound: None }], dimension_parameters: [DimensionParameterDeclaration { id: DimensionParameterId(0), origin: Inferred, lifetime: Turn, lower_bound: Constant(0), upper_bound: None }, DimensionParameterDeclaration { id: DimensionParameterId(1), origin: Inferred, lifetime: Turn, lower_bound: Constant(0), upper_bound: None }, DimensionParameterDeclaration { id: DimensionParameterId(2), origin: Inferred, lifetime: Turn, lower_bound: Constant(0), upper_bound: None }, DimensionParameterDeclaration { id: DimensionParameterId(3), origin: Inferred, lifetime: Turn, lower_bound: Constant(0), upper_bound: None }], inputs: Fixed([Matrix { element: Parameter(KindParameterId(0)), dimensions: [Parameter(DimensionParameterId(0)), Parameter(DimensionParameterId(1))] }, Matrix { element: Parameter(KindParameterId(1)), dimensions: [Parameter(DimensionParameterId(2)), Parameter(DimensionParameterId(3))] }]), outputs: [Matrix { element: Parameter(KindParameterId(2)), dimensions: [Parameter(DimensionParameterId(0)), Parameter(DimensionParameterId(1))] }], constraints: [Satisfies { kind: Parameter(KindParameterId(0)), predicate: Number }, Satisfies { kind: Parameter(KindParameterId(1)), predicate: Number }, Promotes { left: Parameter(KindParameterId(0)), right: Parameter(KindParameterId(1)), output: Parameter(KindParameterId(2)) }, DimensionCompatible(Parameter(DimensionParameterId(0)), Parameter(DimensionParameterId(2))), DimensionCompatible(Parameter(DimensionParameterId(1)), Parameter(DimensionParameterId(3))), Satisfies { kind: Parameter(KindParameterId(0)), predicate: Ordered }, Satisfies { kind: Parameter(KindParameterId(1)), predicate: Ordered }] }, output_schema_rules: [FromResolvedType] }	O01: untested as an independently identified overload; the export sample is not attributed to this candidate	representative admitted kind/layout cells, rejected target cells, reference values, bytecode and changing-turn behavior
compare/min	9	FunctionTypeOverload { id: 9, input_layout: [Value, Value], scheme: KindScheme { kind_parameters: [KindParameter { id: KindParameterId(0), upper_bound: None }, KindParameter { id: KindParameterId(1), upper_bound: None }, KindParameter { id: KindParameterId(2), upper_bound: None }], dimension_parameters: [DimensionParameterDeclaration { id: DimensionParameterId(0), origin: Inferred, lifetime: Turn, lower_bound: Constant(0), upper_bound: None }, DimensionParameterDeclaration { id: DimensionParameterId(1), origin: Inferred, lifetime: Turn, lower_bound: Constant(0), upper_bound: None }, DimensionParameterDeclaration { id: DimensionParameterId(2), origin: Inferred, lifetime: Turn, lower_bound: Constant(0), upper_bound: None }, DimensionParameterDeclaration { id: DimensionParameterId(3), origin: Inferred, lifetime: Turn, lower_bound: Constant(0), upper_bound: None }], inputs: Fixed([Matrix { element: Parameter(KindParameterId(0)), dimensions: [Parameter(DimensionParameterId(0)), Parameter(DimensionParameterId(1))] }, Matrix { element: Parameter(KindParameterId(1)), dimensions: [Parameter(DimensionParameterId(2)), Parameter(DimensionParameterId(3))] }]), outputs: [Matrix { element: Parameter(KindParameterId(2)), dimensions: [Parameter(DimensionParameterId(2)), Parameter(DimensionParameterId(3))] }], constraints: [Satisfies { kind: Parameter(KindParameterId(0)), predicate: Number }, Satisfies { kind: Parameter(KindParameterId(1)), predicate: Number }, Promotes { left: Parameter(KindParameterId(0)), right: Parameter(KindParameterId(1)), output: Parameter(KindParameterId(2)) }, DimensionCompatible(Parameter(DimensionParameterId(0)), Parameter(DimensionParameterId(2))), DimensionCompatible(Parameter(DimensionParameterId(1)), Parameter(DimensionParameterId(3))), Satisfies { kind: Parameter(KindParameterId(0)), predicate: Ordered }, Satisfies { kind: Parameter(KindParameterId(1)), predicate: Ordered }] }, output_schema_rules: [FromResolvedType] }	O01: untested as an independently identified overload; the export sample is not attributed to this candidate	representative admitted kind/layout cells, rejected target cells, reference values, bytecode and changing-turn behavior
set/remove	0	FunctionTypeOverload { id: 0, input_layout: [Value, Value], scheme: KindScheme { kind_parameters: [KindParameter { id: KindParameterId(0), upper_bound: None }], dimension_parameters: [DimensionParameterDeclaration { id: DimensionParameterId(0), origin: Inferred, lifetime: Turn, lower_bound: Constant(0), upper_bound: None }, DimensionParameterDeclaration { id: DimensionParameterId(1), origin: Inferred, lifetime: Turn, lower_bound: Constant(0), upper_bound: Some(Parameter(DimensionParameterId(0))) }], inputs: Fixed([Set { element: Parameter(KindParameterId(0)), cardinality: Parameter(DimensionParameterId(0)) }, Parameter(KindParameterId(0))]), outputs: [Set { element: Parameter(KindParameterId(0)), cardinality: Parameter(DimensionParameterId(1)) }], constraints: [Satisfies { kind: Parameter(KindParameterId(0)), predicate: Keyable }] }, output_schema_rules: [FromInput(0)] }	O01: untested as an independently identified overload; the export sample is not attributed to this candidate	representative admitted kind/layout cells, rejected target cells, reference values, bytecode and changing-turn behavior
math/bessel/jn	0	FunctionTypeOverload { id: 0, input_layout: [Value, Value], scheme: KindScheme { kind_parameters: [KindParameter { id: KindParameterId(0), upper_bound: None }, KindParameter { id: KindParameterId(1), upper_bound: None }, KindParameter { id: KindParameterId(2), upper_bound: None }], dimension_parameters: [], inputs: Fixed([Parameter(KindParameterId(0)), Parameter(KindParameterId(1))]), outputs: [Parameter(KindParameterId(2))], constraints: [Satisfies { kind: Parameter(KindParameterId(0)), predicate: Number }, Satisfies { kind: Parameter(KindParameterId(1)), predicate: Number }, Promotes { left: Parameter(KindParameterId(0)), right: Parameter(KindParameterId(1)), output: Parameter(KindParameterId(2)) }, Satisfies { kind: Parameter(KindParameterId(0)), predicate: FloatingPoint }, Satisfies { kind: Parameter(KindParameterId(1)), predicate: FloatingPoint }] }, output_schema_rules: [FromResolvedType] }	O01: untested as an independently identified overload; the export sample is not attributed to this candidate	representative admitted kind/layout cells, rejected target cells, reference values, bytecode and changing-turn behavior
math/bessel/jn	1	FunctionTypeOverload { id: 1, input_layout: [Value, Value], scheme: KindScheme { kind_parameters: [KindParameter { id: KindParameterId(0), upper_bound: None }, KindParameter { id: KindParameterId(1), upper_bound: None }, KindParameter { id: KindParameterId(2), upper_bound: None }], dimension_parameters: [DimensionParameterDeclaration { id: DimensionParameterId(0), origin: Inferred, lifetime: Turn, lower_bound: Constant(0), upper_bound: None }, DimensionParameterDeclaration { id: DimensionParameterId(1), origin: Inferred, lifetime: Turn, lower_bound: Constant(0), upper_bound: None }], inputs: Fixed([Matrix { element: Parameter(KindParameterId(0)), dimensions: [Parameter(DimensionParameterId(0)), Parameter(DimensionParameterId(1))] }, Matrix { element: Parameter(KindParameterId(1)), dimensions: [Parameter(DimensionParameterId(0)), Parameter(DimensionParameterId(1))] }]), outputs: [Matrix { element: Parameter(KindParameterId(2)), dimensions: [Parameter(DimensionParameterId(0)), Parameter(DimensionParameterId(1))] }], constraints: [Satisfies { kind: Parameter(KindParameterId(0)), predicate: Number }, Satisfies { kind: Parameter(KindParameterId(1)), predicate: Number }, Promotes { left: Parameter(KindParameterId(0)), right: Parameter(KindParameterId(1)), output: Parameter(KindParameterId(2)) }, Satisfies { kind: Parameter(KindParameterId(0)), predicate: FloatingPoint }, Satisfies { kind: Parameter(KindParameterId(1)), predicate: FloatingPoint }] }, output_schema_rules: [FromResolvedType] }	O01: untested as an independently identified overload; the export sample is not attributed to this candidate	representative admitted kind/layout cells, rejected target cells, reference values, bytecode and changing-turn behavior
math/bessel/jn	2	FunctionTypeOverload { id: 2, input_layout: [Value, Value], scheme: KindScheme { kind_parameters: [KindParameter { id: KindParameterId(0), upper_bound: None }, KindParameter { id: KindParameterId(1), upper_bound: None }, KindParameter { id: KindParameterId(2), upper_bound: None }], dimension_parameters: [DimensionParameterDeclaration { id: DimensionParameterId(0), origin: Inferred, lifetime: Turn, lower_bound: Constant(0), upper_bound: None }, DimensionParameterDeclaration { id: DimensionParameterId(1), origin: Inferred, lifetime: Turn, lower_bound: Constant(0), upper_bound: None }], inputs: Fixed([Matrix { element: Parameter(KindParameterId(0)), dimensions: [Parameter(DimensionParameterId(0)), Parameter(DimensionParameterId(1))] }, Parameter(KindParameterId(1))]), outputs: [Matrix { element: Parameter(KindParameterId(2)), dimensions: [Parameter(DimensionParameterId(0)), Parameter(DimensionParameterId(1))] }], constraints: [Satisfies { kind: Parameter(KindParameterId(0)), predicate: Number }, Satisfies { kind: Parameter(KindParameterId(1)), predicate: Number }, Promotes { left: Parameter(KindParameterId(0)), right: Parameter(KindParameterId(1)), output: Parameter(KindParameterId(2)) }, Satisfies { kind: Parameter(KindParameterId(0)), predicate: FloatingPoint }, Satisfies { kind: Parameter(KindParameterId(1)), predicate: FloatingPoint }] }, output_schema_rules: [FromResolvedType] }	O01: untested as an independently identified overload; the export sample is not attributed to this candidate	representative admitted kind/layout cells, rejected target cells, reference values, bytecode and changing-turn behavior
math/bessel/jn	3	FunctionTypeOverload { id: 3, input_layout: [Value, Value], scheme: KindScheme { kind_parameters: [KindParameter { id: KindParameterId(0), upper_bound: None }, KindParameter { id: KindParameterId(1), upper_bound: None }, KindParameter { id: KindParameterId(2), upper_bound: None }], dimension_parameters: [DimensionParameterDeclaration { id: DimensionParameterId(0), origin: Inferred, lifetime: Turn, lower_bound: Constant(0), upper_bound: None }, DimensionParameterDeclaration { id: DimensionParameterId(1), origin: Inferred, lifetime: Turn, lower_bound: Constant(0), upper_bound: None }], inputs: Fixed([Parameter(KindParameterId(0)), Matrix { element: Parameter(KindParameterId(1)), dimensions: [Parameter(DimensionParameterId(0)), Parameter(DimensionParameterId(1))] }]), outputs: [Matrix { element: Parameter(KindParameterId(2)), dimensions: [Parameter(DimensionParameterId(0)), Parameter(DimensionParameterId(1))] }], constraints: [Satisfies { kind: Parameter(KindParameterId(0)), predicate: Number }, Satisfies { kind: Parameter(KindParameterId(1)), predicate: Number }, Promotes { left: Parameter(KindParameterId(0)), right: Parameter(KindParameterId(1)), output: Parameter(KindParameterId(2)) }, Satisfies { kind: Parameter(KindParameterId(0)), predicate: FloatingPoint }, Satisfies { kind: Parameter(KindParameterId(1)), predicate: FloatingPoint }] }, output_schema_rules: [FromResolvedType] }	O01: untested as an independently identified overload; the export sample is not attributed to this candidate	representative admitted kind/layout cells, rejected target cells, reference values, bytecode and changing-turn behavior
math/bessel/jn	4	FunctionTypeOverload { id: 4, input_layout: [Value, Value], scheme: KindScheme { kind_parameters: [KindParameter { id: KindParameterId(0), upper_bound: None }, KindParameter { id: KindParameterId(1), upper_bound: None }, KindParameter { id: KindParameterId(2), upper_bound: None }], dimension_parameters: [DimensionParameterDeclaration { id: DimensionParameterId(0), origin: Inferred, lifetime: Turn, lower_bound: Constant(0), upper_bound: None }, DimensionParameterDeclaration { id: DimensionParameterId(1), origin: Inferred, lifetime: Turn, lower_bound: Constant(0), upper_bound: None }, DimensionParameterDeclaration { id: DimensionParameterId(2), origin: Inferred, lifetime: Turn, lower_bound: Constant(0), upper_bound: None }], inputs: Fixed([Matrix { element: Parameter(KindParameterId(0)), dimensions: [Parameter(DimensionParameterId(0)), Parameter(DimensionParameterId(1))] }, Matrix { element: Parameter(KindParameterId(1)), dimensions: [Parameter(DimensionParameterId(2)), Constant(1)] }]), outputs: [Matrix { element: Parameter(KindParameterId(2)), dimensions: [Parameter(DimensionParameterId(0)), Parameter(DimensionParameterId(1))] }], constraints: [Satisfies { kind: Parameter(KindParameterId(0)), predicate: Number }, Satisfies { kind: Parameter(KindParameterId(1)), predicate: Number }, Promotes { left: Parameter(KindParameterId(0)), right: Parameter(KindParameterId(1)), output: Parameter(KindParameterId(2)) }, DimensionCompatible(Parameter(DimensionParameterId(0)), Parameter(DimensionParameterId(2))), Satisfies { kind: Parameter(KindParameterId(0)), predicate: FloatingPoint }, Satisfies { kind: Parameter(KindParameterId(1)), predicate: FloatingPoint }] }, output_schema_rules: [FromResolvedType] }	O01: untested as an independently identified overload; the export sample is not attributed to this candidate	representative admitted kind/layout cells, rejected target cells, reference values, bytecode and changing-turn behavior
math/bessel/jn	5	FunctionTypeOverload { id: 5, input_layout: [Value, Value], scheme: KindScheme { kind_parameters: [KindParameter { id: KindParameterId(0), upper_bound: None }, KindParameter { id: KindParameterId(1), upper_bound: None }, KindParameter { id: KindParameterId(2), upper_bound: None }], dimension_parameters: [DimensionParameterDeclaration { id: DimensionParameterId(0), origin: Inferred, lifetime: Turn, lower_bound: Constant(0), upper_bound: None }, DimensionParameterDeclaration { id: DimensionParameterId(1), origin: Inferred, lifetime: Turn, lower_bound: Constant(0), upper_bound: None }, DimensionParameterDeclaration { id: DimensionParameterId(2), origin: Inferred, lifetime: Turn, lower_bound: Constant(0), upper_bound: None }], inputs: Fixed([Matrix { element: Parameter(KindParameterId(0)), dimensions: [Parameter(DimensionParameterId(0)), Parameter(DimensionParameterId(1))] }, Matrix { element: Parameter(KindParameterId(1)), dimensions: [Constant(1), Parameter(DimensionParameterId(2))] }]), outputs: [Matrix { element: Parameter(KindParameterId(2)), dimensions: [Parameter(DimensionParameterId(0)), Parameter(DimensionParameterId(1))] }], constraints: [Satisfies { kind: Parameter(KindParameterId(0)), predicate: Number }, Satisfies { kind: Parameter(KindParameterId(1)), predicate: Number }, Promotes { left: Parameter(KindParameterId(0)), right: Parameter(KindParameterId(1)), output: Parameter(KindParameterId(2)) }, DimensionCompatible(Parameter(DimensionParameterId(1)), Parameter(DimensionParameterId(2))), Satisfies { kind: Parameter(KindParameterId(0)), predicate: FloatingPoint }, Satisfies { kind: Parameter(KindParameterId(1)), predicate: FloatingPoint }] }, output_schema_rules: [FromResolvedType] }	O01: untested as an independently identified overload; the export sample is not attributed to this candidate	representative admitted kind/layout cells, rejected target cells, reference values, bytecode and changing-turn behavior
math/bessel/jn	6	FunctionTypeOverload { id: 6, input_layout: [Value, Value], scheme: KindScheme { kind_parameters: [KindParameter { id: KindParameterId(0), upper_bound: None }, KindParameter { id: KindParameterId(1), upper_bound: None }, KindParameter { id: KindParameterId(2), upper_bound: None }], dimension_parameters: [DimensionParameterDeclaration { id: DimensionParameterId(0), origin: Inferred, lifetime: Turn, lower_bound: Constant(0), upper_bound: None }, DimensionParameterDeclaration { id: DimensionParameterId(1), origin: Inferred, lifetime: Turn, lower_bound: Constant(0), upper_bound: None }, DimensionParameterDeclaration { id: DimensionParameterId(2), origin: Inferred, lifetime: Turn, lower_bound: Constant(0), upper_bound: None }], inputs: Fixed([Matrix { element: Parameter(KindParameterId(0)), dimensions: [Parameter(DimensionParameterId(2)), Constant(1)] }, Matrix { element: Parameter(KindParameterId(1)), dimensions: [Parameter(DimensionParameterId(0)), Parameter(DimensionParameterId(1))] }]), outputs: [Matrix { element: Parameter(KindParameterId(2)), dimensions: [Parameter(DimensionParameterId(0)), Parameter(DimensionParameterId(1))] }], constraints: [Satisfies { kind: Parameter(KindParameterId(0)), predicate: Number }, Satisfies { kind: Parameter(KindParameterId(1)), predicate: Number }, Promotes { left: Parameter(KindParameterId(0)), right: Parameter(KindParameterId(1)), output: Parameter(KindParameterId(2)) }, DimensionCompatible(Parameter(DimensionParameterId(0)), Parameter(DimensionParameterId(2))), Satisfies { kind: Parameter(KindParameterId(0)), predicate: FloatingPoint }, Satisfies { kind: Parameter(KindParameterId(1)), predicate: FloatingPoint }] }, output_schema_rules: [FromResolvedType] }	O01: untested as an independently identified overload; the export sample is not attributed to this candidate	representative admitted kind/layout cells, rejected target cells, reference values, bytecode and changing-turn behavior
math/bessel/jn	7	FunctionTypeOverload { id: 7, input_layout: [Value, Value], scheme: KindScheme { kind_parameters: [KindParameter { id: KindParameterId(0), upper_bound: None }, KindParameter { id: KindParameterId(1), upper_bound: None }, KindParameter { id: KindParameterId(2), upper_bound: None }], dimension_parameters: [DimensionParameterDeclaration { id: DimensionParameterId(0), origin: Inferred, lifetime: Turn, lower_bound: Constant(0), upper_bound: None }, DimensionParameterDeclaration { id: DimensionParameterId(1), origin: Inferred, lifetime: Turn, lower_bound: Constant(0), upper_bound: None }, DimensionParameterDeclaration { id: DimensionParameterId(2), origin: Inferred, lifetime: Turn, lower_bound: Constant(0), upper_bound: None }], inputs: Fixed([Matrix { element: Parameter(KindParameterId(0)), dimensions: [Constant(1), Parameter(DimensionParameterId(2))] }, Matrix { element: Parameter(KindParameterId(1)), dimensions: [Parameter(DimensionParameterId(0)), Parameter(DimensionParameterId(1))] }]), outputs: [Matrix { element: Parameter(KindParameterId(2)), dimensions: [Parameter(DimensionParameterId(0)), Parameter(DimensionParameterId(1))] }], constraints: [Satisfies { kind: Parameter(KindParameterId(0)), predicate: Number }, Satisfies { kind: Parameter(KindParameterId(1)), predicate: Number }, Promotes { left: Parameter(KindParameterId(0)), right: Parameter(KindParameterId(1)), output: Parameter(KindParameterId(2)) }, DimensionCompatible(Parameter(DimensionParameterId(1)), Parameter(DimensionParameterId(2))), Satisfies { kind: Parameter(KindParameterId(0)), predicate: FloatingPoint }, Satisfies { kind: Parameter(KindParameterId(1)), predicate: FloatingPoint }] }, output_schema_rules: [FromResolvedType] }	O01: untested as an independently identified overload; the export sample is not attributed to this candidate	representative admitted kind/layout cells, rejected target cells, reference values, bytecode and changing-turn behavior
math/bessel/jn	8	FunctionTypeOverload { id: 8, input_layout: [Value, Value], scheme: KindScheme { kind_parameters: [KindParameter { id: KindParameterId(0), upper_bound: None }, KindParameter { id: KindParameterId(1), upper_bound: None }, KindParameter { id: KindParameterId(2), upper_bound: None }], dimension_parameters: [DimensionParameterDeclaration { id: DimensionParameterId(0), origin: Inferred, lifetime: Turn, lower_bound: Constant(0), upper_bound: None }, DimensionParameterDeclaration { id: DimensionParameterId(1), origin: Inferred, lifetime: Turn, lower_bound: Constant(0), upper_bound: None }, DimensionParameterDeclaration { id: DimensionParameterId(2), origin: Inferred, lifetime: Turn, lower_bound: Constant(0), upper_bound: None }, DimensionParameterDeclaration { id: DimensionParameterId(3), origin: Inferred, lifetime: Turn, lower_bound: Constant(0), upper_bound: None }], inputs: Fixed([Matrix { element: Parameter(KindParameterId(0)), dimensions: [Parameter(DimensionParameterId(0)), Parameter(DimensionParameterId(1))] }, Matrix { element: Parameter(KindParameterId(1)), dimensions: [Parameter(DimensionParameterId(2)), Parameter(DimensionParameterId(3))] }]), outputs: [Matrix { element: Parameter(KindParameterId(2)), dimensions: [Parameter(DimensionParameterId(0)), Parameter(DimensionParameterId(1))] }], constraints: [Satisfies { kind: Parameter(KindParameterId(0)), predicate: Number }, Satisfies { kind: Parameter(KindParameterId(1)), predicate: Number }, Promotes { left: Parameter(KindParameterId(0)), right: Parameter(KindParameterId(1)), output: Parameter(KindParameterId(2)) }, DimensionCompatible(Parameter(DimensionParameterId(0)), Parameter(DimensionParameterId(2))), DimensionCompatible(Parameter(DimensionParameterId(1)), Parameter(DimensionParameterId(3))), Satisfies { kind: Parameter(KindParameterId(0)), predicate: FloatingPoint }, Satisfies { kind: Parameter(KindParameterId(1)), predicate: FloatingPoint }] }, output_schema_rules: [FromResolvedType] }	O01: untested as an independently identified overload; the export sample is not attributed to this candidate	representative admitted kind/layout cells, rejected target cells, reference values, bytecode and changing-turn behavior
math/bessel/jn	9	FunctionTypeOverload { id: 9, input_layout: [Value, Value], scheme: KindScheme { kind_parameters: [KindParameter { id: KindParameterId(0), upper_bound: None }, KindParameter { id: KindParameterId(1), upper_bound: None }, KindParameter { id: KindParameterId(2), upper_bound: None }], dimension_parameters: [DimensionParameterDeclaration { id: DimensionParameterId(0), origin: Inferred, lifetime: Turn, lower_bound: Constant(0), upper_bound: None }, DimensionParameterDeclaration { id: DimensionParameterId(1), origin: Inferred, lifetime: Turn, lower_bound: Constant(0), upper_bound: None }, DimensionParameterDeclaration { id: DimensionParameterId(2), origin: Inferred, lifetime: Turn, lower_bound: Constant(0), upper_bound: None }, DimensionParameterDeclaration { id: DimensionParameterId(3), origin: Inferred, lifetime: Turn, lower_bound: Constant(0), upper_bound: None }], inputs: Fixed([Matrix { element: Parameter(KindParameterId(0)), dimensions: [Parameter(DimensionParameterId(0)), Parameter(DimensionParameterId(1))] }, Matrix { element: Parameter(KindParameterId(1)), dimensions: [Parameter(DimensionParameterId(2)), Parameter(DimensionParameterId(3))] }]), outputs: [Matrix { element: Parameter(KindParameterId(2)), dimensions: [Parameter(DimensionParameterId(2)), Parameter(DimensionParameterId(3))] }], constraints: [Satisfies { kind: Parameter(KindParameterId(0)), predicate: Number }, Satisfies { kind: Parameter(KindParameterId(1)), predicate: Number }, Promotes { left: Parameter(KindParameterId(0)), right: Parameter(KindParameterId(1)), output: Parameter(KindParameterId(2)) }, DimensionCompatible(Parameter(DimensionParameterId(0)), Parameter(DimensionParameterId(2))), DimensionCompatible(Parameter(DimensionParameterId(1)), Parameter(DimensionParameterId(3))), Satisfies { kind: Parameter(KindParameterId(0)), predicate: FloatingPoint }, Satisfies { kind: Parameter(KindParameterId(1)), predicate: FloatingPoint }] }, output_schema_rules: [FromResolvedType] }	O01: untested as an independently identified overload; the export sample is not attributed to this candidate	representative admitted kind/layout cells, rejected target cells, reference values, bytecode and changing-turn behavior
compare/max	0	FunctionTypeOverload { id: 0, input_layout: [Value, Value], scheme: KindScheme { kind_parameters: [KindParameter { id: KindParameterId(0), upper_bound: None }, KindParameter { id: KindParameterId(1), upper_bound: None }, KindParameter { id: KindParameterId(2), upper_bound: None }], dimension_parameters: [], inputs: Fixed([Parameter(KindParameterId(0)), Parameter(KindParameterId(1))]), outputs: [Parameter(KindParameterId(2))], constraints: [Satisfies { kind: Parameter(KindParameterId(0)), predicate: Number }, Satisfies { kind: Parameter(KindParameterId(1)), predicate: Number }, Promotes { left: Parameter(KindParameterId(0)), right: Parameter(KindParameterId(1)), output: Parameter(KindParameterId(2)) }, Satisfies { kind: Parameter(KindParameterId(0)), predicate: Ordered }, Satisfies { kind: Parameter(KindParameterId(1)), predicate: Ordered }] }, output_schema_rules: [FromResolvedType] }	O01: untested as an independently identified overload; the export sample is not attributed to this candidate	representative admitted kind/layout cells, rejected target cells, reference values, bytecode and changing-turn behavior
compare/max	1	FunctionTypeOverload { id: 1, input_layout: [Value, Value], scheme: KindScheme { kind_parameters: [KindParameter { id: KindParameterId(0), upper_bound: None }, KindParameter { id: KindParameterId(1), upper_bound: None }, KindParameter { id: KindParameterId(2), upper_bound: None }], dimension_parameters: [DimensionParameterDeclaration { id: DimensionParameterId(0), origin: Inferred, lifetime: Turn, lower_bound: Constant(0), upper_bound: None }, DimensionParameterDeclaration { id: DimensionParameterId(1), origin: Inferred, lifetime: Turn, lower_bound: Constant(0), upper_bound: None }], inputs: Fixed([Matrix { element: Parameter(KindParameterId(0)), dimensions: [Parameter(DimensionParameterId(0)), Parameter(DimensionParameterId(1))] }, Matrix { element: Parameter(KindParameterId(1)), dimensions: [Parameter(DimensionParameterId(0)), Parameter(DimensionParameterId(1))] }]), outputs: [Matrix { element: Parameter(KindParameterId(2)), dimensions: [Parameter(DimensionParameterId(0)), Parameter(DimensionParameterId(1))] }], constraints: [Satisfies { kind: Parameter(KindParameterId(0)), predicate: Number }, Satisfies { kind: Parameter(KindParameterId(1)), predicate: Number }, Promotes { left: Parameter(KindParameterId(0)), right: Parameter(KindParameterId(1)), output: Parameter(KindParameterId(2)) }, Satisfies { kind: Parameter(KindParameterId(0)), predicate: Ordered }, Satisfies { kind: Parameter(KindParameterId(1)), predicate: Ordered }] }, output_schema_rules: [FromResolvedType] }	O01: untested as an independently identified overload; the export sample is not attributed to this candidate	representative admitted kind/layout cells, rejected target cells, reference values, bytecode and changing-turn behavior
compare/max	2	FunctionTypeOverload { id: 2, input_layout: [Value, Value], scheme: KindScheme { kind_parameters: [KindParameter { id: KindParameterId(0), upper_bound: None }, KindParameter { id: KindParameterId(1), upper_bound: None }, KindParameter { id: KindParameterId(2), upper_bound: None }], dimension_parameters: [DimensionParameterDeclaration { id: DimensionParameterId(0), origin: Inferred, lifetime: Turn, lower_bound: Constant(0), upper_bound: None }, DimensionParameterDeclaration { id: DimensionParameterId(1), origin: Inferred, lifetime: Turn, lower_bound: Constant(0), upper_bound: None }], inputs: Fixed([Matrix { element: Parameter(KindParameterId(0)), dimensions: [Parameter(DimensionParameterId(0)), Parameter(DimensionParameterId(1))] }, Parameter(KindParameterId(1))]), outputs: [Matrix { element: Parameter(KindParameterId(2)), dimensions: [Parameter(DimensionParameterId(0)), Parameter(DimensionParameterId(1))] }], constraints: [Satisfies { kind: Parameter(KindParameterId(0)), predicate: Number }, Satisfies { kind: Parameter(KindParameterId(1)), predicate: Number }, Promotes { left: Parameter(KindParameterId(0)), right: Parameter(KindParameterId(1)), output: Parameter(KindParameterId(2)) }, Satisfies { kind: Parameter(KindParameterId(0)), predicate: Ordered }, Satisfies { kind: Parameter(KindParameterId(1)), predicate: Ordered }] }, output_schema_rules: [FromResolvedType] }	O01: untested as an independently identified overload; the export sample is not attributed to this candidate	representative admitted kind/layout cells, rejected target cells, reference values, bytecode and changing-turn behavior
compare/max	3	FunctionTypeOverload { id: 3, input_layout: [Value, Value], scheme: KindScheme { kind_parameters: [KindParameter { id: KindParameterId(0), upper_bound: None }, KindParameter { id: KindParameterId(1), upper_bound: None }, KindParameter { id: KindParameterId(2), upper_bound: None }], dimension_parameters: [DimensionParameterDeclaration { id: DimensionParameterId(0), origin: Inferred, lifetime: Turn, lower_bound: Constant(0), upper_bound: None }, DimensionParameterDeclaration { id: DimensionParameterId(1), origin: Inferred, lifetime: Turn, lower_bound: Constant(0), upper_bound: None }], inputs: Fixed([Parameter(KindParameterId(0)), Matrix { element: Parameter(KindParameterId(1)), dimensions: [Parameter(DimensionParameterId(0)), Parameter(DimensionParameterId(1))] }]), outputs: [Matrix { element: Parameter(KindParameterId(2)), dimensions: [Parameter(DimensionParameterId(0)), Parameter(DimensionParameterId(1))] }], constraints: [Satisfies { kind: Parameter(KindParameterId(0)), predicate: Number }, Satisfies { kind: Parameter(KindParameterId(1)), predicate: Number }, Promotes { left: Parameter(KindParameterId(0)), right: Parameter(KindParameterId(1)), output: Parameter(KindParameterId(2)) }, Satisfies { kind: Parameter(KindParameterId(0)), predicate: Ordered }, Satisfies { kind: Parameter(KindParameterId(1)), predicate: Ordered }] }, output_schema_rules: [FromResolvedType] }	O01: untested as an independently identified overload; the export sample is not attributed to this candidate	representative admitted kind/layout cells, rejected target cells, reference values, bytecode and changing-turn behavior
compare/max	4	FunctionTypeOverload { id: 4, input_layout: [Value, Value], scheme: KindScheme { kind_parameters: [KindParameter { id: KindParameterId(0), upper_bound: None }, KindParameter { id: KindParameterId(1), upper_bound: None }, KindParameter { id: KindParameterId(2), upper_bound: None }], dimension_parameters: [DimensionParameterDeclaration { id: DimensionParameterId(0), origin: Inferred, lifetime: Turn, lower_bound: Constant(0), upper_bound: None }, DimensionParameterDeclaration { id: DimensionParameterId(1), origin: Inferred, lifetime: Turn, lower_bound: Constant(0), upper_bound: None }, DimensionParameterDeclaration { id: DimensionParameterId(2), origin: Inferred, lifetime: Turn, lower_bound: Constant(0), upper_bound: None }], inputs: Fixed([Matrix { element: Parameter(KindParameterId(0)), dimensions: [Parameter(DimensionParameterId(0)), Parameter(DimensionParameterId(1))] }, Matrix { element: Parameter(KindParameterId(1)), dimensions: [Parameter(DimensionParameterId(2)), Constant(1)] }]), outputs: [Matrix { element: Parameter(KindParameterId(2)), dimensions: [Parameter(DimensionParameterId(0)), Parameter(DimensionParameterId(1))] }], constraints: [Satisfies { kind: Parameter(KindParameterId(0)), predicate: Number }, Satisfies { kind: Parameter(KindParameterId(1)), predicate: Number }, Promotes { left: Parameter(KindParameterId(0)), right: Parameter(KindParameterId(1)), output: Parameter(KindParameterId(2)) }, DimensionCompatible(Parameter(DimensionParameterId(0)), Parameter(DimensionParameterId(2))), Satisfies { kind: Parameter(KindParameterId(0)), predicate: Ordered }, Satisfies { kind: Parameter(KindParameterId(1)), predicate: Ordered }] }, output_schema_rules: [FromResolvedType] }	O01: untested as an independently identified overload; the export sample is not attributed to this candidate	representative admitted kind/layout cells, rejected target cells, reference values, bytecode and changing-turn behavior
compare/max	5	FunctionTypeOverload { id: 5, input_layout: [Value, Value], scheme: KindScheme { kind_parameters: [KindParameter { id: KindParameterId(0), upper_bound: None }, KindParameter { id: KindParameterId(1), upper_bound: None }, KindParameter { id: KindParameterId(2), upper_bound: None }], dimension_parameters: [DimensionParameterDeclaration { id: DimensionParameterId(0), origin: Inferred, lifetime: Turn, lower_bound: Constant(0), upper_bound: None }, DimensionParameterDeclaration { id: DimensionParameterId(1), origin: Inferred, lifetime: Turn, lower_bound: Constant(0), upper_bound: None }, DimensionParameterDeclaration { id: DimensionParameterId(2), origin: Inferred, lifetime: Turn, lower_bound: Constant(0), upper_bound: None }], inputs: Fixed([Matrix { element: Parameter(KindParameterId(0)), dimensions: [Parameter(DimensionParameterId(0)), Parameter(DimensionParameterId(1))] }, Matrix { element: Parameter(KindParameterId(1)), dimensions: [Constant(1), Parameter(DimensionParameterId(2))] }]), outputs: [Matrix { element: Parameter(KindParameterId(2)), dimensions: [Parameter(DimensionParameterId(0)), Parameter(DimensionParameterId(1))] }], constraints: [Satisfies { kind: Parameter(KindParameterId(0)), predicate: Number }, Satisfies { kind: Parameter(KindParameterId(1)), predicate: Number }, Promotes { left: Parameter(KindParameterId(0)), right: Parameter(KindParameterId(1)), output: Parameter(KindParameterId(2)) }, DimensionCompatible(Parameter(DimensionParameterId(1)), Parameter(DimensionParameterId(2))), Satisfies { kind: Parameter(KindParameterId(0)), predicate: Ordered }, Satisfies { kind: Parameter(KindParameterId(1)), predicate: Ordered }] }, output_schema_rules: [FromResolvedType] }	O01: untested as an independently identified overload; the export sample is not attributed to this candidate	representative admitted kind/layout cells, rejected target cells, reference values, bytecode and changing-turn behavior
compare/max	6	FunctionTypeOverload { id: 6, input_layout: [Value, Value], scheme: KindScheme { kind_parameters: [KindParameter { id: KindParameterId(0), upper_bound: None }, KindParameter { id: KindParameterId(1), upper_bound: None }, KindParameter { id: KindParameterId(2), upper_bound: None }], dimension_parameters: [DimensionParameterDeclaration { id: DimensionParameterId(0), origin: Inferred, lifetime: Turn, lower_bound: Constant(0), upper_bound: None }, DimensionParameterDeclaration { id: DimensionParameterId(1), origin: Inferred, lifetime: Turn, lower_bound: Constant(0), upper_bound: None }, DimensionParameterDeclaration { id: DimensionParameterId(2), origin: Inferred, lifetime: Turn, lower_bound: Constant(0), upper_bound: None }], inputs: Fixed([Matrix { element: Parameter(KindParameterId(0)), dimensions: [Parameter(DimensionParameterId(2)), Constant(1)] }, Matrix { element: Parameter(KindParameterId(1)), dimensions: [Parameter(DimensionParameterId(0)), Parameter(DimensionParameterId(1))] }]), outputs: [Matrix { element: Parameter(KindParameterId(2)), dimensions: [Parameter(DimensionParameterId(0)), Parameter(DimensionParameterId(1))] }], constraints: [Satisfies { kind: Parameter(KindParameterId(0)), predicate: Number }, Satisfies { kind: Parameter(KindParameterId(1)), predicate: Number }, Promotes { left: Parameter(KindParameterId(0)), right: Parameter(KindParameterId(1)), output: Parameter(KindParameterId(2)) }, DimensionCompatible(Parameter(DimensionParameterId(0)), Parameter(DimensionParameterId(2))), Satisfies { kind: Parameter(KindParameterId(0)), predicate: Ordered }, Satisfies { kind: Parameter(KindParameterId(1)), predicate: Ordered }] }, output_schema_rules: [FromResolvedType] }	O01: untested as an independently identified overload; the export sample is not attributed to this candidate	representative admitted kind/layout cells, rejected target cells, reference values, bytecode and changing-turn behavior
compare/max	7	FunctionTypeOverload { id: 7, input_layout: [Value, Value], scheme: KindScheme { kind_parameters: [KindParameter { id: KindParameterId(0), upper_bound: None }, KindParameter { id: KindParameterId(1), upper_bound: None }, KindParameter { id: KindParameterId(2), upper_bound: None }], dimension_parameters: [DimensionParameterDeclaration { id: DimensionParameterId(0), origin: Inferred, lifetime: Turn, lower_bound: Constant(0), upper_bound: None }, DimensionParameterDeclaration { id: DimensionParameterId(1), origin: Inferred, lifetime: Turn, lower_bound: Constant(0), upper_bound: None }, DimensionParameterDeclaration { id: DimensionParameterId(2), origin: Inferred, lifetime: Turn, lower_bound: Constant(0), upper_bound: None }], inputs: Fixed([Matrix { element: Parameter(KindParameterId(0)), dimensions: [Constant(1), Parameter(DimensionParameterId(2))] }, Matrix { element: Parameter(KindParameterId(1)), dimensions: [Parameter(DimensionParameterId(0)), Parameter(DimensionParameterId(1))] }]), outputs: [Matrix { element: Parameter(KindParameterId(2)), dimensions: [Parameter(DimensionParameterId(0)), Parameter(DimensionParameterId(1))] }], constraints: [Satisfies { kind: Parameter(KindParameterId(0)), predicate: Number }, Satisfies { kind: Parameter(KindParameterId(1)), predicate: Number }, Promotes { left: Parameter(KindParameterId(0)), right: Parameter(KindParameterId(1)), output: Parameter(KindParameterId(2)) }, DimensionCompatible(Parameter(DimensionParameterId(1)), Parameter(DimensionParameterId(2))), Satisfies { kind: Parameter(KindParameterId(0)), predicate: Ordered }, Satisfies { kind: Parameter(KindParameterId(1)), predicate: Ordered }] }, output_schema_rules: [FromResolvedType] }	O01: untested as an independently identified overload; the export sample is not attributed to this candidate	representative admitted kind/layout cells, rejected target cells, reference values, bytecode and changing-turn behavior
compare/max	8	FunctionTypeOverload { id: 8, input_layout: [Value, Value], scheme: KindScheme { kind_parameters: [KindParameter { id: KindParameterId(0), upper_bound: None }, KindParameter { id: KindParameterId(1), upper_bound: None }, KindParameter { id: KindParameterId(2), upper_bound: None }], dimension_parameters: [DimensionParameterDeclaration { id: DimensionParameterId(0), origin: Inferred, lifetime: Turn, lower_bound: Constant(0), upper_bound: None }, DimensionParameterDeclaration { id: DimensionParameterId(1), origin: Inferred, lifetime: Turn, lower_bound: Constant(0), upper_bound: None }, DimensionParameterDeclaration { id: DimensionParameterId(2), origin: Inferred, lifetime: Turn, lower_bound: Constant(0), upper_bound: None }, DimensionParameterDeclaration { id: DimensionParameterId(3), origin: Inferred, lifetime: Turn, lower_bound: Constant(0), upper_bound: None }], inputs: Fixed([Matrix { element: Parameter(KindParameterId(0)), dimensions: [Parameter(DimensionParameterId(0)), Parameter(DimensionParameterId(1))] }, Matrix { element: Parameter(KindParameterId(1)), dimensions: [Parameter(DimensionParameterId(2)), Parameter(DimensionParameterId(3))] }]), outputs: [Matrix { element: Parameter(KindParameterId(2)), dimensions: [Parameter(DimensionParameterId(0)), Parameter(DimensionParameterId(1))] }], constraints: [Satisfies { kind: Parameter(KindParameterId(0)), predicate: Number }, Satisfies { kind: Parameter(KindParameterId(1)), predicate: Number }, Promotes { left: Parameter(KindParameterId(0)), right: Parameter(KindParameterId(1)), output: Parameter(KindParameterId(2)) }, DimensionCompatible(Parameter(DimensionParameterId(0)), Parameter(DimensionParameterId(2))), DimensionCompatible(Parameter(DimensionParameterId(1)), Parameter(DimensionParameterId(3))), Satisfies { kind: Parameter(KindParameterId(0)), predicate: Ordered }, Satisfies { kind: Parameter(KindParameterId(1)), predicate: Ordered }] }, output_schema_rules: [FromResolvedType] }	O01: untested as an independently identified overload; the export sample is not attributed to this candidate	representative admitted kind/layout cells, rejected target cells, reference values, bytecode and changing-turn behavior
compare/max	9	FunctionTypeOverload { id: 9, input_layout: [Value, Value], scheme: KindScheme { kind_parameters: [KindParameter { id: KindParameterId(0), upper_bound: None }, KindParameter { id: KindParameterId(1), upper_bound: None }, KindParameter { id: KindParameterId(2), upper_bound: None }], dimension_parameters: [DimensionParameterDeclaration { id: DimensionParameterId(0), origin: Inferred, lifetime: Turn, lower_bound: Constant(0), upper_bound: None }, DimensionParameterDeclaration { id: DimensionParameterId(1), origin: Inferred, lifetime: Turn, lower_bound: Constant(0), upper_bound: None }, DimensionParameterDeclaration { id: DimensionParameterId(2), origin: Inferred, lifetime: Turn, lower_bound: Constant(0), upper_bound: None }, DimensionParameterDeclaration { id: DimensionParameterId(3), origin: Inferred, lifetime: Turn, lower_bound: Constant(0), upper_bound: None }], inputs: Fixed([Matrix { element: Parameter(KindParameterId(0)), dimensions: [Parameter(DimensionParameterId(0)), Parameter(DimensionParameterId(1))] }, Matrix { element: Parameter(KindParameterId(1)), dimensions: [Parameter(DimensionParameterId(2)), Parameter(DimensionParameterId(3))] }]), outputs: [Matrix { element: Parameter(KindParameterId(2)), dimensions: [Parameter(DimensionParameterId(2)), Parameter(DimensionParameterId(3))] }], constraints: [Satisfies { kind: Parameter(KindParameterId(0)), predicate: Number }, Satisfies { kind: Parameter(KindParameterId(1)), predicate: Number }, Promotes { left: Parameter(KindParameterId(0)), right: Parameter(KindParameterId(1)), output: Parameter(KindParameterId(2)) }, DimensionCompatible(Parameter(DimensionParameterId(0)), Parameter(DimensionParameterId(2))), DimensionCompatible(Parameter(DimensionParameterId(1)), Parameter(DimensionParameterId(3))), Satisfies { kind: Parameter(KindParameterId(0)), predicate: Ordered }, Satisfies { kind: Parameter(KindParameterId(1)), predicate: Ordered }] }, output_schema_rules: [FromResolvedType] }	O01: untested as an independently identified overload; the export sample is not attributed to this candidate	representative admitted kind/layout cells, rejected target cells, reference values, bytecode and changing-turn behavior
math/sinh	0	FunctionTypeOverload { id: 0, input_layout: [Value], scheme: KindScheme { kind_parameters: [KindParameter { id: KindParameterId(0), upper_bound: None }], dimension_parameters: [], inputs: Fixed([Parameter(KindParameterId(0))]), outputs: [Parameter(KindParameterId(0))], constraints: [Satisfies { kind: Parameter(KindParameterId(0)), predicate: FloatingPoint }] }, output_schema_rules: [FromResolvedType] }	O01: untested as an independently identified overload; the export sample is not attributed to this candidate	representative admitted kind/layout cells, rejected target cells, reference values, bytecode and changing-turn behavior
math/sinh	1	FunctionTypeOverload { id: 1, input_layout: [Value], scheme: KindScheme { kind_parameters: [KindParameter { id: KindParameterId(0), upper_bound: None }], dimension_parameters: [DimensionParameterDeclaration { id: DimensionParameterId(0), origin: Inferred, lifetime: Turn, lower_bound: Constant(0), upper_bound: None }, DimensionParameterDeclaration { id: DimensionParameterId(1), origin: Inferred, lifetime: Turn, lower_bound: Constant(0), upper_bound: None }], inputs: Fixed([Matrix { element: Parameter(KindParameterId(0)), dimensions: [Parameter(DimensionParameterId(0)), Parameter(DimensionParameterId(1))] }]), outputs: [Matrix { element: Parameter(KindParameterId(0)), dimensions: [Parameter(DimensionParameterId(0)), Parameter(DimensionParameterId(1))] }], constraints: [Satisfies { kind: Parameter(KindParameterId(0)), predicate: FloatingPoint }] }, output_schema_rules: [FromResolvedType] }	O01: untested as an independently identified overload; the export sample is not attributed to this candidate	representative admitted kind/layout cells, rejected target cells, reference values, bytecode and changing-turn behavior
combinatorics/n-choose-k	0	FunctionTypeOverload { id: 0, input_layout: [Value, Value], scheme: KindScheme { kind_parameters: [KindParameter { id: KindParameterId(0), upper_bound: None }, KindParameter { id: KindParameterId(1), upper_bound: None }, KindParameter { id: KindParameterId(2), upper_bound: None }], dimension_parameters: [], inputs: Fixed([Parameter(KindParameterId(0)), Parameter(KindParameterId(1))]), outputs: [Parameter(KindParameterId(2))], constraints: [Satisfies { kind: Parameter(KindParameterId(0)), predicate: Number }, Satisfies { kind: Parameter(KindParameterId(1)), predicate: Number }, Promotes { left: Parameter(KindParameterId(0)), right: Parameter(KindParameterId(1)), output: Parameter(KindParameterId(2)) }] }, output_schema_rules: [FromResolvedType] }	O01: untested as an independently identified overload; the export sample is not attributed to this candidate	representative admitted kind/layout cells, rejected target cells, reference values, bytecode and changing-turn behavior
combinatorics/n-choose-k	1	FunctionTypeOverload { id: 1, input_layout: [Value, Value], scheme: KindScheme { kind_parameters: [KindParameter { id: KindParameterId(0), upper_bound: None }, KindParameter { id: KindParameterId(1), upper_bound: None }, KindParameter { id: KindParameterId(2), upper_bound: None }], dimension_parameters: [DimensionParameterDeclaration { id: DimensionParameterId(0), origin: Inferred, lifetime: Turn, lower_bound: Constant(0), upper_bound: None }, DimensionParameterDeclaration { id: DimensionParameterId(1), origin: Inferred, lifetime: Turn, lower_bound: Constant(0), upper_bound: None }, DimensionParameterDeclaration { id: DimensionParameterId(2), origin: Inferred, lifetime: Turn, lower_bound: Constant(0), upper_bound: None }, DimensionParameterDeclaration { id: DimensionParameterId(3), origin: Inferred, lifetime: Turn, lower_bound: Constant(0), upper_bound: None }], inputs: Fixed([Matrix { element: Parameter(KindParameterId(0)), dimensions: [Parameter(DimensionParameterId(0)), Parameter(DimensionParameterId(1))] }, Parameter(KindParameterId(1))]), outputs: [Matrix { element: Parameter(KindParameterId(2)), dimensions: [Parameter(DimensionParameterId(2)), Parameter(DimensionParameterId(3))] }], constraints: [Satisfies { kind: Parameter(KindParameterId(0)), predicate: Number }, Satisfies { kind: Parameter(KindParameterId(1)), predicate: Number }, Promotes { left: Parameter(KindParameterId(0)), right: Parameter(KindParameterId(1)), output: Parameter(KindParameterId(2)) }] }, output_schema_rules: [FromResolvedType] }	O01: untested as an independently identified overload; the export sample is not attributed to this candidate	representative admitted kind/layout cells, rejected target cells, reference values, bytecode and changing-turn behavior
compare/lte	0	FunctionTypeOverload { id: 0, input_layout: [Value, Value], scheme: KindScheme { kind_parameters: [KindParameter { id: KindParameterId(0), upper_bound: None }, KindParameter { id: KindParameterId(1), upper_bound: None }, KindParameter { id: KindParameterId(2), upper_bound: None }], dimension_parameters: [], inputs: Fixed([Parameter(KindParameterId(0)), Parameter(KindParameterId(1))]), outputs: [Named(KindId(15))], constraints: [Satisfies { kind: Parameter(KindParameterId(0)), predicate: Number }, Satisfies { kind: Parameter(KindParameterId(1)), predicate: Number }, Promotes { left: Parameter(KindParameterId(0)), right: Parameter(KindParameterId(1)), output: Parameter(KindParameterId(2)) }, Satisfies { kind: Parameter(KindParameterId(0)), predicate: Ordered }, Satisfies { kind: Parameter(KindParameterId(1)), predicate: Ordered }] }, output_schema_rules: [FromResolvedType] }	O01: untested as an independently identified overload; the export sample is not attributed to this candidate	representative admitted kind/layout cells, rejected target cells, reference values, bytecode and changing-turn behavior
compare/lte	1	FunctionTypeOverload { id: 1, input_layout: [Value, Value], scheme: KindScheme { kind_parameters: [KindParameter { id: KindParameterId(0), upper_bound: None }, KindParameter { id: KindParameterId(1), upper_bound: None }, KindParameter { id: KindParameterId(2), upper_bound: None }], dimension_parameters: [DimensionParameterDeclaration { id: DimensionParameterId(0), origin: Inferred, lifetime: Turn, lower_bound: Constant(0), upper_bound: None }, DimensionParameterDeclaration { id: DimensionParameterId(1), origin: Inferred, lifetime: Turn, lower_bound: Constant(0), upper_bound: None }], inputs: Fixed([Matrix { element: Parameter(KindParameterId(0)), dimensions: [Parameter(DimensionParameterId(0)), Parameter(DimensionParameterId(1))] }, Matrix { element: Parameter(KindParameterId(1)), dimensions: [Parameter(DimensionParameterId(0)), Parameter(DimensionParameterId(1))] }]), outputs: [Matrix { element: Named(KindId(15)), dimensions: [Parameter(DimensionParameterId(0)), Parameter(DimensionParameterId(1))] }], constraints: [Satisfies { kind: Parameter(KindParameterId(0)), predicate: Number }, Satisfies { kind: Parameter(KindParameterId(1)), predicate: Number }, Promotes { left: Parameter(KindParameterId(0)), right: Parameter(KindParameterId(1)), output: Parameter(KindParameterId(2)) }, Satisfies { kind: Parameter(KindParameterId(0)), predicate: Ordered }, Satisfies { kind: Parameter(KindParameterId(1)), predicate: Ordered }] }, output_schema_rules: [FromResolvedType] }	O01: untested as an independently identified overload; the export sample is not attributed to this candidate	representative admitted kind/layout cells, rejected target cells, reference values, bytecode and changing-turn behavior
compare/lte	2	FunctionTypeOverload { id: 2, input_layout: [Value, Value], scheme: KindScheme { kind_parameters: [KindParameter { id: KindParameterId(0), upper_bound: None }, KindParameter { id: KindParameterId(1), upper_bound: None }, KindParameter { id: KindParameterId(2), upper_bound: None }], dimension_parameters: [DimensionParameterDeclaration { id: DimensionParameterId(0), origin: Inferred, lifetime: Turn, lower_bound: Constant(0), upper_bound: None }, DimensionParameterDeclaration { id: DimensionParameterId(1), origin: Inferred, lifetime: Turn, lower_bound: Constant(0), upper_bound: None }], inputs: Fixed([Matrix { element: Parameter(KindParameterId(0)), dimensions: [Parameter(DimensionParameterId(0)), Parameter(DimensionParameterId(1))] }, Parameter(KindParameterId(1))]), outputs: [Matrix { element: Named(KindId(15)), dimensions: [Parameter(DimensionParameterId(0)), Parameter(DimensionParameterId(1))] }], constraints: [Satisfies { kind: Parameter(KindParameterId(0)), predicate: Number }, Satisfies { kind: Parameter(KindParameterId(1)), predicate: Number }, Promotes { left: Parameter(KindParameterId(0)), right: Parameter(KindParameterId(1)), output: Parameter(KindParameterId(2)) }, Satisfies { kind: Parameter(KindParameterId(0)), predicate: Ordered }, Satisfies { kind: Parameter(KindParameterId(1)), predicate: Ordered }] }, output_schema_rules: [FromResolvedType] }	O01: untested as an independently identified overload; the export sample is not attributed to this candidate	representative admitted kind/layout cells, rejected target cells, reference values, bytecode and changing-turn behavior
compare/lte	3	FunctionTypeOverload { id: 3, input_layout: [Value, Value], scheme: KindScheme { kind_parameters: [KindParameter { id: KindParameterId(0), upper_bound: None }, KindParameter { id: KindParameterId(1), upper_bound: None }, KindParameter { id: KindParameterId(2), upper_bound: None }], dimension_parameters: [DimensionParameterDeclaration { id: DimensionParameterId(0), origin: Inferred, lifetime: Turn, lower_bound: Constant(0), upper_bound: None }, DimensionParameterDeclaration { id: DimensionParameterId(1), origin: Inferred, lifetime: Turn, lower_bound: Constant(0), upper_bound: None }], inputs: Fixed([Parameter(KindParameterId(0)), Matrix { element: Parameter(KindParameterId(1)), dimensions: [Parameter(DimensionParameterId(0)), Parameter(DimensionParameterId(1))] }]), outputs: [Matrix { element: Named(KindId(15)), dimensions: [Parameter(DimensionParameterId(0)), Parameter(DimensionParameterId(1))] }], constraints: [Satisfies { kind: Parameter(KindParameterId(0)), predicate: Number }, Satisfies { kind: Parameter(KindParameterId(1)), predicate: Number }, Promotes { left: Parameter(KindParameterId(0)), right: Parameter(KindParameterId(1)), output: Parameter(KindParameterId(2)) }, Satisfies { kind: Parameter(KindParameterId(0)), predicate: Ordered }, Satisfies { kind: Parameter(KindParameterId(1)), predicate: Ordered }] }, output_schema_rules: [FromResolvedType] }	O01: untested as an independently identified overload; the export sample is not attributed to this candidate	representative admitted kind/layout cells, rejected target cells, reference values, bytecode and changing-turn behavior
compare/lte	4	FunctionTypeOverload { id: 4, input_layout: [Value, Value], scheme: KindScheme { kind_parameters: [KindParameter { id: KindParameterId(0), upper_bound: None }, KindParameter { id: KindParameterId(1), upper_bound: None }, KindParameter { id: KindParameterId(2), upper_bound: None }], dimension_parameters: [DimensionParameterDeclaration { id: DimensionParameterId(0), origin: Inferred, lifetime: Turn, lower_bound: Constant(0), upper_bound: None }, DimensionParameterDeclaration { id: DimensionParameterId(1), origin: Inferred, lifetime: Turn, lower_bound: Constant(0), upper_bound: None }, DimensionParameterDeclaration { id: DimensionParameterId(2), origin: Inferred, lifetime: Turn, lower_bound: Constant(0), upper_bound: None }], inputs: Fixed([Matrix { element: Parameter(KindParameterId(0)), dimensions: [Parameter(DimensionParameterId(0)), Parameter(DimensionParameterId(1))] }, Matrix { element: Parameter(KindParameterId(1)), dimensions: [Parameter(DimensionParameterId(2)), Constant(1)] }]), outputs: [Matrix { element: Named(KindId(15)), dimensions: [Parameter(DimensionParameterId(0)), Parameter(DimensionParameterId(1))] }], constraints: [Satisfies { kind: Parameter(KindParameterId(0)), predicate: Number }, Satisfies { kind: Parameter(KindParameterId(1)), predicate: Number }, Promotes { left: Parameter(KindParameterId(0)), right: Parameter(KindParameterId(1)), output: Parameter(KindParameterId(2)) }, DimensionCompatible(Parameter(DimensionParameterId(0)), Parameter(DimensionParameterId(2))), Satisfies { kind: Parameter(KindParameterId(0)), predicate: Ordered }, Satisfies { kind: Parameter(KindParameterId(1)), predicate: Ordered }] }, output_schema_rules: [FromResolvedType] }	O01: untested as an independently identified overload; the export sample is not attributed to this candidate	representative admitted kind/layout cells, rejected target cells, reference values, bytecode and changing-turn behavior
compare/lte	5	FunctionTypeOverload { id: 5, input_layout: [Value, Value], scheme: KindScheme { kind_parameters: [KindParameter { id: KindParameterId(0), upper_bound: None }, KindParameter { id: KindParameterId(1), upper_bound: None }, KindParameter { id: KindParameterId(2), upper_bound: None }], dimension_parameters: [DimensionParameterDeclaration { id: DimensionParameterId(0), origin: Inferred, lifetime: Turn, lower_bound: Constant(0), upper_bound: None }, DimensionParameterDeclaration { id: DimensionParameterId(1), origin: Inferred, lifetime: Turn, lower_bound: Constant(0), upper_bound: None }, DimensionParameterDeclaration { id: DimensionParameterId(2), origin: Inferred, lifetime: Turn, lower_bound: Constant(0), upper_bound: None }], inputs: Fixed([Matrix { element: Parameter(KindParameterId(0)), dimensions: [Parameter(DimensionParameterId(0)), Parameter(DimensionParameterId(1))] }, Matrix { element: Parameter(KindParameterId(1)), dimensions: [Constant(1), Parameter(DimensionParameterId(2))] }]), outputs: [Matrix { element: Named(KindId(15)), dimensions: [Parameter(DimensionParameterId(0)), Parameter(DimensionParameterId(1))] }], constraints: [Satisfies { kind: Parameter(KindParameterId(0)), predicate: Number }, Satisfies { kind: Parameter(KindParameterId(1)), predicate: Number }, Promotes { left: Parameter(KindParameterId(0)), right: Parameter(KindParameterId(1)), output: Parameter(KindParameterId(2)) }, DimensionCompatible(Parameter(DimensionParameterId(1)), Parameter(DimensionParameterId(2))), Satisfies { kind: Parameter(KindParameterId(0)), predicate: Ordered }, Satisfies { kind: Parameter(KindParameterId(1)), predicate: Ordered }] }, output_schema_rules: [FromResolvedType] }	O01: untested as an independently identified overload; the export sample is not attributed to this candidate	representative admitted kind/layout cells, rejected target cells, reference values, bytecode and changing-turn behavior
compare/lte	6	FunctionTypeOverload { id: 6, input_layout: [Value, Value], scheme: KindScheme { kind_parameters: [KindParameter { id: KindParameterId(0), upper_bound: None }, KindParameter { id: KindParameterId(1), upper_bound: None }, KindParameter { id: KindParameterId(2), upper_bound: None }], dimension_parameters: [DimensionParameterDeclaration { id: DimensionParameterId(0), origin: Inferred, lifetime: Turn, lower_bound: Constant(0), upper_bound: None }, DimensionParameterDeclaration { id: DimensionParameterId(1), origin: Inferred, lifetime: Turn, lower_bound: Constant(0), upper_bound: None }, DimensionParameterDeclaration { id: DimensionParameterId(2), origin: Inferred, lifetime: Turn, lower_bound: Constant(0), upper_bound: None }], inputs: Fixed([Matrix { element: Parameter(KindParameterId(0)), dimensions: [Parameter(DimensionParameterId(2)), Constant(1)] }, Matrix { element: Parameter(KindParameterId(1)), dimensions: [Parameter(DimensionParameterId(0)), Parameter(DimensionParameterId(1))] }]), outputs: [Matrix { element: Named(KindId(15)), dimensions: [Parameter(DimensionParameterId(0)), Parameter(DimensionParameterId(1))] }], constraints: [Satisfies { kind: Parameter(KindParameterId(0)), predicate: Number }, Satisfies { kind: Parameter(KindParameterId(1)), predicate: Number }, Promotes { left: Parameter(KindParameterId(0)), right: Parameter(KindParameterId(1)), output: Parameter(KindParameterId(2)) }, DimensionCompatible(Parameter(DimensionParameterId(0)), Parameter(DimensionParameterId(2))), Satisfies { kind: Parameter(KindParameterId(0)), predicate: Ordered }, Satisfies { kind: Parameter(KindParameterId(1)), predicate: Ordered }] }, output_schema_rules: [FromResolvedType] }	O01: untested as an independently identified overload; the export sample is not attributed to this candidate	representative admitted kind/layout cells, rejected target cells, reference values, bytecode and changing-turn behavior
compare/lte	7	FunctionTypeOverload { id: 7, input_layout: [Value, Value], scheme: KindScheme { kind_parameters: [KindParameter { id: KindParameterId(0), upper_bound: None }, KindParameter { id: KindParameterId(1), upper_bound: None }, KindParameter { id: KindParameterId(2), upper_bound: None }], dimension_parameters: [DimensionParameterDeclaration { id: DimensionParameterId(0), origin: Inferred, lifetime: Turn, lower_bound: Constant(0), upper_bound: None }, DimensionParameterDeclaration { id: DimensionParameterId(1), origin: Inferred, lifetime: Turn, lower_bound: Constant(0), upper_bound: None }, DimensionParameterDeclaration { id: DimensionParameterId(2), origin: Inferred, lifetime: Turn, lower_bound: Constant(0), upper_bound: None }], inputs: Fixed([Matrix { element: Parameter(KindParameterId(0)), dimensions: [Constant(1), Parameter(DimensionParameterId(2))] }, Matrix { element: Parameter(KindParameterId(1)), dimensions: [Parameter(DimensionParameterId(0)), Parameter(DimensionParameterId(1))] }]), outputs: [Matrix { element: Named(KindId(15)), dimensions: [Parameter(DimensionParameterId(0)), Parameter(DimensionParameterId(1))] }], constraints: [Satisfies { kind: Parameter(KindParameterId(0)), predicate: Number }, Satisfies { kind: Parameter(KindParameterId(1)), predicate: Number }, Promotes { left: Parameter(KindParameterId(0)), right: Parameter(KindParameterId(1)), output: Parameter(KindParameterId(2)) }, DimensionCompatible(Parameter(DimensionParameterId(1)), Parameter(DimensionParameterId(2))), Satisfies { kind: Parameter(KindParameterId(0)), predicate: Ordered }, Satisfies { kind: Parameter(KindParameterId(1)), predicate: Ordered }] }, output_schema_rules: [FromResolvedType] }	O01: untested as an independently identified overload; the export sample is not attributed to this candidate	representative admitted kind/layout cells, rejected target cells, reference values, bytecode and changing-turn behavior
compare/lte	8	FunctionTypeOverload { id: 8, input_layout: [Value, Value], scheme: KindScheme { kind_parameters: [KindParameter { id: KindParameterId(0), upper_bound: None }, KindParameter { id: KindParameterId(1), upper_bound: None }, KindParameter { id: KindParameterId(2), upper_bound: None }], dimension_parameters: [DimensionParameterDeclaration { id: DimensionParameterId(0), origin: Inferred, lifetime: Turn, lower_bound: Constant(0), upper_bound: None }, DimensionParameterDeclaration { id: DimensionParameterId(1), origin: Inferred, lifetime: Turn, lower_bound: Constant(0), upper_bound: None }, DimensionParameterDeclaration { id: DimensionParameterId(2), origin: Inferred, lifetime: Turn, lower_bound: Constant(0), upper_bound: None }, DimensionParameterDeclaration { id: DimensionParameterId(3), origin: Inferred, lifetime: Turn, lower_bound: Constant(0), upper_bound: None }], inputs: Fixed([Matrix { element: Parameter(KindParameterId(0)), dimensions: [Parameter(DimensionParameterId(0)), Parameter(DimensionParameterId(1))] }, Matrix { element: Parameter(KindParameterId(1)), dimensions: [Parameter(DimensionParameterId(2)), Parameter(DimensionParameterId(3))] }]), outputs: [Matrix { element: Named(KindId(15)), dimensions: [Parameter(DimensionParameterId(0)), Parameter(DimensionParameterId(1))] }], constraints: [Satisfies { kind: Parameter(KindParameterId(0)), predicate: Number }, Satisfies { kind: Parameter(KindParameterId(1)), predicate: Number }, Promotes { left: Parameter(KindParameterId(0)), right: Parameter(KindParameterId(1)), output: Parameter(KindParameterId(2)) }, DimensionCompatible(Parameter(DimensionParameterId(0)), Parameter(DimensionParameterId(2))), DimensionCompatible(Parameter(DimensionParameterId(1)), Parameter(DimensionParameterId(3))), Satisfies { kind: Parameter(KindParameterId(0)), predicate: Ordered }, Satisfies { kind: Parameter(KindParameterId(1)), predicate: Ordered }] }, output_schema_rules: [FromResolvedType] }	O01: untested as an independently identified overload; the export sample is not attributed to this candidate	representative admitted kind/layout cells, rejected target cells, reference values, bytecode and changing-turn behavior
compare/lte	9	FunctionTypeOverload { id: 9, input_layout: [Value, Value], scheme: KindScheme { kind_parameters: [KindParameter { id: KindParameterId(0), upper_bound: None }, KindParameter { id: KindParameterId(1), upper_bound: None }, KindParameter { id: KindParameterId(2), upper_bound: None }], dimension_parameters: [DimensionParameterDeclaration { id: DimensionParameterId(0), origin: Inferred, lifetime: Turn, lower_bound: Constant(0), upper_bound: None }, DimensionParameterDeclaration { id: DimensionParameterId(1), origin: Inferred, lifetime: Turn, lower_bound: Constant(0), upper_bound: None }, DimensionParameterDeclaration { id: DimensionParameterId(2), origin: Inferred, lifetime: Turn, lower_bound: Constant(0), upper_bound: None }, DimensionParameterDeclaration { id: DimensionParameterId(3), origin: Inferred, lifetime: Turn, lower_bound: Constant(0), upper_bound: None }], inputs: Fixed([Matrix { element: Parameter(KindParameterId(0)), dimensions: [Parameter(DimensionParameterId(0)), Parameter(DimensionParameterId(1))] }, Matrix { element: Parameter(KindParameterId(1)), dimensions: [Parameter(DimensionParameterId(2)), Parameter(DimensionParameterId(3))] }]), outputs: [Matrix { element: Named(KindId(15)), dimensions: [Parameter(DimensionParameterId(2)), Parameter(DimensionParameterId(3))] }], constraints: [Satisfies { kind: Parameter(KindParameterId(0)), predicate: Number }, Satisfies { kind: Parameter(KindParameterId(1)), predicate: Number }, Promotes { left: Parameter(KindParameterId(0)), right: Parameter(KindParameterId(1)), output: Parameter(KindParameterId(2)) }, DimensionCompatible(Parameter(DimensionParameterId(0)), Parameter(DimensionParameterId(2))), DimensionCompatible(Parameter(DimensionParameterId(1)), Parameter(DimensionParameterId(3))), Satisfies { kind: Parameter(KindParameterId(0)), predicate: Ordered }, Satisfies { kind: Parameter(KindParameterId(1)), predicate: Ordered }] }, output_schema_rules: [FromResolvedType] }	O01: untested as an independently identified overload; the export sample is not attributed to this candidate	representative admitted kind/layout cells, rejected target cells, reference values, bytecode and changing-turn behavior
compare/lte	10	FunctionTypeOverload { id: 10, input_layout: [Value, Value], scheme: KindScheme { kind_parameters: [], dimension_parameters: [], inputs: Fixed([Named(KindId(14)), Named(KindId(14))]), outputs: [Named(KindId(15))], constraints: [] }, output_schema_rules: [FromResolvedType] }	O01: untested as an independently identified overload; the export sample is not attributed to this candidate	representative admitted kind/layout cells, rejected target cells, reference values, bytecode and changing-turn behavior
compare/lte	11	FunctionTypeOverload { id: 11, input_layout: [Value, Value], scheme: KindScheme { kind_parameters: [], dimension_parameters: [DimensionParameterDeclaration { id: DimensionParameterId(0), origin: Inferred, lifetime: Turn, lower_bound: Constant(0), upper_bound: None }, DimensionParameterDeclaration { id: DimensionParameterId(1), origin: Inferred, lifetime: Turn, lower_bound: Constant(0), upper_bound: None }], inputs: Fixed([Matrix { element: Named(KindId(14)), dimensions: [Parameter(DimensionParameterId(0)), Parameter(DimensionParameterId(1))] }, Matrix { element: Named(KindId(14)), dimensions: [Parameter(DimensionParameterId(0)), Parameter(DimensionParameterId(1))] }]), outputs: [Matrix { element: Named(KindId(15)), dimensions: [Parameter(DimensionParameterId(0)), Parameter(DimensionParameterId(1))] }], constraints: [] }, output_schema_rules: [FromResolvedType] }	O01: untested as an independently identified overload; the export sample is not attributed to this candidate	representative admitted kind/layout cells, rejected target cells, reference values, bytecode and changing-turn behavior
math/log10	0	FunctionTypeOverload { id: 0, input_layout: [Value], scheme: KindScheme { kind_parameters: [KindParameter { id: KindParameterId(0), upper_bound: None }], dimension_parameters: [], inputs: Fixed([Parameter(KindParameterId(0))]), outputs: [Parameter(KindParameterId(0))], constraints: [Satisfies { kind: Parameter(KindParameterId(0)), predicate: FloatingPoint }] }, output_schema_rules: [FromResolvedType] }	O01: untested as an independently identified overload; the export sample is not attributed to this candidate	representative admitted kind/layout cells, rejected target cells, reference values, bytecode and changing-turn behavior
math/log10	1	FunctionTypeOverload { id: 1, input_layout: [Value], scheme: KindScheme { kind_parameters: [KindParameter { id: KindParameterId(0), upper_bound: None }], dimension_parameters: [DimensionParameterDeclaration { id: DimensionParameterId(0), origin: Inferred, lifetime: Turn, lower_bound: Constant(0), upper_bound: None }, DimensionParameterDeclaration { id: DimensionParameterId(1), origin: Inferred, lifetime: Turn, lower_bound: Constant(0), upper_bound: None }], inputs: Fixed([Matrix { element: Parameter(KindParameterId(0)), dimensions: [Parameter(DimensionParameterId(0)), Parameter(DimensionParameterId(1))] }]), outputs: [Matrix { element: Parameter(KindParameterId(0)), dimensions: [Parameter(DimensionParameterId(0)), Parameter(DimensionParameterId(1))] }], constraints: [Satisfies { kind: Parameter(KindParameterId(0)), predicate: FloatingPoint }] }, output_schema_rules: [FromResolvedType] }	O01: untested as an independently identified overload; the export sample is not attributed to this candidate	representative admitted kind/layout cells, rejected target cells, reference values, bytecode and changing-turn behavior
set/not-element-of	0	FunctionTypeOverload { id: 0, input_layout: [Value, Value], scheme: KindScheme { kind_parameters: [KindParameter { id: KindParameterId(0), upper_bound: None }, KindParameter { id: KindParameterId(1), upper_bound: None }], dimension_parameters: [DimensionParameterDeclaration { id: DimensionParameterId(0), origin: Inferred, lifetime: Turn, lower_bound: Constant(0), upper_bound: None }], inputs: Fixed([Parameter(KindParameterId(0)), Set { element: Parameter(KindParameterId(1)), cardinality: Parameter(DimensionParameterId(0)) }]), outputs: [Named(KindId(15))], constraints: [Satisfies { kind: Parameter(KindParameterId(1)), predicate: Keyable }] }, output_schema_rules: [FromResolvedType] }	O01: untested as an independently identified overload; the export sample is not attributed to this candidate	representative admitted kind/layout cells, rejected target cells, reference values, bytecode and changing-turn behavior
set/proper_subset	0	FunctionTypeOverload { id: 0, input_layout: [Value, Value], scheme: KindScheme { kind_parameters: [KindParameter { id: KindParameterId(0), upper_bound: None }], dimension_parameters: [DimensionParameterDeclaration { id: DimensionParameterId(0), origin: Inferred, lifetime: Turn, lower_bound: Constant(0), upper_bound: None }, DimensionParameterDeclaration { id: DimensionParameterId(1), origin: Inferred, lifetime: Turn, lower_bound: Constant(0), upper_bound: None }], inputs: Fixed([Set { element: Parameter(KindParameterId(0)), cardinality: Parameter(DimensionParameterId(0)) }, Set { element: Parameter(KindParameterId(0)), cardinality: Parameter(DimensionParameterId(1)) }]), outputs: [Named(KindId(15))], constraints: [Satisfies { kind: Parameter(KindParameterId(0)), predicate: Keyable }] }, output_schema_rules: [FromResolvedType] }	O01: untested as an independently identified overload; the export sample is not attributed to this candidate	representative admitted kind/layout cells, rejected target cells, reference values, bytecode and changing-turn behavior
math/sub-assign/range-all	0	FunctionTypeOverload { id: 0, input_layout: [Value, Value, Value, MatrixAllSelection], scheme: KindScheme { kind_parameters: [KindParameter { id: KindParameterId(0), upper_bound: None }, KindParameter { id: KindParameterId(1), upper_bound: None }], dimension_parameters: [], inputs: Fixed([Parameter(KindParameterId(0)), Parameter(KindParameterId(0)), Parameter(KindParameterId(1))]), outputs: [Parameter(KindParameterId(0))], constraints: [Satisfies { kind: Parameter(KindParameterId(0)), predicate: Number }] }, output_schema_rules: [FromResolvedType] }	O01: untested as an independently identified overload; the export sample is not attributed to this candidate	representative admitted kind/layout cells, rejected target cells, reference values, bytecode and changing-turn behavior
math/sub-assign/range-all	1	FunctionTypeOverload { id: 1, input_layout: [Value, Value, Value, MatrixAllSelection], scheme: KindScheme { kind_parameters: [KindParameter { id: KindParameterId(0), upper_bound: None }, KindParameter { id: KindParameterId(1), upper_bound: None }], dimension_parameters: [DimensionParameterDeclaration { id: DimensionParameterId(0), origin: Inferred, lifetime: Turn, lower_bound: Constant(0), upper_bound: None }, DimensionParameterDeclaration { id: DimensionParameterId(1), origin: Inferred, lifetime: Turn, lower_bound: Constant(0), upper_bound: None }], inputs: Fixed([Matrix { element: Parameter(KindParameterId(0)), dimensions: [Parameter(DimensionParameterId(0)), Parameter(DimensionParameterId(1))] }, Parameter(KindParameterId(0)), Parameter(KindParameterId(1))]), outputs: [Matrix { element: Parameter(KindParameterId(0)), dimensions: [Parameter(DimensionParameterId(0)), Parameter(DimensionParameterId(1))] }], constraints: [Satisfies { kind: Parameter(KindParameterId(0)), predicate: Number }] }, output_schema_rules: [FromResolvedType] }	O01: untested as an independently identified overload; the export sample is not attributed to this candidate	representative admitted kind/layout cells, rejected target cells, reference values, bytecode and changing-turn behavior
math/sub-assign/range-all	2	FunctionTypeOverload { id: 2, input_layout: [Value, Value, Value, MatrixAllSelection], scheme: KindScheme { kind_parameters: [KindParameter { id: KindParameterId(0), upper_bound: None }, KindParameter { id: KindParameterId(1), upper_bound: None }], dimension_parameters: [DimensionParameterDeclaration { id: DimensionParameterId(0), origin: Inferred, lifetime: Turn, lower_bound: Constant(0), upper_bound: None }, DimensionParameterDeclaration { id: DimensionParameterId(1), origin: Inferred, lifetime: Turn, lower_bound: Constant(0), upper_bound: None }, DimensionParameterDeclaration { id: DimensionParameterId(2), origin: Inferred, lifetime: Turn, lower_bound: Constant(0), upper_bound: None }, DimensionParameterDeclaration { id: DimensionParameterId(3), origin: Inferred, lifetime: Turn, lower_bound: Constant(0), upper_bound: None }], inputs: Fixed([Matrix { element: Parameter(KindParameterId(0)), dimensions: [Parameter(DimensionParameterId(0)), Parameter(DimensionParameterId(1))] }, Matrix { element: Parameter(KindParameterId(0)), dimensions: [Parameter(DimensionParameterId(2)), Parameter(DimensionParameterId(3))] }, Parameter(KindParameterId(1))]), outputs: [Matrix { element: Parameter(KindParameterId(0)), dimensions: [Parameter(DimensionParameterId(0)), Parameter(DimensionParameterId(1))] }], constraints: [Satisfies { kind: Parameter(KindParameterId(0)), predicate: Number }] }, output_schema_rules: [FromResolvedType] }	O01: untested as an independently identified overload; the export sample is not attributed to this candidate	representative admitted kind/layout cells, rejected target cells, reference values, bytecode and changing-turn behavior
math/mul	0	FunctionTypeOverload { id: 0, input_layout: [Value, Value], scheme: KindScheme { kind_parameters: [KindParameter { id: KindParameterId(0), upper_bound: None }, KindParameter { id: KindParameterId(1), upper_bound: None }, KindParameter { id: KindParameterId(2), upper_bound: None }], dimension_parameters: [], inputs: Fixed([Parameter(KindParameterId(0)), Parameter(KindParameterId(1))]), outputs: [Parameter(KindParameterId(2))], constraints: [Satisfies { kind: Parameter(KindParameterId(0)), predicate: Number }, Satisfies { kind: Parameter(KindParameterId(1)), predicate: Number }, Promotes { left: Parameter(KindParameterId(0)), right: Parameter(KindParameterId(1)), output: Parameter(KindParameterId(2)) }] }, output_schema_rules: [FromResolvedType] }	O01: untested as an independently identified overload; the export sample is not attributed to this candidate	representative admitted kind/layout cells, rejected target cells, reference values, bytecode and changing-turn behavior
math/mul	1	FunctionTypeOverload { id: 1, input_layout: [Value, Value], scheme: KindScheme { kind_parameters: [KindParameter { id: KindParameterId(0), upper_bound: None }, KindParameter { id: KindParameterId(1), upper_bound: None }, KindParameter { id: KindParameterId(2), upper_bound: None }], dimension_parameters: [DimensionParameterDeclaration { id: DimensionParameterId(0), origin: Inferred, lifetime: Turn, lower_bound: Constant(0), upper_bound: None }, DimensionParameterDeclaration { id: DimensionParameterId(1), origin: Inferred, lifetime: Turn, lower_bound: Constant(0), upper_bound: None }], inputs: Fixed([Matrix { element: Parameter(KindParameterId(0)), dimensions: [Parameter(DimensionParameterId(0)), Parameter(DimensionParameterId(1))] }, Matrix { element: Parameter(KindParameterId(1)), dimensions: [Parameter(DimensionParameterId(0)), Parameter(DimensionParameterId(1))] }]), outputs: [Matrix { element: Parameter(KindParameterId(2)), dimensions: [Parameter(DimensionParameterId(0)), Parameter(DimensionParameterId(1))] }], constraints: [Satisfies { kind: Parameter(KindParameterId(0)), predicate: Number }, Satisfies { kind: Parameter(KindParameterId(1)), predicate: Number }, Promotes { left: Parameter(KindParameterId(0)), right: Parameter(KindParameterId(1)), output: Parameter(KindParameterId(2)) }] }, output_schema_rules: [FromResolvedType] }	O01: untested as an independently identified overload; the export sample is not attributed to this candidate	representative admitted kind/layout cells, rejected target cells, reference values, bytecode and changing-turn behavior
math/mul	2	FunctionTypeOverload { id: 2, input_layout: [Value, Value], scheme: KindScheme { kind_parameters: [KindParameter { id: KindParameterId(0), upper_bound: None }, KindParameter { id: KindParameterId(1), upper_bound: None }, KindParameter { id: KindParameterId(2), upper_bound: None }], dimension_parameters: [DimensionParameterDeclaration { id: DimensionParameterId(0), origin: Inferred, lifetime: Turn, lower_bound: Constant(0), upper_bound: None }, DimensionParameterDeclaration { id: DimensionParameterId(1), origin: Inferred, lifetime: Turn, lower_bound: Constant(0), upper_bound: None }], inputs: Fixed([Matrix { element: Parameter(KindParameterId(0)), dimensions: [Parameter(DimensionParameterId(0)), Parameter(DimensionParameterId(1))] }, Parameter(KindParameterId(1))]), outputs: [Matrix { element: Parameter(KindParameterId(2)), dimensions: [Parameter(DimensionParameterId(0)), Parameter(DimensionParameterId(1))] }], constraints: [Satisfies { kind: Parameter(KindParameterId(0)), predicate: Number }, Satisfies { kind: Parameter(KindParameterId(1)), predicate: Number }, Promotes { left: Parameter(KindParameterId(0)), right: Parameter(KindParameterId(1)), output: Parameter(KindParameterId(2)) }] }, output_schema_rules: [FromResolvedType] }	O01: untested as an independently identified overload; the export sample is not attributed to this candidate	representative admitted kind/layout cells, rejected target cells, reference values, bytecode and changing-turn behavior
math/mul	3	FunctionTypeOverload { id: 3, input_layout: [Value, Value], scheme: KindScheme { kind_parameters: [KindParameter { id: KindParameterId(0), upper_bound: None }, KindParameter { id: KindParameterId(1), upper_bound: None }, KindParameter { id: KindParameterId(2), upper_bound: None }], dimension_parameters: [DimensionParameterDeclaration { id: DimensionParameterId(0), origin: Inferred, lifetime: Turn, lower_bound: Constant(0), upper_bound: None }, DimensionParameterDeclaration { id: DimensionParameterId(1), origin: Inferred, lifetime: Turn, lower_bound: Constant(0), upper_bound: None }], inputs: Fixed([Parameter(KindParameterId(0)), Matrix { element: Parameter(KindParameterId(1)), dimensions: [Parameter(DimensionParameterId(0)), Parameter(DimensionParameterId(1))] }]), outputs: [Matrix { element: Parameter(KindParameterId(2)), dimensions: [Parameter(DimensionParameterId(0)), Parameter(DimensionParameterId(1))] }], constraints: [Satisfies { kind: Parameter(KindParameterId(0)), predicate: Number }, Satisfies { kind: Parameter(KindParameterId(1)), predicate: Number }, Promotes { left: Parameter(KindParameterId(0)), right: Parameter(KindParameterId(1)), output: Parameter(KindParameterId(2)) }] }, output_schema_rules: [FromResolvedType] }	O01: untested as an independently identified overload; the export sample is not attributed to this candidate	representative admitted kind/layout cells, rejected target cells, reference values, bytecode and changing-turn behavior
math/mul	4	FunctionTypeOverload { id: 4, input_layout: [Value, Value], scheme: KindScheme { kind_parameters: [KindParameter { id: KindParameterId(0), upper_bound: None }, KindParameter { id: KindParameterId(1), upper_bound: None }, KindParameter { id: KindParameterId(2), upper_bound: None }], dimension_parameters: [DimensionParameterDeclaration { id: DimensionParameterId(0), origin: Inferred, lifetime: Turn, lower_bound: Constant(0), upper_bound: None }, DimensionParameterDeclaration { id: DimensionParameterId(1), origin: Inferred, lifetime: Turn, lower_bound: Constant(0), upper_bound: None }, DimensionParameterDeclaration { id: DimensionParameterId(2), origin: Inferred, lifetime: Turn, lower_bound: Constant(0), upper_bound: None }], inputs: Fixed([Matrix { element: Parameter(KindParameterId(0)), dimensions: [Parameter(DimensionParameterId(0)), Parameter(DimensionParameterId(1))] }, Matrix { element: Parameter(KindParameterId(1)), dimensions: [Parameter(DimensionParameterId(2)), Constant(1)] }]), outputs: [Matrix { element: Parameter(KindParameterId(2)), dimensions: [Parameter(DimensionParameterId(0)), Parameter(DimensionParameterId(1))] }], constraints: [Satisfies { kind: Parameter(KindParameterId(0)), predicate: Number }, Satisfies { kind: Parameter(KindParameterId(1)), predicate: Number }, Promotes { left: Parameter(KindParameterId(0)), right: Parameter(KindParameterId(1)), output: Parameter(KindParameterId(2)) }, DimensionCompatible(Parameter(DimensionParameterId(0)), Parameter(DimensionParameterId(2)))] }, output_schema_rules: [FromResolvedType] }	O01: untested as an independently identified overload; the export sample is not attributed to this candidate	representative admitted kind/layout cells, rejected target cells, reference values, bytecode and changing-turn behavior
math/mul	5	FunctionTypeOverload { id: 5, input_layout: [Value, Value], scheme: KindScheme { kind_parameters: [KindParameter { id: KindParameterId(0), upper_bound: None }, KindParameter { id: KindParameterId(1), upper_bound: None }, KindParameter { id: KindParameterId(2), upper_bound: None }], dimension_parameters: [DimensionParameterDeclaration { id: DimensionParameterId(0), origin: Inferred, lifetime: Turn, lower_bound: Constant(0), upper_bound: None }, DimensionParameterDeclaration { id: DimensionParameterId(1), origin: Inferred, lifetime: Turn, lower_bound: Constant(0), upper_bound: None }, DimensionParameterDeclaration { id: DimensionParameterId(2), origin: Inferred, lifetime: Turn, lower_bound: Constant(0), upper_bound: None }], inputs: Fixed([Matrix { element: Parameter(KindParameterId(0)), dimensions: [Parameter(DimensionParameterId(0)), Parameter(DimensionParameterId(1))] }, Matrix { element: Parameter(KindParameterId(1)), dimensions: [Constant(1), Parameter(DimensionParameterId(2))] }]), outputs: [Matrix { element: Parameter(KindParameterId(2)), dimensions: [Parameter(DimensionParameterId(0)), Parameter(DimensionParameterId(1))] }], constraints: [Satisfies { kind: Parameter(KindParameterId(0)), predicate: Number }, Satisfies { kind: Parameter(KindParameterId(1)), predicate: Number }, Promotes { left: Parameter(KindParameterId(0)), right: Parameter(KindParameterId(1)), output: Parameter(KindParameterId(2)) }, DimensionCompatible(Parameter(DimensionParameterId(1)), Parameter(DimensionParameterId(2)))] }, output_schema_rules: [FromResolvedType] }	O01: untested as an independently identified overload; the export sample is not attributed to this candidate	representative admitted kind/layout cells, rejected target cells, reference values, bytecode and changing-turn behavior
math/mul	6	FunctionTypeOverload { id: 6, input_layout: [Value, Value], scheme: KindScheme { kind_parameters: [KindParameter { id: KindParameterId(0), upper_bound: None }, KindParameter { id: KindParameterId(1), upper_bound: None }, KindParameter { id: KindParameterId(2), upper_bound: None }], dimension_parameters: [DimensionParameterDeclaration { id: DimensionParameterId(0), origin: Inferred, lifetime: Turn, lower_bound: Constant(0), upper_bound: None }, DimensionParameterDeclaration { id: DimensionParameterId(1), origin: Inferred, lifetime: Turn, lower_bound: Constant(0), upper_bound: None }, DimensionParameterDeclaration { id: DimensionParameterId(2), origin: Inferred, lifetime: Turn, lower_bound: Constant(0), upper_bound: None }], inputs: Fixed([Matrix { element: Parameter(KindParameterId(0)), dimensions: [Parameter(DimensionParameterId(2)), Constant(1)] }, Matrix { element: Parameter(KindParameterId(1)), dimensions: [Parameter(DimensionParameterId(0)), Parameter(DimensionParameterId(1))] }]), outputs: [Matrix { element: Parameter(KindParameterId(2)), dimensions: [Parameter(DimensionParameterId(0)), Parameter(DimensionParameterId(1))] }], constraints: [Satisfies { kind: Parameter(KindParameterId(0)), predicate: Number }, Satisfies { kind: Parameter(KindParameterId(1)), predicate: Number }, Promotes { left: Parameter(KindParameterId(0)), right: Parameter(KindParameterId(1)), output: Parameter(KindParameterId(2)) }, DimensionCompatible(Parameter(DimensionParameterId(0)), Parameter(DimensionParameterId(2)))] }, output_schema_rules: [FromResolvedType] }	O01: untested as an independently identified overload; the export sample is not attributed to this candidate	representative admitted kind/layout cells, rejected target cells, reference values, bytecode and changing-turn behavior
math/mul	7	FunctionTypeOverload { id: 7, input_layout: [Value, Value], scheme: KindScheme { kind_parameters: [KindParameter { id: KindParameterId(0), upper_bound: None }, KindParameter { id: KindParameterId(1), upper_bound: None }, KindParameter { id: KindParameterId(2), upper_bound: None }], dimension_parameters: [DimensionParameterDeclaration { id: DimensionParameterId(0), origin: Inferred, lifetime: Turn, lower_bound: Constant(0), upper_bound: None }, DimensionParameterDeclaration { id: DimensionParameterId(1), origin: Inferred, lifetime: Turn, lower_bound: Constant(0), upper_bound: None }, DimensionParameterDeclaration { id: DimensionParameterId(2), origin: Inferred, lifetime: Turn, lower_bound: Constant(0), upper_bound: None }], inputs: Fixed([Matrix { element: Parameter(KindParameterId(0)), dimensions: [Constant(1), Parameter(DimensionParameterId(2))] }, Matrix { element: Parameter(KindParameterId(1)), dimensions: [Parameter(DimensionParameterId(0)), Parameter(DimensionParameterId(1))] }]), outputs: [Matrix { element: Parameter(KindParameterId(2)), dimensions: [Parameter(DimensionParameterId(0)), Parameter(DimensionParameterId(1))] }], constraints: [Satisfies { kind: Parameter(KindParameterId(0)), predicate: Number }, Satisfies { kind: Parameter(KindParameterId(1)), predicate: Number }, Promotes { left: Parameter(KindParameterId(0)), right: Parameter(KindParameterId(1)), output: Parameter(KindParameterId(2)) }, DimensionCompatible(Parameter(DimensionParameterId(1)), Parameter(DimensionParameterId(2)))] }, output_schema_rules: [FromResolvedType] }	O01: untested as an independently identified overload; the export sample is not attributed to this candidate	representative admitted kind/layout cells, rejected target cells, reference values, bytecode and changing-turn behavior
math/mul	8	FunctionTypeOverload { id: 8, input_layout: [Value, Value], scheme: KindScheme { kind_parameters: [KindParameter { id: KindParameterId(0), upper_bound: None }, KindParameter { id: KindParameterId(1), upper_bound: None }, KindParameter { id: KindParameterId(2), upper_bound: None }], dimension_parameters: [DimensionParameterDeclaration { id: DimensionParameterId(0), origin: Inferred, lifetime: Turn, lower_bound: Constant(0), upper_bound: None }, DimensionParameterDeclaration { id: DimensionParameterId(1), origin: Inferred, lifetime: Turn, lower_bound: Constant(0), upper_bound: None }, DimensionParameterDeclaration { id: DimensionParameterId(2), origin: Inferred, lifetime: Turn, lower_bound: Constant(0), upper_bound: None }, DimensionParameterDeclaration { id: DimensionParameterId(3), origin: Inferred, lifetime: Turn, lower_bound: Constant(0), upper_bound: None }], inputs: Fixed([Matrix { element: Parameter(KindParameterId(0)), dimensions: [Parameter(DimensionParameterId(0)), Parameter(DimensionParameterId(1))] }, Matrix { element: Parameter(KindParameterId(1)), dimensions: [Parameter(DimensionParameterId(2)), Parameter(DimensionParameterId(3))] }]), outputs: [Matrix { element: Parameter(KindParameterId(2)), dimensions: [Parameter(DimensionParameterId(0)), Parameter(DimensionParameterId(1))] }], constraints: [Satisfies { kind: Parameter(KindParameterId(0)), predicate: Number }, Satisfies { kind: Parameter(KindParameterId(1)), predicate: Number }, Promotes { left: Parameter(KindParameterId(0)), right: Parameter(KindParameterId(1)), output: Parameter(KindParameterId(2)) }, DimensionCompatible(Parameter(DimensionParameterId(0)), Parameter(DimensionParameterId(2))), DimensionCompatible(Parameter(DimensionParameterId(1)), Parameter(DimensionParameterId(3)))] }, output_schema_rules: [FromResolvedType] }	O01: untested as an independently identified overload; the export sample is not attributed to this candidate	representative admitted kind/layout cells, rejected target cells, reference values, bytecode and changing-turn behavior
math/mul	9	FunctionTypeOverload { id: 9, input_layout: [Value, Value], scheme: KindScheme { kind_parameters: [KindParameter { id: KindParameterId(0), upper_bound: None }, KindParameter { id: KindParameterId(1), upper_bound: None }, KindParameter { id: KindParameterId(2), upper_bound: None }], dimension_parameters: [DimensionParameterDeclaration { id: DimensionParameterId(0), origin: Inferred, lifetime: Turn, lower_bound: Constant(0), upper_bound: None }, DimensionParameterDeclaration { id: DimensionParameterId(1), origin: Inferred, lifetime: Turn, lower_bound: Constant(0), upper_bound: None }, DimensionParameterDeclaration { id: DimensionParameterId(2), origin: Inferred, lifetime: Turn, lower_bound: Constant(0), upper_bound: None }, DimensionParameterDeclaration { id: DimensionParameterId(3), origin: Inferred, lifetime: Turn, lower_bound: Constant(0), upper_bound: None }], inputs: Fixed([Matrix { element: Parameter(KindParameterId(0)), dimensions: [Parameter(DimensionParameterId(0)), Parameter(DimensionParameterId(1))] }, Matrix { element: Parameter(KindParameterId(1)), dimensions: [Parameter(DimensionParameterId(2)), Parameter(DimensionParameterId(3))] }]), outputs: [Matrix { element: Parameter(KindParameterId(2)), dimensions: [Parameter(DimensionParameterId(2)), Parameter(DimensionParameterId(3))] }], constraints: [Satisfies { kind: Parameter(KindParameterId(0)), predicate: Number }, Satisfies { kind: Parameter(KindParameterId(1)), predicate: Number }, Promotes { left: Parameter(KindParameterId(0)), right: Parameter(KindParameterId(1)), output: Parameter(KindParameterId(2)) }, DimensionCompatible(Parameter(DimensionParameterId(0)), Parameter(DimensionParameterId(2))), DimensionCompatible(Parameter(DimensionParameterId(1)), Parameter(DimensionParameterId(3)))] }, output_schema_rules: [FromResolvedType] }	O01: untested as an independently identified overload; the export sample is not attributed to this candidate	representative admitted kind/layout cells, rejected target cells, reference values, bytecode and changing-turn behavior
math/log1p	0	FunctionTypeOverload { id: 0, input_layout: [Value], scheme: KindScheme { kind_parameters: [KindParameter { id: KindParameterId(0), upper_bound: None }], dimension_parameters: [], inputs: Fixed([Parameter(KindParameterId(0))]), outputs: [Parameter(KindParameterId(0))], constraints: [Satisfies { kind: Parameter(KindParameterId(0)), predicate: FloatingPoint }] }, output_schema_rules: [FromResolvedType] }	O01: untested as an independently identified overload; the export sample is not attributed to this candidate	representative admitted kind/layout cells, rejected target cells, reference values, bytecode and changing-turn behavior
math/log1p	1	FunctionTypeOverload { id: 1, input_layout: [Value], scheme: KindScheme { kind_parameters: [KindParameter { id: KindParameterId(0), upper_bound: None }], dimension_parameters: [DimensionParameterDeclaration { id: DimensionParameterId(0), origin: Inferred, lifetime: Turn, lower_bound: Constant(0), upper_bound: None }, DimensionParameterDeclaration { id: DimensionParameterId(1), origin: Inferred, lifetime: Turn, lower_bound: Constant(0), upper_bound: None }], inputs: Fixed([Matrix { element: Parameter(KindParameterId(0)), dimensions: [Parameter(DimensionParameterId(0)), Parameter(DimensionParameterId(1))] }]), outputs: [Matrix { element: Parameter(KindParameterId(0)), dimensions: [Parameter(DimensionParameterId(0)), Parameter(DimensionParameterId(1))] }], constraints: [Satisfies { kind: Parameter(KindParameterId(0)), predicate: FloatingPoint }] }, output_schema_rules: [FromResolvedType] }	O01: untested as an independently identified overload; the export sample is not attributed to this candidate	representative admitted kind/layout cells, rejected target cells, reference values, bytecode and changing-turn behavior
compare/gte	0	FunctionTypeOverload { id: 0, input_layout: [Value, Value], scheme: KindScheme { kind_parameters: [KindParameter { id: KindParameterId(0), upper_bound: None }, KindParameter { id: KindParameterId(1), upper_bound: None }, KindParameter { id: KindParameterId(2), upper_bound: None }], dimension_parameters: [], inputs: Fixed([Parameter(KindParameterId(0)), Parameter(KindParameterId(1))]), outputs: [Named(KindId(15))], constraints: [Satisfies { kind: Parameter(KindParameterId(0)), predicate: Number }, Satisfies { kind: Parameter(KindParameterId(1)), predicate: Number }, Promotes { left: Parameter(KindParameterId(0)), right: Parameter(KindParameterId(1)), output: Parameter(KindParameterId(2)) }, Satisfies { kind: Parameter(KindParameterId(0)), predicate: Ordered }, Satisfies { kind: Parameter(KindParameterId(1)), predicate: Ordered }] }, output_schema_rules: [FromResolvedType] }	O01: untested as an independently identified overload; the export sample is not attributed to this candidate	representative admitted kind/layout cells, rejected target cells, reference values, bytecode and changing-turn behavior
compare/gte	1	FunctionTypeOverload { id: 1, input_layout: [Value, Value], scheme: KindScheme { kind_parameters: [KindParameter { id: KindParameterId(0), upper_bound: None }, KindParameter { id: KindParameterId(1), upper_bound: None }, KindParameter { id: KindParameterId(2), upper_bound: None }], dimension_parameters: [DimensionParameterDeclaration { id: DimensionParameterId(0), origin: Inferred, lifetime: Turn, lower_bound: Constant(0), upper_bound: None }, DimensionParameterDeclaration { id: DimensionParameterId(1), origin: Inferred, lifetime: Turn, lower_bound: Constant(0), upper_bound: None }], inputs: Fixed([Matrix { element: Parameter(KindParameterId(0)), dimensions: [Parameter(DimensionParameterId(0)), Parameter(DimensionParameterId(1))] }, Matrix { element: Parameter(KindParameterId(1)), dimensions: [Parameter(DimensionParameterId(0)), Parameter(DimensionParameterId(1))] }]), outputs: [Matrix { element: Named(KindId(15)), dimensions: [Parameter(DimensionParameterId(0)), Parameter(DimensionParameterId(1))] }], constraints: [Satisfies { kind: Parameter(KindParameterId(0)), predicate: Number }, Satisfies { kind: Parameter(KindParameterId(1)), predicate: Number }, Promotes { left: Parameter(KindParameterId(0)), right: Parameter(KindParameterId(1)), output: Parameter(KindParameterId(2)) }, Satisfies { kind: Parameter(KindParameterId(0)), predicate: Ordered }, Satisfies { kind: Parameter(KindParameterId(1)), predicate: Ordered }] }, output_schema_rules: [FromResolvedType] }	O01: untested as an independently identified overload; the export sample is not attributed to this candidate	representative admitted kind/layout cells, rejected target cells, reference values, bytecode and changing-turn behavior
compare/gte	2	FunctionTypeOverload { id: 2, input_layout: [Value, Value], scheme: KindScheme { kind_parameters: [KindParameter { id: KindParameterId(0), upper_bound: None }, KindParameter { id: KindParameterId(1), upper_bound: None }, KindParameter { id: KindParameterId(2), upper_bound: None }], dimension_parameters: [DimensionParameterDeclaration { id: DimensionParameterId(0), origin: Inferred, lifetime: Turn, lower_bound: Constant(0), upper_bound: None }, DimensionParameterDeclaration { id: DimensionParameterId(1), origin: Inferred, lifetime: Turn, lower_bound: Constant(0), upper_bound: None }], inputs: Fixed([Matrix { element: Parameter(KindParameterId(0)), dimensions: [Parameter(DimensionParameterId(0)), Parameter(DimensionParameterId(1))] }, Parameter(KindParameterId(1))]), outputs: [Matrix { element: Named(KindId(15)), dimensions: [Parameter(DimensionParameterId(0)), Parameter(DimensionParameterId(1))] }], constraints: [Satisfies { kind: Parameter(KindParameterId(0)), predicate: Number }, Satisfies { kind: Parameter(KindParameterId(1)), predicate: Number }, Promotes { left: Parameter(KindParameterId(0)), right: Parameter(KindParameterId(1)), output: Parameter(KindParameterId(2)) }, Satisfies { kind: Parameter(KindParameterId(0)), predicate: Ordered }, Satisfies { kind: Parameter(KindParameterId(1)), predicate: Ordered }] }, output_schema_rules: [FromResolvedType] }	O01: untested as an independently identified overload; the export sample is not attributed to this candidate	representative admitted kind/layout cells, rejected target cells, reference values, bytecode and changing-turn behavior
compare/gte	3	FunctionTypeOverload { id: 3, input_layout: [Value, Value], scheme: KindScheme { kind_parameters: [KindParameter { id: KindParameterId(0), upper_bound: None }, KindParameter { id: KindParameterId(1), upper_bound: None }, KindParameter { id: KindParameterId(2), upper_bound: None }], dimension_parameters: [DimensionParameterDeclaration { id: DimensionParameterId(0), origin: Inferred, lifetime: Turn, lower_bound: Constant(0), upper_bound: None }, DimensionParameterDeclaration { id: DimensionParameterId(1), origin: Inferred, lifetime: Turn, lower_bound: Constant(0), upper_bound: None }], inputs: Fixed([Parameter(KindParameterId(0)), Matrix { element: Parameter(KindParameterId(1)), dimensions: [Parameter(DimensionParameterId(0)), Parameter(DimensionParameterId(1))] }]), outputs: [Matrix { element: Named(KindId(15)), dimensions: [Parameter(DimensionParameterId(0)), Parameter(DimensionParameterId(1))] }], constraints: [Satisfies { kind: Parameter(KindParameterId(0)), predicate: Number }, Satisfies { kind: Parameter(KindParameterId(1)), predicate: Number }, Promotes { left: Parameter(KindParameterId(0)), right: Parameter(KindParameterId(1)), output: Parameter(KindParameterId(2)) }, Satisfies { kind: Parameter(KindParameterId(0)), predicate: Ordered }, Satisfies { kind: Parameter(KindParameterId(1)), predicate: Ordered }] }, output_schema_rules: [FromResolvedType] }	O01: untested as an independently identified overload; the export sample is not attributed to this candidate	representative admitted kind/layout cells, rejected target cells, reference values, bytecode and changing-turn behavior
compare/gte	4	FunctionTypeOverload { id: 4, input_layout: [Value, Value], scheme: KindScheme { kind_parameters: [KindParameter { id: KindParameterId(0), upper_bound: None }, KindParameter { id: KindParameterId(1), upper_bound: None }, KindParameter { id: KindParameterId(2), upper_bound: None }], dimension_parameters: [DimensionParameterDeclaration { id: DimensionParameterId(0), origin: Inferred, lifetime: Turn, lower_bound: Constant(0), upper_bound: None }, DimensionParameterDeclaration { id: DimensionParameterId(1), origin: Inferred, lifetime: Turn, lower_bound: Constant(0), upper_bound: None }, DimensionParameterDeclaration { id: DimensionParameterId(2), origin: Inferred, lifetime: Turn, lower_bound: Constant(0), upper_bound: None }], inputs: Fixed([Matrix { element: Parameter(KindParameterId(0)), dimensions: [Parameter(DimensionParameterId(0)), Parameter(DimensionParameterId(1))] }, Matrix { element: Parameter(KindParameterId(1)), dimensions: [Parameter(DimensionParameterId(2)), Constant(1)] }]), outputs: [Matrix { element: Named(KindId(15)), dimensions: [Parameter(DimensionParameterId(0)), Parameter(DimensionParameterId(1))] }], constraints: [Satisfies { kind: Parameter(KindParameterId(0)), predicate: Number }, Satisfies { kind: Parameter(KindParameterId(1)), predicate: Number }, Promotes { left: Parameter(KindParameterId(0)), right: Parameter(KindParameterId(1)), output: Parameter(KindParameterId(2)) }, DimensionCompatible(Parameter(DimensionParameterId(0)), Parameter(DimensionParameterId(2))), Satisfies { kind: Parameter(KindParameterId(0)), predicate: Ordered }, Satisfies { kind: Parameter(KindParameterId(1)), predicate: Ordered }] }, output_schema_rules: [FromResolvedType] }	O01: untested as an independently identified overload; the export sample is not attributed to this candidate	representative admitted kind/layout cells, rejected target cells, reference values, bytecode and changing-turn behavior
compare/gte	5	FunctionTypeOverload { id: 5, input_layout: [Value, Value], scheme: KindScheme { kind_parameters: [KindParameter { id: KindParameterId(0), upper_bound: None }, KindParameter { id: KindParameterId(1), upper_bound: None }, KindParameter { id: KindParameterId(2), upper_bound: None }], dimension_parameters: [DimensionParameterDeclaration { id: DimensionParameterId(0), origin: Inferred, lifetime: Turn, lower_bound: Constant(0), upper_bound: None }, DimensionParameterDeclaration { id: DimensionParameterId(1), origin: Inferred, lifetime: Turn, lower_bound: Constant(0), upper_bound: None }, DimensionParameterDeclaration { id: DimensionParameterId(2), origin: Inferred, lifetime: Turn, lower_bound: Constant(0), upper_bound: None }], inputs: Fixed([Matrix { element: Parameter(KindParameterId(0)), dimensions: [Parameter(DimensionParameterId(0)), Parameter(DimensionParameterId(1))] }, Matrix { element: Parameter(KindParameterId(1)), dimensions: [Constant(1), Parameter(DimensionParameterId(2))] }]), outputs: [Matrix { element: Named(KindId(15)), dimensions: [Parameter(DimensionParameterId(0)), Parameter(DimensionParameterId(1))] }], constraints: [Satisfies { kind: Parameter(KindParameterId(0)), predicate: Number }, Satisfies { kind: Parameter(KindParameterId(1)), predicate: Number }, Promotes { left: Parameter(KindParameterId(0)), right: Parameter(KindParameterId(1)), output: Parameter(KindParameterId(2)) }, DimensionCompatible(Parameter(DimensionParameterId(1)), Parameter(DimensionParameterId(2))), Satisfies { kind: Parameter(KindParameterId(0)), predicate: Ordered }, Satisfies { kind: Parameter(KindParameterId(1)), predicate: Ordered }] }, output_schema_rules: [FromResolvedType] }	O01: untested as an independently identified overload; the export sample is not attributed to this candidate	representative admitted kind/layout cells, rejected target cells, reference values, bytecode and changing-turn behavior
compare/gte	6	FunctionTypeOverload { id: 6, input_layout: [Value, Value], scheme: KindScheme { kind_parameters: [KindParameter { id: KindParameterId(0), upper_bound: None }, KindParameter { id: KindParameterId(1), upper_bound: None }, KindParameter { id: KindParameterId(2), upper_bound: None }], dimension_parameters: [DimensionParameterDeclaration { id: DimensionParameterId(0), origin: Inferred, lifetime: Turn, lower_bound: Constant(0), upper_bound: None }, DimensionParameterDeclaration { id: DimensionParameterId(1), origin: Inferred, lifetime: Turn, lower_bound: Constant(0), upper_bound: None }, DimensionParameterDeclaration { id: DimensionParameterId(2), origin: Inferred, lifetime: Turn, lower_bound: Constant(0), upper_bound: None }], inputs: Fixed([Matrix { element: Parameter(KindParameterId(0)), dimensions: [Parameter(DimensionParameterId(2)), Constant(1)] }, Matrix { element: Parameter(KindParameterId(1)), dimensions: [Parameter(DimensionParameterId(0)), Parameter(DimensionParameterId(1))] }]), outputs: [Matrix { element: Named(KindId(15)), dimensions: [Parameter(DimensionParameterId(0)), Parameter(DimensionParameterId(1))] }], constraints: [Satisfies { kind: Parameter(KindParameterId(0)), predicate: Number }, Satisfies { kind: Parameter(KindParameterId(1)), predicate: Number }, Promotes { left: Parameter(KindParameterId(0)), right: Parameter(KindParameterId(1)), output: Parameter(KindParameterId(2)) }, DimensionCompatible(Parameter(DimensionParameterId(0)), Parameter(DimensionParameterId(2))), Satisfies { kind: Parameter(KindParameterId(0)), predicate: Ordered }, Satisfies { kind: Parameter(KindParameterId(1)), predicate: Ordered }] }, output_schema_rules: [FromResolvedType] }	O01: untested as an independently identified overload; the export sample is not attributed to this candidate	representative admitted kind/layout cells, rejected target cells, reference values, bytecode and changing-turn behavior
compare/gte	7	FunctionTypeOverload { id: 7, input_layout: [Value, Value], scheme: KindScheme { kind_parameters: [KindParameter { id: KindParameterId(0), upper_bound: None }, KindParameter { id: KindParameterId(1), upper_bound: None }, KindParameter { id: KindParameterId(2), upper_bound: None }], dimension_parameters: [DimensionParameterDeclaration { id: DimensionParameterId(0), origin: Inferred, lifetime: Turn, lower_bound: Constant(0), upper_bound: None }, DimensionParameterDeclaration { id: DimensionParameterId(1), origin: Inferred, lifetime: Turn, lower_bound: Constant(0), upper_bound: None }, DimensionParameterDeclaration { id: DimensionParameterId(2), origin: Inferred, lifetime: Turn, lower_bound: Constant(0), upper_bound: None }], inputs: Fixed([Matrix { element: Parameter(KindParameterId(0)), dimensions: [Constant(1), Parameter(DimensionParameterId(2))] }, Matrix { element: Parameter(KindParameterId(1)), dimensions: [Parameter(DimensionParameterId(0)), Parameter(DimensionParameterId(1))] }]), outputs: [Matrix { element: Named(KindId(15)), dimensions: [Parameter(DimensionParameterId(0)), Parameter(DimensionParameterId(1))] }], constraints: [Satisfies { kind: Parameter(KindParameterId(0)), predicate: Number }, Satisfies { kind: Parameter(KindParameterId(1)), predicate: Number }, Promotes { left: Parameter(KindParameterId(0)), right: Parameter(KindParameterId(1)), output: Parameter(KindParameterId(2)) }, DimensionCompatible(Parameter(DimensionParameterId(1)), Parameter(DimensionParameterId(2))), Satisfies { kind: Parameter(KindParameterId(0)), predicate: Ordered }, Satisfies { kind: Parameter(KindParameterId(1)), predicate: Ordered }] }, output_schema_rules: [FromResolvedType] }	O01: untested as an independently identified overload; the export sample is not attributed to this candidate	representative admitted kind/layout cells, rejected target cells, reference values, bytecode and changing-turn behavior
compare/gte	8	FunctionTypeOverload { id: 8, input_layout: [Value, Value], scheme: KindScheme { kind_parameters: [KindParameter { id: KindParameterId(0), upper_bound: None }, KindParameter { id: KindParameterId(1), upper_bound: None }, KindParameter { id: KindParameterId(2), upper_bound: None }], dimension_parameters: [DimensionParameterDeclaration { id: DimensionParameterId(0), origin: Inferred, lifetime: Turn, lower_bound: Constant(0), upper_bound: None }, DimensionParameterDeclaration { id: DimensionParameterId(1), origin: Inferred, lifetime: Turn, lower_bound: Constant(0), upper_bound: None }, DimensionParameterDeclaration { id: DimensionParameterId(2), origin: Inferred, lifetime: Turn, lower_bound: Constant(0), upper_bound: None }, DimensionParameterDeclaration { id: DimensionParameterId(3), origin: Inferred, lifetime: Turn, lower_bound: Constant(0), upper_bound: None }], inputs: Fixed([Matrix { element: Parameter(KindParameterId(0)), dimensions: [Parameter(DimensionParameterId(0)), Parameter(DimensionParameterId(1))] }, Matrix { element: Parameter(KindParameterId(1)), dimensions: [Parameter(DimensionParameterId(2)), Parameter(DimensionParameterId(3))] }]), outputs: [Matrix { element: Named(KindId(15)), dimensions: [Parameter(DimensionParameterId(0)), Parameter(DimensionParameterId(1))] }], constraints: [Satisfies { kind: Parameter(KindParameterId(0)), predicate: Number }, Satisfies { kind: Parameter(KindParameterId(1)), predicate: Number }, Promotes { left: Parameter(KindParameterId(0)), right: Parameter(KindParameterId(1)), output: Parameter(KindParameterId(2)) }, DimensionCompatible(Parameter(DimensionParameterId(0)), Parameter(DimensionParameterId(2))), DimensionCompatible(Parameter(DimensionParameterId(1)), Parameter(DimensionParameterId(3))), Satisfies { kind: Parameter(KindParameterId(0)), predicate: Ordered }, Satisfies { kind: Parameter(KindParameterId(1)), predicate: Ordered }] }, output_schema_rules: [FromResolvedType] }	O01: untested as an independently identified overload; the export sample is not attributed to this candidate	representative admitted kind/layout cells, rejected target cells, reference values, bytecode and changing-turn behavior
compare/gte	9	FunctionTypeOverload { id: 9, input_layout: [Value, Value], scheme: KindScheme { kind_parameters: [KindParameter { id: KindParameterId(0), upper_bound: None }, KindParameter { id: KindParameterId(1), upper_bound: None }, KindParameter { id: KindParameterId(2), upper_bound: None }], dimension_parameters: [DimensionParameterDeclaration { id: DimensionParameterId(0), origin: Inferred, lifetime: Turn, lower_bound: Constant(0), upper_bound: None }, DimensionParameterDeclaration { id: DimensionParameterId(1), origin: Inferred, lifetime: Turn, lower_bound: Constant(0), upper_bound: None }, DimensionParameterDeclaration { id: DimensionParameterId(2), origin: Inferred, lifetime: Turn, lower_bound: Constant(0), upper_bound: None }, DimensionParameterDeclaration { id: DimensionParameterId(3), origin: Inferred, lifetime: Turn, lower_bound: Constant(0), upper_bound: None }], inputs: Fixed([Matrix { element: Parameter(KindParameterId(0)), dimensions: [Parameter(DimensionParameterId(0)), Parameter(DimensionParameterId(1))] }, Matrix { element: Parameter(KindParameterId(1)), dimensions: [Parameter(DimensionParameterId(2)), Parameter(DimensionParameterId(3))] }]), outputs: [Matrix { element: Named(KindId(15)), dimensions: [Parameter(DimensionParameterId(2)), Parameter(DimensionParameterId(3))] }], constraints: [Satisfies { kind: Parameter(KindParameterId(0)), predicate: Number }, Satisfies { kind: Parameter(KindParameterId(1)), predicate: Number }, Promotes { left: Parameter(KindParameterId(0)), right: Parameter(KindParameterId(1)), output: Parameter(KindParameterId(2)) }, DimensionCompatible(Parameter(DimensionParameterId(0)), Parameter(DimensionParameterId(2))), DimensionCompatible(Parameter(DimensionParameterId(1)), Parameter(DimensionParameterId(3))), Satisfies { kind: Parameter(KindParameterId(0)), predicate: Ordered }, Satisfies { kind: Parameter(KindParameterId(1)), predicate: Ordered }] }, output_schema_rules: [FromResolvedType] }	O01: untested as an independently identified overload; the export sample is not attributed to this candidate	representative admitted kind/layout cells, rejected target cells, reference values, bytecode and changing-turn behavior
compare/gte	10	FunctionTypeOverload { id: 10, input_layout: [Value, Value], scheme: KindScheme { kind_parameters: [], dimension_parameters: [], inputs: Fixed([Named(KindId(14)), Named(KindId(14))]), outputs: [Named(KindId(15))], constraints: [] }, output_schema_rules: [FromResolvedType] }	O01: untested as an independently identified overload; the export sample is not attributed to this candidate	representative admitted kind/layout cells, rejected target cells, reference values, bytecode and changing-turn behavior
compare/gte	11	FunctionTypeOverload { id: 11, input_layout: [Value, Value], scheme: KindScheme { kind_parameters: [], dimension_parameters: [DimensionParameterDeclaration { id: DimensionParameterId(0), origin: Inferred, lifetime: Turn, lower_bound: Constant(0), upper_bound: None }, DimensionParameterDeclaration { id: DimensionParameterId(1), origin: Inferred, lifetime: Turn, lower_bound: Constant(0), upper_bound: None }], inputs: Fixed([Matrix { element: Named(KindId(14)), dimensions: [Parameter(DimensionParameterId(0)), Parameter(DimensionParameterId(1))] }, Matrix { element: Named(KindId(14)), dimensions: [Parameter(DimensionParameterId(0)), Parameter(DimensionParameterId(1))] }]), outputs: [Matrix { element: Named(KindId(15)), dimensions: [Parameter(DimensionParameterId(0)), Parameter(DimensionParameterId(1))] }], constraints: [] }, output_schema_rules: [FromResolvedType] }	O01: untested as an independently identified overload; the export sample is not attributed to this candidate	representative admitted kind/layout cells, rejected target cells, reference values, bytecode and changing-turn behavior
math/acot	0	FunctionTypeOverload { id: 0, input_layout: [Value], scheme: KindScheme { kind_parameters: [KindParameter { id: KindParameterId(0), upper_bound: None }], dimension_parameters: [], inputs: Fixed([Parameter(KindParameterId(0))]), outputs: [Parameter(KindParameterId(0))], constraints: [Satisfies { kind: Parameter(KindParameterId(0)), predicate: FloatingPoint }] }, output_schema_rules: [FromResolvedType] }	O01: untested as an independently identified overload; the export sample is not attributed to this candidate	representative admitted kind/layout cells, rejected target cells, reference values, bytecode and changing-turn behavior
math/acot	1	FunctionTypeOverload { id: 1, input_layout: [Value], scheme: KindScheme { kind_parameters: [KindParameter { id: KindParameterId(0), upper_bound: None }], dimension_parameters: [DimensionParameterDeclaration { id: DimensionParameterId(0), origin: Inferred, lifetime: Turn, lower_bound: Constant(0), upper_bound: None }, DimensionParameterDeclaration { id: DimensionParameterId(1), origin: Inferred, lifetime: Turn, lower_bound: Constant(0), upper_bound: None }], inputs: Fixed([Matrix { element: Parameter(KindParameterId(0)), dimensions: [Parameter(DimensionParameterId(0)), Parameter(DimensionParameterId(1))] }]), outputs: [Matrix { element: Parameter(KindParameterId(0)), dimensions: [Parameter(DimensionParameterId(0)), Parameter(DimensionParameterId(1))] }], constraints: [Satisfies { kind: Parameter(KindParameterId(0)), predicate: FloatingPoint }] }, output_schema_rules: [FromResolvedType] }	O01: untested as an independently identified overload; the export sample is not attributed to this candidate	representative admitted kind/layout cells, rejected target cells, reference values, bytecode and changing-turn behavior
math/asin	0	FunctionTypeOverload { id: 0, input_layout: [Value], scheme: KindScheme { kind_parameters: [KindParameter { id: KindParameterId(0), upper_bound: None }], dimension_parameters: [], inputs: Fixed([Parameter(KindParameterId(0))]), outputs: [Parameter(KindParameterId(0))], constraints: [Satisfies { kind: Parameter(KindParameterId(0)), predicate: FloatingPoint }] }, output_schema_rules: [FromResolvedType] }	O01: untested as an independently identified overload; the export sample is not attributed to this candidate	representative admitted kind/layout cells, rejected target cells, reference values, bytecode and changing-turn behavior
math/asin	1	FunctionTypeOverload { id: 1, input_layout: [Value], scheme: KindScheme { kind_parameters: [KindParameter { id: KindParameterId(0), upper_bound: None }], dimension_parameters: [DimensionParameterDeclaration { id: DimensionParameterId(0), origin: Inferred, lifetime: Turn, lower_bound: Constant(0), upper_bound: None }, DimensionParameterDeclaration { id: DimensionParameterId(1), origin: Inferred, lifetime: Turn, lower_bound: Constant(0), upper_bound: None }], inputs: Fixed([Matrix { element: Parameter(KindParameterId(0)), dimensions: [Parameter(DimensionParameterId(0)), Parameter(DimensionParameterId(1))] }]), outputs: [Matrix { element: Parameter(KindParameterId(0)), dimensions: [Parameter(DimensionParameterId(0)), Parameter(DimensionParameterId(1))] }], constraints: [Satisfies { kind: Parameter(KindParameterId(0)), predicate: FloatingPoint }] }, output_schema_rules: [FromResolvedType] }	O01: untested as an independently identified overload; the export sample is not attributed to this candidate	representative admitted kind/layout cells, rejected target cells, reference values, bytecode and changing-turn behavior
math/acos	0	FunctionTypeOverload { id: 0, input_layout: [Value], scheme: KindScheme { kind_parameters: [KindParameter { id: KindParameterId(0), upper_bound: None }], dimension_parameters: [], inputs: Fixed([Parameter(KindParameterId(0))]), outputs: [Parameter(KindParameterId(0))], constraints: [Satisfies { kind: Parameter(KindParameterId(0)), predicate: FloatingPoint }] }, output_schema_rules: [FromResolvedType] }	O01: untested as an independently identified overload; the export sample is not attributed to this candidate	representative admitted kind/layout cells, rejected target cells, reference values, bytecode and changing-turn behavior
math/acos	1	FunctionTypeOverload { id: 1, input_layout: [Value], scheme: KindScheme { kind_parameters: [KindParameter { id: KindParameterId(0), upper_bound: None }], dimension_parameters: [DimensionParameterDeclaration { id: DimensionParameterId(0), origin: Inferred, lifetime: Turn, lower_bound: Constant(0), upper_bound: None }, DimensionParameterDeclaration { id: DimensionParameterId(1), origin: Inferred, lifetime: Turn, lower_bound: Constant(0), upper_bound: None }], inputs: Fixed([Matrix { element: Parameter(KindParameterId(0)), dimensions: [Parameter(DimensionParameterId(0)), Parameter(DimensionParameterId(1))] }]), outputs: [Matrix { element: Parameter(KindParameterId(0)), dimensions: [Parameter(DimensionParameterId(0)), Parameter(DimensionParameterId(1))] }], constraints: [Satisfies { kind: Parameter(KindParameterId(0)), predicate: FloatingPoint }] }, output_schema_rules: [FromResolvedType] }	O01: untested as an independently identified overload; the export sample is not attributed to this candidate	representative admitted kind/layout cells, rejected target cells, reference values, bytecode and changing-turn behavior
math/atanh	0	FunctionTypeOverload { id: 0, input_layout: [Value], scheme: KindScheme { kind_parameters: [KindParameter { id: KindParameterId(0), upper_bound: None }], dimension_parameters: [], inputs: Fixed([Parameter(KindParameterId(0))]), outputs: [Parameter(KindParameterId(0))], constraints: [Satisfies { kind: Parameter(KindParameterId(0)), predicate: FloatingPoint }] }, output_schema_rules: [FromResolvedType] }	O01: untested as an independently identified overload; the export sample is not attributed to this candidate	representative admitted kind/layout cells, rejected target cells, reference values, bytecode and changing-turn behavior
math/atanh	1	FunctionTypeOverload { id: 1, input_layout: [Value], scheme: KindScheme { kind_parameters: [KindParameter { id: KindParameterId(0), upper_bound: None }], dimension_parameters: [DimensionParameterDeclaration { id: DimensionParameterId(0), origin: Inferred, lifetime: Turn, lower_bound: Constant(0), upper_bound: None }, DimensionParameterDeclaration { id: DimensionParameterId(1), origin: Inferred, lifetime: Turn, lower_bound: Constant(0), upper_bound: None }], inputs: Fixed([Matrix { element: Parameter(KindParameterId(0)), dimensions: [Parameter(DimensionParameterId(0)), Parameter(DimensionParameterId(1))] }]), outputs: [Matrix { element: Parameter(KindParameterId(0)), dimensions: [Parameter(DimensionParameterId(0)), Parameter(DimensionParameterId(1))] }], constraints: [Satisfies { kind: Parameter(KindParameterId(0)), predicate: FloatingPoint }] }, output_schema_rules: [FromResolvedType] }	O01: untested as an independently identified overload; the export sample is not attributed to this candidate	representative admitted kind/layout cells, rejected target cells, reference values, bytecode and changing-turn behavior
math/ceil	0	FunctionTypeOverload { id: 0, input_layout: [Value], scheme: KindScheme { kind_parameters: [KindParameter { id: KindParameterId(0), upper_bound: None }], dimension_parameters: [], inputs: Fixed([Parameter(KindParameterId(0))]), outputs: [Parameter(KindParameterId(0))], constraints: [Satisfies { kind: Parameter(KindParameterId(0)), predicate: FloatingPoint }] }, output_schema_rules: [FromResolvedType] }	O01: untested as an independently identified overload; the export sample is not attributed to this candidate	representative admitted kind/layout cells, rejected target cells, reference values, bytecode and changing-turn behavior
math/ceil	1	FunctionTypeOverload { id: 1, input_layout: [Value], scheme: KindScheme { kind_parameters: [KindParameter { id: KindParameterId(0), upper_bound: None }], dimension_parameters: [DimensionParameterDeclaration { id: DimensionParameterId(0), origin: Inferred, lifetime: Turn, lower_bound: Constant(0), upper_bound: None }, DimensionParameterDeclaration { id: DimensionParameterId(1), origin: Inferred, lifetime: Turn, lower_bound: Constant(0), upper_bound: None }], inputs: Fixed([Matrix { element: Parameter(KindParameterId(0)), dimensions: [Parameter(DimensionParameterId(0)), Parameter(DimensionParameterId(1))] }]), outputs: [Matrix { element: Parameter(KindParameterId(0)), dimensions: [Parameter(DimensionParameterId(0)), Parameter(DimensionParameterId(1))] }], constraints: [Satisfies { kind: Parameter(KindParameterId(0)), predicate: FloatingPoint }] }, output_schema_rules: [FromResolvedType] }	O01: untested as an independently identified overload; the export sample is not attributed to this candidate	representative admitted kind/layout cells, rejected target cells, reference values, bytecode and changing-turn behavior
table/left-anti-join	syntax-directed	Some(FunctionTypeDeclaration { overloads: [], template: Some(TableJoin(LeftAnti)), parameter_names: None })	O01: intrinsic contract requires operator-specific kind/layout witnesses	qualify the source intrinsic contract and supported target layouts
stats/sum/row	0	FunctionTypeOverload { id: 0, input_layout: [Value], scheme: KindScheme { kind_parameters: [KindParameter { id: KindParameterId(0), upper_bound: None }], dimension_parameters: [DimensionParameterDeclaration { id: DimensionParameterId(0), origin: Inferred, lifetime: Turn, lower_bound: Constant(0), upper_bound: None }, DimensionParameterDeclaration { id: DimensionParameterId(1), origin: Inferred, lifetime: Turn, lower_bound: Constant(0), upper_bound: None }], inputs: Fixed([Matrix { element: Parameter(KindParameterId(0)), dimensions: [Parameter(DimensionParameterId(0)), Parameter(DimensionParameterId(1))] }]), outputs: [Matrix { element: Parameter(KindParameterId(0)), dimensions: [Constant(1), Parameter(DimensionParameterId(1))] }], constraints: [Satisfies { kind: Parameter(KindParameterId(0)), predicate: Number }] }, output_schema_rules: [FromResolvedType] }	O01: untested as an independently identified overload; the export sample is not attributed to this candidate	representative admitted kind/layout cells, rejected target cells, reference values, bytecode and changing-turn behavior
set/intersection	0	FunctionTypeOverload { id: 0, input_layout: [Value, Value], scheme: KindScheme { kind_parameters: [KindParameter { id: KindParameterId(0), upper_bound: None }], dimension_parameters: [DimensionParameterDeclaration { id: DimensionParameterId(0), origin: Inferred, lifetime: Turn, lower_bound: Constant(0), upper_bound: None }, DimensionParameterDeclaration { id: DimensionParameterId(1), origin: Inferred, lifetime: Turn, lower_bound: Constant(0), upper_bound: None }, DimensionParameterDeclaration { id: DimensionParameterId(2), origin: Inferred, lifetime: Turn, lower_bound: Constant(0), upper_bound: Some(Min([Parameter(DimensionParameterId(0)), Parameter(DimensionParameterId(1))])) }], inputs: Fixed([Set { element: Parameter(KindParameterId(0)), cardinality: Parameter(DimensionParameterId(0)) }, Set { element: Parameter(KindParameterId(0)), cardinality: Parameter(DimensionParameterId(1)) }]), outputs: [Set { element: Parameter(KindParameterId(0)), cardinality: Parameter(DimensionParameterId(2)) }], constraints: [Satisfies { kind: Parameter(KindParameterId(0)), predicate: Keyable }] }, output_schema_rules: [FromInput(0)] }	O01: untested as an independently identified overload; the export sample is not attributed to this candidate	representative admitted kind/layout cells, rejected target cells, reference values, bytecode and changing-turn behavior
set/difference	0	FunctionTypeOverload { id: 0, input_layout: [Value, Value], scheme: KindScheme { kind_parameters: [KindParameter { id: KindParameterId(0), upper_bound: None }], dimension_parameters: [DimensionParameterDeclaration { id: DimensionParameterId(0), origin: Inferred, lifetime: Turn, lower_bound: Constant(0), upper_bound: None }, DimensionParameterDeclaration { id: DimensionParameterId(1), origin: Inferred, lifetime: Turn, lower_bound: Constant(0), upper_bound: None }, DimensionParameterDeclaration { id: DimensionParameterId(2), origin: Inferred, lifetime: Turn, lower_bound: Constant(0), upper_bound: Some(Parameter(DimensionParameterId(0))) }], inputs: Fixed([Set { element: Parameter(KindParameterId(0)), cardinality: Parameter(DimensionParameterId(0)) }, Set { element: Parameter(KindParameterId(0)), cardinality: Parameter(DimensionParameterId(1)) }]), outputs: [Set { element: Parameter(KindParameterId(0)), cardinality: Parameter(DimensionParameterId(2)) }], constraints: [Satisfies { kind: Parameter(KindParameterId(0)), predicate: Keyable }] }, output_schema_rules: [FromInput(0)] }	O01: untested as an independently identified overload; the export sample is not attributed to this candidate	representative admitted kind/layout cells, rejected target cells, reference values, bytecode and changing-turn behavior
math/asec	0	FunctionTypeOverload { id: 0, input_layout: [Value], scheme: KindScheme { kind_parameters: [KindParameter { id: KindParameterId(0), upper_bound: None }], dimension_parameters: [], inputs: Fixed([Parameter(KindParameterId(0))]), outputs: [Parameter(KindParameterId(0))], constraints: [Satisfies { kind: Parameter(KindParameterId(0)), predicate: FloatingPoint }] }, output_schema_rules: [FromResolvedType] }	O01: untested as an independently identified overload; the export sample is not attributed to this candidate	representative admitted kind/layout cells, rejected target cells, reference values, bytecode and changing-turn behavior
math/asec	1	FunctionTypeOverload { id: 1, input_layout: [Value], scheme: KindScheme { kind_parameters: [KindParameter { id: KindParameterId(0), upper_bound: None }], dimension_parameters: [DimensionParameterDeclaration { id: DimensionParameterId(0), origin: Inferred, lifetime: Turn, lower_bound: Constant(0), upper_bound: None }, DimensionParameterDeclaration { id: DimensionParameterId(1), origin: Inferred, lifetime: Turn, lower_bound: Constant(0), upper_bound: None }], inputs: Fixed([Matrix { element: Parameter(KindParameterId(0)), dimensions: [Parameter(DimensionParameterId(0)), Parameter(DimensionParameterId(1))] }]), outputs: [Matrix { element: Parameter(KindParameterId(0)), dimensions: [Parameter(DimensionParameterId(0)), Parameter(DimensionParameterId(1))] }], constraints: [Satisfies { kind: Parameter(KindParameterId(0)), predicate: FloatingPoint }] }, output_schema_rules: [FromResolvedType] }	O01: untested as an independently identified overload; the export sample is not attributed to this candidate	representative admitted kind/layout cells, rejected target cells, reference values, bytecode and changing-turn behavior
math/pow	0	FunctionTypeOverload { id: 0, input_layout: [Value, Value], scheme: KindScheme { kind_parameters: [KindParameter { id: KindParameterId(0), upper_bound: None }, KindParameter { id: KindParameterId(1), upper_bound: None }, KindParameter { id: KindParameterId(2), upper_bound: None }], dimension_parameters: [], inputs: Fixed([Parameter(KindParameterId(0)), Parameter(KindParameterId(1))]), outputs: [Parameter(KindParameterId(2))], constraints: [Satisfies { kind: Parameter(KindParameterId(0)), predicate: Number }, Satisfies { kind: Parameter(KindParameterId(1)), predicate: Number }, Promotes { left: Parameter(KindParameterId(0)), right: Parameter(KindParameterId(1)), output: Parameter(KindParameterId(2)) }] }, output_schema_rules: [FromResolvedType] }	O01: untested as an independently identified overload; the export sample is not attributed to this candidate	representative admitted kind/layout cells, rejected target cells, reference values, bytecode and changing-turn behavior
math/pow	1	FunctionTypeOverload { id: 1, input_layout: [Value, Value], scheme: KindScheme { kind_parameters: [KindParameter { id: KindParameterId(0), upper_bound: None }, KindParameter { id: KindParameterId(1), upper_bound: None }, KindParameter { id: KindParameterId(2), upper_bound: None }], dimension_parameters: [DimensionParameterDeclaration { id: DimensionParameterId(0), origin: Inferred, lifetime: Turn, lower_bound: Constant(0), upper_bound: None }, DimensionParameterDeclaration { id: DimensionParameterId(1), origin: Inferred, lifetime: Turn, lower_bound: Constant(0), upper_bound: None }], inputs: Fixed([Matrix { element: Parameter(KindParameterId(0)), dimensions: [Parameter(DimensionParameterId(0)), Parameter(DimensionParameterId(1))] }, Matrix { element: Parameter(KindParameterId(1)), dimensions: [Parameter(DimensionParameterId(0)), Parameter(DimensionParameterId(1))] }]), outputs: [Matrix { element: Parameter(KindParameterId(2)), dimensions: [Parameter(DimensionParameterId(0)), Parameter(DimensionParameterId(1))] }], constraints: [Satisfies { kind: Parameter(KindParameterId(0)), predicate: Number }, Satisfies { kind: Parameter(KindParameterId(1)), predicate: Number }, Promotes { left: Parameter(KindParameterId(0)), right: Parameter(KindParameterId(1)), output: Parameter(KindParameterId(2)) }] }, output_schema_rules: [FromResolvedType] }	O01: untested as an independently identified overload; the export sample is not attributed to this candidate	representative admitted kind/layout cells, rejected target cells, reference values, bytecode and changing-turn behavior
math/pow	2	FunctionTypeOverload { id: 2, input_layout: [Value, Value], scheme: KindScheme { kind_parameters: [KindParameter { id: KindParameterId(0), upper_bound: None }, KindParameter { id: KindParameterId(1), upper_bound: None }, KindParameter { id: KindParameterId(2), upper_bound: None }], dimension_parameters: [DimensionParameterDeclaration { id: DimensionParameterId(0), origin: Inferred, lifetime: Turn, lower_bound: Constant(0), upper_bound: None }, DimensionParameterDeclaration { id: DimensionParameterId(1), origin: Inferred, lifetime: Turn, lower_bound: Constant(0), upper_bound: None }], inputs: Fixed([Matrix { element: Parameter(KindParameterId(0)), dimensions: [Parameter(DimensionParameterId(0)), Parameter(DimensionParameterId(1))] }, Parameter(KindParameterId(1))]), outputs: [Matrix { element: Parameter(KindParameterId(2)), dimensions: [Parameter(DimensionParameterId(0)), Parameter(DimensionParameterId(1))] }], constraints: [Satisfies { kind: Parameter(KindParameterId(0)), predicate: Number }, Satisfies { kind: Parameter(KindParameterId(1)), predicate: Number }, Promotes { left: Parameter(KindParameterId(0)), right: Parameter(KindParameterId(1)), output: Parameter(KindParameterId(2)) }] }, output_schema_rules: [FromResolvedType] }	O01: untested as an independently identified overload; the export sample is not attributed to this candidate	representative admitted kind/layout cells, rejected target cells, reference values, bytecode and changing-turn behavior
math/pow	3	FunctionTypeOverload { id: 3, input_layout: [Value, Value], scheme: KindScheme { kind_parameters: [KindParameter { id: KindParameterId(0), upper_bound: None }, KindParameter { id: KindParameterId(1), upper_bound: None }, KindParameter { id: KindParameterId(2), upper_bound: None }], dimension_parameters: [DimensionParameterDeclaration { id: DimensionParameterId(0), origin: Inferred, lifetime: Turn, lower_bound: Constant(0), upper_bound: None }, DimensionParameterDeclaration { id: DimensionParameterId(1), origin: Inferred, lifetime: Turn, lower_bound: Constant(0), upper_bound: None }], inputs: Fixed([Parameter(KindParameterId(0)), Matrix { element: Parameter(KindParameterId(1)), dimensions: [Parameter(DimensionParameterId(0)), Parameter(DimensionParameterId(1))] }]), outputs: [Matrix { element: Parameter(KindParameterId(2)), dimensions: [Parameter(DimensionParameterId(0)), Parameter(DimensionParameterId(1))] }], constraints: [Satisfies { kind: Parameter(KindParameterId(0)), predicate: Number }, Satisfies { kind: Parameter(KindParameterId(1)), predicate: Number }, Promotes { left: Parameter(KindParameterId(0)), right: Parameter(KindParameterId(1)), output: Parameter(KindParameterId(2)) }] }, output_schema_rules: [FromResolvedType] }	O01: untested as an independently identified overload; the export sample is not attributed to this candidate	representative admitted kind/layout cells, rejected target cells, reference values, bytecode and changing-turn behavior
math/pow	4	FunctionTypeOverload { id: 4, input_layout: [Value, Value], scheme: KindScheme { kind_parameters: [KindParameter { id: KindParameterId(0), upper_bound: None }, KindParameter { id: KindParameterId(1), upper_bound: None }, KindParameter { id: KindParameterId(2), upper_bound: None }], dimension_parameters: [DimensionParameterDeclaration { id: DimensionParameterId(0), origin: Inferred, lifetime: Turn, lower_bound: Constant(0), upper_bound: None }, DimensionParameterDeclaration { id: DimensionParameterId(1), origin: Inferred, lifetime: Turn, lower_bound: Constant(0), upper_bound: None }, DimensionParameterDeclaration { id: DimensionParameterId(2), origin: Inferred, lifetime: Turn, lower_bound: Constant(0), upper_bound: None }], inputs: Fixed([Matrix { element: Parameter(KindParameterId(0)), dimensions: [Parameter(DimensionParameterId(0)), Parameter(DimensionParameterId(1))] }, Matrix { element: Parameter(KindParameterId(1)), dimensions: [Parameter(DimensionParameterId(2)), Constant(1)] }]), outputs: [Matrix { element: Parameter(KindParameterId(2)), dimensions: [Parameter(DimensionParameterId(0)), Parameter(DimensionParameterId(1))] }], constraints: [Satisfies { kind: Parameter(KindParameterId(0)), predicate: Number }, Satisfies { kind: Parameter(KindParameterId(1)), predicate: Number }, Promotes { left: Parameter(KindParameterId(0)), right: Parameter(KindParameterId(1)), output: Parameter(KindParameterId(2)) }, DimensionCompatible(Parameter(DimensionParameterId(0)), Parameter(DimensionParameterId(2)))] }, output_schema_rules: [FromResolvedType] }	O01: untested as an independently identified overload; the export sample is not attributed to this candidate	representative admitted kind/layout cells, rejected target cells, reference values, bytecode and changing-turn behavior
math/pow	5	FunctionTypeOverload { id: 5, input_layout: [Value, Value], scheme: KindScheme { kind_parameters: [KindParameter { id: KindParameterId(0), upper_bound: None }, KindParameter { id: KindParameterId(1), upper_bound: None }, KindParameter { id: KindParameterId(2), upper_bound: None }], dimension_parameters: [DimensionParameterDeclaration { id: DimensionParameterId(0), origin: Inferred, lifetime: Turn, lower_bound: Constant(0), upper_bound: None }, DimensionParameterDeclaration { id: DimensionParameterId(1), origin: Inferred, lifetime: Turn, lower_bound: Constant(0), upper_bound: None }, DimensionParameterDeclaration { id: DimensionParameterId(2), origin: Inferred, lifetime: Turn, lower_bound: Constant(0), upper_bound: None }], inputs: Fixed([Matrix { element: Parameter(KindParameterId(0)), dimensions: [Parameter(DimensionParameterId(0)), Parameter(DimensionParameterId(1))] }, Matrix { element: Parameter(KindParameterId(1)), dimensions: [Constant(1), Parameter(DimensionParameterId(2))] }]), outputs: [Matrix { element: Parameter(KindParameterId(2)), dimensions: [Parameter(DimensionParameterId(0)), Parameter(DimensionParameterId(1))] }], constraints: [Satisfies { kind: Parameter(KindParameterId(0)), predicate: Number }, Satisfies { kind: Parameter(KindParameterId(1)), predicate: Number }, Promotes { left: Parameter(KindParameterId(0)), right: Parameter(KindParameterId(1)), output: Parameter(KindParameterId(2)) }, DimensionCompatible(Parameter(DimensionParameterId(1)), Parameter(DimensionParameterId(2)))] }, output_schema_rules: [FromResolvedType] }	O01: untested as an independently identified overload; the export sample is not attributed to this candidate	representative admitted kind/layout cells, rejected target cells, reference values, bytecode and changing-turn behavior
math/pow	6	FunctionTypeOverload { id: 6, input_layout: [Value, Value], scheme: KindScheme { kind_parameters: [KindParameter { id: KindParameterId(0), upper_bound: None }, KindParameter { id: KindParameterId(1), upper_bound: None }, KindParameter { id: KindParameterId(2), upper_bound: None }], dimension_parameters: [DimensionParameterDeclaration { id: DimensionParameterId(0), origin: Inferred, lifetime: Turn, lower_bound: Constant(0), upper_bound: None }, DimensionParameterDeclaration { id: DimensionParameterId(1), origin: Inferred, lifetime: Turn, lower_bound: Constant(0), upper_bound: None }, DimensionParameterDeclaration { id: DimensionParameterId(2), origin: Inferred, lifetime: Turn, lower_bound: Constant(0), upper_bound: None }], inputs: Fixed([Matrix { element: Parameter(KindParameterId(0)), dimensions: [Parameter(DimensionParameterId(2)), Constant(1)] }, Matrix { element: Parameter(KindParameterId(1)), dimensions: [Parameter(DimensionParameterId(0)), Parameter(DimensionParameterId(1))] }]), outputs: [Matrix { element: Parameter(KindParameterId(2)), dimensions: [Parameter(DimensionParameterId(0)), Parameter(DimensionParameterId(1))] }], constraints: [Satisfies { kind: Parameter(KindParameterId(0)), predicate: Number }, Satisfies { kind: Parameter(KindParameterId(1)), predicate: Number }, Promotes { left: Parameter(KindParameterId(0)), right: Parameter(KindParameterId(1)), output: Parameter(KindParameterId(2)) }, DimensionCompatible(Parameter(DimensionParameterId(0)), Parameter(DimensionParameterId(2)))] }, output_schema_rules: [FromResolvedType] }	O01: untested as an independently identified overload; the export sample is not attributed to this candidate	representative admitted kind/layout cells, rejected target cells, reference values, bytecode and changing-turn behavior
math/pow	7	FunctionTypeOverload { id: 7, input_layout: [Value, Value], scheme: KindScheme { kind_parameters: [KindParameter { id: KindParameterId(0), upper_bound: None }, KindParameter { id: KindParameterId(1), upper_bound: None }, KindParameter { id: KindParameterId(2), upper_bound: None }], dimension_parameters: [DimensionParameterDeclaration { id: DimensionParameterId(0), origin: Inferred, lifetime: Turn, lower_bound: Constant(0), upper_bound: None }, DimensionParameterDeclaration { id: DimensionParameterId(1), origin: Inferred, lifetime: Turn, lower_bound: Constant(0), upper_bound: None }, DimensionParameterDeclaration { id: DimensionParameterId(2), origin: Inferred, lifetime: Turn, lower_bound: Constant(0), upper_bound: None }], inputs: Fixed([Matrix { element: Parameter(KindParameterId(0)), dimensions: [Constant(1), Parameter(DimensionParameterId(2))] }, Matrix { element: Parameter(KindParameterId(1)), dimensions: [Parameter(DimensionParameterId(0)), Parameter(DimensionParameterId(1))] }]), outputs: [Matrix { element: Parameter(KindParameterId(2)), dimensions: [Parameter(DimensionParameterId(0)), Parameter(DimensionParameterId(1))] }], constraints: [Satisfies { kind: Parameter(KindParameterId(0)), predicate: Number }, Satisfies { kind: Parameter(KindParameterId(1)), predicate: Number }, Promotes { left: Parameter(KindParameterId(0)), right: Parameter(KindParameterId(1)), output: Parameter(KindParameterId(2)) }, DimensionCompatible(Parameter(DimensionParameterId(1)), Parameter(DimensionParameterId(2)))] }, output_schema_rules: [FromResolvedType] }	O01: untested as an independently identified overload; the export sample is not attributed to this candidate	representative admitted kind/layout cells, rejected target cells, reference values, bytecode and changing-turn behavior
math/pow	8	FunctionTypeOverload { id: 8, input_layout: [Value, Value], scheme: KindScheme { kind_parameters: [KindParameter { id: KindParameterId(0), upper_bound: None }, KindParameter { id: KindParameterId(1), upper_bound: None }, KindParameter { id: KindParameterId(2), upper_bound: None }], dimension_parameters: [DimensionParameterDeclaration { id: DimensionParameterId(0), origin: Inferred, lifetime: Turn, lower_bound: Constant(0), upper_bound: None }, DimensionParameterDeclaration { id: DimensionParameterId(1), origin: Inferred, lifetime: Turn, lower_bound: Constant(0), upper_bound: None }, DimensionParameterDeclaration { id: DimensionParameterId(2), origin: Inferred, lifetime: Turn, lower_bound: Constant(0), upper_bound: None }, DimensionParameterDeclaration { id: DimensionParameterId(3), origin: Inferred, lifetime: Turn, lower_bound: Constant(0), upper_bound: None }], inputs: Fixed([Matrix { element: Parameter(KindParameterId(0)), dimensions: [Parameter(DimensionParameterId(0)), Parameter(DimensionParameterId(1))] }, Matrix { element: Parameter(KindParameterId(1)), dimensions: [Parameter(DimensionParameterId(2)), Parameter(DimensionParameterId(3))] }]), outputs: [Matrix { element: Parameter(KindParameterId(2)), dimensions: [Parameter(DimensionParameterId(0)), Parameter(DimensionParameterId(1))] }], constraints: [Satisfies { kind: Parameter(KindParameterId(0)), predicate: Number }, Satisfies { kind: Parameter(KindParameterId(1)), predicate: Number }, Promotes { left: Parameter(KindParameterId(0)), right: Parameter(KindParameterId(1)), output: Parameter(KindParameterId(2)) }, DimensionCompatible(Parameter(DimensionParameterId(0)), Parameter(DimensionParameterId(2))), DimensionCompatible(Parameter(DimensionParameterId(1)), Parameter(DimensionParameterId(3)))] }, output_schema_rules: [FromResolvedType] }	O01: untested as an independently identified overload; the export sample is not attributed to this candidate	representative admitted kind/layout cells, rejected target cells, reference values, bytecode and changing-turn behavior
math/pow	9	FunctionTypeOverload { id: 9, input_layout: [Value, Value], scheme: KindScheme { kind_parameters: [KindParameter { id: KindParameterId(0), upper_bound: None }, KindParameter { id: KindParameterId(1), upper_bound: None }, KindParameter { id: KindParameterId(2), upper_bound: None }], dimension_parameters: [DimensionParameterDeclaration { id: DimensionParameterId(0), origin: Inferred, lifetime: Turn, lower_bound: Constant(0), upper_bound: None }, DimensionParameterDeclaration { id: DimensionParameterId(1), origin: Inferred, lifetime: Turn, lower_bound: Constant(0), upper_bound: None }, DimensionParameterDeclaration { id: DimensionParameterId(2), origin: Inferred, lifetime: Turn, lower_bound: Constant(0), upper_bound: None }, DimensionParameterDeclaration { id: DimensionParameterId(3), origin: Inferred, lifetime: Turn, lower_bound: Constant(0), upper_bound: None }], inputs: Fixed([Matrix { element: Parameter(KindParameterId(0)), dimensions: [Parameter(DimensionParameterId(0)), Parameter(DimensionParameterId(1))] }, Matrix { element: Parameter(KindParameterId(1)), dimensions: [Parameter(DimensionParameterId(2)), Parameter(DimensionParameterId(3))] }]), outputs: [Matrix { element: Parameter(KindParameterId(2)), dimensions: [Parameter(DimensionParameterId(2)), Parameter(DimensionParameterId(3))] }], constraints: [Satisfies { kind: Parameter(KindParameterId(0)), predicate: Number }, Satisfies { kind: Parameter(KindParameterId(1)), predicate: Number }, Promotes { left: Parameter(KindParameterId(0)), right: Parameter(KindParameterId(1)), output: Parameter(KindParameterId(2)) }, DimensionCompatible(Parameter(DimensionParameterId(0)), Parameter(DimensionParameterId(2))), DimensionCompatible(Parameter(DimensionParameterId(1)), Parameter(DimensionParameterId(3)))] }, output_schema_rules: [FromResolvedType] }	O01: untested as an independently identified overload; the export sample is not attributed to this candidate	representative admitted kind/layout cells, rejected target cells, reference values, bytecode and changing-turn behavior
math/pow	10	FunctionTypeOverload { id: 10, input_layout: [Value, Value], scheme: KindScheme { kind_parameters: [], dimension_parameters: [], inputs: Fixed([Named(KindId(13)), Named(KindId(7))]), outputs: [Named(KindId(13))], constraints: [] }, output_schema_rules: [FromResolvedType] }	O01: untested as an independently identified overload; the export sample is not attributed to this candidate	representative admitted kind/layout cells, rejected target cells, reference values, bytecode and changing-turn behavior
range/inclusive-increment	0	FunctionTypeOverload { id: 0, input_layout: [Value, Value, Value], scheme: KindScheme { kind_parameters: [KindParameter { id: KindParameterId(0), upper_bound: None }, KindParameter { id: KindParameterId(1), upper_bound: None }, KindParameter { id: KindParameterId(2), upper_bound: None }, KindParameter { id: KindParameterId(3), upper_bound: None }, KindParameter { id: KindParameterId(4), upper_bound: None }], dimension_parameters: [DimensionParameterDeclaration { id: DimensionParameterId(0), origin: Inferred, lifetime: Turn, lower_bound: Constant(0), upper_bound: None }], inputs: Fixed([Parameter(KindParameterId(0)), Parameter(KindParameterId(1)), Parameter(KindParameterId(2))]), outputs: [Matrix { element: Parameter(KindParameterId(4)), dimensions: [Constant(1), Parameter(DimensionParameterId(0))] }], constraints: [Satisfies { kind: Parameter(KindParameterId(0)), predicate: RangeEndpoint }, Satisfies { kind: Parameter(KindParameterId(1)), predicate: RangeEndpoint }, Satisfies { kind: Parameter(KindParameterId(2)), predicate: RangeEndpoint }, Promotes { left: Parameter(KindParameterId(0)), right: Parameter(KindParameterId(1)), output: Parameter(KindParameterId(3)) }, Promotes { left: Parameter(KindParameterId(3)), right: Parameter(KindParameterId(2)), output: Parameter(KindParameterId(4)) }] }, output_schema_rules: [FromResolvedType] }	O01: untested as an independently identified overload; the export sample is not attributed to this candidate	representative admitted kind/layout cells, rejected target cells, reference values, bytecode and changing-turn behavior
math/tanh	0	FunctionTypeOverload { id: 0, input_layout: [Value], scheme: KindScheme { kind_parameters: [KindParameter { id: KindParameterId(0), upper_bound: None }], dimension_parameters: [], inputs: Fixed([Parameter(KindParameterId(0))]), outputs: [Parameter(KindParameterId(0))], constraints: [Satisfies { kind: Parameter(KindParameterId(0)), predicate: FloatingPoint }] }, output_schema_rules: [FromResolvedType] }	O01: untested as an independently identified overload; the export sample is not attributed to this candidate	representative admitted kind/layout cells, rejected target cells, reference values, bytecode and changing-turn behavior
math/tanh	1	FunctionTypeOverload { id: 1, input_layout: [Value], scheme: KindScheme { kind_parameters: [KindParameter { id: KindParameterId(0), upper_bound: None }], dimension_parameters: [DimensionParameterDeclaration { id: DimensionParameterId(0), origin: Inferred, lifetime: Turn, lower_bound: Constant(0), upper_bound: None }, DimensionParameterDeclaration { id: DimensionParameterId(1), origin: Inferred, lifetime: Turn, lower_bound: Constant(0), upper_bound: None }], inputs: Fixed([Matrix { element: Parameter(KindParameterId(0)), dimensions: [Parameter(DimensionParameterId(0)), Parameter(DimensionParameterId(1))] }]), outputs: [Matrix { element: Parameter(KindParameterId(0)), dimensions: [Parameter(DimensionParameterId(0)), Parameter(DimensionParameterId(1))] }], constraints: [Satisfies { kind: Parameter(KindParameterId(0)), predicate: FloatingPoint }] }, output_schema_rules: [FromResolvedType] }	O01: untested as an independently identified overload; the export sample is not attributed to this candidate	representative admitted kind/layout cells, rejected target cells, reference values, bytecode and changing-turn behavior
math/round	0	FunctionTypeOverload { id: 0, input_layout: [Value], scheme: KindScheme { kind_parameters: [KindParameter { id: KindParameterId(0), upper_bound: None }], dimension_parameters: [], inputs: Fixed([Parameter(KindParameterId(0))]), outputs: [Parameter(KindParameterId(0))], constraints: [Satisfies { kind: Parameter(KindParameterId(0)), predicate: FloatingPoint }] }, output_schema_rules: [FromResolvedType] }	O01: untested as an independently identified overload; the export sample is not attributed to this candidate	representative admitted kind/layout cells, rejected target cells, reference values, bytecode and changing-turn behavior
math/round	1	FunctionTypeOverload { id: 1, input_layout: [Value], scheme: KindScheme { kind_parameters: [KindParameter { id: KindParameterId(0), upper_bound: None }], dimension_parameters: [DimensionParameterDeclaration { id: DimensionParameterId(0), origin: Inferred, lifetime: Turn, lower_bound: Constant(0), upper_bound: None }, DimensionParameterDeclaration { id: DimensionParameterId(1), origin: Inferred, lifetime: Turn, lower_bound: Constant(0), upper_bound: None }], inputs: Fixed([Matrix { element: Parameter(KindParameterId(0)), dimensions: [Parameter(DimensionParameterId(0)), Parameter(DimensionParameterId(1))] }]), outputs: [Matrix { element: Parameter(KindParameterId(0)), dimensions: [Parameter(DimensionParameterId(0)), Parameter(DimensionParameterId(1))] }], constraints: [Satisfies { kind: Parameter(KindParameterId(0)), predicate: FloatingPoint }] }, output_schema_rules: [FromResolvedType] }	O01: untested as an independently identified overload; the export sample is not attributed to this candidate	representative admitted kind/layout cells, rejected target cells, reference values, bytecode and changing-turn behavior
math/add-assign/range	0	FunctionTypeOverload { id: 0, input_layout: [Value, Value, Value], scheme: KindScheme { kind_parameters: [KindParameter { id: KindParameterId(0), upper_bound: None }, KindParameter { id: KindParameterId(1), upper_bound: None }], dimension_parameters: [], inputs: Fixed([Parameter(KindParameterId(0)), Parameter(KindParameterId(0)), Parameter(KindParameterId(1))]), outputs: [Parameter(KindParameterId(0))], constraints: [Satisfies { kind: Parameter(KindParameterId(0)), predicate: Number }] }, output_schema_rules: [FromResolvedType] }	O01: untested as an independently identified overload; the export sample is not attributed to this candidate	representative admitted kind/layout cells, rejected target cells, reference values, bytecode and changing-turn behavior
math/add-assign/range	1	FunctionTypeOverload { id: 1, input_layout: [Value, Value, Value], scheme: KindScheme { kind_parameters: [KindParameter { id: KindParameterId(0), upper_bound: None }, KindParameter { id: KindParameterId(1), upper_bound: None }], dimension_parameters: [DimensionParameterDeclaration { id: DimensionParameterId(0), origin: Inferred, lifetime: Turn, lower_bound: Constant(0), upper_bound: None }, DimensionParameterDeclaration { id: DimensionParameterId(1), origin: Inferred, lifetime: Turn, lower_bound: Constant(0), upper_bound: None }], inputs: Fixed([Matrix { element: Parameter(KindParameterId(0)), dimensions: [Parameter(DimensionParameterId(0)), Parameter(DimensionParameterId(1))] }, Parameter(KindParameterId(0)), Parameter(KindParameterId(1))]), outputs: [Matrix { element: Parameter(KindParameterId(0)), dimensions: [Parameter(DimensionParameterId(0)), Parameter(DimensionParameterId(1))] }], constraints: [Satisfies { kind: Parameter(KindParameterId(0)), predicate: Number }] }, output_schema_rules: [FromResolvedType] }	O01: untested as an independently identified overload; the export sample is not attributed to this candidate	representative admitted kind/layout cells, rejected target cells, reference values, bytecode and changing-turn behavior
math/add-assign/range	2	FunctionTypeOverload { id: 2, input_layout: [Value, Value, Value], scheme: KindScheme { kind_parameters: [KindParameter { id: KindParameterId(0), upper_bound: None }, KindParameter { id: KindParameterId(1), upper_bound: None }], dimension_parameters: [DimensionParameterDeclaration { id: DimensionParameterId(0), origin: Inferred, lifetime: Turn, lower_bound: Constant(0), upper_bound: None }, DimensionParameterDeclaration { id: DimensionParameterId(1), origin: Inferred, lifetime: Turn, lower_bound: Constant(0), upper_bound: None }, DimensionParameterDeclaration { id: DimensionParameterId(2), origin: Inferred, lifetime: Turn, lower_bound: Constant(0), upper_bound: None }, DimensionParameterDeclaration { id: DimensionParameterId(3), origin: Inferred, lifetime: Turn, lower_bound: Constant(0), upper_bound: None }], inputs: Fixed([Matrix { element: Parameter(KindParameterId(0)), dimensions: [Parameter(DimensionParameterId(0)), Parameter(DimensionParameterId(1))] }, Matrix { element: Parameter(KindParameterId(0)), dimensions: [Parameter(DimensionParameterId(2)), Parameter(DimensionParameterId(3))] }, Parameter(KindParameterId(1))]), outputs: [Matrix { element: Parameter(KindParameterId(0)), dimensions: [Parameter(DimensionParameterId(0)), Parameter(DimensionParameterId(1))] }], constraints: [Satisfies { kind: Parameter(KindParameterId(0)), predicate: Number }] }, output_schema_rules: [FromResolvedType] }	O01: untested as an independently identified overload; the export sample is not attributed to this candidate	representative admitted kind/layout cells, rejected target cells, reference values, bytecode and changing-turn behavior
math/add	0	FunctionTypeOverload { id: 0, input_layout: [Value, Value], scheme: KindScheme { kind_parameters: [KindParameter { id: KindParameterId(0), upper_bound: None }, KindParameter { id: KindParameterId(1), upper_bound: None }, KindParameter { id: KindParameterId(2), upper_bound: None }], dimension_parameters: [], inputs: Fixed([Parameter(KindParameterId(0)), Parameter(KindParameterId(1))]), outputs: [Parameter(KindParameterId(2))], constraints: [Satisfies { kind: Parameter(KindParameterId(0)), predicate: Number }, Satisfies { kind: Parameter(KindParameterId(1)), predicate: Number }, Promotes { left: Parameter(KindParameterId(0)), right: Parameter(KindParameterId(1)), output: Parameter(KindParameterId(2)) }] }, output_schema_rules: [FromResolvedType] }	O01: untested as an independently identified overload; the export sample is not attributed to this candidate	representative admitted kind/layout cells, rejected target cells, reference values, bytecode and changing-turn behavior
math/add	1	FunctionTypeOverload { id: 1, input_layout: [Value, Value], scheme: KindScheme { kind_parameters: [KindParameter { id: KindParameterId(0), upper_bound: None }, KindParameter { id: KindParameterId(1), upper_bound: None }, KindParameter { id: KindParameterId(2), upper_bound: None }], dimension_parameters: [DimensionParameterDeclaration { id: DimensionParameterId(0), origin: Inferred, lifetime: Turn, lower_bound: Constant(0), upper_bound: None }, DimensionParameterDeclaration { id: DimensionParameterId(1), origin: Inferred, lifetime: Turn, lower_bound: Constant(0), upper_bound: None }], inputs: Fixed([Matrix { element: Parameter(KindParameterId(0)), dimensions: [Parameter(DimensionParameterId(0)), Parameter(DimensionParameterId(1))] }, Matrix { element: Parameter(KindParameterId(1)), dimensions: [Parameter(DimensionParameterId(0)), Parameter(DimensionParameterId(1))] }]), outputs: [Matrix { element: Parameter(KindParameterId(2)), dimensions: [Parameter(DimensionParameterId(0)), Parameter(DimensionParameterId(1))] }], constraints: [Satisfies { kind: Parameter(KindParameterId(0)), predicate: Number }, Satisfies { kind: Parameter(KindParameterId(1)), predicate: Number }, Promotes { left: Parameter(KindParameterId(0)), right: Parameter(KindParameterId(1)), output: Parameter(KindParameterId(2)) }] }, output_schema_rules: [FromResolvedType] }	O01: untested as an independently identified overload; the export sample is not attributed to this candidate	representative admitted kind/layout cells, rejected target cells, reference values, bytecode and changing-turn behavior
math/add	2	FunctionTypeOverload { id: 2, input_layout: [Value, Value], scheme: KindScheme { kind_parameters: [KindParameter { id: KindParameterId(0), upper_bound: None }, KindParameter { id: KindParameterId(1), upper_bound: None }, KindParameter { id: KindParameterId(2), upper_bound: None }], dimension_parameters: [DimensionParameterDeclaration { id: DimensionParameterId(0), origin: Inferred, lifetime: Turn, lower_bound: Constant(0), upper_bound: None }, DimensionParameterDeclaration { id: DimensionParameterId(1), origin: Inferred, lifetime: Turn, lower_bound: Constant(0), upper_bound: None }], inputs: Fixed([Matrix { element: Parameter(KindParameterId(0)), dimensions: [Parameter(DimensionParameterId(0)), Parameter(DimensionParameterId(1))] }, Parameter(KindParameterId(1))]), outputs: [Matrix { element: Parameter(KindParameterId(2)), dimensions: [Parameter(DimensionParameterId(0)), Parameter(DimensionParameterId(1))] }], constraints: [Satisfies { kind: Parameter(KindParameterId(0)), predicate: Number }, Satisfies { kind: Parameter(KindParameterId(1)), predicate: Number }, Promotes { left: Parameter(KindParameterId(0)), right: Parameter(KindParameterId(1)), output: Parameter(KindParameterId(2)) }] }, output_schema_rules: [FromResolvedType] }	O01: untested as an independently identified overload; the export sample is not attributed to this candidate	representative admitted kind/layout cells, rejected target cells, reference values, bytecode and changing-turn behavior
math/add	3	FunctionTypeOverload { id: 3, input_layout: [Value, Value], scheme: KindScheme { kind_parameters: [KindParameter { id: KindParameterId(0), upper_bound: None }, KindParameter { id: KindParameterId(1), upper_bound: None }, KindParameter { id: KindParameterId(2), upper_bound: None }], dimension_parameters: [DimensionParameterDeclaration { id: DimensionParameterId(0), origin: Inferred, lifetime: Turn, lower_bound: Constant(0), upper_bound: None }, DimensionParameterDeclaration { id: DimensionParameterId(1), origin: Inferred, lifetime: Turn, lower_bound: Constant(0), upper_bound: None }], inputs: Fixed([Parameter(KindParameterId(0)), Matrix { element: Parameter(KindParameterId(1)), dimensions: [Parameter(DimensionParameterId(0)), Parameter(DimensionParameterId(1))] }]), outputs: [Matrix { element: Parameter(KindParameterId(2)), dimensions: [Parameter(DimensionParameterId(0)), Parameter(DimensionParameterId(1))] }], constraints: [Satisfies { kind: Parameter(KindParameterId(0)), predicate: Number }, Satisfies { kind: Parameter(KindParameterId(1)), predicate: Number }, Promotes { left: Parameter(KindParameterId(0)), right: Parameter(KindParameterId(1)), output: Parameter(KindParameterId(2)) }] }, output_schema_rules: [FromResolvedType] }	O01: untested as an independently identified overload; the export sample is not attributed to this candidate	representative admitted kind/layout cells, rejected target cells, reference values, bytecode and changing-turn behavior
math/add	4	FunctionTypeOverload { id: 4, input_layout: [Value, Value], scheme: KindScheme { kind_parameters: [KindParameter { id: KindParameterId(0), upper_bound: None }, KindParameter { id: KindParameterId(1), upper_bound: None }, KindParameter { id: KindParameterId(2), upper_bound: None }], dimension_parameters: [DimensionParameterDeclaration { id: DimensionParameterId(0), origin: Inferred, lifetime: Turn, lower_bound: Constant(0), upper_bound: None }, DimensionParameterDeclaration { id: DimensionParameterId(1), origin: Inferred, lifetime: Turn, lower_bound: Constant(0), upper_bound: None }, DimensionParameterDeclaration { id: DimensionParameterId(2), origin: Inferred, lifetime: Turn, lower_bound: Constant(0), upper_bound: None }], inputs: Fixed([Matrix { element: Parameter(KindParameterId(0)), dimensions: [Parameter(DimensionParameterId(0)), Parameter(DimensionParameterId(1))] }, Matrix { element: Parameter(KindParameterId(1)), dimensions: [Parameter(DimensionParameterId(2)), Constant(1)] }]), outputs: [Matrix { element: Parameter(KindParameterId(2)), dimensions: [Parameter(DimensionParameterId(0)), Parameter(DimensionParameterId(1))] }], constraints: [Satisfies { kind: Parameter(KindParameterId(0)), predicate: Number }, Satisfies { kind: Parameter(KindParameterId(1)), predicate: Number }, Promotes { left: Parameter(KindParameterId(0)), right: Parameter(KindParameterId(1)), output: Parameter(KindParameterId(2)) }, DimensionCompatible(Parameter(DimensionParameterId(0)), Parameter(DimensionParameterId(2)))] }, output_schema_rules: [FromResolvedType] }	O01: untested as an independently identified overload; the export sample is not attributed to this candidate	representative admitted kind/layout cells, rejected target cells, reference values, bytecode and changing-turn behavior
math/add	5	FunctionTypeOverload { id: 5, input_layout: [Value, Value], scheme: KindScheme { kind_parameters: [KindParameter { id: KindParameterId(0), upper_bound: None }, KindParameter { id: KindParameterId(1), upper_bound: None }, KindParameter { id: KindParameterId(2), upper_bound: None }], dimension_parameters: [DimensionParameterDeclaration { id: DimensionParameterId(0), origin: Inferred, lifetime: Turn, lower_bound: Constant(0), upper_bound: None }, DimensionParameterDeclaration { id: DimensionParameterId(1), origin: Inferred, lifetime: Turn, lower_bound: Constant(0), upper_bound: None }, DimensionParameterDeclaration { id: DimensionParameterId(2), origin: Inferred, lifetime: Turn, lower_bound: Constant(0), upper_bound: None }], inputs: Fixed([Matrix { element: Parameter(KindParameterId(0)), dimensions: [Parameter(DimensionParameterId(0)), Parameter(DimensionParameterId(1))] }, Matrix { element: Parameter(KindParameterId(1)), dimensions: [Constant(1), Parameter(DimensionParameterId(2))] }]), outputs: [Matrix { element: Parameter(KindParameterId(2)), dimensions: [Parameter(DimensionParameterId(0)), Parameter(DimensionParameterId(1))] }], constraints: [Satisfies { kind: Parameter(KindParameterId(0)), predicate: Number }, Satisfies { kind: Parameter(KindParameterId(1)), predicate: Number }, Promotes { left: Parameter(KindParameterId(0)), right: Parameter(KindParameterId(1)), output: Parameter(KindParameterId(2)) }, DimensionCompatible(Parameter(DimensionParameterId(1)), Parameter(DimensionParameterId(2)))] }, output_schema_rules: [FromResolvedType] }	O01: untested as an independently identified overload; the export sample is not attributed to this candidate	representative admitted kind/layout cells, rejected target cells, reference values, bytecode and changing-turn behavior
math/add	6	FunctionTypeOverload { id: 6, input_layout: [Value, Value], scheme: KindScheme { kind_parameters: [KindParameter { id: KindParameterId(0), upper_bound: None }, KindParameter { id: KindParameterId(1), upper_bound: None }, KindParameter { id: KindParameterId(2), upper_bound: None }], dimension_parameters: [DimensionParameterDeclaration { id: DimensionParameterId(0), origin: Inferred, lifetime: Turn, lower_bound: Constant(0), upper_bound: None }, DimensionParameterDeclaration { id: DimensionParameterId(1), origin: Inferred, lifetime: Turn, lower_bound: Constant(0), upper_bound: None }, DimensionParameterDeclaration { id: DimensionParameterId(2), origin: Inferred, lifetime: Turn, lower_bound: Constant(0), upper_bound: None }], inputs: Fixed([Matrix { element: Parameter(KindParameterId(0)), dimensions: [Parameter(DimensionParameterId(2)), Constant(1)] }, Matrix { element: Parameter(KindParameterId(1)), dimensions: [Parameter(DimensionParameterId(0)), Parameter(DimensionParameterId(1))] }]), outputs: [Matrix { element: Parameter(KindParameterId(2)), dimensions: [Parameter(DimensionParameterId(0)), Parameter(DimensionParameterId(1))] }], constraints: [Satisfies { kind: Parameter(KindParameterId(0)), predicate: Number }, Satisfies { kind: Parameter(KindParameterId(1)), predicate: Number }, Promotes { left: Parameter(KindParameterId(0)), right: Parameter(KindParameterId(1)), output: Parameter(KindParameterId(2)) }, DimensionCompatible(Parameter(DimensionParameterId(0)), Parameter(DimensionParameterId(2)))] }, output_schema_rules: [FromResolvedType] }	O01: untested as an independently identified overload; the export sample is not attributed to this candidate	representative admitted kind/layout cells, rejected target cells, reference values, bytecode and changing-turn behavior
math/add	7	FunctionTypeOverload { id: 7, input_layout: [Value, Value], scheme: KindScheme { kind_parameters: [KindParameter { id: KindParameterId(0), upper_bound: None }, KindParameter { id: KindParameterId(1), upper_bound: None }, KindParameter { id: KindParameterId(2), upper_bound: None }], dimension_parameters: [DimensionParameterDeclaration { id: DimensionParameterId(0), origin: Inferred, lifetime: Turn, lower_bound: Constant(0), upper_bound: None }, DimensionParameterDeclaration { id: DimensionParameterId(1), origin: Inferred, lifetime: Turn, lower_bound: Constant(0), upper_bound: None }, DimensionParameterDeclaration { id: DimensionParameterId(2), origin: Inferred, lifetime: Turn, lower_bound: Constant(0), upper_bound: None }], inputs: Fixed([Matrix { element: Parameter(KindParameterId(0)), dimensions: [Constant(1), Parameter(DimensionParameterId(2))] }, Matrix { element: Parameter(KindParameterId(1)), dimensions: [Parameter(DimensionParameterId(0)), Parameter(DimensionParameterId(1))] }]), outputs: [Matrix { element: Parameter(KindParameterId(2)), dimensions: [Parameter(DimensionParameterId(0)), Parameter(DimensionParameterId(1))] }], constraints: [Satisfies { kind: Parameter(KindParameterId(0)), predicate: Number }, Satisfies { kind: Parameter(KindParameterId(1)), predicate: Number }, Promotes { left: Parameter(KindParameterId(0)), right: Parameter(KindParameterId(1)), output: Parameter(KindParameterId(2)) }, DimensionCompatible(Parameter(DimensionParameterId(1)), Parameter(DimensionParameterId(2)))] }, output_schema_rules: [FromResolvedType] }	O01: untested as an independently identified overload; the export sample is not attributed to this candidate	representative admitted kind/layout cells, rejected target cells, reference values, bytecode and changing-turn behavior
math/add	8	FunctionTypeOverload { id: 8, input_layout: [Value, Value], scheme: KindScheme { kind_parameters: [KindParameter { id: KindParameterId(0), upper_bound: None }, KindParameter { id: KindParameterId(1), upper_bound: None }, KindParameter { id: KindParameterId(2), upper_bound: None }], dimension_parameters: [DimensionParameterDeclaration { id: DimensionParameterId(0), origin: Inferred, lifetime: Turn, lower_bound: Constant(0), upper_bound: None }, DimensionParameterDeclaration { id: DimensionParameterId(1), origin: Inferred, lifetime: Turn, lower_bound: Constant(0), upper_bound: None }, DimensionParameterDeclaration { id: DimensionParameterId(2), origin: Inferred, lifetime: Turn, lower_bound: Constant(0), upper_bound: None }, DimensionParameterDeclaration { id: DimensionParameterId(3), origin: Inferred, lifetime: Turn, lower_bound: Constant(0), upper_bound: None }], inputs: Fixed([Matrix { element: Parameter(KindParameterId(0)), dimensions: [Parameter(DimensionParameterId(0)), Parameter(DimensionParameterId(1))] }, Matrix { element: Parameter(KindParameterId(1)), dimensions: [Parameter(DimensionParameterId(2)), Parameter(DimensionParameterId(3))] }]), outputs: [Matrix { element: Parameter(KindParameterId(2)), dimensions: [Parameter(DimensionParameterId(0)), Parameter(DimensionParameterId(1))] }], constraints: [Satisfies { kind: Parameter(KindParameterId(0)), predicate: Number }, Satisfies { kind: Parameter(KindParameterId(1)), predicate: Number }, Promotes { left: Parameter(KindParameterId(0)), right: Parameter(KindParameterId(1)), output: Parameter(KindParameterId(2)) }, DimensionCompatible(Parameter(DimensionParameterId(0)), Parameter(DimensionParameterId(2))), DimensionCompatible(Parameter(DimensionParameterId(1)), Parameter(DimensionParameterId(3)))] }, output_schema_rules: [FromResolvedType] }	O01: untested as an independently identified overload; the export sample is not attributed to this candidate	representative admitted kind/layout cells, rejected target cells, reference values, bytecode and changing-turn behavior
math/add	9	FunctionTypeOverload { id: 9, input_layout: [Value, Value], scheme: KindScheme { kind_parameters: [KindParameter { id: KindParameterId(0), upper_bound: None }, KindParameter { id: KindParameterId(1), upper_bound: None }, KindParameter { id: KindParameterId(2), upper_bound: None }], dimension_parameters: [DimensionParameterDeclaration { id: DimensionParameterId(0), origin: Inferred, lifetime: Turn, lower_bound: Constant(0), upper_bound: None }, DimensionParameterDeclaration { id: DimensionParameterId(1), origin: Inferred, lifetime: Turn, lower_bound: Constant(0), upper_bound: None }, DimensionParameterDeclaration { id: DimensionParameterId(2), origin: Inferred, lifetime: Turn, lower_bound: Constant(0), upper_bound: None }, DimensionParameterDeclaration { id: DimensionParameterId(3), origin: Inferred, lifetime: Turn, lower_bound: Constant(0), upper_bound: None }], inputs: Fixed([Matrix { element: Parameter(KindParameterId(0)), dimensions: [Parameter(DimensionParameterId(0)), Parameter(DimensionParameterId(1))] }, Matrix { element: Parameter(KindParameterId(1)), dimensions: [Parameter(DimensionParameterId(2)), Parameter(DimensionParameterId(3))] }]), outputs: [Matrix { element: Parameter(KindParameterId(2)), dimensions: [Parameter(DimensionParameterId(2)), Parameter(DimensionParameterId(3))] }], constraints: [Satisfies { kind: Parameter(KindParameterId(0)), predicate: Number }, Satisfies { kind: Parameter(KindParameterId(1)), predicate: Number }, Promotes { left: Parameter(KindParameterId(0)), right: Parameter(KindParameterId(1)), output: Parameter(KindParameterId(2)) }, DimensionCompatible(Parameter(DimensionParameterId(0)), Parameter(DimensionParameterId(2))), DimensionCompatible(Parameter(DimensionParameterId(1)), Parameter(DimensionParameterId(3)))] }, output_schema_rules: [FromResolvedType] }	O01: untested as an independently identified overload; the export sample is not attributed to this candidate	representative admitted kind/layout cells, rejected target cells, reference values, bytecode and changing-turn behavior
math/add-assign/range-all	0	FunctionTypeOverload { id: 0, input_layout: [Value, Value, Value, MatrixAllSelection], scheme: KindScheme { kind_parameters: [KindParameter { id: KindParameterId(0), upper_bound: None }, KindParameter { id: KindParameterId(1), upper_bound: None }], dimension_parameters: [], inputs: Fixed([Parameter(KindParameterId(0)), Parameter(KindParameterId(0)), Parameter(KindParameterId(1))]), outputs: [Parameter(KindParameterId(0))], constraints: [Satisfies { kind: Parameter(KindParameterId(0)), predicate: Number }] }, output_schema_rules: [FromResolvedType] }	O01: untested as an independently identified overload; the export sample is not attributed to this candidate	representative admitted kind/layout cells, rejected target cells, reference values, bytecode and changing-turn behavior
math/add-assign/range-all	1	FunctionTypeOverload { id: 1, input_layout: [Value, Value, Value, MatrixAllSelection], scheme: KindScheme { kind_parameters: [KindParameter { id: KindParameterId(0), upper_bound: None }, KindParameter { id: KindParameterId(1), upper_bound: None }], dimension_parameters: [DimensionParameterDeclaration { id: DimensionParameterId(0), origin: Inferred, lifetime: Turn, lower_bound: Constant(0), upper_bound: None }, DimensionParameterDeclaration { id: DimensionParameterId(1), origin: Inferred, lifetime: Turn, lower_bound: Constant(0), upper_bound: None }], inputs: Fixed([Matrix { element: Parameter(KindParameterId(0)), dimensions: [Parameter(DimensionParameterId(0)), Parameter(DimensionParameterId(1))] }, Parameter(KindParameterId(0)), Parameter(KindParameterId(1))]), outputs: [Matrix { element: Parameter(KindParameterId(0)), dimensions: [Parameter(DimensionParameterId(0)), Parameter(DimensionParameterId(1))] }], constraints: [Satisfies { kind: Parameter(KindParameterId(0)), predicate: Number }] }, output_schema_rules: [FromResolvedType] }	O01: untested as an independently identified overload; the export sample is not attributed to this candidate	representative admitted kind/layout cells, rejected target cells, reference values, bytecode and changing-turn behavior
math/add-assign/range-all	2	FunctionTypeOverload { id: 2, input_layout: [Value, Value, Value, MatrixAllSelection], scheme: KindScheme { kind_parameters: [KindParameter { id: KindParameterId(0), upper_bound: None }, KindParameter { id: KindParameterId(1), upper_bound: None }], dimension_parameters: [DimensionParameterDeclaration { id: DimensionParameterId(0), origin: Inferred, lifetime: Turn, lower_bound: Constant(0), upper_bound: None }, DimensionParameterDeclaration { id: DimensionParameterId(1), origin: Inferred, lifetime: Turn, lower_bound: Constant(0), upper_bound: None }, DimensionParameterDeclaration { id: DimensionParameterId(2), origin: Inferred, lifetime: Turn, lower_bound: Constant(0), upper_bound: None }, DimensionParameterDeclaration { id: DimensionParameterId(3), origin: Inferred, lifetime: Turn, lower_bound: Constant(0), upper_bound: None }], inputs: Fixed([Matrix { element: Parameter(KindParameterId(0)), dimensions: [Parameter(DimensionParameterId(0)), Parameter(DimensionParameterId(1))] }, Matrix { element: Parameter(KindParameterId(0)), dimensions: [Parameter(DimensionParameterId(2)), Parameter(DimensionParameterId(3))] }, Parameter(KindParameterId(1))]), outputs: [Matrix { element: Parameter(KindParameterId(0)), dimensions: [Parameter(DimensionParameterId(0)), Parameter(DimensionParameterId(1))] }], constraints: [Satisfies { kind: Parameter(KindParameterId(0)), predicate: Number }] }, output_schema_rules: [FromResolvedType] }	O01: untested as an independently identified overload; the export sample is not attributed to this candidate	representative admitted kind/layout cells, rejected target cells, reference values, bytecode and changing-turn behavior
logic/and	0	FunctionTypeOverload { id: 0, input_layout: [Value, Value], scheme: KindScheme { kind_parameters: [], dimension_parameters: [], inputs: Fixed([Named(KindId(15)), Named(KindId(15))]), outputs: [Named(KindId(15))], constraints: [] }, output_schema_rules: [FromResolvedType] }	O01: untested as an independently identified overload; the export sample is not attributed to this candidate	representative admitted kind/layout cells, rejected target cells, reference values, bytecode and changing-turn behavior
logic/and	1	FunctionTypeOverload { id: 1, input_layout: [Value, Value], scheme: KindScheme { kind_parameters: [], dimension_parameters: [DimensionParameterDeclaration { id: DimensionParameterId(0), origin: Inferred, lifetime: Turn, lower_bound: Constant(0), upper_bound: None }, DimensionParameterDeclaration { id: DimensionParameterId(1), origin: Inferred, lifetime: Turn, lower_bound: Constant(0), upper_bound: None }], inputs: Fixed([Matrix { element: Named(KindId(15)), dimensions: [Parameter(DimensionParameterId(0)), Parameter(DimensionParameterId(1))] }, Matrix { element: Named(KindId(15)), dimensions: [Parameter(DimensionParameterId(0)), Parameter(DimensionParameterId(1))] }]), outputs: [Matrix { element: Named(KindId(15)), dimensions: [Parameter(DimensionParameterId(0)), Parameter(DimensionParameterId(1))] }], constraints: [] }, output_schema_rules: [FromResolvedType] }	O01: untested as an independently identified overload; the export sample is not attributed to this candidate	representative admitted kind/layout cells, rejected target cells, reference values, bytecode and changing-turn behavior
logic/and	2	FunctionTypeOverload { id: 2, input_layout: [Value, Value], scheme: KindScheme { kind_parameters: [], dimension_parameters: [DimensionParameterDeclaration { id: DimensionParameterId(0), origin: Inferred, lifetime: Turn, lower_bound: Constant(0), upper_bound: None }, DimensionParameterDeclaration { id: DimensionParameterId(1), origin: Inferred, lifetime: Turn, lower_bound: Constant(0), upper_bound: None }], inputs: Fixed([Matrix { element: Named(KindId(15)), dimensions: [Parameter(DimensionParameterId(0)), Parameter(DimensionParameterId(1))] }, Named(KindId(15))]), outputs: [Matrix { element: Named(KindId(15)), dimensions: [Parameter(DimensionParameterId(0)), Parameter(DimensionParameterId(1))] }], constraints: [] }, output_schema_rules: [FromResolvedType] }	O01: untested as an independently identified overload; the export sample is not attributed to this candidate	representative admitted kind/layout cells, rejected target cells, reference values, bytecode and changing-turn behavior
logic/and	3	FunctionTypeOverload { id: 3, input_layout: [Value, Value], scheme: KindScheme { kind_parameters: [], dimension_parameters: [DimensionParameterDeclaration { id: DimensionParameterId(0), origin: Inferred, lifetime: Turn, lower_bound: Constant(0), upper_bound: None }, DimensionParameterDeclaration { id: DimensionParameterId(1), origin: Inferred, lifetime: Turn, lower_bound: Constant(0), upper_bound: None }, DimensionParameterDeclaration { id: DimensionParameterId(2), origin: Inferred, lifetime: Turn, lower_bound: Constant(0), upper_bound: None }], inputs: Fixed([Matrix { element: Named(KindId(15)), dimensions: [Parameter(DimensionParameterId(0)), Parameter(DimensionParameterId(1))] }, Matrix { element: Named(KindId(15)), dimensions: [Parameter(DimensionParameterId(2)), Constant(1)] }]), outputs: [Matrix { element: Named(KindId(15)), dimensions: [Parameter(DimensionParameterId(0)), Parameter(DimensionParameterId(1))] }], constraints: [DimensionCompatible(Parameter(DimensionParameterId(0)), Parameter(DimensionParameterId(2)))] }, output_schema_rules: [FromResolvedType] }	O01: untested as an independently identified overload; the export sample is not attributed to this candidate	representative admitted kind/layout cells, rejected target cells, reference values, bytecode and changing-turn behavior
logic/and	4	FunctionTypeOverload { id: 4, input_layout: [Value, Value], scheme: KindScheme { kind_parameters: [], dimension_parameters: [DimensionParameterDeclaration { id: DimensionParameterId(0), origin: Inferred, lifetime: Turn, lower_bound: Constant(0), upper_bound: None }, DimensionParameterDeclaration { id: DimensionParameterId(1), origin: Inferred, lifetime: Turn, lower_bound: Constant(0), upper_bound: None }, DimensionParameterDeclaration { id: DimensionParameterId(2), origin: Inferred, lifetime: Turn, lower_bound: Constant(0), upper_bound: None }], inputs: Fixed([Matrix { element: Named(KindId(15)), dimensions: [Parameter(DimensionParameterId(0)), Parameter(DimensionParameterId(1))] }, Matrix { element: Named(KindId(15)), dimensions: [Constant(1), Parameter(DimensionParameterId(2))] }]), outputs: [Matrix { element: Named(KindId(15)), dimensions: [Parameter(DimensionParameterId(0)), Parameter(DimensionParameterId(1))] }], constraints: [DimensionCompatible(Parameter(DimensionParameterId(1)), Parameter(DimensionParameterId(2)))] }, output_schema_rules: [FromResolvedType] }	O01: untested as an independently identified overload; the export sample is not attributed to this candidate	representative admitted kind/layout cells, rejected target cells, reference values, bytecode and changing-turn behavior
logic/and	5	FunctionTypeOverload { id: 5, input_layout: [Value, Value], scheme: KindScheme { kind_parameters: [], dimension_parameters: [DimensionParameterDeclaration { id: DimensionParameterId(0), origin: Inferred, lifetime: Turn, lower_bound: Constant(0), upper_bound: None }, DimensionParameterDeclaration { id: DimensionParameterId(1), origin: Inferred, lifetime: Turn, lower_bound: Constant(0), upper_bound: None }], inputs: Fixed([Named(KindId(15)), Matrix { element: Named(KindId(15)), dimensions: [Parameter(DimensionParameterId(0)), Parameter(DimensionParameterId(1))] }]), outputs: [Matrix { element: Named(KindId(15)), dimensions: [Parameter(DimensionParameterId(0)), Parameter(DimensionParameterId(1))] }], constraints: [] }, output_schema_rules: [FromResolvedType] }	O01: untested as an independently identified overload; the export sample is not attributed to this candidate	representative admitted kind/layout cells, rejected target cells, reference values, bytecode and changing-turn behavior
logic/and	6	FunctionTypeOverload { id: 6, input_layout: [Value, Value], scheme: KindScheme { kind_parameters: [], dimension_parameters: [DimensionParameterDeclaration { id: DimensionParameterId(0), origin: Inferred, lifetime: Turn, lower_bound: Constant(0), upper_bound: None }, DimensionParameterDeclaration { id: DimensionParameterId(1), origin: Inferred, lifetime: Turn, lower_bound: Constant(0), upper_bound: None }, DimensionParameterDeclaration { id: DimensionParameterId(2), origin: Inferred, lifetime: Turn, lower_bound: Constant(0), upper_bound: None }], inputs: Fixed([Matrix { element: Named(KindId(15)), dimensions: [Parameter(DimensionParameterId(2)), Constant(1)] }, Matrix { element: Named(KindId(15)), dimensions: [Parameter(DimensionParameterId(0)), Parameter(DimensionParameterId(1))] }]), outputs: [Matrix { element: Named(KindId(15)), dimensions: [Parameter(DimensionParameterId(0)), Parameter(DimensionParameterId(1))] }], constraints: [DimensionCompatible(Parameter(DimensionParameterId(0)), Parameter(DimensionParameterId(2)))] }, output_schema_rules: [FromResolvedType] }	O01: untested as an independently identified overload; the export sample is not attributed to this candidate	representative admitted kind/layout cells, rejected target cells, reference values, bytecode and changing-turn behavior
logic/and	7	FunctionTypeOverload { id: 7, input_layout: [Value, Value], scheme: KindScheme { kind_parameters: [], dimension_parameters: [DimensionParameterDeclaration { id: DimensionParameterId(0), origin: Inferred, lifetime: Turn, lower_bound: Constant(0), upper_bound: None }, DimensionParameterDeclaration { id: DimensionParameterId(1), origin: Inferred, lifetime: Turn, lower_bound: Constant(0), upper_bound: None }, DimensionParameterDeclaration { id: DimensionParameterId(2), origin: Inferred, lifetime: Turn, lower_bound: Constant(0), upper_bound: None }], inputs: Fixed([Matrix { element: Named(KindId(15)), dimensions: [Constant(1), Parameter(DimensionParameterId(2))] }, Matrix { element: Named(KindId(15)), dimensions: [Parameter(DimensionParameterId(0)), Parameter(DimensionParameterId(1))] }]), outputs: [Matrix { element: Named(KindId(15)), dimensions: [Parameter(DimensionParameterId(0)), Parameter(DimensionParameterId(1))] }], constraints: [DimensionCompatible(Parameter(DimensionParameterId(1)), Parameter(DimensionParameterId(2)))] }, output_schema_rules: [FromResolvedType] }	O01: untested as an independently identified overload; the export sample is not attributed to this candidate	representative admitted kind/layout cells, rejected target cells, reference values, bytecode and changing-turn behavior
logic/and	8	FunctionTypeOverload { id: 8, input_layout: [Value, Value], scheme: KindScheme { kind_parameters: [], dimension_parameters: [DimensionParameterDeclaration { id: DimensionParameterId(0), origin: Inferred, lifetime: Turn, lower_bound: Constant(0), upper_bound: None }, DimensionParameterDeclaration { id: DimensionParameterId(1), origin: Inferred, lifetime: Turn, lower_bound: Constant(0), upper_bound: None }, DimensionParameterDeclaration { id: DimensionParameterId(2), origin: Inferred, lifetime: Turn, lower_bound: Constant(0), upper_bound: None }, DimensionParameterDeclaration { id: DimensionParameterId(3), origin: Inferred, lifetime: Turn, lower_bound: Constant(0), upper_bound: None }], inputs: Fixed([Matrix { element: Named(KindId(15)), dimensions: [Parameter(DimensionParameterId(0)), Parameter(DimensionParameterId(1))] }, Matrix { element: Named(KindId(15)), dimensions: [Parameter(DimensionParameterId(2)), Parameter(DimensionParameterId(3))] }]), outputs: [Matrix { element: Named(KindId(15)), dimensions: [Parameter(DimensionParameterId(0)), Parameter(DimensionParameterId(1))] }], constraints: [DimensionCompatible(Parameter(DimensionParameterId(0)), Parameter(DimensionParameterId(2))), DimensionCompatible(Parameter(DimensionParameterId(1)), Parameter(DimensionParameterId(3)))] }, output_schema_rules: [FromResolvedType] }	O01: untested as an independently identified overload; the export sample is not attributed to this candidate	representative admitted kind/layout cells, rejected target cells, reference values, bytecode and changing-turn behavior
logic/and	9	FunctionTypeOverload { id: 9, input_layout: [Value, Value], scheme: KindScheme { kind_parameters: [], dimension_parameters: [DimensionParameterDeclaration { id: DimensionParameterId(0), origin: Inferred, lifetime: Turn, lower_bound: Constant(0), upper_bound: None }, DimensionParameterDeclaration { id: DimensionParameterId(1), origin: Inferred, lifetime: Turn, lower_bound: Constant(0), upper_bound: None }, DimensionParameterDeclaration { id: DimensionParameterId(2), origin: Inferred, lifetime: Turn, lower_bound: Constant(0), upper_bound: None }, DimensionParameterDeclaration { id: DimensionParameterId(3), origin: Inferred, lifetime: Turn, lower_bound: Constant(0), upper_bound: None }], inputs: Fixed([Matrix { element: Named(KindId(15)), dimensions: [Parameter(DimensionParameterId(0)), Parameter(DimensionParameterId(1))] }, Matrix { element: Named(KindId(15)), dimensions: [Parameter(DimensionParameterId(2)), Parameter(DimensionParameterId(3))] }]), outputs: [Matrix { element: Named(KindId(15)), dimensions: [Parameter(DimensionParameterId(2)), Parameter(DimensionParameterId(3))] }], constraints: [DimensionCompatible(Parameter(DimensionParameterId(0)), Parameter(DimensionParameterId(2))), DimensionCompatible(Parameter(DimensionParameterId(1)), Parameter(DimensionParameterId(3)))] }, output_schema_rules: [FromResolvedType] }	O01: untested as an independently identified overload; the export sample is not attributed to this candidate	representative admitted kind/layout cells, rejected target cells, reference values, bytecode and changing-turn behavior
set/element-of	0	FunctionTypeOverload { id: 0, input_layout: [Value, Value], scheme: KindScheme { kind_parameters: [KindParameter { id: KindParameterId(0), upper_bound: None }, KindParameter { id: KindParameterId(1), upper_bound: None }], dimension_parameters: [DimensionParameterDeclaration { id: DimensionParameterId(0), origin: Inferred, lifetime: Turn, lower_bound: Constant(0), upper_bound: None }], inputs: Fixed([Parameter(KindParameterId(0)), Set { element: Parameter(KindParameterId(1)), cardinality: Parameter(DimensionParameterId(0)) }]), outputs: [Named(KindId(15))], constraints: [Satisfies { kind: Parameter(KindParameterId(1)), predicate: Keyable }] }, output_schema_rules: [FromResolvedType] }	O01: untested as an independently identified overload; the export sample is not attributed to this candidate	representative admitted kind/layout cells, rejected target cells, reference values, bytecode and changing-turn behavior
set/symmetric-difference	0	FunctionTypeOverload { id: 0, input_layout: [Value, Value], scheme: KindScheme { kind_parameters: [KindParameter { id: KindParameterId(0), upper_bound: None }], dimension_parameters: [DimensionParameterDeclaration { id: DimensionParameterId(0), origin: Inferred, lifetime: Turn, lower_bound: Constant(0), upper_bound: None }, DimensionParameterDeclaration { id: DimensionParameterId(1), origin: Inferred, lifetime: Turn, lower_bound: Constant(0), upper_bound: None }, DimensionParameterDeclaration { id: DimensionParameterId(2), origin: Inferred, lifetime: Turn, lower_bound: Constant(0), upper_bound: Some(Add([Parameter(DimensionParameterId(0)), Parameter(DimensionParameterId(1))])) }], inputs: Fixed([Set { element: Parameter(KindParameterId(0)), cardinality: Parameter(DimensionParameterId(0)) }, Set { element: Parameter(KindParameterId(0)), cardinality: Parameter(DimensionParameterId(1)) }]), outputs: [Set { element: Parameter(KindParameterId(0)), cardinality: Parameter(DimensionParameterId(2)) }], constraints: [Satisfies { kind: Parameter(KindParameterId(0)), predicate: Keyable }] }, output_schema_rules: [FromInput(0)] }	O01: untested as an independently identified overload; the export sample is not attributed to this candidate	representative admitted kind/layout cells, rejected target cells, reference values, bytecode and changing-turn behavior
math/bessel/j0	0	FunctionTypeOverload { id: 0, input_layout: [Value], scheme: KindScheme { kind_parameters: [KindParameter { id: KindParameterId(0), upper_bound: None }], dimension_parameters: [], inputs: Fixed([Parameter(KindParameterId(0))]), outputs: [Parameter(KindParameterId(0))], constraints: [Satisfies { kind: Parameter(KindParameterId(0)), predicate: FloatingPoint }] }, output_schema_rules: [FromResolvedType] }	O01: untested as an independently identified overload; the export sample is not attributed to this candidate	representative admitted kind/layout cells, rejected target cells, reference values, bytecode and changing-turn behavior
math/bessel/j0	1	FunctionTypeOverload { id: 1, input_layout: [Value], scheme: KindScheme { kind_parameters: [KindParameter { id: KindParameterId(0), upper_bound: None }], dimension_parameters: [DimensionParameterDeclaration { id: DimensionParameterId(0), origin: Inferred, lifetime: Turn, lower_bound: Constant(0), upper_bound: None }, DimensionParameterDeclaration { id: DimensionParameterId(1), origin: Inferred, lifetime: Turn, lower_bound: Constant(0), upper_bound: None }], inputs: Fixed([Matrix { element: Parameter(KindParameterId(0)), dimensions: [Parameter(DimensionParameterId(0)), Parameter(DimensionParameterId(1))] }]), outputs: [Matrix { element: Parameter(KindParameterId(0)), dimensions: [Parameter(DimensionParameterId(0)), Parameter(DimensionParameterId(1))] }], constraints: [Satisfies { kind: Parameter(KindParameterId(0)), predicate: FloatingPoint }] }, output_schema_rules: [FromResolvedType] }	O01: untested as an independently identified overload; the export sample is not attributed to this candidate	representative admitted kind/layout cells, rejected target cells, reference values, bytecode and changing-turn behavior
math/atan2	0	FunctionTypeOverload { id: 0, input_layout: [Value, Value], scheme: KindScheme { kind_parameters: [KindParameter { id: KindParameterId(0), upper_bound: None }, KindParameter { id: KindParameterId(1), upper_bound: None }, KindParameter { id: KindParameterId(2), upper_bound: None }], dimension_parameters: [], inputs: Fixed([Parameter(KindParameterId(0)), Parameter(KindParameterId(1))]), outputs: [Parameter(KindParameterId(2))], constraints: [Satisfies { kind: Parameter(KindParameterId(0)), predicate: Number }, Satisfies { kind: Parameter(KindParameterId(1)), predicate: Number }, Promotes { left: Parameter(KindParameterId(0)), right: Parameter(KindParameterId(1)), output: Parameter(KindParameterId(2)) }, Satisfies { kind: Parameter(KindParameterId(0)), predicate: FloatingPoint }, Satisfies { kind: Parameter(KindParameterId(1)), predicate: FloatingPoint }] }, output_schema_rules: [FromResolvedType] }	O01: untested as an independently identified overload; the export sample is not attributed to this candidate	representative admitted kind/layout cells, rejected target cells, reference values, bytecode and changing-turn behavior
math/atan2	1	FunctionTypeOverload { id: 1, input_layout: [Value, Value], scheme: KindScheme { kind_parameters: [KindParameter { id: KindParameterId(0), upper_bound: None }, KindParameter { id: KindParameterId(1), upper_bound: None }, KindParameter { id: KindParameterId(2), upper_bound: None }], dimension_parameters: [DimensionParameterDeclaration { id: DimensionParameterId(0), origin: Inferred, lifetime: Turn, lower_bound: Constant(0), upper_bound: None }, DimensionParameterDeclaration { id: DimensionParameterId(1), origin: Inferred, lifetime: Turn, lower_bound: Constant(0), upper_bound: None }], inputs: Fixed([Matrix { element: Parameter(KindParameterId(0)), dimensions: [Parameter(DimensionParameterId(0)), Parameter(DimensionParameterId(1))] }, Matrix { element: Parameter(KindParameterId(1)), dimensions: [Parameter(DimensionParameterId(0)), Parameter(DimensionParameterId(1))] }]), outputs: [Matrix { element: Parameter(KindParameterId(2)), dimensions: [Parameter(DimensionParameterId(0)), Parameter(DimensionParameterId(1))] }], constraints: [Satisfies { kind: Parameter(KindParameterId(0)), predicate: Number }, Satisfies { kind: Parameter(KindParameterId(1)), predicate: Number }, Promotes { left: Parameter(KindParameterId(0)), right: Parameter(KindParameterId(1)), output: Parameter(KindParameterId(2)) }, Satisfies { kind: Parameter(KindParameterId(0)), predicate: FloatingPoint }, Satisfies { kind: Parameter(KindParameterId(1)), predicate: FloatingPoint }] }, output_schema_rules: [FromResolvedType] }	O01: untested as an independently identified overload; the export sample is not attributed to this candidate	representative admitted kind/layout cells, rejected target cells, reference values, bytecode and changing-turn behavior
math/atan2	2	FunctionTypeOverload { id: 2, input_layout: [Value, Value], scheme: KindScheme { kind_parameters: [KindParameter { id: KindParameterId(0), upper_bound: None }, KindParameter { id: KindParameterId(1), upper_bound: None }, KindParameter { id: KindParameterId(2), upper_bound: None }], dimension_parameters: [DimensionParameterDeclaration { id: DimensionParameterId(0), origin: Inferred, lifetime: Turn, lower_bound: Constant(0), upper_bound: None }, DimensionParameterDeclaration { id: DimensionParameterId(1), origin: Inferred, lifetime: Turn, lower_bound: Constant(0), upper_bound: None }], inputs: Fixed([Matrix { element: Parameter(KindParameterId(0)), dimensions: [Parameter(DimensionParameterId(0)), Parameter(DimensionParameterId(1))] }, Parameter(KindParameterId(1))]), outputs: [Matrix { element: Parameter(KindParameterId(2)), dimensions: [Parameter(DimensionParameterId(0)), Parameter(DimensionParameterId(1))] }], constraints: [Satisfies { kind: Parameter(KindParameterId(0)), predicate: Number }, Satisfies { kind: Parameter(KindParameterId(1)), predicate: Number }, Promotes { left: Parameter(KindParameterId(0)), right: Parameter(KindParameterId(1)), output: Parameter(KindParameterId(2)) }, Satisfies { kind: Parameter(KindParameterId(0)), predicate: FloatingPoint }, Satisfies { kind: Parameter(KindParameterId(1)), predicate: FloatingPoint }] }, output_schema_rules: [FromResolvedType] }	O01: untested as an independently identified overload; the export sample is not attributed to this candidate	representative admitted kind/layout cells, rejected target cells, reference values, bytecode and changing-turn behavior
math/atan2	3	FunctionTypeOverload { id: 3, input_layout: [Value, Value], scheme: KindScheme { kind_parameters: [KindParameter { id: KindParameterId(0), upper_bound: None }, KindParameter { id: KindParameterId(1), upper_bound: None }, KindParameter { id: KindParameterId(2), upper_bound: None }], dimension_parameters: [DimensionParameterDeclaration { id: DimensionParameterId(0), origin: Inferred, lifetime: Turn, lower_bound: Constant(0), upper_bound: None }, DimensionParameterDeclaration { id: DimensionParameterId(1), origin: Inferred, lifetime: Turn, lower_bound: Constant(0), upper_bound: None }], inputs: Fixed([Parameter(KindParameterId(0)), Matrix { element: Parameter(KindParameterId(1)), dimensions: [Parameter(DimensionParameterId(0)), Parameter(DimensionParameterId(1))] }]), outputs: [Matrix { element: Parameter(KindParameterId(2)), dimensions: [Parameter(DimensionParameterId(0)), Parameter(DimensionParameterId(1))] }], constraints: [Satisfies { kind: Parameter(KindParameterId(0)), predicate: Number }, Satisfies { kind: Parameter(KindParameterId(1)), predicate: Number }, Promotes { left: Parameter(KindParameterId(0)), right: Parameter(KindParameterId(1)), output: Parameter(KindParameterId(2)) }, Satisfies { kind: Parameter(KindParameterId(0)), predicate: FloatingPoint }, Satisfies { kind: Parameter(KindParameterId(1)), predicate: FloatingPoint }] }, output_schema_rules: [FromResolvedType] }	O01: untested as an independently identified overload; the export sample is not attributed to this candidate	representative admitted kind/layout cells, rejected target cells, reference values, bytecode and changing-turn behavior
math/atan2	4	FunctionTypeOverload { id: 4, input_layout: [Value, Value], scheme: KindScheme { kind_parameters: [KindParameter { id: KindParameterId(0), upper_bound: None }, KindParameter { id: KindParameterId(1), upper_bound: None }, KindParameter { id: KindParameterId(2), upper_bound: None }], dimension_parameters: [DimensionParameterDeclaration { id: DimensionParameterId(0), origin: Inferred, lifetime: Turn, lower_bound: Constant(0), upper_bound: None }, DimensionParameterDeclaration { id: DimensionParameterId(1), origin: Inferred, lifetime: Turn, lower_bound: Constant(0), upper_bound: None }, DimensionParameterDeclaration { id: DimensionParameterId(2), origin: Inferred, lifetime: Turn, lower_bound: Constant(0), upper_bound: None }], inputs: Fixed([Matrix { element: Parameter(KindParameterId(0)), dimensions: [Parameter(DimensionParameterId(0)), Parameter(DimensionParameterId(1))] }, Matrix { element: Parameter(KindParameterId(1)), dimensions: [Parameter(DimensionParameterId(2)), Constant(1)] }]), outputs: [Matrix { element: Parameter(KindParameterId(2)), dimensions: [Parameter(DimensionParameterId(0)), Parameter(DimensionParameterId(1))] }], constraints: [Satisfies { kind: Parameter(KindParameterId(0)), predicate: Number }, Satisfies { kind: Parameter(KindParameterId(1)), predicate: Number }, Promotes { left: Parameter(KindParameterId(0)), right: Parameter(KindParameterId(1)), output: Parameter(KindParameterId(2)) }, DimensionCompatible(Parameter(DimensionParameterId(0)), Parameter(DimensionParameterId(2))), Satisfies { kind: Parameter(KindParameterId(0)), predicate: FloatingPoint }, Satisfies { kind: Parameter(KindParameterId(1)), predicate: FloatingPoint }] }, output_schema_rules: [FromResolvedType] }	O01: untested as an independently identified overload; the export sample is not attributed to this candidate	representative admitted kind/layout cells, rejected target cells, reference values, bytecode and changing-turn behavior
math/atan2	5	FunctionTypeOverload { id: 5, input_layout: [Value, Value], scheme: KindScheme { kind_parameters: [KindParameter { id: KindParameterId(0), upper_bound: None }, KindParameter { id: KindParameterId(1), upper_bound: None }, KindParameter { id: KindParameterId(2), upper_bound: None }], dimension_parameters: [DimensionParameterDeclaration { id: DimensionParameterId(0), origin: Inferred, lifetime: Turn, lower_bound: Constant(0), upper_bound: None }, DimensionParameterDeclaration { id: DimensionParameterId(1), origin: Inferred, lifetime: Turn, lower_bound: Constant(0), upper_bound: None }, DimensionParameterDeclaration { id: DimensionParameterId(2), origin: Inferred, lifetime: Turn, lower_bound: Constant(0), upper_bound: None }], inputs: Fixed([Matrix { element: Parameter(KindParameterId(0)), dimensions: [Parameter(DimensionParameterId(0)), Parameter(DimensionParameterId(1))] }, Matrix { element: Parameter(KindParameterId(1)), dimensions: [Constant(1), Parameter(DimensionParameterId(2))] }]), outputs: [Matrix { element: Parameter(KindParameterId(2)), dimensions: [Parameter(DimensionParameterId(0)), Parameter(DimensionParameterId(1))] }], constraints: [Satisfies { kind: Parameter(KindParameterId(0)), predicate: Number }, Satisfies { kind: Parameter(KindParameterId(1)), predicate: Number }, Promotes { left: Parameter(KindParameterId(0)), right: Parameter(KindParameterId(1)), output: Parameter(KindParameterId(2)) }, DimensionCompatible(Parameter(DimensionParameterId(1)), Parameter(DimensionParameterId(2))), Satisfies { kind: Parameter(KindParameterId(0)), predicate: FloatingPoint }, Satisfies { kind: Parameter(KindParameterId(1)), predicate: FloatingPoint }] }, output_schema_rules: [FromResolvedType] }	O01: untested as an independently identified overload; the export sample is not attributed to this candidate	representative admitted kind/layout cells, rejected target cells, reference values, bytecode and changing-turn behavior
math/atan2	6	FunctionTypeOverload { id: 6, input_layout: [Value, Value], scheme: KindScheme { kind_parameters: [KindParameter { id: KindParameterId(0), upper_bound: None }, KindParameter { id: KindParameterId(1), upper_bound: None }, KindParameter { id: KindParameterId(2), upper_bound: None }], dimension_parameters: [DimensionParameterDeclaration { id: DimensionParameterId(0), origin: Inferred, lifetime: Turn, lower_bound: Constant(0), upper_bound: None }, DimensionParameterDeclaration { id: DimensionParameterId(1), origin: Inferred, lifetime: Turn, lower_bound: Constant(0), upper_bound: None }, DimensionParameterDeclaration { id: DimensionParameterId(2), origin: Inferred, lifetime: Turn, lower_bound: Constant(0), upper_bound: None }], inputs: Fixed([Matrix { element: Parameter(KindParameterId(0)), dimensions: [Parameter(DimensionParameterId(2)), Constant(1)] }, Matrix { element: Parameter(KindParameterId(1)), dimensions: [Parameter(DimensionParameterId(0)), Parameter(DimensionParameterId(1))] }]), outputs: [Matrix { element: Parameter(KindParameterId(2)), dimensions: [Parameter(DimensionParameterId(0)), Parameter(DimensionParameterId(1))] }], constraints: [Satisfies { kind: Parameter(KindParameterId(0)), predicate: Number }, Satisfies { kind: Parameter(KindParameterId(1)), predicate: Number }, Promotes { left: Parameter(KindParameterId(0)), right: Parameter(KindParameterId(1)), output: Parameter(KindParameterId(2)) }, DimensionCompatible(Parameter(DimensionParameterId(0)), Parameter(DimensionParameterId(2))), Satisfies { kind: Parameter(KindParameterId(0)), predicate: FloatingPoint }, Satisfies { kind: Parameter(KindParameterId(1)), predicate: FloatingPoint }] }, output_schema_rules: [FromResolvedType] }	O01: untested as an independently identified overload; the export sample is not attributed to this candidate	representative admitted kind/layout cells, rejected target cells, reference values, bytecode and changing-turn behavior
math/atan2	7	FunctionTypeOverload { id: 7, input_layout: [Value, Value], scheme: KindScheme { kind_parameters: [KindParameter { id: KindParameterId(0), upper_bound: None }, KindParameter { id: KindParameterId(1), upper_bound: None }, KindParameter { id: KindParameterId(2), upper_bound: None }], dimension_parameters: [DimensionParameterDeclaration { id: DimensionParameterId(0), origin: Inferred, lifetime: Turn, lower_bound: Constant(0), upper_bound: None }, DimensionParameterDeclaration { id: DimensionParameterId(1), origin: Inferred, lifetime: Turn, lower_bound: Constant(0), upper_bound: None }, DimensionParameterDeclaration { id: DimensionParameterId(2), origin: Inferred, lifetime: Turn, lower_bound: Constant(0), upper_bound: None }], inputs: Fixed([Matrix { element: Parameter(KindParameterId(0)), dimensions: [Constant(1), Parameter(DimensionParameterId(2))] }, Matrix { element: Parameter(KindParameterId(1)), dimensions: [Parameter(DimensionParameterId(0)), Parameter(DimensionParameterId(1))] }]), outputs: [Matrix { element: Parameter(KindParameterId(2)), dimensions: [Parameter(DimensionParameterId(0)), Parameter(DimensionParameterId(1))] }], constraints: [Satisfies { kind: Parameter(KindParameterId(0)), predicate: Number }, Satisfies { kind: Parameter(KindParameterId(1)), predicate: Number }, Promotes { left: Parameter(KindParameterId(0)), right: Parameter(KindParameterId(1)), output: Parameter(KindParameterId(2)) }, DimensionCompatible(Parameter(DimensionParameterId(1)), Parameter(DimensionParameterId(2))), Satisfies { kind: Parameter(KindParameterId(0)), predicate: FloatingPoint }, Satisfies { kind: Parameter(KindParameterId(1)), predicate: FloatingPoint }] }, output_schema_rules: [FromResolvedType] }	O01: untested as an independently identified overload; the export sample is not attributed to this candidate	representative admitted kind/layout cells, rejected target cells, reference values, bytecode and changing-turn behavior
math/atan2	8	FunctionTypeOverload { id: 8, input_layout: [Value, Value], scheme: KindScheme { kind_parameters: [KindParameter { id: KindParameterId(0), upper_bound: None }, KindParameter { id: KindParameterId(1), upper_bound: None }, KindParameter { id: KindParameterId(2), upper_bound: None }], dimension_parameters: [DimensionParameterDeclaration { id: DimensionParameterId(0), origin: Inferred, lifetime: Turn, lower_bound: Constant(0), upper_bound: None }, DimensionParameterDeclaration { id: DimensionParameterId(1), origin: Inferred, lifetime: Turn, lower_bound: Constant(0), upper_bound: None }, DimensionParameterDeclaration { id: DimensionParameterId(2), origin: Inferred, lifetime: Turn, lower_bound: Constant(0), upper_bound: None }, DimensionParameterDeclaration { id: DimensionParameterId(3), origin: Inferred, lifetime: Turn, lower_bound: Constant(0), upper_bound: None }], inputs: Fixed([Matrix { element: Parameter(KindParameterId(0)), dimensions: [Parameter(DimensionParameterId(0)), Parameter(DimensionParameterId(1))] }, Matrix { element: Parameter(KindParameterId(1)), dimensions: [Parameter(DimensionParameterId(2)), Parameter(DimensionParameterId(3))] }]), outputs: [Matrix { element: Parameter(KindParameterId(2)), dimensions: [Parameter(DimensionParameterId(0)), Parameter(DimensionParameterId(1))] }], constraints: [Satisfies { kind: Parameter(KindParameterId(0)), predicate: Number }, Satisfies { kind: Parameter(KindParameterId(1)), predicate: Number }, Promotes { left: Parameter(KindParameterId(0)), right: Parameter(KindParameterId(1)), output: Parameter(KindParameterId(2)) }, DimensionCompatible(Parameter(DimensionParameterId(0)), Parameter(DimensionParameterId(2))), DimensionCompatible(Parameter(DimensionParameterId(1)), Parameter(DimensionParameterId(3))), Satisfies { kind: Parameter(KindParameterId(0)), predicate: FloatingPoint }, Satisfies { kind: Parameter(KindParameterId(1)), predicate: FloatingPoint }] }, output_schema_rules: [FromResolvedType] }	O01: untested as an independently identified overload; the export sample is not attributed to this candidate	representative admitted kind/layout cells, rejected target cells, reference values, bytecode and changing-turn behavior
math/atan2	9	FunctionTypeOverload { id: 9, input_layout: [Value, Value], scheme: KindScheme { kind_parameters: [KindParameter { id: KindParameterId(0), upper_bound: None }, KindParameter { id: KindParameterId(1), upper_bound: None }, KindParameter { id: KindParameterId(2), upper_bound: None }], dimension_parameters: [DimensionParameterDeclaration { id: DimensionParameterId(0), origin: Inferred, lifetime: Turn, lower_bound: Constant(0), upper_bound: None }, DimensionParameterDeclaration { id: DimensionParameterId(1), origin: Inferred, lifetime: Turn, lower_bound: Constant(0), upper_bound: None }, DimensionParameterDeclaration { id: DimensionParameterId(2), origin: Inferred, lifetime: Turn, lower_bound: Constant(0), upper_bound: None }, DimensionParameterDeclaration { id: DimensionParameterId(3), origin: Inferred, lifetime: Turn, lower_bound: Constant(0), upper_bound: None }], inputs: Fixed([Matrix { element: Parameter(KindParameterId(0)), dimensions: [Parameter(DimensionParameterId(0)), Parameter(DimensionParameterId(1))] }, Matrix { element: Parameter(KindParameterId(1)), dimensions: [Parameter(DimensionParameterId(2)), Parameter(DimensionParameterId(3))] }]), outputs: [Matrix { element: Parameter(KindParameterId(2)), dimensions: [Parameter(DimensionParameterId(2)), Parameter(DimensionParameterId(3))] }], constraints: [Satisfies { kind: Parameter(KindParameterId(0)), predicate: Number }, Satisfies { kind: Parameter(KindParameterId(1)), predicate: Number }, Promotes { left: Parameter(KindParameterId(0)), right: Parameter(KindParameterId(1)), output: Parameter(KindParameterId(2)) }, DimensionCompatible(Parameter(DimensionParameterId(0)), Parameter(DimensionParameterId(2))), DimensionCompatible(Parameter(DimensionParameterId(1)), Parameter(DimensionParameterId(3))), Satisfies { kind: Parameter(KindParameterId(0)), predicate: FloatingPoint }, Satisfies { kind: Parameter(KindParameterId(1)), predicate: FloatingPoint }] }, output_schema_rules: [FromResolvedType] }	O01: untested as an independently identified overload; the export sample is not attributed to this candidate	representative admitted kind/layout cells, rejected target cells, reference values, bytecode and changing-turn behavior
compare/lt	0	FunctionTypeOverload { id: 0, input_layout: [Value, Value], scheme: KindScheme { kind_parameters: [KindParameter { id: KindParameterId(0), upper_bound: None }, KindParameter { id: KindParameterId(1), upper_bound: None }, KindParameter { id: KindParameterId(2), upper_bound: None }], dimension_parameters: [], inputs: Fixed([Parameter(KindParameterId(0)), Parameter(KindParameterId(1))]), outputs: [Named(KindId(15))], constraints: [Satisfies { kind: Parameter(KindParameterId(0)), predicate: Number }, Satisfies { kind: Parameter(KindParameterId(1)), predicate: Number }, Promotes { left: Parameter(KindParameterId(0)), right: Parameter(KindParameterId(1)), output: Parameter(KindParameterId(2)) }, Satisfies { kind: Parameter(KindParameterId(0)), predicate: Ordered }, Satisfies { kind: Parameter(KindParameterId(1)), predicate: Ordered }] }, output_schema_rules: [FromResolvedType] }	O01: untested as an independently identified overload; the export sample is not attributed to this candidate	representative admitted kind/layout cells, rejected target cells, reference values, bytecode and changing-turn behavior
compare/lt	1	FunctionTypeOverload { id: 1, input_layout: [Value, Value], scheme: KindScheme { kind_parameters: [KindParameter { id: KindParameterId(0), upper_bound: None }, KindParameter { id: KindParameterId(1), upper_bound: None }, KindParameter { id: KindParameterId(2), upper_bound: None }], dimension_parameters: [DimensionParameterDeclaration { id: DimensionParameterId(0), origin: Inferred, lifetime: Turn, lower_bound: Constant(0), upper_bound: None }, DimensionParameterDeclaration { id: DimensionParameterId(1), origin: Inferred, lifetime: Turn, lower_bound: Constant(0), upper_bound: None }], inputs: Fixed([Matrix { element: Parameter(KindParameterId(0)), dimensions: [Parameter(DimensionParameterId(0)), Parameter(DimensionParameterId(1))] }, Matrix { element: Parameter(KindParameterId(1)), dimensions: [Parameter(DimensionParameterId(0)), Parameter(DimensionParameterId(1))] }]), outputs: [Matrix { element: Named(KindId(15)), dimensions: [Parameter(DimensionParameterId(0)), Parameter(DimensionParameterId(1))] }], constraints: [Satisfies { kind: Parameter(KindParameterId(0)), predicate: Number }, Satisfies { kind: Parameter(KindParameterId(1)), predicate: Number }, Promotes { left: Parameter(KindParameterId(0)), right: Parameter(KindParameterId(1)), output: Parameter(KindParameterId(2)) }, Satisfies { kind: Parameter(KindParameterId(0)), predicate: Ordered }, Satisfies { kind: Parameter(KindParameterId(1)), predicate: Ordered }] }, output_schema_rules: [FromResolvedType] }	O01: untested as an independently identified overload; the export sample is not attributed to this candidate	representative admitted kind/layout cells, rejected target cells, reference values, bytecode and changing-turn behavior
compare/lt	2	FunctionTypeOverload { id: 2, input_layout: [Value, Value], scheme: KindScheme { kind_parameters: [KindParameter { id: KindParameterId(0), upper_bound: None }, KindParameter { id: KindParameterId(1), upper_bound: None }, KindParameter { id: KindParameterId(2), upper_bound: None }], dimension_parameters: [DimensionParameterDeclaration { id: DimensionParameterId(0), origin: Inferred, lifetime: Turn, lower_bound: Constant(0), upper_bound: None }, DimensionParameterDeclaration { id: DimensionParameterId(1), origin: Inferred, lifetime: Turn, lower_bound: Constant(0), upper_bound: None }], inputs: Fixed([Matrix { element: Parameter(KindParameterId(0)), dimensions: [Parameter(DimensionParameterId(0)), Parameter(DimensionParameterId(1))] }, Parameter(KindParameterId(1))]), outputs: [Matrix { element: Named(KindId(15)), dimensions: [Parameter(DimensionParameterId(0)), Parameter(DimensionParameterId(1))] }], constraints: [Satisfies { kind: Parameter(KindParameterId(0)), predicate: Number }, Satisfies { kind: Parameter(KindParameterId(1)), predicate: Number }, Promotes { left: Parameter(KindParameterId(0)), right: Parameter(KindParameterId(1)), output: Parameter(KindParameterId(2)) }, Satisfies { kind: Parameter(KindParameterId(0)), predicate: Ordered }, Satisfies { kind: Parameter(KindParameterId(1)), predicate: Ordered }] }, output_schema_rules: [FromResolvedType] }	O01: untested as an independently identified overload; the export sample is not attributed to this candidate	representative admitted kind/layout cells, rejected target cells, reference values, bytecode and changing-turn behavior
compare/lt	3	FunctionTypeOverload { id: 3, input_layout: [Value, Value], scheme: KindScheme { kind_parameters: [KindParameter { id: KindParameterId(0), upper_bound: None }, KindParameter { id: KindParameterId(1), upper_bound: None }, KindParameter { id: KindParameterId(2), upper_bound: None }], dimension_parameters: [DimensionParameterDeclaration { id: DimensionParameterId(0), origin: Inferred, lifetime: Turn, lower_bound: Constant(0), upper_bound: None }, DimensionParameterDeclaration { id: DimensionParameterId(1), origin: Inferred, lifetime: Turn, lower_bound: Constant(0), upper_bound: None }], inputs: Fixed([Parameter(KindParameterId(0)), Matrix { element: Parameter(KindParameterId(1)), dimensions: [Parameter(DimensionParameterId(0)), Parameter(DimensionParameterId(1))] }]), outputs: [Matrix { element: Named(KindId(15)), dimensions: [Parameter(DimensionParameterId(0)), Parameter(DimensionParameterId(1))] }], constraints: [Satisfies { kind: Parameter(KindParameterId(0)), predicate: Number }, Satisfies { kind: Parameter(KindParameterId(1)), predicate: Number }, Promotes { left: Parameter(KindParameterId(0)), right: Parameter(KindParameterId(1)), output: Parameter(KindParameterId(2)) }, Satisfies { kind: Parameter(KindParameterId(0)), predicate: Ordered }, Satisfies { kind: Parameter(KindParameterId(1)), predicate: Ordered }] }, output_schema_rules: [FromResolvedType] }	O01: untested as an independently identified overload; the export sample is not attributed to this candidate	representative admitted kind/layout cells, rejected target cells, reference values, bytecode and changing-turn behavior
compare/lt	4	FunctionTypeOverload { id: 4, input_layout: [Value, Value], scheme: KindScheme { kind_parameters: [KindParameter { id: KindParameterId(0), upper_bound: None }, KindParameter { id: KindParameterId(1), upper_bound: None }, KindParameter { id: KindParameterId(2), upper_bound: None }], dimension_parameters: [DimensionParameterDeclaration { id: DimensionParameterId(0), origin: Inferred, lifetime: Turn, lower_bound: Constant(0), upper_bound: None }, DimensionParameterDeclaration { id: DimensionParameterId(1), origin: Inferred, lifetime: Turn, lower_bound: Constant(0), upper_bound: None }, DimensionParameterDeclaration { id: DimensionParameterId(2), origin: Inferred, lifetime: Turn, lower_bound: Constant(0), upper_bound: None }], inputs: Fixed([Matrix { element: Parameter(KindParameterId(0)), dimensions: [Parameter(DimensionParameterId(0)), Parameter(DimensionParameterId(1))] }, Matrix { element: Parameter(KindParameterId(1)), dimensions: [Parameter(DimensionParameterId(2)), Constant(1)] }]), outputs: [Matrix { element: Named(KindId(15)), dimensions: [Parameter(DimensionParameterId(0)), Parameter(DimensionParameterId(1))] }], constraints: [Satisfies { kind: Parameter(KindParameterId(0)), predicate: Number }, Satisfies { kind: Parameter(KindParameterId(1)), predicate: Number }, Promotes { left: Parameter(KindParameterId(0)), right: Parameter(KindParameterId(1)), output: Parameter(KindParameterId(2)) }, DimensionCompatible(Parameter(DimensionParameterId(0)), Parameter(DimensionParameterId(2))), Satisfies { kind: Parameter(KindParameterId(0)), predicate: Ordered }, Satisfies { kind: Parameter(KindParameterId(1)), predicate: Ordered }] }, output_schema_rules: [FromResolvedType] }	O01: untested as an independently identified overload; the export sample is not attributed to this candidate	representative admitted kind/layout cells, rejected target cells, reference values, bytecode and changing-turn behavior
compare/lt	5	FunctionTypeOverload { id: 5, input_layout: [Value, Value], scheme: KindScheme { kind_parameters: [KindParameter { id: KindParameterId(0), upper_bound: None }, KindParameter { id: KindParameterId(1), upper_bound: None }, KindParameter { id: KindParameterId(2), upper_bound: None }], dimension_parameters: [DimensionParameterDeclaration { id: DimensionParameterId(0), origin: Inferred, lifetime: Turn, lower_bound: Constant(0), upper_bound: None }, DimensionParameterDeclaration { id: DimensionParameterId(1), origin: Inferred, lifetime: Turn, lower_bound: Constant(0), upper_bound: None }, DimensionParameterDeclaration { id: DimensionParameterId(2), origin: Inferred, lifetime: Turn, lower_bound: Constant(0), upper_bound: None }], inputs: Fixed([Matrix { element: Parameter(KindParameterId(0)), dimensions: [Parameter(DimensionParameterId(0)), Parameter(DimensionParameterId(1))] }, Matrix { element: Parameter(KindParameterId(1)), dimensions: [Constant(1), Parameter(DimensionParameterId(2))] }]), outputs: [Matrix { element: Named(KindId(15)), dimensions: [Parameter(DimensionParameterId(0)), Parameter(DimensionParameterId(1))] }], constraints: [Satisfies { kind: Parameter(KindParameterId(0)), predicate: Number }, Satisfies { kind: Parameter(KindParameterId(1)), predicate: Number }, Promotes { left: Parameter(KindParameterId(0)), right: Parameter(KindParameterId(1)), output: Parameter(KindParameterId(2)) }, DimensionCompatible(Parameter(DimensionParameterId(1)), Parameter(DimensionParameterId(2))), Satisfies { kind: Parameter(KindParameterId(0)), predicate: Ordered }, Satisfies { kind: Parameter(KindParameterId(1)), predicate: Ordered }] }, output_schema_rules: [FromResolvedType] }	O01: untested as an independently identified overload; the export sample is not attributed to this candidate	representative admitted kind/layout cells, rejected target cells, reference values, bytecode and changing-turn behavior
compare/lt	6	FunctionTypeOverload { id: 6, input_layout: [Value, Value], scheme: KindScheme { kind_parameters: [KindParameter { id: KindParameterId(0), upper_bound: None }, KindParameter { id: KindParameterId(1), upper_bound: None }, KindParameter { id: KindParameterId(2), upper_bound: None }], dimension_parameters: [DimensionParameterDeclaration { id: DimensionParameterId(0), origin: Inferred, lifetime: Turn, lower_bound: Constant(0), upper_bound: None }, DimensionParameterDeclaration { id: DimensionParameterId(1), origin: Inferred, lifetime: Turn, lower_bound: Constant(0), upper_bound: None }, DimensionParameterDeclaration { id: DimensionParameterId(2), origin: Inferred, lifetime: Turn, lower_bound: Constant(0), upper_bound: None }], inputs: Fixed([Matrix { element: Parameter(KindParameterId(0)), dimensions: [Parameter(DimensionParameterId(2)), Constant(1)] }, Matrix { element: Parameter(KindParameterId(1)), dimensions: [Parameter(DimensionParameterId(0)), Parameter(DimensionParameterId(1))] }]), outputs: [Matrix { element: Named(KindId(15)), dimensions: [Parameter(DimensionParameterId(0)), Parameter(DimensionParameterId(1))] }], constraints: [Satisfies { kind: Parameter(KindParameterId(0)), predicate: Number }, Satisfies { kind: Parameter(KindParameterId(1)), predicate: Number }, Promotes { left: Parameter(KindParameterId(0)), right: Parameter(KindParameterId(1)), output: Parameter(KindParameterId(2)) }, DimensionCompatible(Parameter(DimensionParameterId(0)), Parameter(DimensionParameterId(2))), Satisfies { kind: Parameter(KindParameterId(0)), predicate: Ordered }, Satisfies { kind: Parameter(KindParameterId(1)), predicate: Ordered }] }, output_schema_rules: [FromResolvedType] }	O01: untested as an independently identified overload; the export sample is not attributed to this candidate	representative admitted kind/layout cells, rejected target cells, reference values, bytecode and changing-turn behavior
compare/lt	7	FunctionTypeOverload { id: 7, input_layout: [Value, Value], scheme: KindScheme { kind_parameters: [KindParameter { id: KindParameterId(0), upper_bound: None }, KindParameter { id: KindParameterId(1), upper_bound: None }, KindParameter { id: KindParameterId(2), upper_bound: None }], dimension_parameters: [DimensionParameterDeclaration { id: DimensionParameterId(0), origin: Inferred, lifetime: Turn, lower_bound: Constant(0), upper_bound: None }, DimensionParameterDeclaration { id: DimensionParameterId(1), origin: Inferred, lifetime: Turn, lower_bound: Constant(0), upper_bound: None }, DimensionParameterDeclaration { id: DimensionParameterId(2), origin: Inferred, lifetime: Turn, lower_bound: Constant(0), upper_bound: None }], inputs: Fixed([Matrix { element: Parameter(KindParameterId(0)), dimensions: [Constant(1), Parameter(DimensionParameterId(2))] }, Matrix { element: Parameter(KindParameterId(1)), dimensions: [Parameter(DimensionParameterId(0)), Parameter(DimensionParameterId(1))] }]), outputs: [Matrix { element: Named(KindId(15)), dimensions: [Parameter(DimensionParameterId(0)), Parameter(DimensionParameterId(1))] }], constraints: [Satisfies { kind: Parameter(KindParameterId(0)), predicate: Number }, Satisfies { kind: Parameter(KindParameterId(1)), predicate: Number }, Promotes { left: Parameter(KindParameterId(0)), right: Parameter(KindParameterId(1)), output: Parameter(KindParameterId(2)) }, DimensionCompatible(Parameter(DimensionParameterId(1)), Parameter(DimensionParameterId(2))), Satisfies { kind: Parameter(KindParameterId(0)), predicate: Ordered }, Satisfies { kind: Parameter(KindParameterId(1)), predicate: Ordered }] }, output_schema_rules: [FromResolvedType] }	O01: untested as an independently identified overload; the export sample is not attributed to this candidate	representative admitted kind/layout cells, rejected target cells, reference values, bytecode and changing-turn behavior
compare/lt	8	FunctionTypeOverload { id: 8, input_layout: [Value, Value], scheme: KindScheme { kind_parameters: [KindParameter { id: KindParameterId(0), upper_bound: None }, KindParameter { id: KindParameterId(1), upper_bound: None }, KindParameter { id: KindParameterId(2), upper_bound: None }], dimension_parameters: [DimensionParameterDeclaration { id: DimensionParameterId(0), origin: Inferred, lifetime: Turn, lower_bound: Constant(0), upper_bound: None }, DimensionParameterDeclaration { id: DimensionParameterId(1), origin: Inferred, lifetime: Turn, lower_bound: Constant(0), upper_bound: None }, DimensionParameterDeclaration { id: DimensionParameterId(2), origin: Inferred, lifetime: Turn, lower_bound: Constant(0), upper_bound: None }, DimensionParameterDeclaration { id: DimensionParameterId(3), origin: Inferred, lifetime: Turn, lower_bound: Constant(0), upper_bound: None }], inputs: Fixed([Matrix { element: Parameter(KindParameterId(0)), dimensions: [Parameter(DimensionParameterId(0)), Parameter(DimensionParameterId(1))] }, Matrix { element: Parameter(KindParameterId(1)), dimensions: [Parameter(DimensionParameterId(2)), Parameter(DimensionParameterId(3))] }]), outputs: [Matrix { element: Named(KindId(15)), dimensions: [Parameter(DimensionParameterId(0)), Parameter(DimensionParameterId(1))] }], constraints: [Satisfies { kind: Parameter(KindParameterId(0)), predicate: Number }, Satisfies { kind: Parameter(KindParameterId(1)), predicate: Number }, Promotes { left: Parameter(KindParameterId(0)), right: Parameter(KindParameterId(1)), output: Parameter(KindParameterId(2)) }, DimensionCompatible(Parameter(DimensionParameterId(0)), Parameter(DimensionParameterId(2))), DimensionCompatible(Parameter(DimensionParameterId(1)), Parameter(DimensionParameterId(3))), Satisfies { kind: Parameter(KindParameterId(0)), predicate: Ordered }, Satisfies { kind: Parameter(KindParameterId(1)), predicate: Ordered }] }, output_schema_rules: [FromResolvedType] }	O01: untested as an independently identified overload; the export sample is not attributed to this candidate	representative admitted kind/layout cells, rejected target cells, reference values, bytecode and changing-turn behavior
compare/lt	9	FunctionTypeOverload { id: 9, input_layout: [Value, Value], scheme: KindScheme { kind_parameters: [KindParameter { id: KindParameterId(0), upper_bound: None }, KindParameter { id: KindParameterId(1), upper_bound: None }, KindParameter { id: KindParameterId(2), upper_bound: None }], dimension_parameters: [DimensionParameterDeclaration { id: DimensionParameterId(0), origin: Inferred, lifetime: Turn, lower_bound: Constant(0), upper_bound: None }, DimensionParameterDeclaration { id: DimensionParameterId(1), origin: Inferred, lifetime: Turn, lower_bound: Constant(0), upper_bound: None }, DimensionParameterDeclaration { id: DimensionParameterId(2), origin: Inferred, lifetime: Turn, lower_bound: Constant(0), upper_bound: None }, DimensionParameterDeclaration { id: DimensionParameterId(3), origin: Inferred, lifetime: Turn, lower_bound: Constant(0), upper_bound: None }], inputs: Fixed([Matrix { element: Parameter(KindParameterId(0)), dimensions: [Parameter(DimensionParameterId(0)), Parameter(DimensionParameterId(1))] }, Matrix { element: Parameter(KindParameterId(1)), dimensions: [Parameter(DimensionParameterId(2)), Parameter(DimensionParameterId(3))] }]), outputs: [Matrix { element: Named(KindId(15)), dimensions: [Parameter(DimensionParameterId(2)), Parameter(DimensionParameterId(3))] }], constraints: [Satisfies { kind: Parameter(KindParameterId(0)), predicate: Number }, Satisfies { kind: Parameter(KindParameterId(1)), predicate: Number }, Promotes { left: Parameter(KindParameterId(0)), right: Parameter(KindParameterId(1)), output: Parameter(KindParameterId(2)) }, DimensionCompatible(Parameter(DimensionParameterId(0)), Parameter(DimensionParameterId(2))), DimensionCompatible(Parameter(DimensionParameterId(1)), Parameter(DimensionParameterId(3))), Satisfies { kind: Parameter(KindParameterId(0)), predicate: Ordered }, Satisfies { kind: Parameter(KindParameterId(1)), predicate: Ordered }] }, output_schema_rules: [FromResolvedType] }	O01: untested as an independently identified overload; the export sample is not attributed to this candidate	representative admitted kind/layout cells, rejected target cells, reference values, bytecode and changing-turn behavior
compare/lt	10	FunctionTypeOverload { id: 10, input_layout: [Value, Value], scheme: KindScheme { kind_parameters: [], dimension_parameters: [], inputs: Fixed([Named(KindId(14)), Named(KindId(14))]), outputs: [Named(KindId(15))], constraints: [] }, output_schema_rules: [FromResolvedType] }	O01: untested as an independently identified overload; the export sample is not attributed to this candidate	representative admitted kind/layout cells, rejected target cells, reference values, bytecode and changing-turn behavior
compare/lt	11	FunctionTypeOverload { id: 11, input_layout: [Value, Value], scheme: KindScheme { kind_parameters: [], dimension_parameters: [DimensionParameterDeclaration { id: DimensionParameterId(0), origin: Inferred, lifetime: Turn, lower_bound: Constant(0), upper_bound: None }, DimensionParameterDeclaration { id: DimensionParameterId(1), origin: Inferred, lifetime: Turn, lower_bound: Constant(0), upper_bound: None }], inputs: Fixed([Matrix { element: Named(KindId(14)), dimensions: [Parameter(DimensionParameterId(0)), Parameter(DimensionParameterId(1))] }, Matrix { element: Named(KindId(14)), dimensions: [Parameter(DimensionParameterId(0)), Parameter(DimensionParameterId(1))] }]), outputs: [Matrix { element: Named(KindId(15)), dimensions: [Parameter(DimensionParameterId(0)), Parameter(DimensionParameterId(1))] }], constraints: [] }, output_schema_rules: [FromResolvedType] }	O01: untested as an independently identified overload; the export sample is not attributed to this candidate	representative admitted kind/layout cells, rejected target cells, reference values, bytecode and changing-turn behavior
math/trunc	0	FunctionTypeOverload { id: 0, input_layout: [Value], scheme: KindScheme { kind_parameters: [KindParameter { id: KindParameterId(0), upper_bound: None }], dimension_parameters: [], inputs: Fixed([Parameter(KindParameterId(0))]), outputs: [Parameter(KindParameterId(0))], constraints: [Satisfies { kind: Parameter(KindParameterId(0)), predicate: FloatingPoint }] }, output_schema_rules: [FromResolvedType] }	O01: untested as an independently identified overload; the export sample is not attributed to this candidate	representative admitted kind/layout cells, rejected target cells, reference values, bytecode and changing-turn behavior
math/trunc	1	FunctionTypeOverload { id: 1, input_layout: [Value], scheme: KindScheme { kind_parameters: [KindParameter { id: KindParameterId(0), upper_bound: None }], dimension_parameters: [DimensionParameterDeclaration { id: DimensionParameterId(0), origin: Inferred, lifetime: Turn, lower_bound: Constant(0), upper_bound: None }, DimensionParameterDeclaration { id: DimensionParameterId(1), origin: Inferred, lifetime: Turn, lower_bound: Constant(0), upper_bound: None }], inputs: Fixed([Matrix { element: Parameter(KindParameterId(0)), dimensions: [Parameter(DimensionParameterId(0)), Parameter(DimensionParameterId(1))] }]), outputs: [Matrix { element: Parameter(KindParameterId(0)), dimensions: [Parameter(DimensionParameterId(0)), Parameter(DimensionParameterId(1))] }], constraints: [Satisfies { kind: Parameter(KindParameterId(0)), predicate: FloatingPoint }] }, output_schema_rules: [FromResolvedType] }	O01: untested as an independently identified overload; the export sample is not attributed to this candidate	representative admitted kind/layout cells, rejected target cells, reference values, bytecode and changing-turn behavior
math/bessel/j1	0	FunctionTypeOverload { id: 0, input_layout: [Value], scheme: KindScheme { kind_parameters: [KindParameter { id: KindParameterId(0), upper_bound: None }], dimension_parameters: [], inputs: Fixed([Parameter(KindParameterId(0))]), outputs: [Parameter(KindParameterId(0))], constraints: [Satisfies { kind: Parameter(KindParameterId(0)), predicate: FloatingPoint }] }, output_schema_rules: [FromResolvedType] }	O01: untested as an independently identified overload; the export sample is not attributed to this candidate	representative admitted kind/layout cells, rejected target cells, reference values, bytecode and changing-turn behavior
math/bessel/j1	1	FunctionTypeOverload { id: 1, input_layout: [Value], scheme: KindScheme { kind_parameters: [KindParameter { id: KindParameterId(0), upper_bound: None }], dimension_parameters: [DimensionParameterDeclaration { id: DimensionParameterId(0), origin: Inferred, lifetime: Turn, lower_bound: Constant(0), upper_bound: None }, DimensionParameterDeclaration { id: DimensionParameterId(1), origin: Inferred, lifetime: Turn, lower_bound: Constant(0), upper_bound: None }], inputs: Fixed([Matrix { element: Parameter(KindParameterId(0)), dimensions: [Parameter(DimensionParameterId(0)), Parameter(DimensionParameterId(1))] }]), outputs: [Matrix { element: Parameter(KindParameterId(0)), dimensions: [Parameter(DimensionParameterId(0)), Parameter(DimensionParameterId(1))] }], constraints: [Satisfies { kind: Parameter(KindParameterId(0)), predicate: FloatingPoint }] }, output_schema_rules: [FromResolvedType] }	O01: untested as an independently identified overload; the export sample is not attributed to this candidate	representative admitted kind/layout cells, rejected target cells, reference values, bytecode and changing-turn behavior
range/exclusive-increment	0	FunctionTypeOverload { id: 0, input_layout: [Value, Value, Value], scheme: KindScheme { kind_parameters: [KindParameter { id: KindParameterId(0), upper_bound: None }, KindParameter { id: KindParameterId(1), upper_bound: None }, KindParameter { id: KindParameterId(2), upper_bound: None }, KindParameter { id: KindParameterId(3), upper_bound: None }, KindParameter { id: KindParameterId(4), upper_bound: None }], dimension_parameters: [DimensionParameterDeclaration { id: DimensionParameterId(0), origin: Inferred, lifetime: Turn, lower_bound: Constant(0), upper_bound: None }], inputs: Fixed([Parameter(KindParameterId(0)), Parameter(KindParameterId(1)), Parameter(KindParameterId(2))]), outputs: [Matrix { element: Parameter(KindParameterId(4)), dimensions: [Constant(1), Parameter(DimensionParameterId(0))] }], constraints: [Satisfies { kind: Parameter(KindParameterId(0)), predicate: RangeEndpoint }, Satisfies { kind: Parameter(KindParameterId(1)), predicate: RangeEndpoint }, Satisfies { kind: Parameter(KindParameterId(2)), predicate: RangeEndpoint }, Promotes { left: Parameter(KindParameterId(0)), right: Parameter(KindParameterId(1)), output: Parameter(KindParameterId(3)) }, Promotes { left: Parameter(KindParameterId(3)), right: Parameter(KindParameterId(2)), output: Parameter(KindParameterId(4)) }] }, output_schema_rules: [FromResolvedType] }	O01: untested as an independently identified overload; the export sample is not attributed to this candidate	representative admitted kind/layout cells, rejected target cells, reference values, bytecode and changing-turn behavior
math/mul-assign/range	0	FunctionTypeOverload { id: 0, input_layout: [Value, Value, Value], scheme: KindScheme { kind_parameters: [KindParameter { id: KindParameterId(0), upper_bound: None }, KindParameter { id: KindParameterId(1), upper_bound: None }], dimension_parameters: [], inputs: Fixed([Parameter(KindParameterId(0)), Parameter(KindParameterId(0)), Parameter(KindParameterId(1))]), outputs: [Parameter(KindParameterId(0))], constraints: [Satisfies { kind: Parameter(KindParameterId(0)), predicate: Number }] }, output_schema_rules: [FromResolvedType] }	O01: untested as an independently identified overload; the export sample is not attributed to this candidate	representative admitted kind/layout cells, rejected target cells, reference values, bytecode and changing-turn behavior
math/mul-assign/range	1	FunctionTypeOverload { id: 1, input_layout: [Value, Value, Value], scheme: KindScheme { kind_parameters: [KindParameter { id: KindParameterId(0), upper_bound: None }, KindParameter { id: KindParameterId(1), upper_bound: None }], dimension_parameters: [DimensionParameterDeclaration { id: DimensionParameterId(0), origin: Inferred, lifetime: Turn, lower_bound: Constant(0), upper_bound: None }, DimensionParameterDeclaration { id: DimensionParameterId(1), origin: Inferred, lifetime: Turn, lower_bound: Constant(0), upper_bound: None }], inputs: Fixed([Matrix { element: Parameter(KindParameterId(0)), dimensions: [Parameter(DimensionParameterId(0)), Parameter(DimensionParameterId(1))] }, Parameter(KindParameterId(0)), Parameter(KindParameterId(1))]), outputs: [Matrix { element: Parameter(KindParameterId(0)), dimensions: [Parameter(DimensionParameterId(0)), Parameter(DimensionParameterId(1))] }], constraints: [Satisfies { kind: Parameter(KindParameterId(0)), predicate: Number }] }, output_schema_rules: [FromResolvedType] }	O01: untested as an independently identified overload; the export sample is not attributed to this candidate	representative admitted kind/layout cells, rejected target cells, reference values, bytecode and changing-turn behavior
math/mul-assign/range	2	FunctionTypeOverload { id: 2, input_layout: [Value, Value, Value], scheme: KindScheme { kind_parameters: [KindParameter { id: KindParameterId(0), upper_bound: None }, KindParameter { id: KindParameterId(1), upper_bound: None }], dimension_parameters: [DimensionParameterDeclaration { id: DimensionParameterId(0), origin: Inferred, lifetime: Turn, lower_bound: Constant(0), upper_bound: None }, DimensionParameterDeclaration { id: DimensionParameterId(1), origin: Inferred, lifetime: Turn, lower_bound: Constant(0), upper_bound: None }, DimensionParameterDeclaration { id: DimensionParameterId(2), origin: Inferred, lifetime: Turn, lower_bound: Constant(0), upper_bound: None }, DimensionParameterDeclaration { id: DimensionParameterId(3), origin: Inferred, lifetime: Turn, lower_bound: Constant(0), upper_bound: None }], inputs: Fixed([Matrix { element: Parameter(KindParameterId(0)), dimensions: [Parameter(DimensionParameterId(0)), Parameter(DimensionParameterId(1))] }, Matrix { element: Parameter(KindParameterId(0)), dimensions: [Parameter(DimensionParameterId(2)), Parameter(DimensionParameterId(3))] }, Parameter(KindParameterId(1))]), outputs: [Matrix { element: Parameter(KindParameterId(0)), dimensions: [Parameter(DimensionParameterId(0)), Parameter(DimensionParameterId(1))] }], constraints: [Satisfies { kind: Parameter(KindParameterId(0)), predicate: Number }] }, output_schema_rules: [FromResolvedType] }	O01: untested as an independently identified overload; the export sample is not attributed to this candidate	representative admitted kind/layout cells, rejected target cells, reference values, bytecode and changing-turn behavior
math/sub	0	FunctionTypeOverload { id: 0, input_layout: [Value, Value], scheme: KindScheme { kind_parameters: [KindParameter { id: KindParameterId(0), upper_bound: None }, KindParameter { id: KindParameterId(1), upper_bound: None }, KindParameter { id: KindParameterId(2), upper_bound: None }], dimension_parameters: [], inputs: Fixed([Parameter(KindParameterId(0)), Parameter(KindParameterId(1))]), outputs: [Parameter(KindParameterId(2))], constraints: [Satisfies { kind: Parameter(KindParameterId(0)), predicate: Number }, Satisfies { kind: Parameter(KindParameterId(1)), predicate: Number }, Promotes { left: Parameter(KindParameterId(0)), right: Parameter(KindParameterId(1)), output: Parameter(KindParameterId(2)) }] }, output_schema_rules: [FromResolvedType] }	O01: untested as an independently identified overload; the export sample is not attributed to this candidate	representative admitted kind/layout cells, rejected target cells, reference values, bytecode and changing-turn behavior
math/sub	1	FunctionTypeOverload { id: 1, input_layout: [Value, Value], scheme: KindScheme { kind_parameters: [KindParameter { id: KindParameterId(0), upper_bound: None }, KindParameter { id: KindParameterId(1), upper_bound: None }, KindParameter { id: KindParameterId(2), upper_bound: None }], dimension_parameters: [DimensionParameterDeclaration { id: DimensionParameterId(0), origin: Inferred, lifetime: Turn, lower_bound: Constant(0), upper_bound: None }, DimensionParameterDeclaration { id: DimensionParameterId(1), origin: Inferred, lifetime: Turn, lower_bound: Constant(0), upper_bound: None }], inputs: Fixed([Matrix { element: Parameter(KindParameterId(0)), dimensions: [Parameter(DimensionParameterId(0)), Parameter(DimensionParameterId(1))] }, Matrix { element: Parameter(KindParameterId(1)), dimensions: [Parameter(DimensionParameterId(0)), Parameter(DimensionParameterId(1))] }]), outputs: [Matrix { element: Parameter(KindParameterId(2)), dimensions: [Parameter(DimensionParameterId(0)), Parameter(DimensionParameterId(1))] }], constraints: [Satisfies { kind: Parameter(KindParameterId(0)), predicate: Number }, Satisfies { kind: Parameter(KindParameterId(1)), predicate: Number }, Promotes { left: Parameter(KindParameterId(0)), right: Parameter(KindParameterId(1)), output: Parameter(KindParameterId(2)) }] }, output_schema_rules: [FromResolvedType] }	O01: untested as an independently identified overload; the export sample is not attributed to this candidate	representative admitted kind/layout cells, rejected target cells, reference values, bytecode and changing-turn behavior
math/sub	2	FunctionTypeOverload { id: 2, input_layout: [Value, Value], scheme: KindScheme { kind_parameters: [KindParameter { id: KindParameterId(0), upper_bound: None }, KindParameter { id: KindParameterId(1), upper_bound: None }, KindParameter { id: KindParameterId(2), upper_bound: None }], dimension_parameters: [DimensionParameterDeclaration { id: DimensionParameterId(0), origin: Inferred, lifetime: Turn, lower_bound: Constant(0), upper_bound: None }, DimensionParameterDeclaration { id: DimensionParameterId(1), origin: Inferred, lifetime: Turn, lower_bound: Constant(0), upper_bound: None }], inputs: Fixed([Matrix { element: Parameter(KindParameterId(0)), dimensions: [Parameter(DimensionParameterId(0)), Parameter(DimensionParameterId(1))] }, Parameter(KindParameterId(1))]), outputs: [Matrix { element: Parameter(KindParameterId(2)), dimensions: [Parameter(DimensionParameterId(0)), Parameter(DimensionParameterId(1))] }], constraints: [Satisfies { kind: Parameter(KindParameterId(0)), predicate: Number }, Satisfies { kind: Parameter(KindParameterId(1)), predicate: Number }, Promotes { left: Parameter(KindParameterId(0)), right: Parameter(KindParameterId(1)), output: Parameter(KindParameterId(2)) }] }, output_schema_rules: [FromResolvedType] }	O01: untested as an independently identified overload; the export sample is not attributed to this candidate	representative admitted kind/layout cells, rejected target cells, reference values, bytecode and changing-turn behavior
math/sub	3	FunctionTypeOverload { id: 3, input_layout: [Value, Value], scheme: KindScheme { kind_parameters: [KindParameter { id: KindParameterId(0), upper_bound: None }, KindParameter { id: KindParameterId(1), upper_bound: None }, KindParameter { id: KindParameterId(2), upper_bound: None }], dimension_parameters: [DimensionParameterDeclaration { id: DimensionParameterId(0), origin: Inferred, lifetime: Turn, lower_bound: Constant(0), upper_bound: None }, DimensionParameterDeclaration { id: DimensionParameterId(1), origin: Inferred, lifetime: Turn, lower_bound: Constant(0), upper_bound: None }], inputs: Fixed([Parameter(KindParameterId(0)), Matrix { element: Parameter(KindParameterId(1)), dimensions: [Parameter(DimensionParameterId(0)), Parameter(DimensionParameterId(1))] }]), outputs: [Matrix { element: Parameter(KindParameterId(2)), dimensions: [Parameter(DimensionParameterId(0)), Parameter(DimensionParameterId(1))] }], constraints: [Satisfies { kind: Parameter(KindParameterId(0)), predicate: Number }, Satisfies { kind: Parameter(KindParameterId(1)), predicate: Number }, Promotes { left: Parameter(KindParameterId(0)), right: Parameter(KindParameterId(1)), output: Parameter(KindParameterId(2)) }] }, output_schema_rules: [FromResolvedType] }	O01: untested as an independently identified overload; the export sample is not attributed to this candidate	representative admitted kind/layout cells, rejected target cells, reference values, bytecode and changing-turn behavior
math/sub	4	FunctionTypeOverload { id: 4, input_layout: [Value, Value], scheme: KindScheme { kind_parameters: [KindParameter { id: KindParameterId(0), upper_bound: None }, KindParameter { id: KindParameterId(1), upper_bound: None }, KindParameter { id: KindParameterId(2), upper_bound: None }], dimension_parameters: [DimensionParameterDeclaration { id: DimensionParameterId(0), origin: Inferred, lifetime: Turn, lower_bound: Constant(0), upper_bound: None }, DimensionParameterDeclaration { id: DimensionParameterId(1), origin: Inferred, lifetime: Turn, lower_bound: Constant(0), upper_bound: None }, DimensionParameterDeclaration { id: DimensionParameterId(2), origin: Inferred, lifetime: Turn, lower_bound: Constant(0), upper_bound: None }], inputs: Fixed([Matrix { element: Parameter(KindParameterId(0)), dimensions: [Parameter(DimensionParameterId(0)), Parameter(DimensionParameterId(1))] }, Matrix { element: Parameter(KindParameterId(1)), dimensions: [Parameter(DimensionParameterId(2)), Constant(1)] }]), outputs: [Matrix { element: Parameter(KindParameterId(2)), dimensions: [Parameter(DimensionParameterId(0)), Parameter(DimensionParameterId(1))] }], constraints: [Satisfies { kind: Parameter(KindParameterId(0)), predicate: Number }, Satisfies { kind: Parameter(KindParameterId(1)), predicate: Number }, Promotes { left: Parameter(KindParameterId(0)), right: Parameter(KindParameterId(1)), output: Parameter(KindParameterId(2)) }, DimensionCompatible(Parameter(DimensionParameterId(0)), Parameter(DimensionParameterId(2)))] }, output_schema_rules: [FromResolvedType] }	O01: untested as an independently identified overload; the export sample is not attributed to this candidate	representative admitted kind/layout cells, rejected target cells, reference values, bytecode and changing-turn behavior
math/sub	5	FunctionTypeOverload { id: 5, input_layout: [Value, Value], scheme: KindScheme { kind_parameters: [KindParameter { id: KindParameterId(0), upper_bound: None }, KindParameter { id: KindParameterId(1), upper_bound: None }, KindParameter { id: KindParameterId(2), upper_bound: None }], dimension_parameters: [DimensionParameterDeclaration { id: DimensionParameterId(0), origin: Inferred, lifetime: Turn, lower_bound: Constant(0), upper_bound: None }, DimensionParameterDeclaration { id: DimensionParameterId(1), origin: Inferred, lifetime: Turn, lower_bound: Constant(0), upper_bound: None }, DimensionParameterDeclaration { id: DimensionParameterId(2), origin: Inferred, lifetime: Turn, lower_bound: Constant(0), upper_bound: None }], inputs: Fixed([Matrix { element: Parameter(KindParameterId(0)), dimensions: [Parameter(DimensionParameterId(0)), Parameter(DimensionParameterId(1))] }, Matrix { element: Parameter(KindParameterId(1)), dimensions: [Constant(1), Parameter(DimensionParameterId(2))] }]), outputs: [Matrix { element: Parameter(KindParameterId(2)), dimensions: [Parameter(DimensionParameterId(0)), Parameter(DimensionParameterId(1))] }], constraints: [Satisfies { kind: Parameter(KindParameterId(0)), predicate: Number }, Satisfies { kind: Parameter(KindParameterId(1)), predicate: Number }, Promotes { left: Parameter(KindParameterId(0)), right: Parameter(KindParameterId(1)), output: Parameter(KindParameterId(2)) }, DimensionCompatible(Parameter(DimensionParameterId(1)), Parameter(DimensionParameterId(2)))] }, output_schema_rules: [FromResolvedType] }	O01: untested as an independently identified overload; the export sample is not attributed to this candidate	representative admitted kind/layout cells, rejected target cells, reference values, bytecode and changing-turn behavior
math/sub	6	FunctionTypeOverload { id: 6, input_layout: [Value, Value], scheme: KindScheme { kind_parameters: [KindParameter { id: KindParameterId(0), upper_bound: None }, KindParameter { id: KindParameterId(1), upper_bound: None }, KindParameter { id: KindParameterId(2), upper_bound: None }], dimension_parameters: [DimensionParameterDeclaration { id: DimensionParameterId(0), origin: Inferred, lifetime: Turn, lower_bound: Constant(0), upper_bound: None }, DimensionParameterDeclaration { id: DimensionParameterId(1), origin: Inferred, lifetime: Turn, lower_bound: Constant(0), upper_bound: None }, DimensionParameterDeclaration { id: DimensionParameterId(2), origin: Inferred, lifetime: Turn, lower_bound: Constant(0), upper_bound: None }], inputs: Fixed([Matrix { element: Parameter(KindParameterId(0)), dimensions: [Parameter(DimensionParameterId(2)), Constant(1)] }, Matrix { element: Parameter(KindParameterId(1)), dimensions: [Parameter(DimensionParameterId(0)), Parameter(DimensionParameterId(1))] }]), outputs: [Matrix { element: Parameter(KindParameterId(2)), dimensions: [Parameter(DimensionParameterId(0)), Parameter(DimensionParameterId(1))] }], constraints: [Satisfies { kind: Parameter(KindParameterId(0)), predicate: Number }, Satisfies { kind: Parameter(KindParameterId(1)), predicate: Number }, Promotes { left: Parameter(KindParameterId(0)), right: Parameter(KindParameterId(1)), output: Parameter(KindParameterId(2)) }, DimensionCompatible(Parameter(DimensionParameterId(0)), Parameter(DimensionParameterId(2)))] }, output_schema_rules: [FromResolvedType] }	O01: untested as an independently identified overload; the export sample is not attributed to this candidate	representative admitted kind/layout cells, rejected target cells, reference values, bytecode and changing-turn behavior
math/sub	7	FunctionTypeOverload { id: 7, input_layout: [Value, Value], scheme: KindScheme { kind_parameters: [KindParameter { id: KindParameterId(0), upper_bound: None }, KindParameter { id: KindParameterId(1), upper_bound: None }, KindParameter { id: KindParameterId(2), upper_bound: None }], dimension_parameters: [DimensionParameterDeclaration { id: DimensionParameterId(0), origin: Inferred, lifetime: Turn, lower_bound: Constant(0), upper_bound: None }, DimensionParameterDeclaration { id: DimensionParameterId(1), origin: Inferred, lifetime: Turn, lower_bound: Constant(0), upper_bound: None }, DimensionParameterDeclaration { id: DimensionParameterId(2), origin: Inferred, lifetime: Turn, lower_bound: Constant(0), upper_bound: None }], inputs: Fixed([Matrix { element: Parameter(KindParameterId(0)), dimensions: [Constant(1), Parameter(DimensionParameterId(2))] }, Matrix { element: Parameter(KindParameterId(1)), dimensions: [Parameter(DimensionParameterId(0)), Parameter(DimensionParameterId(1))] }]), outputs: [Matrix { element: Parameter(KindParameterId(2)), dimensions: [Parameter(DimensionParameterId(0)), Parameter(DimensionParameterId(1))] }], constraints: [Satisfies { kind: Parameter(KindParameterId(0)), predicate: Number }, Satisfies { kind: Parameter(KindParameterId(1)), predicate: Number }, Promotes { left: Parameter(KindParameterId(0)), right: Parameter(KindParameterId(1)), output: Parameter(KindParameterId(2)) }, DimensionCompatible(Parameter(DimensionParameterId(1)), Parameter(DimensionParameterId(2)))] }, output_schema_rules: [FromResolvedType] }	O01: untested as an independently identified overload; the export sample is not attributed to this candidate	representative admitted kind/layout cells, rejected target cells, reference values, bytecode and changing-turn behavior
math/sub	8	FunctionTypeOverload { id: 8, input_layout: [Value, Value], scheme: KindScheme { kind_parameters: [KindParameter { id: KindParameterId(0), upper_bound: None }, KindParameter { id: KindParameterId(1), upper_bound: None }, KindParameter { id: KindParameterId(2), upper_bound: None }], dimension_parameters: [DimensionParameterDeclaration { id: DimensionParameterId(0), origin: Inferred, lifetime: Turn, lower_bound: Constant(0), upper_bound: None }, DimensionParameterDeclaration { id: DimensionParameterId(1), origin: Inferred, lifetime: Turn, lower_bound: Constant(0), upper_bound: None }, DimensionParameterDeclaration { id: DimensionParameterId(2), origin: Inferred, lifetime: Turn, lower_bound: Constant(0), upper_bound: None }, DimensionParameterDeclaration { id: DimensionParameterId(3), origin: Inferred, lifetime: Turn, lower_bound: Constant(0), upper_bound: None }], inputs: Fixed([Matrix { element: Parameter(KindParameterId(0)), dimensions: [Parameter(DimensionParameterId(0)), Parameter(DimensionParameterId(1))] }, Matrix { element: Parameter(KindParameterId(1)), dimensions: [Parameter(DimensionParameterId(2)), Parameter(DimensionParameterId(3))] }]), outputs: [Matrix { element: Parameter(KindParameterId(2)), dimensions: [Parameter(DimensionParameterId(0)), Parameter(DimensionParameterId(1))] }], constraints: [Satisfies { kind: Parameter(KindParameterId(0)), predicate: Number }, Satisfies { kind: Parameter(KindParameterId(1)), predicate: Number }, Promotes { left: Parameter(KindParameterId(0)), right: Parameter(KindParameterId(1)), output: Parameter(KindParameterId(2)) }, DimensionCompatible(Parameter(DimensionParameterId(0)), Parameter(DimensionParameterId(2))), DimensionCompatible(Parameter(DimensionParameterId(1)), Parameter(DimensionParameterId(3)))] }, output_schema_rules: [FromResolvedType] }	O01: untested as an independently identified overload; the export sample is not attributed to this candidate	representative admitted kind/layout cells, rejected target cells, reference values, bytecode and changing-turn behavior
math/sub	9	FunctionTypeOverload { id: 9, input_layout: [Value, Value], scheme: KindScheme { kind_parameters: [KindParameter { id: KindParameterId(0), upper_bound: None }, KindParameter { id: KindParameterId(1), upper_bound: None }, KindParameter { id: KindParameterId(2), upper_bound: None }], dimension_parameters: [DimensionParameterDeclaration { id: DimensionParameterId(0), origin: Inferred, lifetime: Turn, lower_bound: Constant(0), upper_bound: None }, DimensionParameterDeclaration { id: DimensionParameterId(1), origin: Inferred, lifetime: Turn, lower_bound: Constant(0), upper_bound: None }, DimensionParameterDeclaration { id: DimensionParameterId(2), origin: Inferred, lifetime: Turn, lower_bound: Constant(0), upper_bound: None }, DimensionParameterDeclaration { id: DimensionParameterId(3), origin: Inferred, lifetime: Turn, lower_bound: Constant(0), upper_bound: None }], inputs: Fixed([Matrix { element: Parameter(KindParameterId(0)), dimensions: [Parameter(DimensionParameterId(0)), Parameter(DimensionParameterId(1))] }, Matrix { element: Parameter(KindParameterId(1)), dimensions: [Parameter(DimensionParameterId(2)), Parameter(DimensionParameterId(3))] }]), outputs: [Matrix { element: Parameter(KindParameterId(2)), dimensions: [Parameter(DimensionParameterId(2)), Parameter(DimensionParameterId(3))] }], constraints: [Satisfies { kind: Parameter(KindParameterId(0)), predicate: Number }, Satisfies { kind: Parameter(KindParameterId(1)), predicate: Number }, Promotes { left: Parameter(KindParameterId(0)), right: Parameter(KindParameterId(1)), output: Parameter(KindParameterId(2)) }, DimensionCompatible(Parameter(DimensionParameterId(0)), Parameter(DimensionParameterId(2))), DimensionCompatible(Parameter(DimensionParameterId(1)), Parameter(DimensionParameterId(3)))] }, output_schema_rules: [FromResolvedType] }	O01: untested as an independently identified overload; the export sample is not attributed to this candidate	representative admitted kind/layout cells, rejected target cells, reference values, bytecode and changing-turn behavior
logic/not	0	FunctionTypeOverload { id: 0, input_layout: [Value], scheme: KindScheme { kind_parameters: [], dimension_parameters: [], inputs: Fixed([Named(KindId(15))]), outputs: [Named(KindId(15))], constraints: [] }, output_schema_rules: [FromResolvedType] }	O01: untested as an independently identified overload; the export sample is not attributed to this candidate	representative admitted kind/layout cells, rejected target cells, reference values, bytecode and changing-turn behavior
logic/not	1	FunctionTypeOverload { id: 1, input_layout: [Value], scheme: KindScheme { kind_parameters: [], dimension_parameters: [DimensionParameterDeclaration { id: DimensionParameterId(0), origin: Inferred, lifetime: Turn, lower_bound: Constant(0), upper_bound: None }, DimensionParameterDeclaration { id: DimensionParameterId(1), origin: Inferred, lifetime: Turn, lower_bound: Constant(0), upper_bound: None }], inputs: Fixed([Matrix { element: Named(KindId(15)), dimensions: [Parameter(DimensionParameterId(0)), Parameter(DimensionParameterId(1))] }]), outputs: [Matrix { element: Named(KindId(15)), dimensions: [Parameter(DimensionParameterId(0)), Parameter(DimensionParameterId(1))] }], constraints: [] }, output_schema_rules: [FromResolvedType] }	O01: untested as an independently identified overload; the export sample is not attributed to this candidate	representative admitted kind/layout cells, rejected target cells, reference values, bytecode and changing-turn behavior
compare/neq	0	FunctionTypeOverload { id: 0, input_layout: [Value, Value], scheme: KindScheme { kind_parameters: [KindParameter { id: KindParameterId(0), upper_bound: None }], dimension_parameters: [], inputs: Fixed([Parameter(KindParameterId(0)), Parameter(KindParameterId(0))]), outputs: [Named(KindId(15))], constraints: [Satisfies { kind: Parameter(KindParameterId(0)), predicate: Equatable }] }, output_schema_rules: [FromResolvedType] }	O01: untested as an independently identified overload; the export sample is not attributed to this candidate	representative admitted kind/layout cells, rejected target cells, reference values, bytecode and changing-turn behavior
compare/neq	1	FunctionTypeOverload { id: 1, input_layout: [Value, Value], scheme: KindScheme { kind_parameters: [KindParameter { id: KindParameterId(0), upper_bound: None }], dimension_parameters: [DimensionParameterDeclaration { id: DimensionParameterId(0), origin: Inferred, lifetime: Turn, lower_bound: Constant(0), upper_bound: None }, DimensionParameterDeclaration { id: DimensionParameterId(1), origin: Inferred, lifetime: Turn, lower_bound: Constant(0), upper_bound: None }], inputs: Fixed([Matrix { element: Parameter(KindParameterId(0)), dimensions: [Parameter(DimensionParameterId(0)), Parameter(DimensionParameterId(1))] }, Matrix { element: Parameter(KindParameterId(0)), dimensions: [Parameter(DimensionParameterId(0)), Parameter(DimensionParameterId(1))] }]), outputs: [Matrix { element: Named(KindId(15)), dimensions: [Parameter(DimensionParameterId(0)), Parameter(DimensionParameterId(1))] }], constraints: [Satisfies { kind: Parameter(KindParameterId(0)), predicate: Number }] }, output_schema_rules: [FromResolvedType] }	O01: untested as an independently identified overload; the export sample is not attributed to this candidate	representative admitted kind/layout cells, rejected target cells, reference values, bytecode and changing-turn behavior
compare/neq	2	FunctionTypeOverload { id: 2, input_layout: [Value, Value], scheme: KindScheme { kind_parameters: [], dimension_parameters: [DimensionParameterDeclaration { id: DimensionParameterId(0), origin: Inferred, lifetime: Turn, lower_bound: Constant(0), upper_bound: None }, DimensionParameterDeclaration { id: DimensionParameterId(1), origin: Inferred, lifetime: Turn, lower_bound: Constant(0), upper_bound: None }], inputs: Fixed([Matrix { element: Named(KindId(15)), dimensions: [Parameter(DimensionParameterId(0)), Parameter(DimensionParameterId(1))] }, Matrix { element: Named(KindId(15)), dimensions: [Parameter(DimensionParameterId(0)), Parameter(DimensionParameterId(1))] }]), outputs: [Matrix { element: Named(KindId(15)), dimensions: [Parameter(DimensionParameterId(0)), Parameter(DimensionParameterId(1))] }], constraints: [] }, output_schema_rules: [FromResolvedType] }	O01: untested as an independently identified overload; the export sample is not attributed to this candidate	representative admitted kind/layout cells, rejected target cells, reference values, bytecode and changing-turn behavior
compare/neq	3	FunctionTypeOverload { id: 3, input_layout: [Value, Value], scheme: KindScheme { kind_parameters: [], dimension_parameters: [DimensionParameterDeclaration { id: DimensionParameterId(0), origin: Inferred, lifetime: Turn, lower_bound: Constant(0), upper_bound: None }, DimensionParameterDeclaration { id: DimensionParameterId(1), origin: Inferred, lifetime: Turn, lower_bound: Constant(0), upper_bound: None }], inputs: Fixed([Matrix { element: Named(KindId(15)), dimensions: [Parameter(DimensionParameterId(0)), Parameter(DimensionParameterId(1))] }, Named(KindId(15))]), outputs: [Matrix { element: Named(KindId(15)), dimensions: [Parameter(DimensionParameterId(0)), Parameter(DimensionParameterId(1))] }], constraints: [] }, output_schema_rules: [FromResolvedType] }	O01: untested as an independently identified overload; the export sample is not attributed to this candidate	representative admitted kind/layout cells, rejected target cells, reference values, bytecode and changing-turn behavior
compare/neq	4	FunctionTypeOverload { id: 4, input_layout: [Value, Value], scheme: KindScheme { kind_parameters: [], dimension_parameters: [DimensionParameterDeclaration { id: DimensionParameterId(0), origin: Inferred, lifetime: Turn, lower_bound: Constant(0), upper_bound: None }, DimensionParameterDeclaration { id: DimensionParameterId(1), origin: Inferred, lifetime: Turn, lower_bound: Constant(0), upper_bound: None }, DimensionParameterDeclaration { id: DimensionParameterId(2), origin: Inferred, lifetime: Turn, lower_bound: Constant(0), upper_bound: None }], inputs: Fixed([Matrix { element: Named(KindId(15)), dimensions: [Parameter(DimensionParameterId(0)), Parameter(DimensionParameterId(1))] }, Matrix { element: Named(KindId(15)), dimensions: [Parameter(DimensionParameterId(2)), Constant(1)] }]), outputs: [Matrix { element: Named(KindId(15)), dimensions: [Parameter(DimensionParameterId(0)), Parameter(DimensionParameterId(1))] }], constraints: [DimensionCompatible(Parameter(DimensionParameterId(0)), Parameter(DimensionParameterId(2)))] }, output_schema_rules: [FromResolvedType] }	O01: untested as an independently identified overload; the export sample is not attributed to this candidate	representative admitted kind/layout cells, rejected target cells, reference values, bytecode and changing-turn behavior
compare/neq	5	FunctionTypeOverload { id: 5, input_layout: [Value, Value], scheme: KindScheme { kind_parameters: [], dimension_parameters: [DimensionParameterDeclaration { id: DimensionParameterId(0), origin: Inferred, lifetime: Turn, lower_bound: Constant(0), upper_bound: None }, DimensionParameterDeclaration { id: DimensionParameterId(1), origin: Inferred, lifetime: Turn, lower_bound: Constant(0), upper_bound: None }, DimensionParameterDeclaration { id: DimensionParameterId(2), origin: Inferred, lifetime: Turn, lower_bound: Constant(0), upper_bound: None }], inputs: Fixed([Matrix { element: Named(KindId(15)), dimensions: [Parameter(DimensionParameterId(0)), Parameter(DimensionParameterId(1))] }, Matrix { element: Named(KindId(15)), dimensions: [Constant(1), Parameter(DimensionParameterId(2))] }]), outputs: [Matrix { element: Named(KindId(15)), dimensions: [Parameter(DimensionParameterId(0)), Parameter(DimensionParameterId(1))] }], constraints: [DimensionCompatible(Parameter(DimensionParameterId(1)), Parameter(DimensionParameterId(2)))] }, output_schema_rules: [FromResolvedType] }	O01: untested as an independently identified overload; the export sample is not attributed to this candidate	representative admitted kind/layout cells, rejected target cells, reference values, bytecode and changing-turn behavior
compare/neq	6	FunctionTypeOverload { id: 6, input_layout: [Value, Value], scheme: KindScheme { kind_parameters: [], dimension_parameters: [DimensionParameterDeclaration { id: DimensionParameterId(0), origin: Inferred, lifetime: Turn, lower_bound: Constant(0), upper_bound: None }, DimensionParameterDeclaration { id: DimensionParameterId(1), origin: Inferred, lifetime: Turn, lower_bound: Constant(0), upper_bound: None }], inputs: Fixed([Named(KindId(15)), Matrix { element: Named(KindId(15)), dimensions: [Parameter(DimensionParameterId(0)), Parameter(DimensionParameterId(1))] }]), outputs: [Matrix { element: Named(KindId(15)), dimensions: [Parameter(DimensionParameterId(0)), Parameter(DimensionParameterId(1))] }], constraints: [] }, output_schema_rules: [FromResolvedType] }	O01: untested as an independently identified overload; the export sample is not attributed to this candidate	representative admitted kind/layout cells, rejected target cells, reference values, bytecode and changing-turn behavior
compare/neq	7	FunctionTypeOverload { id: 7, input_layout: [Value, Value], scheme: KindScheme { kind_parameters: [], dimension_parameters: [DimensionParameterDeclaration { id: DimensionParameterId(0), origin: Inferred, lifetime: Turn, lower_bound: Constant(0), upper_bound: None }, DimensionParameterDeclaration { id: DimensionParameterId(1), origin: Inferred, lifetime: Turn, lower_bound: Constant(0), upper_bound: None }, DimensionParameterDeclaration { id: DimensionParameterId(2), origin: Inferred, lifetime: Turn, lower_bound: Constant(0), upper_bound: None }], inputs: Fixed([Matrix { element: Named(KindId(15)), dimensions: [Parameter(DimensionParameterId(2)), Constant(1)] }, Matrix { element: Named(KindId(15)), dimensions: [Parameter(DimensionParameterId(0)), Parameter(DimensionParameterId(1))] }]), outputs: [Matrix { element: Named(KindId(15)), dimensions: [Parameter(DimensionParameterId(0)), Parameter(DimensionParameterId(1))] }], constraints: [DimensionCompatible(Parameter(DimensionParameterId(0)), Parameter(DimensionParameterId(2)))] }, output_schema_rules: [FromResolvedType] }	O01: untested as an independently identified overload; the export sample is not attributed to this candidate	representative admitted kind/layout cells, rejected target cells, reference values, bytecode and changing-turn behavior
compare/neq	8	FunctionTypeOverload { id: 8, input_layout: [Value, Value], scheme: KindScheme { kind_parameters: [], dimension_parameters: [DimensionParameterDeclaration { id: DimensionParameterId(0), origin: Inferred, lifetime: Turn, lower_bound: Constant(0), upper_bound: None }, DimensionParameterDeclaration { id: DimensionParameterId(1), origin: Inferred, lifetime: Turn, lower_bound: Constant(0), upper_bound: None }, DimensionParameterDeclaration { id: DimensionParameterId(2), origin: Inferred, lifetime: Turn, lower_bound: Constant(0), upper_bound: None }], inputs: Fixed([Matrix { element: Named(KindId(15)), dimensions: [Constant(1), Parameter(DimensionParameterId(2))] }, Matrix { element: Named(KindId(15)), dimensions: [Parameter(DimensionParameterId(0)), Parameter(DimensionParameterId(1))] }]), outputs: [Matrix { element: Named(KindId(15)), dimensions: [Parameter(DimensionParameterId(0)), Parameter(DimensionParameterId(1))] }], constraints: [DimensionCompatible(Parameter(DimensionParameterId(1)), Parameter(DimensionParameterId(2)))] }, output_schema_rules: [FromResolvedType] }	O01: untested as an independently identified overload; the export sample is not attributed to this candidate	representative admitted kind/layout cells, rejected target cells, reference values, bytecode and changing-turn behavior
compare/neq	9	FunctionTypeOverload { id: 9, input_layout: [Value, Value], scheme: KindScheme { kind_parameters: [], dimension_parameters: [DimensionParameterDeclaration { id: DimensionParameterId(0), origin: Inferred, lifetime: Turn, lower_bound: Constant(0), upper_bound: None }, DimensionParameterDeclaration { id: DimensionParameterId(1), origin: Inferred, lifetime: Turn, lower_bound: Constant(0), upper_bound: None }], inputs: Fixed([Matrix { element: Named(KindId(14)), dimensions: [Parameter(DimensionParameterId(0)), Parameter(DimensionParameterId(1))] }, Matrix { element: Named(KindId(14)), dimensions: [Parameter(DimensionParameterId(0)), Parameter(DimensionParameterId(1))] }]), outputs: [Matrix { element: Named(KindId(15)), dimensions: [Parameter(DimensionParameterId(0)), Parameter(DimensionParameterId(1))] }], constraints: [] }, output_schema_rules: [FromResolvedType] }	O01: untested as an independently identified overload; the export sample is not attributed to this candidate	representative admitted kind/layout cells, rejected target cells, reference values, bytecode and changing-turn behavior
compare/neq	10	FunctionTypeOverload { id: 10, input_layout: [Value, Value], scheme: KindScheme { kind_parameters: [], dimension_parameters: [DimensionParameterDeclaration { id: DimensionParameterId(0), origin: Inferred, lifetime: Turn, lower_bound: Constant(0), upper_bound: None }, DimensionParameterDeclaration { id: DimensionParameterId(1), origin: Inferred, lifetime: Turn, lower_bound: Constant(0), upper_bound: None }], inputs: Fixed([Matrix { element: Named(KindId(14)), dimensions: [Parameter(DimensionParameterId(0)), Parameter(DimensionParameterId(1))] }, Named(KindId(14))]), outputs: [Matrix { element: Named(KindId(15)), dimensions: [Parameter(DimensionParameterId(0)), Parameter(DimensionParameterId(1))] }], constraints: [] }, output_schema_rules: [FromResolvedType] }	O01: untested as an independently identified overload; the export sample is not attributed to this candidate	representative admitted kind/layout cells, rejected target cells, reference values, bytecode and changing-turn behavior
compare/neq	11	FunctionTypeOverload { id: 11, input_layout: [Value, Value], scheme: KindScheme { kind_parameters: [], dimension_parameters: [DimensionParameterDeclaration { id: DimensionParameterId(0), origin: Inferred, lifetime: Turn, lower_bound: Constant(0), upper_bound: None }, DimensionParameterDeclaration { id: DimensionParameterId(1), origin: Inferred, lifetime: Turn, lower_bound: Constant(0), upper_bound: None }, DimensionParameterDeclaration { id: DimensionParameterId(2), origin: Inferred, lifetime: Turn, lower_bound: Constant(0), upper_bound: None }], inputs: Fixed([Matrix { element: Named(KindId(14)), dimensions: [Parameter(DimensionParameterId(0)), Parameter(DimensionParameterId(1))] }, Matrix { element: Named(KindId(14)), dimensions: [Parameter(DimensionParameterId(2)), Constant(1)] }]), outputs: [Matrix { element: Named(KindId(15)), dimensions: [Parameter(DimensionParameterId(0)), Parameter(DimensionParameterId(1))] }], constraints: [DimensionCompatible(Parameter(DimensionParameterId(0)), Parameter(DimensionParameterId(2)))] }, output_schema_rules: [FromResolvedType] }	O01: untested as an independently identified overload; the export sample is not attributed to this candidate	representative admitted kind/layout cells, rejected target cells, reference values, bytecode and changing-turn behavior
compare/neq	12	FunctionTypeOverload { id: 12, input_layout: [Value, Value], scheme: KindScheme { kind_parameters: [], dimension_parameters: [DimensionParameterDeclaration { id: DimensionParameterId(0), origin: Inferred, lifetime: Turn, lower_bound: Constant(0), upper_bound: None }, DimensionParameterDeclaration { id: DimensionParameterId(1), origin: Inferred, lifetime: Turn, lower_bound: Constant(0), upper_bound: None }, DimensionParameterDeclaration { id: DimensionParameterId(2), origin: Inferred, lifetime: Turn, lower_bound: Constant(0), upper_bound: None }], inputs: Fixed([Matrix { element: Named(KindId(14)), dimensions: [Parameter(DimensionParameterId(0)), Parameter(DimensionParameterId(1))] }, Matrix { element: Named(KindId(14)), dimensions: [Constant(1), Parameter(DimensionParameterId(2))] }]), outputs: [Matrix { element: Named(KindId(15)), dimensions: [Parameter(DimensionParameterId(0)), Parameter(DimensionParameterId(1))] }], constraints: [DimensionCompatible(Parameter(DimensionParameterId(1)), Parameter(DimensionParameterId(2)))] }, output_schema_rules: [FromResolvedType] }	O01: untested as an independently identified overload; the export sample is not attributed to this candidate	representative admitted kind/layout cells, rejected target cells, reference values, bytecode and changing-turn behavior
compare/neq	13	FunctionTypeOverload { id: 13, input_layout: [Value, Value], scheme: KindScheme { kind_parameters: [], dimension_parameters: [DimensionParameterDeclaration { id: DimensionParameterId(0), origin: Inferred, lifetime: Turn, lower_bound: Constant(0), upper_bound: None }, DimensionParameterDeclaration { id: DimensionParameterId(1), origin: Inferred, lifetime: Turn, lower_bound: Constant(0), upper_bound: None }], inputs: Fixed([Named(KindId(14)), Matrix { element: Named(KindId(14)), dimensions: [Parameter(DimensionParameterId(0)), Parameter(DimensionParameterId(1))] }]), outputs: [Matrix { element: Named(KindId(15)), dimensions: [Parameter(DimensionParameterId(0)), Parameter(DimensionParameterId(1))] }], constraints: [] }, output_schema_rules: [FromResolvedType] }	O01: untested as an independently identified overload; the export sample is not attributed to this candidate	representative admitted kind/layout cells, rejected target cells, reference values, bytecode and changing-turn behavior
compare/neq	14	FunctionTypeOverload { id: 14, input_layout: [Value, Value], scheme: KindScheme { kind_parameters: [], dimension_parameters: [DimensionParameterDeclaration { id: DimensionParameterId(0), origin: Inferred, lifetime: Turn, lower_bound: Constant(0), upper_bound: None }, DimensionParameterDeclaration { id: DimensionParameterId(1), origin: Inferred, lifetime: Turn, lower_bound: Constant(0), upper_bound: None }, DimensionParameterDeclaration { id: DimensionParameterId(2), origin: Inferred, lifetime: Turn, lower_bound: Constant(0), upper_bound: None }], inputs: Fixed([Matrix { element: Named(KindId(14)), dimensions: [Parameter(DimensionParameterId(2)), Constant(1)] }, Matrix { element: Named(KindId(14)), dimensions: [Parameter(DimensionParameterId(0)), Parameter(DimensionParameterId(1))] }]), outputs: [Matrix { element: Named(KindId(15)), dimensions: [Parameter(DimensionParameterId(0)), Parameter(DimensionParameterId(1))] }], constraints: [DimensionCompatible(Parameter(DimensionParameterId(0)), Parameter(DimensionParameterId(2)))] }, output_schema_rules: [FromResolvedType] }	O01: untested as an independently identified overload; the export sample is not attributed to this candidate	representative admitted kind/layout cells, rejected target cells, reference values, bytecode and changing-turn behavior
compare/neq	15	FunctionTypeOverload { id: 15, input_layout: [Value, Value], scheme: KindScheme { kind_parameters: [], dimension_parameters: [DimensionParameterDeclaration { id: DimensionParameterId(0), origin: Inferred, lifetime: Turn, lower_bound: Constant(0), upper_bound: None }, DimensionParameterDeclaration { id: DimensionParameterId(1), origin: Inferred, lifetime: Turn, lower_bound: Constant(0), upper_bound: None }, DimensionParameterDeclaration { id: DimensionParameterId(2), origin: Inferred, lifetime: Turn, lower_bound: Constant(0), upper_bound: None }], inputs: Fixed([Matrix { element: Named(KindId(14)), dimensions: [Constant(1), Parameter(DimensionParameterId(2))] }, Matrix { element: Named(KindId(14)), dimensions: [Parameter(DimensionParameterId(0)), Parameter(DimensionParameterId(1))] }]), outputs: [Matrix { element: Named(KindId(15)), dimensions: [Parameter(DimensionParameterId(0)), Parameter(DimensionParameterId(1))] }], constraints: [DimensionCompatible(Parameter(DimensionParameterId(1)), Parameter(DimensionParameterId(2)))] }, output_schema_rules: [FromResolvedType] }	O01: untested as an independently identified overload; the export sample is not attributed to this candidate	representative admitted kind/layout cells, rejected target cells, reference values, bytecode and changing-turn behavior
compare/neq	16	FunctionTypeOverload { id: 16, input_layout: [Value, Value], scheme: KindScheme { kind_parameters: [KindParameter { id: KindParameterId(0), upper_bound: None }], dimension_parameters: [DimensionParameterDeclaration { id: DimensionParameterId(0), origin: Inferred, lifetime: Turn, lower_bound: Constant(0), upper_bound: None }, DimensionParameterDeclaration { id: DimensionParameterId(1), origin: Inferred, lifetime: Turn, lower_bound: Constant(0), upper_bound: None }, DimensionParameterDeclaration { id: DimensionParameterId(2), origin: Inferred, lifetime: Turn, lower_bound: Constant(0), upper_bound: None }, DimensionParameterDeclaration { id: DimensionParameterId(3), origin: Inferred, lifetime: Turn, lower_bound: Constant(0), upper_bound: None }], inputs: Fixed([Matrix { element: Parameter(KindParameterId(0)), dimensions: [Parameter(DimensionParameterId(0)), Parameter(DimensionParameterId(1))] }, Matrix { element: Parameter(KindParameterId(0)), dimensions: [Parameter(DimensionParameterId(2)), Parameter(DimensionParameterId(3))] }]), outputs: [Matrix { element: Named(KindId(15)), dimensions: [Parameter(DimensionParameterId(0)), Parameter(DimensionParameterId(1))] }], constraints: [Satisfies { kind: Parameter(KindParameterId(0)), predicate: Number }, DimensionCompatible(Parameter(DimensionParameterId(0)), Parameter(DimensionParameterId(2))), DimensionCompatible(Parameter(DimensionParameterId(1)), Parameter(DimensionParameterId(3)))] }, output_schema_rules: [FromResolvedType] }	O01: untested as an independently identified overload; the export sample is not attributed to this candidate	representative admitted kind/layout cells, rejected target cells, reference values, bytecode and changing-turn behavior
compare/neq	17	FunctionTypeOverload { id: 17, input_layout: [Value, Value], scheme: KindScheme { kind_parameters: [KindParameter { id: KindParameterId(0), upper_bound: None }], dimension_parameters: [DimensionParameterDeclaration { id: DimensionParameterId(0), origin: Inferred, lifetime: Turn, lower_bound: Constant(0), upper_bound: None }, DimensionParameterDeclaration { id: DimensionParameterId(1), origin: Inferred, lifetime: Turn, lower_bound: Constant(0), upper_bound: None }, DimensionParameterDeclaration { id: DimensionParameterId(2), origin: Inferred, lifetime: Turn, lower_bound: Constant(0), upper_bound: None }, DimensionParameterDeclaration { id: DimensionParameterId(3), origin: Inferred, lifetime: Turn, lower_bound: Constant(0), upper_bound: None }], inputs: Fixed([Matrix { element: Parameter(KindParameterId(0)), dimensions: [Parameter(DimensionParameterId(0)), Parameter(DimensionParameterId(1))] }, Matrix { element: Parameter(KindParameterId(0)), dimensions: [Parameter(DimensionParameterId(2)), Parameter(DimensionParameterId(3))] }]), outputs: [Matrix { element: Named(KindId(15)), dimensions: [Parameter(DimensionParameterId(2)), Parameter(DimensionParameterId(3))] }], constraints: [Satisfies { kind: Parameter(KindParameterId(0)), predicate: Number }, DimensionCompatible(Parameter(DimensionParameterId(0)), Parameter(DimensionParameterId(2))), DimensionCompatible(Parameter(DimensionParameterId(1)), Parameter(DimensionParameterId(3)))] }, output_schema_rules: [FromResolvedType] }	O01: untested as an independently identified overload; the export sample is not attributed to this candidate	representative admitted kind/layout cells, rejected target cells, reference values, bytecode and changing-turn behavior
compare/neq	18	FunctionTypeOverload { id: 18, input_layout: [Value, Value], scheme: KindScheme { kind_parameters: [], dimension_parameters: [DimensionParameterDeclaration { id: DimensionParameterId(0), origin: Inferred, lifetime: Turn, lower_bound: Constant(0), upper_bound: None }, DimensionParameterDeclaration { id: DimensionParameterId(1), origin: Inferred, lifetime: Turn, lower_bound: Constant(0), upper_bound: None }, DimensionParameterDeclaration { id: DimensionParameterId(2), origin: Inferred, lifetime: Turn, lower_bound: Constant(0), upper_bound: None }, DimensionParameterDeclaration { id: DimensionParameterId(3), origin: Inferred, lifetime: Turn, lower_bound: Constant(0), upper_bound: None }], inputs: Fixed([Matrix { element: Named(KindId(15)), dimensions: [Parameter(DimensionParameterId(0)), Parameter(DimensionParameterId(1))] }, Matrix { element: Named(KindId(15)), dimensions: [Parameter(DimensionParameterId(2)), Parameter(DimensionParameterId(3))] }]), outputs: [Matrix { element: Named(KindId(15)), dimensions: [Parameter(DimensionParameterId(0)), Parameter(DimensionParameterId(1))] }], constraints: [DimensionCompatible(Parameter(DimensionParameterId(0)), Parameter(DimensionParameterId(2))), DimensionCompatible(Parameter(DimensionParameterId(1)), Parameter(DimensionParameterId(3)))] }, output_schema_rules: [FromResolvedType] }	O01: untested as an independently identified overload; the export sample is not attributed to this candidate	representative admitted kind/layout cells, rejected target cells, reference values, bytecode and changing-turn behavior
compare/neq	19	FunctionTypeOverload { id: 19, input_layout: [Value, Value], scheme: KindScheme { kind_parameters: [], dimension_parameters: [DimensionParameterDeclaration { id: DimensionParameterId(0), origin: Inferred, lifetime: Turn, lower_bound: Constant(0), upper_bound: None }, DimensionParameterDeclaration { id: DimensionParameterId(1), origin: Inferred, lifetime: Turn, lower_bound: Constant(0), upper_bound: None }, DimensionParameterDeclaration { id: DimensionParameterId(2), origin: Inferred, lifetime: Turn, lower_bound: Constant(0), upper_bound: None }, DimensionParameterDeclaration { id: DimensionParameterId(3), origin: Inferred, lifetime: Turn, lower_bound: Constant(0), upper_bound: None }], inputs: Fixed([Matrix { element: Named(KindId(15)), dimensions: [Parameter(DimensionParameterId(0)), Parameter(DimensionParameterId(1))] }, Matrix { element: Named(KindId(15)), dimensions: [Parameter(DimensionParameterId(2)), Parameter(DimensionParameterId(3))] }]), outputs: [Matrix { element: Named(KindId(15)), dimensions: [Parameter(DimensionParameterId(2)), Parameter(DimensionParameterId(3))] }], constraints: [DimensionCompatible(Parameter(DimensionParameterId(0)), Parameter(DimensionParameterId(2))), DimensionCompatible(Parameter(DimensionParameterId(1)), Parameter(DimensionParameterId(3)))] }, output_schema_rules: [FromResolvedType] }	O01: untested as an independently identified overload; the export sample is not attributed to this candidate	representative admitted kind/layout cells, rejected target cells, reference values, bytecode and changing-turn behavior
compare/neq	20	FunctionTypeOverload { id: 20, input_layout: [Value, Value], scheme: KindScheme { kind_parameters: [], dimension_parameters: [DimensionParameterDeclaration { id: DimensionParameterId(0), origin: Inferred, lifetime: Turn, lower_bound: Constant(0), upper_bound: None }, DimensionParameterDeclaration { id: DimensionParameterId(1), origin: Inferred, lifetime: Turn, lower_bound: Constant(0), upper_bound: None }, DimensionParameterDeclaration { id: DimensionParameterId(2), origin: Inferred, lifetime: Turn, lower_bound: Constant(0), upper_bound: None }, DimensionParameterDeclaration { id: DimensionParameterId(3), origin: Inferred, lifetime: Turn, lower_bound: Constant(0), upper_bound: None }], inputs: Fixed([Matrix { element: Named(KindId(14)), dimensions: [Parameter(DimensionParameterId(0)), Parameter(DimensionParameterId(1))] }, Matrix { element: Named(KindId(14)), dimensions: [Parameter(DimensionParameterId(2)), Parameter(DimensionParameterId(3))] }]), outputs: [Matrix { element: Named(KindId(15)), dimensions: [Parameter(DimensionParameterId(0)), Parameter(DimensionParameterId(1))] }], constraints: [DimensionCompatible(Parameter(DimensionParameterId(0)), Parameter(DimensionParameterId(2))), DimensionCompatible(Parameter(DimensionParameterId(1)), Parameter(DimensionParameterId(3)))] }, output_schema_rules: [FromResolvedType] }	O01: untested as an independently identified overload; the export sample is not attributed to this candidate	representative admitted kind/layout cells, rejected target cells, reference values, bytecode and changing-turn behavior
compare/neq	21	FunctionTypeOverload { id: 21, input_layout: [Value, Value], scheme: KindScheme { kind_parameters: [], dimension_parameters: [DimensionParameterDeclaration { id: DimensionParameterId(0), origin: Inferred, lifetime: Turn, lower_bound: Constant(0), upper_bound: None }, DimensionParameterDeclaration { id: DimensionParameterId(1), origin: Inferred, lifetime: Turn, lower_bound: Constant(0), upper_bound: None }, DimensionParameterDeclaration { id: DimensionParameterId(2), origin: Inferred, lifetime: Turn, lower_bound: Constant(0), upper_bound: None }, DimensionParameterDeclaration { id: DimensionParameterId(3), origin: Inferred, lifetime: Turn, lower_bound: Constant(0), upper_bound: None }], inputs: Fixed([Matrix { element: Named(KindId(14)), dimensions: [Parameter(DimensionParameterId(0)), Parameter(DimensionParameterId(1))] }, Matrix { element: Named(KindId(14)), dimensions: [Parameter(DimensionParameterId(2)), Parameter(DimensionParameterId(3))] }]), outputs: [Matrix { element: Named(KindId(15)), dimensions: [Parameter(DimensionParameterId(2)), Parameter(DimensionParameterId(3))] }], constraints: [DimensionCompatible(Parameter(DimensionParameterId(0)), Parameter(DimensionParameterId(2))), DimensionCompatible(Parameter(DimensionParameterId(1)), Parameter(DimensionParameterId(3)))] }, output_schema_rules: [FromResolvedType] }	O01: untested as an independently identified overload; the export sample is not attributed to this candidate	representative admitted kind/layout cells, rejected target cells, reference values, bytecode and changing-turn behavior
compare/neq	22	FunctionTypeOverload { id: 22, input_layout: [Value, Value], scheme: KindScheme { kind_parameters: [KindParameter { id: KindParameterId(0), upper_bound: None }, KindParameter { id: KindParameterId(1), upper_bound: None }, KindParameter { id: KindParameterId(2), upper_bound: None }], dimension_parameters: [], inputs: Fixed([Parameter(KindParameterId(0)), Parameter(KindParameterId(1))]), outputs: [Named(KindId(15))], constraints: [Satisfies { kind: Parameter(KindParameterId(0)), predicate: Number }, Satisfies { kind: Parameter(KindParameterId(1)), predicate: Number }, Promotes { left: Parameter(KindParameterId(0)), right: Parameter(KindParameterId(1)), output: Parameter(KindParameterId(2)) }, Satisfies { kind: Parameter(KindParameterId(0)), predicate: Number }, Satisfies { kind: Parameter(KindParameterId(1)), predicate: Number }] }, output_schema_rules: [FromResolvedType] }	O01: untested as an independently identified overload; the export sample is not attributed to this candidate	representative admitted kind/layout cells, rejected target cells, reference values, bytecode and changing-turn behavior
compare/neq	23	FunctionTypeOverload { id: 23, input_layout: [Value, Value], scheme: KindScheme { kind_parameters: [KindParameter { id: KindParameterId(0), upper_bound: None }, KindParameter { id: KindParameterId(1), upper_bound: None }, KindParameter { id: KindParameterId(2), upper_bound: None }], dimension_parameters: [DimensionParameterDeclaration { id: DimensionParameterId(0), origin: Inferred, lifetime: Turn, lower_bound: Constant(0), upper_bound: None }, DimensionParameterDeclaration { id: DimensionParameterId(1), origin: Inferred, lifetime: Turn, lower_bound: Constant(0), upper_bound: None }], inputs: Fixed([Matrix { element: Parameter(KindParameterId(0)), dimensions: [Parameter(DimensionParameterId(0)), Parameter(DimensionParameterId(1))] }, Matrix { element: Parameter(KindParameterId(1)), dimensions: [Parameter(DimensionParameterId(0)), Parameter(DimensionParameterId(1))] }]), outputs: [Matrix { element: Named(KindId(15)), dimensions: [Parameter(DimensionParameterId(0)), Parameter(DimensionParameterId(1))] }], constraints: [Satisfies { kind: Parameter(KindParameterId(0)), predicate: Number }, Satisfies { kind: Parameter(KindParameterId(1)), predicate: Number }, Promotes { left: Parameter(KindParameterId(0)), right: Parameter(KindParameterId(1)), output: Parameter(KindParameterId(2)) }, Satisfies { kind: Parameter(KindParameterId(0)), predicate: Number }, Satisfies { kind: Parameter(KindParameterId(1)), predicate: Number }] }, output_schema_rules: [FromResolvedType] }	O01: untested as an independently identified overload; the export sample is not attributed to this candidate	representative admitted kind/layout cells, rejected target cells, reference values, bytecode and changing-turn behavior
compare/neq	24	FunctionTypeOverload { id: 24, input_layout: [Value, Value], scheme: KindScheme { kind_parameters: [KindParameter { id: KindParameterId(0), upper_bound: None }, KindParameter { id: KindParameterId(1), upper_bound: None }, KindParameter { id: KindParameterId(2), upper_bound: None }], dimension_parameters: [DimensionParameterDeclaration { id: DimensionParameterId(0), origin: Inferred, lifetime: Turn, lower_bound: Constant(0), upper_bound: None }, DimensionParameterDeclaration { id: DimensionParameterId(1), origin: Inferred, lifetime: Turn, lower_bound: Constant(0), upper_bound: None }], inputs: Fixed([Matrix { element: Parameter(KindParameterId(0)), dimensions: [Parameter(DimensionParameterId(0)), Parameter(DimensionParameterId(1))] }, Parameter(KindParameterId(1))]), outputs: [Matrix { element: Named(KindId(15)), dimensions: [Parameter(DimensionParameterId(0)), Parameter(DimensionParameterId(1))] }], constraints: [Satisfies { kind: Parameter(KindParameterId(0)), predicate: Number }, Satisfies { kind: Parameter(KindParameterId(1)), predicate: Number }, Promotes { left: Parameter(KindParameterId(0)), right: Parameter(KindParameterId(1)), output: Parameter(KindParameterId(2)) }, Satisfies { kind: Parameter(KindParameterId(0)), predicate: Number }, Satisfies { kind: Parameter(KindParameterId(1)), predicate: Number }] }, output_schema_rules: [FromResolvedType] }	O01: untested as an independently identified overload; the export sample is not attributed to this candidate	representative admitted kind/layout cells, rejected target cells, reference values, bytecode and changing-turn behavior
compare/neq	25	FunctionTypeOverload { id: 25, input_layout: [Value, Value], scheme: KindScheme { kind_parameters: [KindParameter { id: KindParameterId(0), upper_bound: None }, KindParameter { id: KindParameterId(1), upper_bound: None }, KindParameter { id: KindParameterId(2), upper_bound: None }], dimension_parameters: [DimensionParameterDeclaration { id: DimensionParameterId(0), origin: Inferred, lifetime: Turn, lower_bound: Constant(0), upper_bound: None }, DimensionParameterDeclaration { id: DimensionParameterId(1), origin: Inferred, lifetime: Turn, lower_bound: Constant(0), upper_bound: None }], inputs: Fixed([Parameter(KindParameterId(0)), Matrix { element: Parameter(KindParameterId(1)), dimensions: [Parameter(DimensionParameterId(0)), Parameter(DimensionParameterId(1))] }]), outputs: [Matrix { element: Named(KindId(15)), dimensions: [Parameter(DimensionParameterId(0)), Parameter(DimensionParameterId(1))] }], constraints: [Satisfies { kind: Parameter(KindParameterId(0)), predicate: Number }, Satisfies { kind: Parameter(KindParameterId(1)), predicate: Number }, Promotes { left: Parameter(KindParameterId(0)), right: Parameter(KindParameterId(1)), output: Parameter(KindParameterId(2)) }, Satisfies { kind: Parameter(KindParameterId(0)), predicate: Number }, Satisfies { kind: Parameter(KindParameterId(1)), predicate: Number }] }, output_schema_rules: [FromResolvedType] }	O01: untested as an independently identified overload; the export sample is not attributed to this candidate	representative admitted kind/layout cells, rejected target cells, reference values, bytecode and changing-turn behavior
compare/neq	26	FunctionTypeOverload { id: 26, input_layout: [Value, Value], scheme: KindScheme { kind_parameters: [KindParameter { id: KindParameterId(0), upper_bound: None }, KindParameter { id: KindParameterId(1), upper_bound: None }, KindParameter { id: KindParameterId(2), upper_bound: None }], dimension_parameters: [DimensionParameterDeclaration { id: DimensionParameterId(0), origin: Inferred, lifetime: Turn, lower_bound: Constant(0), upper_bound: None }, DimensionParameterDeclaration { id: DimensionParameterId(1), origin: Inferred, lifetime: Turn, lower_bound: Constant(0), upper_bound: None }, DimensionParameterDeclaration { id: DimensionParameterId(2), origin: Inferred, lifetime: Turn, lower_bound: Constant(0), upper_bound: None }], inputs: Fixed([Matrix { element: Parameter(KindParameterId(0)), dimensions: [Parameter(DimensionParameterId(0)), Parameter(DimensionParameterId(1))] }, Matrix { element: Parameter(KindParameterId(1)), dimensions: [Parameter(DimensionParameterId(2)), Constant(1)] }]), outputs: [Matrix { element: Named(KindId(15)), dimensions: [Parameter(DimensionParameterId(0)), Parameter(DimensionParameterId(1))] }], constraints: [Satisfies { kind: Parameter(KindParameterId(0)), predicate: Number }, Satisfies { kind: Parameter(KindParameterId(1)), predicate: Number }, Promotes { left: Parameter(KindParameterId(0)), right: Parameter(KindParameterId(1)), output: Parameter(KindParameterId(2)) }, DimensionCompatible(Parameter(DimensionParameterId(0)), Parameter(DimensionParameterId(2))), Satisfies { kind: Parameter(KindParameterId(0)), predicate: Number }, Satisfies { kind: Parameter(KindParameterId(1)), predicate: Number }] }, output_schema_rules: [FromResolvedType] }	O01: untested as an independently identified overload; the export sample is not attributed to this candidate	representative admitted kind/layout cells, rejected target cells, reference values, bytecode and changing-turn behavior
compare/neq	27	FunctionTypeOverload { id: 27, input_layout: [Value, Value], scheme: KindScheme { kind_parameters: [KindParameter { id: KindParameterId(0), upper_bound: None }, KindParameter { id: KindParameterId(1), upper_bound: None }, KindParameter { id: KindParameterId(2), upper_bound: None }], dimension_parameters: [DimensionParameterDeclaration { id: DimensionParameterId(0), origin: Inferred, lifetime: Turn, lower_bound: Constant(0), upper_bound: None }, DimensionParameterDeclaration { id: DimensionParameterId(1), origin: Inferred, lifetime: Turn, lower_bound: Constant(0), upper_bound: None }, DimensionParameterDeclaration { id: DimensionParameterId(2), origin: Inferred, lifetime: Turn, lower_bound: Constant(0), upper_bound: None }], inputs: Fixed([Matrix { element: Parameter(KindParameterId(0)), dimensions: [Parameter(DimensionParameterId(0)), Parameter(DimensionParameterId(1))] }, Matrix { element: Parameter(KindParameterId(1)), dimensions: [Constant(1), Parameter(DimensionParameterId(2))] }]), outputs: [Matrix { element: Named(KindId(15)), dimensions: [Parameter(DimensionParameterId(0)), Parameter(DimensionParameterId(1))] }], constraints: [Satisfies { kind: Parameter(KindParameterId(0)), predicate: Number }, Satisfies { kind: Parameter(KindParameterId(1)), predicate: Number }, Promotes { left: Parameter(KindParameterId(0)), right: Parameter(KindParameterId(1)), output: Parameter(KindParameterId(2)) }, DimensionCompatible(Parameter(DimensionParameterId(1)), Parameter(DimensionParameterId(2))), Satisfies { kind: Parameter(KindParameterId(0)), predicate: Number }, Satisfies { kind: Parameter(KindParameterId(1)), predicate: Number }] }, output_schema_rules: [FromResolvedType] }	O01: untested as an independently identified overload; the export sample is not attributed to this candidate	representative admitted kind/layout cells, rejected target cells, reference values, bytecode and changing-turn behavior
compare/neq	28	FunctionTypeOverload { id: 28, input_layout: [Value, Value], scheme: KindScheme { kind_parameters: [KindParameter { id: KindParameterId(0), upper_bound: None }, KindParameter { id: KindParameterId(1), upper_bound: None }, KindParameter { id: KindParameterId(2), upper_bound: None }], dimension_parameters: [DimensionParameterDeclaration { id: DimensionParameterId(0), origin: Inferred, lifetime: Turn, lower_bound: Constant(0), upper_bound: None }, DimensionParameterDeclaration { id: DimensionParameterId(1), origin: Inferred, lifetime: Turn, lower_bound: Constant(0), upper_bound: None }, DimensionParameterDeclaration { id: DimensionParameterId(2), origin: Inferred, lifetime: Turn, lower_bound: Constant(0), upper_bound: None }], inputs: Fixed([Matrix { element: Parameter(KindParameterId(0)), dimensions: [Parameter(DimensionParameterId(2)), Constant(1)] }, Matrix { element: Parameter(KindParameterId(1)), dimensions: [Parameter(DimensionParameterId(0)), Parameter(DimensionParameterId(1))] }]), outputs: [Matrix { element: Named(KindId(15)), dimensions: [Parameter(DimensionParameterId(0)), Parameter(DimensionParameterId(1))] }], constraints: [Satisfies { kind: Parameter(KindParameterId(0)), predicate: Number }, Satisfies { kind: Parameter(KindParameterId(1)), predicate: Number }, Promotes { left: Parameter(KindParameterId(0)), right: Parameter(KindParameterId(1)), output: Parameter(KindParameterId(2)) }, DimensionCompatible(Parameter(DimensionParameterId(0)), Parameter(DimensionParameterId(2))), Satisfies { kind: Parameter(KindParameterId(0)), predicate: Number }, Satisfies { kind: Parameter(KindParameterId(1)), predicate: Number }] }, output_schema_rules: [FromResolvedType] }	O01: untested as an independently identified overload; the export sample is not attributed to this candidate	representative admitted kind/layout cells, rejected target cells, reference values, bytecode and changing-turn behavior
compare/neq	29	FunctionTypeOverload { id: 29, input_layout: [Value, Value], scheme: KindScheme { kind_parameters: [KindParameter { id: KindParameterId(0), upper_bound: None }, KindParameter { id: KindParameterId(1), upper_bound: None }, KindParameter { id: KindParameterId(2), upper_bound: None }], dimension_parameters: [DimensionParameterDeclaration { id: DimensionParameterId(0), origin: Inferred, lifetime: Turn, lower_bound: Constant(0), upper_bound: None }, DimensionParameterDeclaration { id: DimensionParameterId(1), origin: Inferred, lifetime: Turn, lower_bound: Constant(0), upper_bound: None }, DimensionParameterDeclaration { id: DimensionParameterId(2), origin: Inferred, lifetime: Turn, lower_bound: Constant(0), upper_bound: None }], inputs: Fixed([Matrix { element: Parameter(KindParameterId(0)), dimensions: [Constant(1), Parameter(DimensionParameterId(2))] }, Matrix { element: Parameter(KindParameterId(1)), dimensions: [Parameter(DimensionParameterId(0)), Parameter(DimensionParameterId(1))] }]), outputs: [Matrix { element: Named(KindId(15)), dimensions: [Parameter(DimensionParameterId(0)), Parameter(DimensionParameterId(1))] }], constraints: [Satisfies { kind: Parameter(KindParameterId(0)), predicate: Number }, Satisfies { kind: Parameter(KindParameterId(1)), predicate: Number }, Promotes { left: Parameter(KindParameterId(0)), right: Parameter(KindParameterId(1)), output: Parameter(KindParameterId(2)) }, DimensionCompatible(Parameter(DimensionParameterId(1)), Parameter(DimensionParameterId(2))), Satisfies { kind: Parameter(KindParameterId(0)), predicate: Number }, Satisfies { kind: Parameter(KindParameterId(1)), predicate: Number }] }, output_schema_rules: [FromResolvedType] }	O01: untested as an independently identified overload; the export sample is not attributed to this candidate	representative admitted kind/layout cells, rejected target cells, reference values, bytecode and changing-turn behavior
compare/neq	30	FunctionTypeOverload { id: 30, input_layout: [Value, Value], scheme: KindScheme { kind_parameters: [KindParameter { id: KindParameterId(0), upper_bound: None }, KindParameter { id: KindParameterId(1), upper_bound: None }, KindParameter { id: KindParameterId(2), upper_bound: None }], dimension_parameters: [DimensionParameterDeclaration { id: DimensionParameterId(0), origin: Inferred, lifetime: Turn, lower_bound: Constant(0), upper_bound: None }, DimensionParameterDeclaration { id: DimensionParameterId(1), origin: Inferred, lifetime: Turn, lower_bound: Constant(0), upper_bound: None }, DimensionParameterDeclaration { id: DimensionParameterId(2), origin: Inferred, lifetime: Turn, lower_bound: Constant(0), upper_bound: None }, DimensionParameterDeclaration { id: DimensionParameterId(3), origin: Inferred, lifetime: Turn, lower_bound: Constant(0), upper_bound: None }], inputs: Fixed([Matrix { element: Parameter(KindParameterId(0)), dimensions: [Parameter(DimensionParameterId(0)), Parameter(DimensionParameterId(1))] }, Matrix { element: Parameter(KindParameterId(1)), dimensions: [Parameter(DimensionParameterId(2)), Parameter(DimensionParameterId(3))] }]), outputs: [Matrix { element: Named(KindId(15)), dimensions: [Parameter(DimensionParameterId(0)), Parameter(DimensionParameterId(1))] }], constraints: [Satisfies { kind: Parameter(KindParameterId(0)), predicate: Number }, Satisfies { kind: Parameter(KindParameterId(1)), predicate: Number }, Promotes { left: Parameter(KindParameterId(0)), right: Parameter(KindParameterId(1)), output: Parameter(KindParameterId(2)) }, DimensionCompatible(Parameter(DimensionParameterId(0)), Parameter(DimensionParameterId(2))), DimensionCompatible(Parameter(DimensionParameterId(1)), Parameter(DimensionParameterId(3))), Satisfies { kind: Parameter(KindParameterId(0)), predicate: Number }, Satisfies { kind: Parameter(KindParameterId(1)), predicate: Number }] }, output_schema_rules: [FromResolvedType] }	O01: untested as an independently identified overload; the export sample is not attributed to this candidate	representative admitted kind/layout cells, rejected target cells, reference values, bytecode and changing-turn behavior
compare/neq	31	FunctionTypeOverload { id: 31, input_layout: [Value, Value], scheme: KindScheme { kind_parameters: [KindParameter { id: KindParameterId(0), upper_bound: None }, KindParameter { id: KindParameterId(1), upper_bound: None }, KindParameter { id: KindParameterId(2), upper_bound: None }], dimension_parameters: [DimensionParameterDeclaration { id: DimensionParameterId(0), origin: Inferred, lifetime: Turn, lower_bound: Constant(0), upper_bound: None }, DimensionParameterDeclaration { id: DimensionParameterId(1), origin: Inferred, lifetime: Turn, lower_bound: Constant(0), upper_bound: None }, DimensionParameterDeclaration { id: DimensionParameterId(2), origin: Inferred, lifetime: Turn, lower_bound: Constant(0), upper_bound: None }, DimensionParameterDeclaration { id: DimensionParameterId(3), origin: Inferred, lifetime: Turn, lower_bound: Constant(0), upper_bound: None }], inputs: Fixed([Matrix { element: Parameter(KindParameterId(0)), dimensions: [Parameter(DimensionParameterId(0)), Parameter(DimensionParameterId(1))] }, Matrix { element: Parameter(KindParameterId(1)), dimensions: [Parameter(DimensionParameterId(2)), Parameter(DimensionParameterId(3))] }]), outputs: [Matrix { element: Named(KindId(15)), dimensions: [Parameter(DimensionParameterId(2)), Parameter(DimensionParameterId(3))] }], constraints: [Satisfies { kind: Parameter(KindParameterId(0)), predicate: Number }, Satisfies { kind: Parameter(KindParameterId(1)), predicate: Number }, Promotes { left: Parameter(KindParameterId(0)), right: Parameter(KindParameterId(1)), output: Parameter(KindParameterId(2)) }, DimensionCompatible(Parameter(DimensionParameterId(0)), Parameter(DimensionParameterId(2))), DimensionCompatible(Parameter(DimensionParameterId(1)), Parameter(DimensionParameterId(3))), Satisfies { kind: Parameter(KindParameterId(0)), predicate: Number }, Satisfies { kind: Parameter(KindParameterId(1)), predicate: Number }] }, output_schema_rules: [FromResolvedType] }	O01: untested as an independently identified overload; the export sample is not attributed to this candidate	representative admitted kind/layout cells, rejected target cells, reference values, bytecode and changing-turn behavior
set/subset	0	FunctionTypeOverload { id: 0, input_layout: [Value, Value], scheme: KindScheme { kind_parameters: [KindParameter { id: KindParameterId(0), upper_bound: None }], dimension_parameters: [DimensionParameterDeclaration { id: DimensionParameterId(0), origin: Inferred, lifetime: Turn, lower_bound: Constant(0), upper_bound: None }, DimensionParameterDeclaration { id: DimensionParameterId(1), origin: Inferred, lifetime: Turn, lower_bound: Constant(0), upper_bound: None }], inputs: Fixed([Set { element: Parameter(KindParameterId(0)), cardinality: Parameter(DimensionParameterId(0)) }, Set { element: Parameter(KindParameterId(0)), cardinality: Parameter(DimensionParameterId(1)) }]), outputs: [Named(KindId(15))], constraints: [Satisfies { kind: Parameter(KindParameterId(0)), predicate: Keyable }] }, output_schema_rules: [FromResolvedType] }	O01: untested as an independently identified overload; the export sample is not attributed to this candidate	representative admitted kind/layout cells, rejected target cells, reference values, bytecode and changing-turn behavior
math/cot	0	FunctionTypeOverload { id: 0, input_layout: [Value], scheme: KindScheme { kind_parameters: [KindParameter { id: KindParameterId(0), upper_bound: None }], dimension_parameters: [], inputs: Fixed([Parameter(KindParameterId(0))]), outputs: [Parameter(KindParameterId(0))], constraints: [Satisfies { kind: Parameter(KindParameterId(0)), predicate: FloatingPoint }] }, output_schema_rules: [FromResolvedType] }	O01: untested as an independently identified overload; the export sample is not attributed to this candidate	representative admitted kind/layout cells, rejected target cells, reference values, bytecode and changing-turn behavior
math/cot	1	FunctionTypeOverload { id: 1, input_layout: [Value], scheme: KindScheme { kind_parameters: [KindParameter { id: KindParameterId(0), upper_bound: None }], dimension_parameters: [DimensionParameterDeclaration { id: DimensionParameterId(0), origin: Inferred, lifetime: Turn, lower_bound: Constant(0), upper_bound: None }, DimensionParameterDeclaration { id: DimensionParameterId(1), origin: Inferred, lifetime: Turn, lower_bound: Constant(0), upper_bound: None }], inputs: Fixed([Matrix { element: Parameter(KindParameterId(0)), dimensions: [Parameter(DimensionParameterId(0)), Parameter(DimensionParameterId(1))] }]), outputs: [Matrix { element: Parameter(KindParameterId(0)), dimensions: [Parameter(DimensionParameterId(0)), Parameter(DimensionParameterId(1))] }], constraints: [Satisfies { kind: Parameter(KindParameterId(0)), predicate: FloatingPoint }] }, output_schema_rules: [FromResolvedType] }	O01: untested as an independently identified overload; the export sample is not attributed to this candidate	representative admitted kind/layout cells, rejected target cells, reference values, bytecode and changing-turn behavior
math/div-assign/range-all	0	FunctionTypeOverload { id: 0, input_layout: [Value, Value, Value, MatrixAllSelection], scheme: KindScheme { kind_parameters: [KindParameter { id: KindParameterId(0), upper_bound: None }, KindParameter { id: KindParameterId(1), upper_bound: None }], dimension_parameters: [], inputs: Fixed([Parameter(KindParameterId(0)), Parameter(KindParameterId(0)), Parameter(KindParameterId(1))]), outputs: [Parameter(KindParameterId(0))], constraints: [Satisfies { kind: Parameter(KindParameterId(0)), predicate: Number }] }, output_schema_rules: [FromResolvedType] }	O01: untested as an independently identified overload; the export sample is not attributed to this candidate	representative admitted kind/layout cells, rejected target cells, reference values, bytecode and changing-turn behavior
math/div-assign/range-all	1	FunctionTypeOverload { id: 1, input_layout: [Value, Value, Value, MatrixAllSelection], scheme: KindScheme { kind_parameters: [KindParameter { id: KindParameterId(0), upper_bound: None }, KindParameter { id: KindParameterId(1), upper_bound: None }], dimension_parameters: [DimensionParameterDeclaration { id: DimensionParameterId(0), origin: Inferred, lifetime: Turn, lower_bound: Constant(0), upper_bound: None }, DimensionParameterDeclaration { id: DimensionParameterId(1), origin: Inferred, lifetime: Turn, lower_bound: Constant(0), upper_bound: None }], inputs: Fixed([Matrix { element: Parameter(KindParameterId(0)), dimensions: [Parameter(DimensionParameterId(0)), Parameter(DimensionParameterId(1))] }, Parameter(KindParameterId(0)), Parameter(KindParameterId(1))]), outputs: [Matrix { element: Parameter(KindParameterId(0)), dimensions: [Parameter(DimensionParameterId(0)), Parameter(DimensionParameterId(1))] }], constraints: [Satisfies { kind: Parameter(KindParameterId(0)), predicate: Number }] }, output_schema_rules: [FromResolvedType] }	O01: untested as an independently identified overload; the export sample is not attributed to this candidate	representative admitted kind/layout cells, rejected target cells, reference values, bytecode and changing-turn behavior
math/div-assign/range-all	2	FunctionTypeOverload { id: 2, input_layout: [Value, Value, Value, MatrixAllSelection], scheme: KindScheme { kind_parameters: [KindParameter { id: KindParameterId(0), upper_bound: None }, KindParameter { id: KindParameterId(1), upper_bound: None }], dimension_parameters: [DimensionParameterDeclaration { id: DimensionParameterId(0), origin: Inferred, lifetime: Turn, lower_bound: Constant(0), upper_bound: None }, DimensionParameterDeclaration { id: DimensionParameterId(1), origin: Inferred, lifetime: Turn, lower_bound: Constant(0), upper_bound: None }, DimensionParameterDeclaration { id: DimensionParameterId(2), origin: Inferred, lifetime: Turn, lower_bound: Constant(0), upper_bound: None }, DimensionParameterDeclaration { id: DimensionParameterId(3), origin: Inferred, lifetime: Turn, lower_bound: Constant(0), upper_bound: None }], inputs: Fixed([Matrix { element: Parameter(KindParameterId(0)), dimensions: [Parameter(DimensionParameterId(0)), Parameter(DimensionParameterId(1))] }, Matrix { element: Parameter(KindParameterId(0)), dimensions: [Parameter(DimensionParameterId(2)), Parameter(DimensionParameterId(3))] }, Parameter(KindParameterId(1))]), outputs: [Matrix { element: Parameter(KindParameterId(0)), dimensions: [Parameter(DimensionParameterId(0)), Parameter(DimensionParameterId(1))] }], constraints: [Satisfies { kind: Parameter(KindParameterId(0)), predicate: Number }] }, output_schema_rules: [FromResolvedType] }	O01: untested as an independently identified overload; the export sample is not attributed to this candidate	representative admitted kind/layout cells, rejected target cells, reference values, bytecode and changing-turn behavior
math/erf	0	FunctionTypeOverload { id: 0, input_layout: [Value], scheme: KindScheme { kind_parameters: [KindParameter { id: KindParameterId(0), upper_bound: None }], dimension_parameters: [], inputs: Fixed([Parameter(KindParameterId(0))]), outputs: [Parameter(KindParameterId(0))], constraints: [Satisfies { kind: Parameter(KindParameterId(0)), predicate: FloatingPoint }] }, output_schema_rules: [FromResolvedType] }	O01: untested as an independently identified overload; the export sample is not attributed to this candidate	representative admitted kind/layout cells, rejected target cells, reference values, bytecode and changing-turn behavior
math/erf	1	FunctionTypeOverload { id: 1, input_layout: [Value], scheme: KindScheme { kind_parameters: [KindParameter { id: KindParameterId(0), upper_bound: None }], dimension_parameters: [DimensionParameterDeclaration { id: DimensionParameterId(0), origin: Inferred, lifetime: Turn, lower_bound: Constant(0), upper_bound: None }, DimensionParameterDeclaration { id: DimensionParameterId(1), origin: Inferred, lifetime: Turn, lower_bound: Constant(0), upper_bound: None }], inputs: Fixed([Matrix { element: Parameter(KindParameterId(0)), dimensions: [Parameter(DimensionParameterId(0)), Parameter(DimensionParameterId(1))] }]), outputs: [Matrix { element: Parameter(KindParameterId(0)), dimensions: [Parameter(DimensionParameterId(0)), Parameter(DimensionParameterId(1))] }], constraints: [Satisfies { kind: Parameter(KindParameterId(0)), predicate: FloatingPoint }] }, output_schema_rules: [FromResolvedType] }	O01: untested as an independently identified overload; the export sample is not attributed to this candidate	representative admitted kind/layout cells, rejected target cells, reference values, bytecode and changing-turn behavior
math/mod	0	FunctionTypeOverload { id: 0, input_layout: [Value, Value], scheme: KindScheme { kind_parameters: [KindParameter { id: KindParameterId(0), upper_bound: None }, KindParameter { id: KindParameterId(1), upper_bound: None }, KindParameter { id: KindParameterId(2), upper_bound: None }], dimension_parameters: [], inputs: Fixed([Parameter(KindParameterId(0)), Parameter(KindParameterId(1))]), outputs: [Parameter(KindParameterId(2))], constraints: [Satisfies { kind: Parameter(KindParameterId(0)), predicate: Number }, Satisfies { kind: Parameter(KindParameterId(1)), predicate: Number }, Promotes { left: Parameter(KindParameterId(0)), right: Parameter(KindParameterId(1)), output: Parameter(KindParameterId(2)) }, Satisfies { kind: Parameter(KindParameterId(0)), predicate: Integer }, Satisfies { kind: Parameter(KindParameterId(1)), predicate: Integer }] }, output_schema_rules: [FromResolvedType] }	O01: untested as an independently identified overload; the export sample is not attributed to this candidate	representative admitted kind/layout cells, rejected target cells, reference values, bytecode and changing-turn behavior
math/mod	1	FunctionTypeOverload { id: 1, input_layout: [Value, Value], scheme: KindScheme { kind_parameters: [KindParameter { id: KindParameterId(0), upper_bound: None }, KindParameter { id: KindParameterId(1), upper_bound: None }, KindParameter { id: KindParameterId(2), upper_bound: None }], dimension_parameters: [DimensionParameterDeclaration { id: DimensionParameterId(0), origin: Inferred, lifetime: Turn, lower_bound: Constant(0), upper_bound: None }, DimensionParameterDeclaration { id: DimensionParameterId(1), origin: Inferred, lifetime: Turn, lower_bound: Constant(0), upper_bound: None }], inputs: Fixed([Matrix { element: Parameter(KindParameterId(0)), dimensions: [Parameter(DimensionParameterId(0)), Parameter(DimensionParameterId(1))] }, Matrix { element: Parameter(KindParameterId(1)), dimensions: [Parameter(DimensionParameterId(0)), Parameter(DimensionParameterId(1))] }]), outputs: [Matrix { element: Parameter(KindParameterId(2)), dimensions: [Parameter(DimensionParameterId(0)), Parameter(DimensionParameterId(1))] }], constraints: [Satisfies { kind: Parameter(KindParameterId(0)), predicate: Number }, Satisfies { kind: Parameter(KindParameterId(1)), predicate: Number }, Promotes { left: Parameter(KindParameterId(0)), right: Parameter(KindParameterId(1)), output: Parameter(KindParameterId(2)) }, Satisfies { kind: Parameter(KindParameterId(0)), predicate: Integer }, Satisfies { kind: Parameter(KindParameterId(1)), predicate: Integer }] }, output_schema_rules: [FromResolvedType] }	O01: untested as an independently identified overload; the export sample is not attributed to this candidate	representative admitted kind/layout cells, rejected target cells, reference values, bytecode and changing-turn behavior
math/mod	2	FunctionTypeOverload { id: 2, input_layout: [Value, Value], scheme: KindScheme { kind_parameters: [KindParameter { id: KindParameterId(0), upper_bound: None }, KindParameter { id: KindParameterId(1), upper_bound: None }, KindParameter { id: KindParameterId(2), upper_bound: None }], dimension_parameters: [DimensionParameterDeclaration { id: DimensionParameterId(0), origin: Inferred, lifetime: Turn, lower_bound: Constant(0), upper_bound: None }, DimensionParameterDeclaration { id: DimensionParameterId(1), origin: Inferred, lifetime: Turn, lower_bound: Constant(0), upper_bound: None }], inputs: Fixed([Matrix { element: Parameter(KindParameterId(0)), dimensions: [Parameter(DimensionParameterId(0)), Parameter(DimensionParameterId(1))] }, Parameter(KindParameterId(1))]), outputs: [Matrix { element: Parameter(KindParameterId(2)), dimensions: [Parameter(DimensionParameterId(0)), Parameter(DimensionParameterId(1))] }], constraints: [Satisfies { kind: Parameter(KindParameterId(0)), predicate: Number }, Satisfies { kind: Parameter(KindParameterId(1)), predicate: Number }, Promotes { left: Parameter(KindParameterId(0)), right: Parameter(KindParameterId(1)), output: Parameter(KindParameterId(2)) }, Satisfies { kind: Parameter(KindParameterId(0)), predicate: Integer }, Satisfies { kind: Parameter(KindParameterId(1)), predicate: Integer }] }, output_schema_rules: [FromResolvedType] }	O01: untested as an independently identified overload; the export sample is not attributed to this candidate	representative admitted kind/layout cells, rejected target cells, reference values, bytecode and changing-turn behavior
math/mod	3	FunctionTypeOverload { id: 3, input_layout: [Value, Value], scheme: KindScheme { kind_parameters: [KindParameter { id: KindParameterId(0), upper_bound: None }, KindParameter { id: KindParameterId(1), upper_bound: None }, KindParameter { id: KindParameterId(2), upper_bound: None }], dimension_parameters: [DimensionParameterDeclaration { id: DimensionParameterId(0), origin: Inferred, lifetime: Turn, lower_bound: Constant(0), upper_bound: None }, DimensionParameterDeclaration { id: DimensionParameterId(1), origin: Inferred, lifetime: Turn, lower_bound: Constant(0), upper_bound: None }], inputs: Fixed([Parameter(KindParameterId(0)), Matrix { element: Parameter(KindParameterId(1)), dimensions: [Parameter(DimensionParameterId(0)), Parameter(DimensionParameterId(1))] }]), outputs: [Matrix { element: Parameter(KindParameterId(2)), dimensions: [Parameter(DimensionParameterId(0)), Parameter(DimensionParameterId(1))] }], constraints: [Satisfies { kind: Parameter(KindParameterId(0)), predicate: Number }, Satisfies { kind: Parameter(KindParameterId(1)), predicate: Number }, Promotes { left: Parameter(KindParameterId(0)), right: Parameter(KindParameterId(1)), output: Parameter(KindParameterId(2)) }, Satisfies { kind: Parameter(KindParameterId(0)), predicate: Integer }, Satisfies { kind: Parameter(KindParameterId(1)), predicate: Integer }] }, output_schema_rules: [FromResolvedType] }	O01: untested as an independently identified overload; the export sample is not attributed to this candidate	representative admitted kind/layout cells, rejected target cells, reference values, bytecode and changing-turn behavior
math/mod	4	FunctionTypeOverload { id: 4, input_layout: [Value, Value], scheme: KindScheme { kind_parameters: [KindParameter { id: KindParameterId(0), upper_bound: None }, KindParameter { id: KindParameterId(1), upper_bound: None }, KindParameter { id: KindParameterId(2), upper_bound: None }], dimension_parameters: [DimensionParameterDeclaration { id: DimensionParameterId(0), origin: Inferred, lifetime: Turn, lower_bound: Constant(0), upper_bound: None }, DimensionParameterDeclaration { id: DimensionParameterId(1), origin: Inferred, lifetime: Turn, lower_bound: Constant(0), upper_bound: None }, DimensionParameterDeclaration { id: DimensionParameterId(2), origin: Inferred, lifetime: Turn, lower_bound: Constant(0), upper_bound: None }], inputs: Fixed([Matrix { element: Parameter(KindParameterId(0)), dimensions: [Parameter(DimensionParameterId(0)), Parameter(DimensionParameterId(1))] }, Matrix { element: Parameter(KindParameterId(1)), dimensions: [Parameter(DimensionParameterId(2)), Constant(1)] }]), outputs: [Matrix { element: Parameter(KindParameterId(2)), dimensions: [Parameter(DimensionParameterId(0)), Parameter(DimensionParameterId(1))] }], constraints: [Satisfies { kind: Parameter(KindParameterId(0)), predicate: Number }, Satisfies { kind: Parameter(KindParameterId(1)), predicate: Number }, Promotes { left: Parameter(KindParameterId(0)), right: Parameter(KindParameterId(1)), output: Parameter(KindParameterId(2)) }, DimensionCompatible(Parameter(DimensionParameterId(0)), Parameter(DimensionParameterId(2))), Satisfies { kind: Parameter(KindParameterId(0)), predicate: Integer }, Satisfies { kind: Parameter(KindParameterId(1)), predicate: Integer }] }, output_schema_rules: [FromResolvedType] }	O01: untested as an independently identified overload; the export sample is not attributed to this candidate	representative admitted kind/layout cells, rejected target cells, reference values, bytecode and changing-turn behavior
math/mod	5	FunctionTypeOverload { id: 5, input_layout: [Value, Value], scheme: KindScheme { kind_parameters: [KindParameter { id: KindParameterId(0), upper_bound: None }, KindParameter { id: KindParameterId(1), upper_bound: None }, KindParameter { id: KindParameterId(2), upper_bound: None }], dimension_parameters: [DimensionParameterDeclaration { id: DimensionParameterId(0), origin: Inferred, lifetime: Turn, lower_bound: Constant(0), upper_bound: None }, DimensionParameterDeclaration { id: DimensionParameterId(1), origin: Inferred, lifetime: Turn, lower_bound: Constant(0), upper_bound: None }, DimensionParameterDeclaration { id: DimensionParameterId(2), origin: Inferred, lifetime: Turn, lower_bound: Constant(0), upper_bound: None }], inputs: Fixed([Matrix { element: Parameter(KindParameterId(0)), dimensions: [Parameter(DimensionParameterId(0)), Parameter(DimensionParameterId(1))] }, Matrix { element: Parameter(KindParameterId(1)), dimensions: [Constant(1), Parameter(DimensionParameterId(2))] }]), outputs: [Matrix { element: Parameter(KindParameterId(2)), dimensions: [Parameter(DimensionParameterId(0)), Parameter(DimensionParameterId(1))] }], constraints: [Satisfies { kind: Parameter(KindParameterId(0)), predicate: Number }, Satisfies { kind: Parameter(KindParameterId(1)), predicate: Number }, Promotes { left: Parameter(KindParameterId(0)), right: Parameter(KindParameterId(1)), output: Parameter(KindParameterId(2)) }, DimensionCompatible(Parameter(DimensionParameterId(1)), Parameter(DimensionParameterId(2))), Satisfies { kind: Parameter(KindParameterId(0)), predicate: Integer }, Satisfies { kind: Parameter(KindParameterId(1)), predicate: Integer }] }, output_schema_rules: [FromResolvedType] }	O01: untested as an independently identified overload; the export sample is not attributed to this candidate	representative admitted kind/layout cells, rejected target cells, reference values, bytecode and changing-turn behavior
math/mod	6	FunctionTypeOverload { id: 6, input_layout: [Value, Value], scheme: KindScheme { kind_parameters: [KindParameter { id: KindParameterId(0), upper_bound: None }, KindParameter { id: KindParameterId(1), upper_bound: None }, KindParameter { id: KindParameterId(2), upper_bound: None }], dimension_parameters: [DimensionParameterDeclaration { id: DimensionParameterId(0), origin: Inferred, lifetime: Turn, lower_bound: Constant(0), upper_bound: None }, DimensionParameterDeclaration { id: DimensionParameterId(1), origin: Inferred, lifetime: Turn, lower_bound: Constant(0), upper_bound: None }, DimensionParameterDeclaration { id: DimensionParameterId(2), origin: Inferred, lifetime: Turn, lower_bound: Constant(0), upper_bound: None }], inputs: Fixed([Matrix { element: Parameter(KindParameterId(0)), dimensions: [Parameter(DimensionParameterId(2)), Constant(1)] }, Matrix { element: Parameter(KindParameterId(1)), dimensions: [Parameter(DimensionParameterId(0)), Parameter(DimensionParameterId(1))] }]), outputs: [Matrix { element: Parameter(KindParameterId(2)), dimensions: [Parameter(DimensionParameterId(0)), Parameter(DimensionParameterId(1))] }], constraints: [Satisfies { kind: Parameter(KindParameterId(0)), predicate: Number }, Satisfies { kind: Parameter(KindParameterId(1)), predicate: Number }, Promotes { left: Parameter(KindParameterId(0)), right: Parameter(KindParameterId(1)), output: Parameter(KindParameterId(2)) }, DimensionCompatible(Parameter(DimensionParameterId(0)), Parameter(DimensionParameterId(2))), Satisfies { kind: Parameter(KindParameterId(0)), predicate: Integer }, Satisfies { kind: Parameter(KindParameterId(1)), predicate: Integer }] }, output_schema_rules: [FromResolvedType] }	O01: untested as an independently identified overload; the export sample is not attributed to this candidate	representative admitted kind/layout cells, rejected target cells, reference values, bytecode and changing-turn behavior
math/mod	7	FunctionTypeOverload { id: 7, input_layout: [Value, Value], scheme: KindScheme { kind_parameters: [KindParameter { id: KindParameterId(0), upper_bound: None }, KindParameter { id: KindParameterId(1), upper_bound: None }, KindParameter { id: KindParameterId(2), upper_bound: None }], dimension_parameters: [DimensionParameterDeclaration { id: DimensionParameterId(0), origin: Inferred, lifetime: Turn, lower_bound: Constant(0), upper_bound: None }, DimensionParameterDeclaration { id: DimensionParameterId(1), origin: Inferred, lifetime: Turn, lower_bound: Constant(0), upper_bound: None }, DimensionParameterDeclaration { id: DimensionParameterId(2), origin: Inferred, lifetime: Turn, lower_bound: Constant(0), upper_bound: None }], inputs: Fixed([Matrix { element: Parameter(KindParameterId(0)), dimensions: [Constant(1), Parameter(DimensionParameterId(2))] }, Matrix { element: Parameter(KindParameterId(1)), dimensions: [Parameter(DimensionParameterId(0)), Parameter(DimensionParameterId(1))] }]), outputs: [Matrix { element: Parameter(KindParameterId(2)), dimensions: [Parameter(DimensionParameterId(0)), Parameter(DimensionParameterId(1))] }], constraints: [Satisfies { kind: Parameter(KindParameterId(0)), predicate: Number }, Satisfies { kind: Parameter(KindParameterId(1)), predicate: Number }, Promotes { left: Parameter(KindParameterId(0)), right: Parameter(KindParameterId(1)), output: Parameter(KindParameterId(2)) }, DimensionCompatible(Parameter(DimensionParameterId(1)), Parameter(DimensionParameterId(2))), Satisfies { kind: Parameter(KindParameterId(0)), predicate: Integer }, Satisfies { kind: Parameter(KindParameterId(1)), predicate: Integer }] }, output_schema_rules: [FromResolvedType] }	O01: untested as an independently identified overload; the export sample is not attributed to this candidate	representative admitted kind/layout cells, rejected target cells, reference values, bytecode and changing-turn behavior
math/mod	8	FunctionTypeOverload { id: 8, input_layout: [Value, Value], scheme: KindScheme { kind_parameters: [KindParameter { id: KindParameterId(0), upper_bound: None }, KindParameter { id: KindParameterId(1), upper_bound: None }, KindParameter { id: KindParameterId(2), upper_bound: None }], dimension_parameters: [DimensionParameterDeclaration { id: DimensionParameterId(0), origin: Inferred, lifetime: Turn, lower_bound: Constant(0), upper_bound: None }, DimensionParameterDeclaration { id: DimensionParameterId(1), origin: Inferred, lifetime: Turn, lower_bound: Constant(0), upper_bound: None }, DimensionParameterDeclaration { id: DimensionParameterId(2), origin: Inferred, lifetime: Turn, lower_bound: Constant(0), upper_bound: None }, DimensionParameterDeclaration { id: DimensionParameterId(3), origin: Inferred, lifetime: Turn, lower_bound: Constant(0), upper_bound: None }], inputs: Fixed([Matrix { element: Parameter(KindParameterId(0)), dimensions: [Parameter(DimensionParameterId(0)), Parameter(DimensionParameterId(1))] }, Matrix { element: Parameter(KindParameterId(1)), dimensions: [Parameter(DimensionParameterId(2)), Parameter(DimensionParameterId(3))] }]), outputs: [Matrix { element: Parameter(KindParameterId(2)), dimensions: [Parameter(DimensionParameterId(0)), Parameter(DimensionParameterId(1))] }], constraints: [Satisfies { kind: Parameter(KindParameterId(0)), predicate: Number }, Satisfies { kind: Parameter(KindParameterId(1)), predicate: Number }, Promotes { left: Parameter(KindParameterId(0)), right: Parameter(KindParameterId(1)), output: Parameter(KindParameterId(2)) }, DimensionCompatible(Parameter(DimensionParameterId(0)), Parameter(DimensionParameterId(2))), DimensionCompatible(Parameter(DimensionParameterId(1)), Parameter(DimensionParameterId(3))), Satisfies { kind: Parameter(KindParameterId(0)), predicate: Integer }, Satisfies { kind: Parameter(KindParameterId(1)), predicate: Integer }] }, output_schema_rules: [FromResolvedType] }	O01: untested as an independently identified overload; the export sample is not attributed to this candidate	representative admitted kind/layout cells, rejected target cells, reference values, bytecode and changing-turn behavior
math/mod	9	FunctionTypeOverload { id: 9, input_layout: [Value, Value], scheme: KindScheme { kind_parameters: [KindParameter { id: KindParameterId(0), upper_bound: None }, KindParameter { id: KindParameterId(1), upper_bound: None }, KindParameter { id: KindParameterId(2), upper_bound: None }], dimension_parameters: [DimensionParameterDeclaration { id: DimensionParameterId(0), origin: Inferred, lifetime: Turn, lower_bound: Constant(0), upper_bound: None }, DimensionParameterDeclaration { id: DimensionParameterId(1), origin: Inferred, lifetime: Turn, lower_bound: Constant(0), upper_bound: None }, DimensionParameterDeclaration { id: DimensionParameterId(2), origin: Inferred, lifetime: Turn, lower_bound: Constant(0), upper_bound: None }, DimensionParameterDeclaration { id: DimensionParameterId(3), origin: Inferred, lifetime: Turn, lower_bound: Constant(0), upper_bound: None }], inputs: Fixed([Matrix { element: Parameter(KindParameterId(0)), dimensions: [Parameter(DimensionParameterId(0)), Parameter(DimensionParameterId(1))] }, Matrix { element: Parameter(KindParameterId(1)), dimensions: [Parameter(DimensionParameterId(2)), Parameter(DimensionParameterId(3))] }]), outputs: [Matrix { element: Parameter(KindParameterId(2)), dimensions: [Parameter(DimensionParameterId(2)), Parameter(DimensionParameterId(3))] }], constraints: [Satisfies { kind: Parameter(KindParameterId(0)), predicate: Number }, Satisfies { kind: Parameter(KindParameterId(1)), predicate: Number }, Promotes { left: Parameter(KindParameterId(0)), right: Parameter(KindParameterId(1)), output: Parameter(KindParameterId(2)) }, DimensionCompatible(Parameter(DimensionParameterId(0)), Parameter(DimensionParameterId(2))), DimensionCompatible(Parameter(DimensionParameterId(1)), Parameter(DimensionParameterId(3))), Satisfies { kind: Parameter(KindParameterId(0)), predicate: Integer }, Satisfies { kind: Parameter(KindParameterId(1)), predicate: Integer }] }, output_schema_rules: [FromResolvedType] }	O01: untested as an independently identified overload; the export sample is not attributed to this candidate	representative admitted kind/layout cells, rejected target cells, reference values, bytecode and changing-turn behavior
math/mod	10	FunctionTypeOverload { id: 10, input_layout: [Value, Value], scheme: KindScheme { kind_parameters: [KindParameter { id: KindParameterId(0), upper_bound: None }, KindParameter { id: KindParameterId(1), upper_bound: None }, KindParameter { id: KindParameterId(2), upper_bound: None }], dimension_parameters: [], inputs: Fixed([Parameter(KindParameterId(0)), Parameter(KindParameterId(1))]), outputs: [Parameter(KindParameterId(2))], constraints: [Satisfies { kind: Parameter(KindParameterId(0)), predicate: Number }, Satisfies { kind: Parameter(KindParameterId(1)), predicate: Number }, Promotes { left: Parameter(KindParameterId(0)), right: Parameter(KindParameterId(1)), output: Parameter(KindParameterId(2)) }, Satisfies { kind: Parameter(KindParameterId(0)), predicate: FloatingPoint }, Satisfies { kind: Parameter(KindParameterId(1)), predicate: FloatingPoint }] }, output_schema_rules: [FromResolvedType] }	O01: untested as an independently identified overload; the export sample is not attributed to this candidate	representative admitted kind/layout cells, rejected target cells, reference values, bytecode and changing-turn behavior
math/mod	11	FunctionTypeOverload { id: 11, input_layout: [Value, Value], scheme: KindScheme { kind_parameters: [KindParameter { id: KindParameterId(0), upper_bound: None }, KindParameter { id: KindParameterId(1), upper_bound: None }, KindParameter { id: KindParameterId(2), upper_bound: None }], dimension_parameters: [DimensionParameterDeclaration { id: DimensionParameterId(0), origin: Inferred, lifetime: Turn, lower_bound: Constant(0), upper_bound: None }, DimensionParameterDeclaration { id: DimensionParameterId(1), origin: Inferred, lifetime: Turn, lower_bound: Constant(0), upper_bound: None }], inputs: Fixed([Matrix { element: Parameter(KindParameterId(0)), dimensions: [Parameter(DimensionParameterId(0)), Parameter(DimensionParameterId(1))] }, Matrix { element: Parameter(KindParameterId(1)), dimensions: [Parameter(DimensionParameterId(0)), Parameter(DimensionParameterId(1))] }]), outputs: [Matrix { element: Parameter(KindParameterId(2)), dimensions: [Parameter(DimensionParameterId(0)), Parameter(DimensionParameterId(1))] }], constraints: [Satisfies { kind: Parameter(KindParameterId(0)), predicate: Number }, Satisfies { kind: Parameter(KindParameterId(1)), predicate: Number }, Promotes { left: Parameter(KindParameterId(0)), right: Parameter(KindParameterId(1)), output: Parameter(KindParameterId(2)) }, Satisfies { kind: Parameter(KindParameterId(0)), predicate: FloatingPoint }, Satisfies { kind: Parameter(KindParameterId(1)), predicate: FloatingPoint }] }, output_schema_rules: [FromResolvedType] }	O01: untested as an independently identified overload; the export sample is not attributed to this candidate	representative admitted kind/layout cells, rejected target cells, reference values, bytecode and changing-turn behavior
math/mod	12	FunctionTypeOverload { id: 12, input_layout: [Value, Value], scheme: KindScheme { kind_parameters: [KindParameter { id: KindParameterId(0), upper_bound: None }, KindParameter { id: KindParameterId(1), upper_bound: None }, KindParameter { id: KindParameterId(2), upper_bound: None }], dimension_parameters: [DimensionParameterDeclaration { id: DimensionParameterId(0), origin: Inferred, lifetime: Turn, lower_bound: Constant(0), upper_bound: None }, DimensionParameterDeclaration { id: DimensionParameterId(1), origin: Inferred, lifetime: Turn, lower_bound: Constant(0), upper_bound: None }], inputs: Fixed([Matrix { element: Parameter(KindParameterId(0)), dimensions: [Parameter(DimensionParameterId(0)), Parameter(DimensionParameterId(1))] }, Parameter(KindParameterId(1))]), outputs: [Matrix { element: Parameter(KindParameterId(2)), dimensions: [Parameter(DimensionParameterId(0)), Parameter(DimensionParameterId(1))] }], constraints: [Satisfies { kind: Parameter(KindParameterId(0)), predicate: Number }, Satisfies { kind: Parameter(KindParameterId(1)), predicate: Number }, Promotes { left: Parameter(KindParameterId(0)), right: Parameter(KindParameterId(1)), output: Parameter(KindParameterId(2)) }, Satisfies { kind: Parameter(KindParameterId(0)), predicate: FloatingPoint }, Satisfies { kind: Parameter(KindParameterId(1)), predicate: FloatingPoint }] }, output_schema_rules: [FromResolvedType] }	O01: untested as an independently identified overload; the export sample is not attributed to this candidate	representative admitted kind/layout cells, rejected target cells, reference values, bytecode and changing-turn behavior
math/mod	13	FunctionTypeOverload { id: 13, input_layout: [Value, Value], scheme: KindScheme { kind_parameters: [KindParameter { id: KindParameterId(0), upper_bound: None }, KindParameter { id: KindParameterId(1), upper_bound: None }, KindParameter { id: KindParameterId(2), upper_bound: None }], dimension_parameters: [DimensionParameterDeclaration { id: DimensionParameterId(0), origin: Inferred, lifetime: Turn, lower_bound: Constant(0), upper_bound: None }, DimensionParameterDeclaration { id: DimensionParameterId(1), origin: Inferred, lifetime: Turn, lower_bound: Constant(0), upper_bound: None }], inputs: Fixed([Parameter(KindParameterId(0)), Matrix { element: Parameter(KindParameterId(1)), dimensions: [Parameter(DimensionParameterId(0)), Parameter(DimensionParameterId(1))] }]), outputs: [Matrix { element: Parameter(KindParameterId(2)), dimensions: [Parameter(DimensionParameterId(0)), Parameter(DimensionParameterId(1))] }], constraints: [Satisfies { kind: Parameter(KindParameterId(0)), predicate: Number }, Satisfies { kind: Parameter(KindParameterId(1)), predicate: Number }, Promotes { left: Parameter(KindParameterId(0)), right: Parameter(KindParameterId(1)), output: Parameter(KindParameterId(2)) }, Satisfies { kind: Parameter(KindParameterId(0)), predicate: FloatingPoint }, Satisfies { kind: Parameter(KindParameterId(1)), predicate: FloatingPoint }] }, output_schema_rules: [FromResolvedType] }	O01: untested as an independently identified overload; the export sample is not attributed to this candidate	representative admitted kind/layout cells, rejected target cells, reference values, bytecode and changing-turn behavior
math/mod	14	FunctionTypeOverload { id: 14, input_layout: [Value, Value], scheme: KindScheme { kind_parameters: [KindParameter { id: KindParameterId(0), upper_bound: None }, KindParameter { id: KindParameterId(1), upper_bound: None }, KindParameter { id: KindParameterId(2), upper_bound: None }], dimension_parameters: [DimensionParameterDeclaration { id: DimensionParameterId(0), origin: Inferred, lifetime: Turn, lower_bound: Constant(0), upper_bound: None }, DimensionParameterDeclaration { id: DimensionParameterId(1), origin: Inferred, lifetime: Turn, lower_bound: Constant(0), upper_bound: None }, DimensionParameterDeclaration { id: DimensionParameterId(2), origin: Inferred, lifetime: Turn, lower_bound: Constant(0), upper_bound: None }], inputs: Fixed([Matrix { element: Parameter(KindParameterId(0)), dimensions: [Parameter(DimensionParameterId(0)), Parameter(DimensionParameterId(1))] }, Matrix { element: Parameter(KindParameterId(1)), dimensions: [Parameter(DimensionParameterId(2)), Constant(1)] }]), outputs: [Matrix { element: Parameter(KindParameterId(2)), dimensions: [Parameter(DimensionParameterId(0)), Parameter(DimensionParameterId(1))] }], constraints: [Satisfies { kind: Parameter(KindParameterId(0)), predicate: Number }, Satisfies { kind: Parameter(KindParameterId(1)), predicate: Number }, Promotes { left: Parameter(KindParameterId(0)), right: Parameter(KindParameterId(1)), output: Parameter(KindParameterId(2)) }, DimensionCompatible(Parameter(DimensionParameterId(0)), Parameter(DimensionParameterId(2))), Satisfies { kind: Parameter(KindParameterId(0)), predicate: FloatingPoint }, Satisfies { kind: Parameter(KindParameterId(1)), predicate: FloatingPoint }] }, output_schema_rules: [FromResolvedType] }	O01: untested as an independently identified overload; the export sample is not attributed to this candidate	representative admitted kind/layout cells, rejected target cells, reference values, bytecode and changing-turn behavior
math/mod	15	FunctionTypeOverload { id: 15, input_layout: [Value, Value], scheme: KindScheme { kind_parameters: [KindParameter { id: KindParameterId(0), upper_bound: None }, KindParameter { id: KindParameterId(1), upper_bound: None }, KindParameter { id: KindParameterId(2), upper_bound: None }], dimension_parameters: [DimensionParameterDeclaration { id: DimensionParameterId(0), origin: Inferred, lifetime: Turn, lower_bound: Constant(0), upper_bound: None }, DimensionParameterDeclaration { id: DimensionParameterId(1), origin: Inferred, lifetime: Turn, lower_bound: Constant(0), upper_bound: None }, DimensionParameterDeclaration { id: DimensionParameterId(2), origin: Inferred, lifetime: Turn, lower_bound: Constant(0), upper_bound: None }], inputs: Fixed([Matrix { element: Parameter(KindParameterId(0)), dimensions: [Parameter(DimensionParameterId(0)), Parameter(DimensionParameterId(1))] }, Matrix { element: Parameter(KindParameterId(1)), dimensions: [Constant(1), Parameter(DimensionParameterId(2))] }]), outputs: [Matrix { element: Parameter(KindParameterId(2)), dimensions: [Parameter(DimensionParameterId(0)), Parameter(DimensionParameterId(1))] }], constraints: [Satisfies { kind: Parameter(KindParameterId(0)), predicate: Number }, Satisfies { kind: Parameter(KindParameterId(1)), predicate: Number }, Promotes { left: Parameter(KindParameterId(0)), right: Parameter(KindParameterId(1)), output: Parameter(KindParameterId(2)) }, DimensionCompatible(Parameter(DimensionParameterId(1)), Parameter(DimensionParameterId(2))), Satisfies { kind: Parameter(KindParameterId(0)), predicate: FloatingPoint }, Satisfies { kind: Parameter(KindParameterId(1)), predicate: FloatingPoint }] }, output_schema_rules: [FromResolvedType] }	O01: untested as an independently identified overload; the export sample is not attributed to this candidate	representative admitted kind/layout cells, rejected target cells, reference values, bytecode and changing-turn behavior
math/mod	16	FunctionTypeOverload { id: 16, input_layout: [Value, Value], scheme: KindScheme { kind_parameters: [KindParameter { id: KindParameterId(0), upper_bound: None }, KindParameter { id: KindParameterId(1), upper_bound: None }, KindParameter { id: KindParameterId(2), upper_bound: None }], dimension_parameters: [DimensionParameterDeclaration { id: DimensionParameterId(0), origin: Inferred, lifetime: Turn, lower_bound: Constant(0), upper_bound: None }, DimensionParameterDeclaration { id: DimensionParameterId(1), origin: Inferred, lifetime: Turn, lower_bound: Constant(0), upper_bound: None }, DimensionParameterDeclaration { id: DimensionParameterId(2), origin: Inferred, lifetime: Turn, lower_bound: Constant(0), upper_bound: None }], inputs: Fixed([Matrix { element: Parameter(KindParameterId(0)), dimensions: [Parameter(DimensionParameterId(2)), Constant(1)] }, Matrix { element: Parameter(KindParameterId(1)), dimensions: [Parameter(DimensionParameterId(0)), Parameter(DimensionParameterId(1))] }]), outputs: [Matrix { element: Parameter(KindParameterId(2)), dimensions: [Parameter(DimensionParameterId(0)), Parameter(DimensionParameterId(1))] }], constraints: [Satisfies { kind: Parameter(KindParameterId(0)), predicate: Number }, Satisfies { kind: Parameter(KindParameterId(1)), predicate: Number }, Promotes { left: Parameter(KindParameterId(0)), right: Parameter(KindParameterId(1)), output: Parameter(KindParameterId(2)) }, DimensionCompatible(Parameter(DimensionParameterId(0)), Parameter(DimensionParameterId(2))), Satisfies { kind: Parameter(KindParameterId(0)), predicate: FloatingPoint }, Satisfies { kind: Parameter(KindParameterId(1)), predicate: FloatingPoint }] }, output_schema_rules: [FromResolvedType] }	O01: untested as an independently identified overload; the export sample is not attributed to this candidate	representative admitted kind/layout cells, rejected target cells, reference values, bytecode and changing-turn behavior
math/mod	17	FunctionTypeOverload { id: 17, input_layout: [Value, Value], scheme: KindScheme { kind_parameters: [KindParameter { id: KindParameterId(0), upper_bound: None }, KindParameter { id: KindParameterId(1), upper_bound: None }, KindParameter { id: KindParameterId(2), upper_bound: None }], dimension_parameters: [DimensionParameterDeclaration { id: DimensionParameterId(0), origin: Inferred, lifetime: Turn, lower_bound: Constant(0), upper_bound: None }, DimensionParameterDeclaration { id: DimensionParameterId(1), origin: Inferred, lifetime: Turn, lower_bound: Constant(0), upper_bound: None }, DimensionParameterDeclaration { id: DimensionParameterId(2), origin: Inferred, lifetime: Turn, lower_bound: Constant(0), upper_bound: None }], inputs: Fixed([Matrix { element: Parameter(KindParameterId(0)), dimensions: [Constant(1), Parameter(DimensionParameterId(2))] }, Matrix { element: Parameter(KindParameterId(1)), dimensions: [Parameter(DimensionParameterId(0)), Parameter(DimensionParameterId(1))] }]), outputs: [Matrix { element: Parameter(KindParameterId(2)), dimensions: [Parameter(DimensionParameterId(0)), Parameter(DimensionParameterId(1))] }], constraints: [Satisfies { kind: Parameter(KindParameterId(0)), predicate: Number }, Satisfies { kind: Parameter(KindParameterId(1)), predicate: Number }, Promotes { left: Parameter(KindParameterId(0)), right: Parameter(KindParameterId(1)), output: Parameter(KindParameterId(2)) }, DimensionCompatible(Parameter(DimensionParameterId(1)), Parameter(DimensionParameterId(2))), Satisfies { kind: Parameter(KindParameterId(0)), predicate: FloatingPoint }, Satisfies { kind: Parameter(KindParameterId(1)), predicate: FloatingPoint }] }, output_schema_rules: [FromResolvedType] }	O01: untested as an independently identified overload; the export sample is not attributed to this candidate	representative admitted kind/layout cells, rejected target cells, reference values, bytecode and changing-turn behavior
math/mod	18	FunctionTypeOverload { id: 18, input_layout: [Value, Value], scheme: KindScheme { kind_parameters: [KindParameter { id: KindParameterId(0), upper_bound: None }, KindParameter { id: KindParameterId(1), upper_bound: None }, KindParameter { id: KindParameterId(2), upper_bound: None }], dimension_parameters: [DimensionParameterDeclaration { id: DimensionParameterId(0), origin: Inferred, lifetime: Turn, lower_bound: Constant(0), upper_bound: None }, DimensionParameterDeclaration { id: DimensionParameterId(1), origin: Inferred, lifetime: Turn, lower_bound: Constant(0), upper_bound: None }, DimensionParameterDeclaration { id: DimensionParameterId(2), origin: Inferred, lifetime: Turn, lower_bound: Constant(0), upper_bound: None }, DimensionParameterDeclaration { id: DimensionParameterId(3), origin: Inferred, lifetime: Turn, lower_bound: Constant(0), upper_bound: None }], inputs: Fixed([Matrix { element: Parameter(KindParameterId(0)), dimensions: [Parameter(DimensionParameterId(0)), Parameter(DimensionParameterId(1))] }, Matrix { element: Parameter(KindParameterId(1)), dimensions: [Parameter(DimensionParameterId(2)), Parameter(DimensionParameterId(3))] }]), outputs: [Matrix { element: Parameter(KindParameterId(2)), dimensions: [Parameter(DimensionParameterId(0)), Parameter(DimensionParameterId(1))] }], constraints: [Satisfies { kind: Parameter(KindParameterId(0)), predicate: Number }, Satisfies { kind: Parameter(KindParameterId(1)), predicate: Number }, Promotes { left: Parameter(KindParameterId(0)), right: Parameter(KindParameterId(1)), output: Parameter(KindParameterId(2)) }, DimensionCompatible(Parameter(DimensionParameterId(0)), Parameter(DimensionParameterId(2))), DimensionCompatible(Parameter(DimensionParameterId(1)), Parameter(DimensionParameterId(3))), Satisfies { kind: Parameter(KindParameterId(0)), predicate: FloatingPoint }, Satisfies { kind: Parameter(KindParameterId(1)), predicate: FloatingPoint }] }, output_schema_rules: [FromResolvedType] }	O01: untested as an independently identified overload; the export sample is not attributed to this candidate	representative admitted kind/layout cells, rejected target cells, reference values, bytecode and changing-turn behavior
math/mod	19	FunctionTypeOverload { id: 19, input_layout: [Value, Value], scheme: KindScheme { kind_parameters: [KindParameter { id: KindParameterId(0), upper_bound: None }, KindParameter { id: KindParameterId(1), upper_bound: None }, KindParameter { id: KindParameterId(2), upper_bound: None }], dimension_parameters: [DimensionParameterDeclaration { id: DimensionParameterId(0), origin: Inferred, lifetime: Turn, lower_bound: Constant(0), upper_bound: None }, DimensionParameterDeclaration { id: DimensionParameterId(1), origin: Inferred, lifetime: Turn, lower_bound: Constant(0), upper_bound: None }, DimensionParameterDeclaration { id: DimensionParameterId(2), origin: Inferred, lifetime: Turn, lower_bound: Constant(0), upper_bound: None }, DimensionParameterDeclaration { id: DimensionParameterId(3), origin: Inferred, lifetime: Turn, lower_bound: Constant(0), upper_bound: None }], inputs: Fixed([Matrix { element: Parameter(KindParameterId(0)), dimensions: [Parameter(DimensionParameterId(0)), Parameter(DimensionParameterId(1))] }, Matrix { element: Parameter(KindParameterId(1)), dimensions: [Parameter(DimensionParameterId(2)), Parameter(DimensionParameterId(3))] }]), outputs: [Matrix { element: Parameter(KindParameterId(2)), dimensions: [Parameter(DimensionParameterId(2)), Parameter(DimensionParameterId(3))] }], constraints: [Satisfies { kind: Parameter(KindParameterId(0)), predicate: Number }, Satisfies { kind: Parameter(KindParameterId(1)), predicate: Number }, Promotes { left: Parameter(KindParameterId(0)), right: Parameter(KindParameterId(1)), output: Parameter(KindParameterId(2)) }, DimensionCompatible(Parameter(DimensionParameterId(0)), Parameter(DimensionParameterId(2))), DimensionCompatible(Parameter(DimensionParameterId(1)), Parameter(DimensionParameterId(3))), Satisfies { kind: Parameter(KindParameterId(0)), predicate: FloatingPoint }, Satisfies { kind: Parameter(KindParameterId(1)), predicate: FloatingPoint }] }, output_schema_rules: [FromResolvedType] }	O01: untested as an independently identified overload; the export sample is not attributed to this candidate	representative admitted kind/layout cells, rejected target cells, reference values, bytecode and changing-turn behavior
math/div-assign/range	0	FunctionTypeOverload { id: 0, input_layout: [Value, Value, Value], scheme: KindScheme { kind_parameters: [KindParameter { id: KindParameterId(0), upper_bound: None }, KindParameter { id: KindParameterId(1), upper_bound: None }], dimension_parameters: [], inputs: Fixed([Parameter(KindParameterId(0)), Parameter(KindParameterId(0)), Parameter(KindParameterId(1))]), outputs: [Parameter(KindParameterId(0))], constraints: [Satisfies { kind: Parameter(KindParameterId(0)), predicate: Number }] }, output_schema_rules: [FromResolvedType] }	O01: untested as an independently identified overload; the export sample is not attributed to this candidate	representative admitted kind/layout cells, rejected target cells, reference values, bytecode and changing-turn behavior
math/div-assign/range	1	FunctionTypeOverload { id: 1, input_layout: [Value, Value, Value], scheme: KindScheme { kind_parameters: [KindParameter { id: KindParameterId(0), upper_bound: None }, KindParameter { id: KindParameterId(1), upper_bound: None }], dimension_parameters: [DimensionParameterDeclaration { id: DimensionParameterId(0), origin: Inferred, lifetime: Turn, lower_bound: Constant(0), upper_bound: None }, DimensionParameterDeclaration { id: DimensionParameterId(1), origin: Inferred, lifetime: Turn, lower_bound: Constant(0), upper_bound: None }], inputs: Fixed([Matrix { element: Parameter(KindParameterId(0)), dimensions: [Parameter(DimensionParameterId(0)), Parameter(DimensionParameterId(1))] }, Parameter(KindParameterId(0)), Parameter(KindParameterId(1))]), outputs: [Matrix { element: Parameter(KindParameterId(0)), dimensions: [Parameter(DimensionParameterId(0)), Parameter(DimensionParameterId(1))] }], constraints: [Satisfies { kind: Parameter(KindParameterId(0)), predicate: Number }] }, output_schema_rules: [FromResolvedType] }	O01: untested as an independently identified overload; the export sample is not attributed to this candidate	representative admitted kind/layout cells, rejected target cells, reference values, bytecode and changing-turn behavior
math/div-assign/range	2	FunctionTypeOverload { id: 2, input_layout: [Value, Value, Value], scheme: KindScheme { kind_parameters: [KindParameter { id: KindParameterId(0), upper_bound: None }, KindParameter { id: KindParameterId(1), upper_bound: None }], dimension_parameters: [DimensionParameterDeclaration { id: DimensionParameterId(0), origin: Inferred, lifetime: Turn, lower_bound: Constant(0), upper_bound: None }, DimensionParameterDeclaration { id: DimensionParameterId(1), origin: Inferred, lifetime: Turn, lower_bound: Constant(0), upper_bound: None }, DimensionParameterDeclaration { id: DimensionParameterId(2), origin: Inferred, lifetime: Turn, lower_bound: Constant(0), upper_bound: None }, DimensionParameterDeclaration { id: DimensionParameterId(3), origin: Inferred, lifetime: Turn, lower_bound: Constant(0), upper_bound: None }], inputs: Fixed([Matrix { element: Parameter(KindParameterId(0)), dimensions: [Parameter(DimensionParameterId(0)), Parameter(DimensionParameterId(1))] }, Matrix { element: Parameter(KindParameterId(0)), dimensions: [Parameter(DimensionParameterId(2)), Parameter(DimensionParameterId(3))] }, Parameter(KindParameterId(1))]), outputs: [Matrix { element: Parameter(KindParameterId(0)), dimensions: [Parameter(DimensionParameterId(0)), Parameter(DimensionParameterId(1))] }], constraints: [Satisfies { kind: Parameter(KindParameterId(0)), predicate: Number }] }, output_schema_rules: [FromResolvedType] }	O01: untested as an independently identified overload; the export sample is not attributed to this candidate	representative admitted kind/layout cells, rejected target cells, reference values, bytecode and changing-turn behavior
matrix/dot	0	FunctionTypeOverload { id: 0, input_layout: [Value, Value], scheme: KindScheme { kind_parameters: [KindParameter { id: KindParameterId(0), upper_bound: None }, KindParameter { id: KindParameterId(1), upper_bound: None }, KindParameter { id: KindParameterId(2), upper_bound: None }], dimension_parameters: [DimensionParameterDeclaration { id: DimensionParameterId(0), origin: Inferred, lifetime: Turn, lower_bound: Constant(0), upper_bound: None }, DimensionParameterDeclaration { id: DimensionParameterId(1), origin: Inferred, lifetime: Turn, lower_bound: Constant(0), upper_bound: None }], inputs: Fixed([Matrix { element: Parameter(KindParameterId(0)), dimensions: [Parameter(DimensionParameterId(0)), Parameter(DimensionParameterId(1))] }, Matrix { element: Parameter(KindParameterId(1)), dimensions: [Parameter(DimensionParameterId(0)), Parameter(DimensionParameterId(1))] }]), outputs: [Parameter(KindParameterId(2))], constraints: [Satisfies { kind: Parameter(KindParameterId(0)), predicate: Number }, Satisfies { kind: Parameter(KindParameterId(1)), predicate: Number }, Promotes { left: Parameter(KindParameterId(0)), right: Parameter(KindParameterId(1)), output: Parameter(KindParameterId(2)) }] }, output_schema_rules: [FromResolvedType] }	O01: untested as an independently identified overload; the export sample is not attributed to this candidate	representative admitted kind/layout cells, rejected target cells, reference values, bytecode and changing-turn behavior
matrix/dot	1	FunctionTypeOverload { id: 1, input_layout: [Value, Value], scheme: KindScheme { kind_parameters: [KindParameter { id: KindParameterId(0), upper_bound: None }, KindParameter { id: KindParameterId(1), upper_bound: None }, KindParameter { id: KindParameterId(2), upper_bound: None }], dimension_parameters: [DimensionParameterDeclaration { id: DimensionParameterId(0), origin: Inferred, lifetime: Turn, lower_bound: Constant(0), upper_bound: None }, DimensionParameterDeclaration { id: DimensionParameterId(1), origin: Inferred, lifetime: Turn, lower_bound: Constant(0), upper_bound: None }, DimensionParameterDeclaration { id: DimensionParameterId(2), origin: Inferred, lifetime: Turn, lower_bound: Constant(0), upper_bound: None }, DimensionParameterDeclaration { id: DimensionParameterId(3), origin: Inferred, lifetime: Turn, lower_bound: Constant(0), upper_bound: None }], inputs: Fixed([Matrix { element: Parameter(KindParameterId(0)), dimensions: [Parameter(DimensionParameterId(0)), Parameter(DimensionParameterId(1))] }, Matrix { element: Parameter(KindParameterId(1)), dimensions: [Parameter(DimensionParameterId(2)), Parameter(DimensionParameterId(3))] }]), outputs: [Parameter(KindParameterId(2))], constraints: [Satisfies { kind: Parameter(KindParameterId(0)), predicate: Number }, Satisfies { kind: Parameter(KindParameterId(1)), predicate: Number }, Promotes { left: Parameter(KindParameterId(0)), right: Parameter(KindParameterId(1)), output: Parameter(KindParameterId(2)) }, DimensionCompatible(Parameter(DimensionParameterId(0)), Parameter(DimensionParameterId(2))), DimensionCompatible(Parameter(DimensionParameterId(1)), Parameter(DimensionParameterId(3)))] }, output_schema_rules: [FromResolvedType] }	O01: untested as an independently identified overload; the export sample is not attributed to this candidate	representative admitted kind/layout cells, rejected target cells, reference values, bytecode and changing-turn behavior
math/sec	0	FunctionTypeOverload { id: 0, input_layout: [Value], scheme: KindScheme { kind_parameters: [KindParameter { id: KindParameterId(0), upper_bound: None }], dimension_parameters: [], inputs: Fixed([Parameter(KindParameterId(0))]), outputs: [Parameter(KindParameterId(0))], constraints: [Satisfies { kind: Parameter(KindParameterId(0)), predicate: FloatingPoint }] }, output_schema_rules: [FromResolvedType] }	O01: untested as an independently identified overload; the export sample is not attributed to this candidate	representative admitted kind/layout cells, rejected target cells, reference values, bytecode and changing-turn behavior
math/sec	1	FunctionTypeOverload { id: 1, input_layout: [Value], scheme: KindScheme { kind_parameters: [KindParameter { id: KindParameterId(0), upper_bound: None }], dimension_parameters: [DimensionParameterDeclaration { id: DimensionParameterId(0), origin: Inferred, lifetime: Turn, lower_bound: Constant(0), upper_bound: None }, DimensionParameterDeclaration { id: DimensionParameterId(1), origin: Inferred, lifetime: Turn, lower_bound: Constant(0), upper_bound: None }], inputs: Fixed([Matrix { element: Parameter(KindParameterId(0)), dimensions: [Parameter(DimensionParameterId(0)), Parameter(DimensionParameterId(1))] }]), outputs: [Matrix { element: Parameter(KindParameterId(0)), dimensions: [Parameter(DimensionParameterId(0)), Parameter(DimensionParameterId(1))] }], constraints: [Satisfies { kind: Parameter(KindParameterId(0)), predicate: FloatingPoint }] }, output_schema_rules: [FromResolvedType] }	O01: untested as an independently identified overload; the export sample is not attributed to this candidate	representative admitted kind/layout cells, rejected target cells, reference values, bytecode and changing-turn behavior
math/erfc	0	FunctionTypeOverload { id: 0, input_layout: [Value], scheme: KindScheme { kind_parameters: [KindParameter { id: KindParameterId(0), upper_bound: None }], dimension_parameters: [], inputs: Fixed([Parameter(KindParameterId(0))]), outputs: [Parameter(KindParameterId(0))], constraints: [Satisfies { kind: Parameter(KindParameterId(0)), predicate: FloatingPoint }] }, output_schema_rules: [FromResolvedType] }	O01: untested as an independently identified overload; the export sample is not attributed to this candidate	representative admitted kind/layout cells, rejected target cells, reference values, bytecode and changing-turn behavior
math/erfc	1	FunctionTypeOverload { id: 1, input_layout: [Value], scheme: KindScheme { kind_parameters: [KindParameter { id: KindParameterId(0), upper_bound: None }], dimension_parameters: [DimensionParameterDeclaration { id: DimensionParameterId(0), origin: Inferred, lifetime: Turn, lower_bound: Constant(0), upper_bound: None }, DimensionParameterDeclaration { id: DimensionParameterId(1), origin: Inferred, lifetime: Turn, lower_bound: Constant(0), upper_bound: None }], inputs: Fixed([Matrix { element: Parameter(KindParameterId(0)), dimensions: [Parameter(DimensionParameterId(0)), Parameter(DimensionParameterId(1))] }]), outputs: [Matrix { element: Parameter(KindParameterId(0)), dimensions: [Parameter(DimensionParameterId(0)), Parameter(DimensionParameterId(1))] }], constraints: [Satisfies { kind: Parameter(KindParameterId(0)), predicate: FloatingPoint }] }, output_schema_rules: [FromResolvedType] }	O01: untested as an independently identified overload; the export sample is not attributed to this candidate	representative admitted kind/layout cells, rejected target cells, reference values, bytecode and changing-turn behavior
math/csc	0	FunctionTypeOverload { id: 0, input_layout: [Value], scheme: KindScheme { kind_parameters: [KindParameter { id: KindParameterId(0), upper_bound: None }], dimension_parameters: [], inputs: Fixed([Parameter(KindParameterId(0))]), outputs: [Parameter(KindParameterId(0))], constraints: [Satisfies { kind: Parameter(KindParameterId(0)), predicate: FloatingPoint }] }, output_schema_rules: [FromResolvedType] }	O01: untested as an independently identified overload; the export sample is not attributed to this candidate	representative admitted kind/layout cells, rejected target cells, reference values, bytecode and changing-turn behavior
math/csc	1	FunctionTypeOverload { id: 1, input_layout: [Value], scheme: KindScheme { kind_parameters: [KindParameter { id: KindParameterId(0), upper_bound: None }], dimension_parameters: [DimensionParameterDeclaration { id: DimensionParameterId(0), origin: Inferred, lifetime: Turn, lower_bound: Constant(0), upper_bound: None }, DimensionParameterDeclaration { id: DimensionParameterId(1), origin: Inferred, lifetime: Turn, lower_bound: Constant(0), upper_bound: None }], inputs: Fixed([Matrix { element: Parameter(KindParameterId(0)), dimensions: [Parameter(DimensionParameterId(0)), Parameter(DimensionParameterId(1))] }]), outputs: [Matrix { element: Parameter(KindParameterId(0)), dimensions: [Parameter(DimensionParameterId(0)), Parameter(DimensionParameterId(1))] }], constraints: [Satisfies { kind: Parameter(KindParameterId(0)), predicate: FloatingPoint }] }, output_schema_rules: [FromResolvedType] }	O01: untested as an independently identified overload; the export sample is not attributed to this candidate	representative admitted kind/layout cells, rejected target cells, reference values, bytecode and changing-turn behavior
table/full-outer-join	syntax-directed	Some(FunctionTypeDeclaration { overloads: [], template: Some(TableJoin(FullOuter)), parameter_names: None })	O01: intrinsic contract requires operator-specific kind/layout witnesses	qualify the source intrinsic contract and supported target layouts
math/sqrt	0	FunctionTypeOverload { id: 0, input_layout: [Value], scheme: KindScheme { kind_parameters: [KindParameter { id: KindParameterId(0), upper_bound: None }], dimension_parameters: [], inputs: Fixed([Parameter(KindParameterId(0))]), outputs: [Parameter(KindParameterId(0))], constraints: [Satisfies { kind: Parameter(KindParameterId(0)), predicate: FloatingPoint }] }, output_schema_rules: [FromResolvedType] }	O01: untested as an independently identified overload; the export sample is not attributed to this candidate	representative admitted kind/layout cells, rejected target cells, reference values, bytecode and changing-turn behavior
math/sqrt	1	FunctionTypeOverload { id: 1, input_layout: [Value], scheme: KindScheme { kind_parameters: [KindParameter { id: KindParameterId(0), upper_bound: None }], dimension_parameters: [DimensionParameterDeclaration { id: DimensionParameterId(0), origin: Inferred, lifetime: Turn, lower_bound: Constant(0), upper_bound: None }, DimensionParameterDeclaration { id: DimensionParameterId(1), origin: Inferred, lifetime: Turn, lower_bound: Constant(0), upper_bound: None }], inputs: Fixed([Matrix { element: Parameter(KindParameterId(0)), dimensions: [Parameter(DimensionParameterId(0)), Parameter(DimensionParameterId(1))] }]), outputs: [Matrix { element: Parameter(KindParameterId(0)), dimensions: [Parameter(DimensionParameterId(0)), Parameter(DimensionParameterId(1))] }], constraints: [Satisfies { kind: Parameter(KindParameterId(0)), predicate: FloatingPoint }] }, output_schema_rules: [FromResolvedType] }	O01: untested as an independently identified overload; the export sample is not attributed to this candidate	representative admitted kind/layout cells, rejected target cells, reference values, bytecode and changing-turn behavior
set/superset	0	FunctionTypeOverload { id: 0, input_layout: [Value, Value], scheme: KindScheme { kind_parameters: [KindParameter { id: KindParameterId(0), upper_bound: None }], dimension_parameters: [DimensionParameterDeclaration { id: DimensionParameterId(0), origin: Inferred, lifetime: Turn, lower_bound: Constant(0), upper_bound: None }, DimensionParameterDeclaration { id: DimensionParameterId(1), origin: Inferred, lifetime: Turn, lower_bound: Constant(0), upper_bound: None }], inputs: Fixed([Set { element: Parameter(KindParameterId(0)), cardinality: Parameter(DimensionParameterId(0)) }, Set { element: Parameter(KindParameterId(0)), cardinality: Parameter(DimensionParameterId(1)) }]), outputs: [Named(KindId(15))], constraints: [Satisfies { kind: Parameter(KindParameterId(0)), predicate: Keyable }] }, output_schema_rules: [FromResolvedType] }	O01: untested as an independently identified overload; the export sample is not attributed to this candidate	representative admitted kind/layout cells, rejected target cells, reference values, bytecode and changing-turn behavior
math/nextafter	0	FunctionTypeOverload { id: 0, input_layout: [Value, Value], scheme: KindScheme { kind_parameters: [KindParameter { id: KindParameterId(0), upper_bound: None }, KindParameter { id: KindParameterId(1), upper_bound: None }, KindParameter { id: KindParameterId(2), upper_bound: None }], dimension_parameters: [], inputs: Fixed([Parameter(KindParameterId(0)), Parameter(KindParameterId(1))]), outputs: [Parameter(KindParameterId(2))], constraints: [Satisfies { kind: Parameter(KindParameterId(0)), predicate: Number }, Satisfies { kind: Parameter(KindParameterId(1)), predicate: Number }, Promotes { left: Parameter(KindParameterId(0)), right: Parameter(KindParameterId(1)), output: Parameter(KindParameterId(2)) }, Satisfies { kind: Parameter(KindParameterId(0)), predicate: FloatingPoint }, Satisfies { kind: Parameter(KindParameterId(1)), predicate: FloatingPoint }] }, output_schema_rules: [FromResolvedType] }	O01: untested as an independently identified overload; the export sample is not attributed to this candidate	representative admitted kind/layout cells, rejected target cells, reference values, bytecode and changing-turn behavior
math/nextafter	1	FunctionTypeOverload { id: 1, input_layout: [Value, Value], scheme: KindScheme { kind_parameters: [KindParameter { id: KindParameterId(0), upper_bound: None }, KindParameter { id: KindParameterId(1), upper_bound: None }, KindParameter { id: KindParameterId(2), upper_bound: None }], dimension_parameters: [DimensionParameterDeclaration { id: DimensionParameterId(0), origin: Inferred, lifetime: Turn, lower_bound: Constant(0), upper_bound: None }, DimensionParameterDeclaration { id: DimensionParameterId(1), origin: Inferred, lifetime: Turn, lower_bound: Constant(0), upper_bound: None }], inputs: Fixed([Matrix { element: Parameter(KindParameterId(0)), dimensions: [Parameter(DimensionParameterId(0)), Parameter(DimensionParameterId(1))] }, Matrix { element: Parameter(KindParameterId(1)), dimensions: [Parameter(DimensionParameterId(0)), Parameter(DimensionParameterId(1))] }]), outputs: [Matrix { element: Parameter(KindParameterId(2)), dimensions: [Parameter(DimensionParameterId(0)), Parameter(DimensionParameterId(1))] }], constraints: [Satisfies { kind: Parameter(KindParameterId(0)), predicate: Number }, Satisfies { kind: Parameter(KindParameterId(1)), predicate: Number }, Promotes { left: Parameter(KindParameterId(0)), right: Parameter(KindParameterId(1)), output: Parameter(KindParameterId(2)) }, Satisfies { kind: Parameter(KindParameterId(0)), predicate: FloatingPoint }, Satisfies { kind: Parameter(KindParameterId(1)), predicate: FloatingPoint }] }, output_schema_rules: [FromResolvedType] }	O01: untested as an independently identified overload; the export sample is not attributed to this candidate	representative admitted kind/layout cells, rejected target cells, reference values, bytecode and changing-turn behavior
math/nextafter	2	FunctionTypeOverload { id: 2, input_layout: [Value, Value], scheme: KindScheme { kind_parameters: [KindParameter { id: KindParameterId(0), upper_bound: None }, KindParameter { id: KindParameterId(1), upper_bound: None }, KindParameter { id: KindParameterId(2), upper_bound: None }], dimension_parameters: [DimensionParameterDeclaration { id: DimensionParameterId(0), origin: Inferred, lifetime: Turn, lower_bound: Constant(0), upper_bound: None }, DimensionParameterDeclaration { id: DimensionParameterId(1), origin: Inferred, lifetime: Turn, lower_bound: Constant(0), upper_bound: None }], inputs: Fixed([Matrix { element: Parameter(KindParameterId(0)), dimensions: [Parameter(DimensionParameterId(0)), Parameter(DimensionParameterId(1))] }, Parameter(KindParameterId(1))]), outputs: [Matrix { element: Parameter(KindParameterId(2)), dimensions: [Parameter(DimensionParameterId(0)), Parameter(DimensionParameterId(1))] }], constraints: [Satisfies { kind: Parameter(KindParameterId(0)), predicate: Number }, Satisfies { kind: Parameter(KindParameterId(1)), predicate: Number }, Promotes { left: Parameter(KindParameterId(0)), right: Parameter(KindParameterId(1)), output: Parameter(KindParameterId(2)) }, Satisfies { kind: Parameter(KindParameterId(0)), predicate: FloatingPoint }, Satisfies { kind: Parameter(KindParameterId(1)), predicate: FloatingPoint }] }, output_schema_rules: [FromResolvedType] }	O01: untested as an independently identified overload; the export sample is not attributed to this candidate	representative admitted kind/layout cells, rejected target cells, reference values, bytecode and changing-turn behavior
math/nextafter	3	FunctionTypeOverload { id: 3, input_layout: [Value, Value], scheme: KindScheme { kind_parameters: [KindParameter { id: KindParameterId(0), upper_bound: None }, KindParameter { id: KindParameterId(1), upper_bound: None }, KindParameter { id: KindParameterId(2), upper_bound: None }], dimension_parameters: [DimensionParameterDeclaration { id: DimensionParameterId(0), origin: Inferred, lifetime: Turn, lower_bound: Constant(0), upper_bound: None }, DimensionParameterDeclaration { id: DimensionParameterId(1), origin: Inferred, lifetime: Turn, lower_bound: Constant(0), upper_bound: None }], inputs: Fixed([Parameter(KindParameterId(0)), Matrix { element: Parameter(KindParameterId(1)), dimensions: [Parameter(DimensionParameterId(0)), Parameter(DimensionParameterId(1))] }]), outputs: [Matrix { element: Parameter(KindParameterId(2)), dimensions: [Parameter(DimensionParameterId(0)), Parameter(DimensionParameterId(1))] }], constraints: [Satisfies { kind: Parameter(KindParameterId(0)), predicate: Number }, Satisfies { kind: Parameter(KindParameterId(1)), predicate: Number }, Promotes { left: Parameter(KindParameterId(0)), right: Parameter(KindParameterId(1)), output: Parameter(KindParameterId(2)) }, Satisfies { kind: Parameter(KindParameterId(0)), predicate: FloatingPoint }, Satisfies { kind: Parameter(KindParameterId(1)), predicate: FloatingPoint }] }, output_schema_rules: [FromResolvedType] }	O01: untested as an independently identified overload; the export sample is not attributed to this candidate	representative admitted kind/layout cells, rejected target cells, reference values, bytecode and changing-turn behavior
math/nextafter	4	FunctionTypeOverload { id: 4, input_layout: [Value, Value], scheme: KindScheme { kind_parameters: [KindParameter { id: KindParameterId(0), upper_bound: None }, KindParameter { id: KindParameterId(1), upper_bound: None }, KindParameter { id: KindParameterId(2), upper_bound: None }], dimension_parameters: [DimensionParameterDeclaration { id: DimensionParameterId(0), origin: Inferred, lifetime: Turn, lower_bound: Constant(0), upper_bound: None }, DimensionParameterDeclaration { id: DimensionParameterId(1), origin: Inferred, lifetime: Turn, lower_bound: Constant(0), upper_bound: None }, DimensionParameterDeclaration { id: DimensionParameterId(2), origin: Inferred, lifetime: Turn, lower_bound: Constant(0), upper_bound: None }], inputs: Fixed([Matrix { element: Parameter(KindParameterId(0)), dimensions: [Parameter(DimensionParameterId(0)), Parameter(DimensionParameterId(1))] }, Matrix { element: Parameter(KindParameterId(1)), dimensions: [Parameter(DimensionParameterId(2)), Constant(1)] }]), outputs: [Matrix { element: Parameter(KindParameterId(2)), dimensions: [Parameter(DimensionParameterId(0)), Parameter(DimensionParameterId(1))] }], constraints: [Satisfies { kind: Parameter(KindParameterId(0)), predicate: Number }, Satisfies { kind: Parameter(KindParameterId(1)), predicate: Number }, Promotes { left: Parameter(KindParameterId(0)), right: Parameter(KindParameterId(1)), output: Parameter(KindParameterId(2)) }, DimensionCompatible(Parameter(DimensionParameterId(0)), Parameter(DimensionParameterId(2))), Satisfies { kind: Parameter(KindParameterId(0)), predicate: FloatingPoint }, Satisfies { kind: Parameter(KindParameterId(1)), predicate: FloatingPoint }] }, output_schema_rules: [FromResolvedType] }	O01: untested as an independently identified overload; the export sample is not attributed to this candidate	representative admitted kind/layout cells, rejected target cells, reference values, bytecode and changing-turn behavior
math/nextafter	5	FunctionTypeOverload { id: 5, input_layout: [Value, Value], scheme: KindScheme { kind_parameters: [KindParameter { id: KindParameterId(0), upper_bound: None }, KindParameter { id: KindParameterId(1), upper_bound: None }, KindParameter { id: KindParameterId(2), upper_bound: None }], dimension_parameters: [DimensionParameterDeclaration { id: DimensionParameterId(0), origin: Inferred, lifetime: Turn, lower_bound: Constant(0), upper_bound: None }, DimensionParameterDeclaration { id: DimensionParameterId(1), origin: Inferred, lifetime: Turn, lower_bound: Constant(0), upper_bound: None }, DimensionParameterDeclaration { id: DimensionParameterId(2), origin: Inferred, lifetime: Turn, lower_bound: Constant(0), upper_bound: None }], inputs: Fixed([Matrix { element: Parameter(KindParameterId(0)), dimensions: [Parameter(DimensionParameterId(0)), Parameter(DimensionParameterId(1))] }, Matrix { element: Parameter(KindParameterId(1)), dimensions: [Constant(1), Parameter(DimensionParameterId(2))] }]), outputs: [Matrix { element: Parameter(KindParameterId(2)), dimensions: [Parameter(DimensionParameterId(0)), Parameter(DimensionParameterId(1))] }], constraints: [Satisfies { kind: Parameter(KindParameterId(0)), predicate: Number }, Satisfies { kind: Parameter(KindParameterId(1)), predicate: Number }, Promotes { left: Parameter(KindParameterId(0)), right: Parameter(KindParameterId(1)), output: Parameter(KindParameterId(2)) }, DimensionCompatible(Parameter(DimensionParameterId(1)), Parameter(DimensionParameterId(2))), Satisfies { kind: Parameter(KindParameterId(0)), predicate: FloatingPoint }, Satisfies { kind: Parameter(KindParameterId(1)), predicate: FloatingPoint }] }, output_schema_rules: [FromResolvedType] }	O01: untested as an independently identified overload; the export sample is not attributed to this candidate	representative admitted kind/layout cells, rejected target cells, reference values, bytecode and changing-turn behavior
math/nextafter	6	FunctionTypeOverload { id: 6, input_layout: [Value, Value], scheme: KindScheme { kind_parameters: [KindParameter { id: KindParameterId(0), upper_bound: None }, KindParameter { id: KindParameterId(1), upper_bound: None }, KindParameter { id: KindParameterId(2), upper_bound: None }], dimension_parameters: [DimensionParameterDeclaration { id: DimensionParameterId(0), origin: Inferred, lifetime: Turn, lower_bound: Constant(0), upper_bound: None }, DimensionParameterDeclaration { id: DimensionParameterId(1), origin: Inferred, lifetime: Turn, lower_bound: Constant(0), upper_bound: None }, DimensionParameterDeclaration { id: DimensionParameterId(2), origin: Inferred, lifetime: Turn, lower_bound: Constant(0), upper_bound: None }], inputs: Fixed([Matrix { element: Parameter(KindParameterId(0)), dimensions: [Parameter(DimensionParameterId(2)), Constant(1)] }, Matrix { element: Parameter(KindParameterId(1)), dimensions: [Parameter(DimensionParameterId(0)), Parameter(DimensionParameterId(1))] }]), outputs: [Matrix { element: Parameter(KindParameterId(2)), dimensions: [Parameter(DimensionParameterId(0)), Parameter(DimensionParameterId(1))] }], constraints: [Satisfies { kind: Parameter(KindParameterId(0)), predicate: Number }, Satisfies { kind: Parameter(KindParameterId(1)), predicate: Number }, Promotes { left: Parameter(KindParameterId(0)), right: Parameter(KindParameterId(1)), output: Parameter(KindParameterId(2)) }, DimensionCompatible(Parameter(DimensionParameterId(0)), Parameter(DimensionParameterId(2))), Satisfies { kind: Parameter(KindParameterId(0)), predicate: FloatingPoint }, Satisfies { kind: Parameter(KindParameterId(1)), predicate: FloatingPoint }] }, output_schema_rules: [FromResolvedType] }	O01: untested as an independently identified overload; the export sample is not attributed to this candidate	representative admitted kind/layout cells, rejected target cells, reference values, bytecode and changing-turn behavior
math/nextafter	7	FunctionTypeOverload { id: 7, input_layout: [Value, Value], scheme: KindScheme { kind_parameters: [KindParameter { id: KindParameterId(0), upper_bound: None }, KindParameter { id: KindParameterId(1), upper_bound: None }, KindParameter { id: KindParameterId(2), upper_bound: None }], dimension_parameters: [DimensionParameterDeclaration { id: DimensionParameterId(0), origin: Inferred, lifetime: Turn, lower_bound: Constant(0), upper_bound: None }, DimensionParameterDeclaration { id: DimensionParameterId(1), origin: Inferred, lifetime: Turn, lower_bound: Constant(0), upper_bound: None }, DimensionParameterDeclaration { id: DimensionParameterId(2), origin: Inferred, lifetime: Turn, lower_bound: Constant(0), upper_bound: None }], inputs: Fixed([Matrix { element: Parameter(KindParameterId(0)), dimensions: [Constant(1), Parameter(DimensionParameterId(2))] }, Matrix { element: Parameter(KindParameterId(1)), dimensions: [Parameter(DimensionParameterId(0)), Parameter(DimensionParameterId(1))] }]), outputs: [Matrix { element: Parameter(KindParameterId(2)), dimensions: [Parameter(DimensionParameterId(0)), Parameter(DimensionParameterId(1))] }], constraints: [Satisfies { kind: Parameter(KindParameterId(0)), predicate: Number }, Satisfies { kind: Parameter(KindParameterId(1)), predicate: Number }, Promotes { left: Parameter(KindParameterId(0)), right: Parameter(KindParameterId(1)), output: Parameter(KindParameterId(2)) }, DimensionCompatible(Parameter(DimensionParameterId(1)), Parameter(DimensionParameterId(2))), Satisfies { kind: Parameter(KindParameterId(0)), predicate: FloatingPoint }, Satisfies { kind: Parameter(KindParameterId(1)), predicate: FloatingPoint }] }, output_schema_rules: [FromResolvedType] }	O01: untested as an independently identified overload; the export sample is not attributed to this candidate	representative admitted kind/layout cells, rejected target cells, reference values, bytecode and changing-turn behavior
math/nextafter	8	FunctionTypeOverload { id: 8, input_layout: [Value, Value], scheme: KindScheme { kind_parameters: [KindParameter { id: KindParameterId(0), upper_bound: None }, KindParameter { id: KindParameterId(1), upper_bound: None }, KindParameter { id: KindParameterId(2), upper_bound: None }], dimension_parameters: [DimensionParameterDeclaration { id: DimensionParameterId(0), origin: Inferred, lifetime: Turn, lower_bound: Constant(0), upper_bound: None }, DimensionParameterDeclaration { id: DimensionParameterId(1), origin: Inferred, lifetime: Turn, lower_bound: Constant(0), upper_bound: None }, DimensionParameterDeclaration { id: DimensionParameterId(2), origin: Inferred, lifetime: Turn, lower_bound: Constant(0), upper_bound: None }, DimensionParameterDeclaration { id: DimensionParameterId(3), origin: Inferred, lifetime: Turn, lower_bound: Constant(0), upper_bound: None }], inputs: Fixed([Matrix { element: Parameter(KindParameterId(0)), dimensions: [Parameter(DimensionParameterId(0)), Parameter(DimensionParameterId(1))] }, Matrix { element: Parameter(KindParameterId(1)), dimensions: [Parameter(DimensionParameterId(2)), Parameter(DimensionParameterId(3))] }]), outputs: [Matrix { element: Parameter(KindParameterId(2)), dimensions: [Parameter(DimensionParameterId(0)), Parameter(DimensionParameterId(1))] }], constraints: [Satisfies { kind: Parameter(KindParameterId(0)), predicate: Number }, Satisfies { kind: Parameter(KindParameterId(1)), predicate: Number }, Promotes { left: Parameter(KindParameterId(0)), right: Parameter(KindParameterId(1)), output: Parameter(KindParameterId(2)) }, DimensionCompatible(Parameter(DimensionParameterId(0)), Parameter(DimensionParameterId(2))), DimensionCompatible(Parameter(DimensionParameterId(1)), Parameter(DimensionParameterId(3))), Satisfies { kind: Parameter(KindParameterId(0)), predicate: FloatingPoint }, Satisfies { kind: Parameter(KindParameterId(1)), predicate: FloatingPoint }] }, output_schema_rules: [FromResolvedType] }	O01: untested as an independently identified overload; the export sample is not attributed to this candidate	representative admitted kind/layout cells, rejected target cells, reference values, bytecode and changing-turn behavior
math/nextafter	9	FunctionTypeOverload { id: 9, input_layout: [Value, Value], scheme: KindScheme { kind_parameters: [KindParameter { id: KindParameterId(0), upper_bound: None }, KindParameter { id: KindParameterId(1), upper_bound: None }, KindParameter { id: KindParameterId(2), upper_bound: None }], dimension_parameters: [DimensionParameterDeclaration { id: DimensionParameterId(0), origin: Inferred, lifetime: Turn, lower_bound: Constant(0), upper_bound: None }, DimensionParameterDeclaration { id: DimensionParameterId(1), origin: Inferred, lifetime: Turn, lower_bound: Constant(0), upper_bound: None }, DimensionParameterDeclaration { id: DimensionParameterId(2), origin: Inferred, lifetime: Turn, lower_bound: Constant(0), upper_bound: None }, DimensionParameterDeclaration { id: DimensionParameterId(3), origin: Inferred, lifetime: Turn, lower_bound: Constant(0), upper_bound: None }], inputs: Fixed([Matrix { element: Parameter(KindParameterId(0)), dimensions: [Parameter(DimensionParameterId(0)), Parameter(DimensionParameterId(1))] }, Matrix { element: Parameter(KindParameterId(1)), dimensions: [Parameter(DimensionParameterId(2)), Parameter(DimensionParameterId(3))] }]), outputs: [Matrix { element: Parameter(KindParameterId(2)), dimensions: [Parameter(DimensionParameterId(2)), Parameter(DimensionParameterId(3))] }], constraints: [Satisfies { kind: Parameter(KindParameterId(0)), predicate: Number }, Satisfies { kind: Parameter(KindParameterId(1)), predicate: Number }, Promotes { left: Parameter(KindParameterId(0)), right: Parameter(KindParameterId(1)), output: Parameter(KindParameterId(2)) }, DimensionCompatible(Parameter(DimensionParameterId(0)), Parameter(DimensionParameterId(2))), DimensionCompatible(Parameter(DimensionParameterId(1)), Parameter(DimensionParameterId(3))), Satisfies { kind: Parameter(KindParameterId(0)), predicate: FloatingPoint }, Satisfies { kind: Parameter(KindParameterId(1)), predicate: FloatingPoint }] }, output_schema_rules: [FromResolvedType] }	O01: untested as an independently identified overload; the export sample is not attributed to this candidate	representative admitted kind/layout cells, rejected target cells, reference values, bytecode and changing-turn behavior
compare/eq	0	FunctionTypeOverload { id: 0, input_layout: [Value, Value], scheme: KindScheme { kind_parameters: [KindParameter { id: KindParameterId(0), upper_bound: None }], dimension_parameters: [], inputs: Fixed([Parameter(KindParameterId(0)), Parameter(KindParameterId(0))]), outputs: [Named(KindId(15))], constraints: [Satisfies { kind: Parameter(KindParameterId(0)), predicate: Equatable }] }, output_schema_rules: [FromResolvedType] }	O01: untested as an independently identified overload; the export sample is not attributed to this candidate	representative admitted kind/layout cells, rejected target cells, reference values, bytecode and changing-turn behavior
compare/eq	1	FunctionTypeOverload { id: 1, input_layout: [Value, Value], scheme: KindScheme { kind_parameters: [KindParameter { id: KindParameterId(0), upper_bound: None }], dimension_parameters: [DimensionParameterDeclaration { id: DimensionParameterId(0), origin: Inferred, lifetime: Turn, lower_bound: Constant(0), upper_bound: None }, DimensionParameterDeclaration { id: DimensionParameterId(1), origin: Inferred, lifetime: Turn, lower_bound: Constant(0), upper_bound: None }], inputs: Fixed([Matrix { element: Parameter(KindParameterId(0)), dimensions: [Parameter(DimensionParameterId(0)), Parameter(DimensionParameterId(1))] }, Matrix { element: Parameter(KindParameterId(0)), dimensions: [Parameter(DimensionParameterId(0)), Parameter(DimensionParameterId(1))] }]), outputs: [Matrix { element: Named(KindId(15)), dimensions: [Parameter(DimensionParameterId(0)), Parameter(DimensionParameterId(1))] }], constraints: [Satisfies { kind: Parameter(KindParameterId(0)), predicate: Number }] }, output_schema_rules: [FromResolvedType] }	O01: untested as an independently identified overload; the export sample is not attributed to this candidate	representative admitted kind/layout cells, rejected target cells, reference values, bytecode and changing-turn behavior
compare/eq	2	FunctionTypeOverload { id: 2, input_layout: [Value, Value], scheme: KindScheme { kind_parameters: [], dimension_parameters: [DimensionParameterDeclaration { id: DimensionParameterId(0), origin: Inferred, lifetime: Turn, lower_bound: Constant(0), upper_bound: None }, DimensionParameterDeclaration { id: DimensionParameterId(1), origin: Inferred, lifetime: Turn, lower_bound: Constant(0), upper_bound: None }], inputs: Fixed([Matrix { element: Named(KindId(15)), dimensions: [Parameter(DimensionParameterId(0)), Parameter(DimensionParameterId(1))] }, Matrix { element: Named(KindId(15)), dimensions: [Parameter(DimensionParameterId(0)), Parameter(DimensionParameterId(1))] }]), outputs: [Matrix { element: Named(KindId(15)), dimensions: [Parameter(DimensionParameterId(0)), Parameter(DimensionParameterId(1))] }], constraints: [] }, output_schema_rules: [FromResolvedType] }	O01: untested as an independently identified overload; the export sample is not attributed to this candidate	representative admitted kind/layout cells, rejected target cells, reference values, bytecode and changing-turn behavior
compare/eq	3	FunctionTypeOverload { id: 3, input_layout: [Value, Value], scheme: KindScheme { kind_parameters: [], dimension_parameters: [DimensionParameterDeclaration { id: DimensionParameterId(0), origin: Inferred, lifetime: Turn, lower_bound: Constant(0), upper_bound: None }, DimensionParameterDeclaration { id: DimensionParameterId(1), origin: Inferred, lifetime: Turn, lower_bound: Constant(0), upper_bound: None }], inputs: Fixed([Matrix { element: Named(KindId(15)), dimensions: [Parameter(DimensionParameterId(0)), Parameter(DimensionParameterId(1))] }, Named(KindId(15))]), outputs: [Matrix { element: Named(KindId(15)), dimensions: [Parameter(DimensionParameterId(0)), Parameter(DimensionParameterId(1))] }], constraints: [] }, output_schema_rules: [FromResolvedType] }	O01: untested as an independently identified overload; the export sample is not attributed to this candidate	representative admitted kind/layout cells, rejected target cells, reference values, bytecode and changing-turn behavior
compare/eq	4	FunctionTypeOverload { id: 4, input_layout: [Value, Value], scheme: KindScheme { kind_parameters: [], dimension_parameters: [DimensionParameterDeclaration { id: DimensionParameterId(0), origin: Inferred, lifetime: Turn, lower_bound: Constant(0), upper_bound: None }, DimensionParameterDeclaration { id: DimensionParameterId(1), origin: Inferred, lifetime: Turn, lower_bound: Constant(0), upper_bound: None }, DimensionParameterDeclaration { id: DimensionParameterId(2), origin: Inferred, lifetime: Turn, lower_bound: Constant(0), upper_bound: None }], inputs: Fixed([Matrix { element: Named(KindId(15)), dimensions: [Parameter(DimensionParameterId(0)), Parameter(DimensionParameterId(1))] }, Matrix { element: Named(KindId(15)), dimensions: [Parameter(DimensionParameterId(2)), Constant(1)] }]), outputs: [Matrix { element: Named(KindId(15)), dimensions: [Parameter(DimensionParameterId(0)), Parameter(DimensionParameterId(1))] }], constraints: [DimensionCompatible(Parameter(DimensionParameterId(0)), Parameter(DimensionParameterId(2)))] }, output_schema_rules: [FromResolvedType] }	O01: untested as an independently identified overload; the export sample is not attributed to this candidate	representative admitted kind/layout cells, rejected target cells, reference values, bytecode and changing-turn behavior
compare/eq	5	FunctionTypeOverload { id: 5, input_layout: [Value, Value], scheme: KindScheme { kind_parameters: [], dimension_parameters: [DimensionParameterDeclaration { id: DimensionParameterId(0), origin: Inferred, lifetime: Turn, lower_bound: Constant(0), upper_bound: None }, DimensionParameterDeclaration { id: DimensionParameterId(1), origin: Inferred, lifetime: Turn, lower_bound: Constant(0), upper_bound: None }, DimensionParameterDeclaration { id: DimensionParameterId(2), origin: Inferred, lifetime: Turn, lower_bound: Constant(0), upper_bound: None }], inputs: Fixed([Matrix { element: Named(KindId(15)), dimensions: [Parameter(DimensionParameterId(0)), Parameter(DimensionParameterId(1))] }, Matrix { element: Named(KindId(15)), dimensions: [Constant(1), Parameter(DimensionParameterId(2))] }]), outputs: [Matrix { element: Named(KindId(15)), dimensions: [Parameter(DimensionParameterId(0)), Parameter(DimensionParameterId(1))] }], constraints: [DimensionCompatible(Parameter(DimensionParameterId(1)), Parameter(DimensionParameterId(2)))] }, output_schema_rules: [FromResolvedType] }	O01: untested as an independently identified overload; the export sample is not attributed to this candidate	representative admitted kind/layout cells, rejected target cells, reference values, bytecode and changing-turn behavior
compare/eq	6	FunctionTypeOverload { id: 6, input_layout: [Value, Value], scheme: KindScheme { kind_parameters: [], dimension_parameters: [DimensionParameterDeclaration { id: DimensionParameterId(0), origin: Inferred, lifetime: Turn, lower_bound: Constant(0), upper_bound: None }, DimensionParameterDeclaration { id: DimensionParameterId(1), origin: Inferred, lifetime: Turn, lower_bound: Constant(0), upper_bound: None }], inputs: Fixed([Named(KindId(15)), Matrix { element: Named(KindId(15)), dimensions: [Parameter(DimensionParameterId(0)), Parameter(DimensionParameterId(1))] }]), outputs: [Matrix { element: Named(KindId(15)), dimensions: [Parameter(DimensionParameterId(0)), Parameter(DimensionParameterId(1))] }], constraints: [] }, output_schema_rules: [FromResolvedType] }	O01: untested as an independently identified overload; the export sample is not attributed to this candidate	representative admitted kind/layout cells, rejected target cells, reference values, bytecode and changing-turn behavior
compare/eq	7	FunctionTypeOverload { id: 7, input_layout: [Value, Value], scheme: KindScheme { kind_parameters: [], dimension_parameters: [DimensionParameterDeclaration { id: DimensionParameterId(0), origin: Inferred, lifetime: Turn, lower_bound: Constant(0), upper_bound: None }, DimensionParameterDeclaration { id: DimensionParameterId(1), origin: Inferred, lifetime: Turn, lower_bound: Constant(0), upper_bound: None }, DimensionParameterDeclaration { id: DimensionParameterId(2), origin: Inferred, lifetime: Turn, lower_bound: Constant(0), upper_bound: None }], inputs: Fixed([Matrix { element: Named(KindId(15)), dimensions: [Parameter(DimensionParameterId(2)), Constant(1)] }, Matrix { element: Named(KindId(15)), dimensions: [Parameter(DimensionParameterId(0)), Parameter(DimensionParameterId(1))] }]), outputs: [Matrix { element: Named(KindId(15)), dimensions: [Parameter(DimensionParameterId(0)), Parameter(DimensionParameterId(1))] }], constraints: [DimensionCompatible(Parameter(DimensionParameterId(0)), Parameter(DimensionParameterId(2)))] }, output_schema_rules: [FromResolvedType] }	O01: untested as an independently identified overload; the export sample is not attributed to this candidate	representative admitted kind/layout cells, rejected target cells, reference values, bytecode and changing-turn behavior
compare/eq	8	FunctionTypeOverload { id: 8, input_layout: [Value, Value], scheme: KindScheme { kind_parameters: [], dimension_parameters: [DimensionParameterDeclaration { id: DimensionParameterId(0), origin: Inferred, lifetime: Turn, lower_bound: Constant(0), upper_bound: None }, DimensionParameterDeclaration { id: DimensionParameterId(1), origin: Inferred, lifetime: Turn, lower_bound: Constant(0), upper_bound: None }, DimensionParameterDeclaration { id: DimensionParameterId(2), origin: Inferred, lifetime: Turn, lower_bound: Constant(0), upper_bound: None }], inputs: Fixed([Matrix { element: Named(KindId(15)), dimensions: [Constant(1), Parameter(DimensionParameterId(2))] }, Matrix { element: Named(KindId(15)), dimensions: [Parameter(DimensionParameterId(0)), Parameter(DimensionParameterId(1))] }]), outputs: [Matrix { element: Named(KindId(15)), dimensions: [Parameter(DimensionParameterId(0)), Parameter(DimensionParameterId(1))] }], constraints: [DimensionCompatible(Parameter(DimensionParameterId(1)), Parameter(DimensionParameterId(2)))] }, output_schema_rules: [FromResolvedType] }	O01: untested as an independently identified overload; the export sample is not attributed to this candidate	representative admitted kind/layout cells, rejected target cells, reference values, bytecode and changing-turn behavior
compare/eq	9	FunctionTypeOverload { id: 9, input_layout: [Value, Value], scheme: KindScheme { kind_parameters: [], dimension_parameters: [DimensionParameterDeclaration { id: DimensionParameterId(0), origin: Inferred, lifetime: Turn, lower_bound: Constant(0), upper_bound: None }, DimensionParameterDeclaration { id: DimensionParameterId(1), origin: Inferred, lifetime: Turn, lower_bound: Constant(0), upper_bound: None }], inputs: Fixed([Matrix { element: Named(KindId(14)), dimensions: [Parameter(DimensionParameterId(0)), Parameter(DimensionParameterId(1))] }, Matrix { element: Named(KindId(14)), dimensions: [Parameter(DimensionParameterId(0)), Parameter(DimensionParameterId(1))] }]), outputs: [Matrix { element: Named(KindId(15)), dimensions: [Parameter(DimensionParameterId(0)), Parameter(DimensionParameterId(1))] }], constraints: [] }, output_schema_rules: [FromResolvedType] }	O01: untested as an independently identified overload; the export sample is not attributed to this candidate	representative admitted kind/layout cells, rejected target cells, reference values, bytecode and changing-turn behavior
compare/eq	10	FunctionTypeOverload { id: 10, input_layout: [Value, Value], scheme: KindScheme { kind_parameters: [], dimension_parameters: [DimensionParameterDeclaration { id: DimensionParameterId(0), origin: Inferred, lifetime: Turn, lower_bound: Constant(0), upper_bound: None }, DimensionParameterDeclaration { id: DimensionParameterId(1), origin: Inferred, lifetime: Turn, lower_bound: Constant(0), upper_bound: None }], inputs: Fixed([Matrix { element: Named(KindId(14)), dimensions: [Parameter(DimensionParameterId(0)), Parameter(DimensionParameterId(1))] }, Named(KindId(14))]), outputs: [Matrix { element: Named(KindId(15)), dimensions: [Parameter(DimensionParameterId(0)), Parameter(DimensionParameterId(1))] }], constraints: [] }, output_schema_rules: [FromResolvedType] }	O01: untested as an independently identified overload; the export sample is not attributed to this candidate	representative admitted kind/layout cells, rejected target cells, reference values, bytecode and changing-turn behavior
compare/eq	11	FunctionTypeOverload { id: 11, input_layout: [Value, Value], scheme: KindScheme { kind_parameters: [], dimension_parameters: [DimensionParameterDeclaration { id: DimensionParameterId(0), origin: Inferred, lifetime: Turn, lower_bound: Constant(0), upper_bound: None }, DimensionParameterDeclaration { id: DimensionParameterId(1), origin: Inferred, lifetime: Turn, lower_bound: Constant(0), upper_bound: None }, DimensionParameterDeclaration { id: DimensionParameterId(2), origin: Inferred, lifetime: Turn, lower_bound: Constant(0), upper_bound: None }], inputs: Fixed([Matrix { element: Named(KindId(14)), dimensions: [Parameter(DimensionParameterId(0)), Parameter(DimensionParameterId(1))] }, Matrix { element: Named(KindId(14)), dimensions: [Parameter(DimensionParameterId(2)), Constant(1)] }]), outputs: [Matrix { element: Named(KindId(15)), dimensions: [Parameter(DimensionParameterId(0)), Parameter(DimensionParameterId(1))] }], constraints: [DimensionCompatible(Parameter(DimensionParameterId(0)), Parameter(DimensionParameterId(2)))] }, output_schema_rules: [FromResolvedType] }	O01: untested as an independently identified overload; the export sample is not attributed to this candidate	representative admitted kind/layout cells, rejected target cells, reference values, bytecode and changing-turn behavior
compare/eq	12	FunctionTypeOverload { id: 12, input_layout: [Value, Value], scheme: KindScheme { kind_parameters: [], dimension_parameters: [DimensionParameterDeclaration { id: DimensionParameterId(0), origin: Inferred, lifetime: Turn, lower_bound: Constant(0), upper_bound: None }, DimensionParameterDeclaration { id: DimensionParameterId(1), origin: Inferred, lifetime: Turn, lower_bound: Constant(0), upper_bound: None }, DimensionParameterDeclaration { id: DimensionParameterId(2), origin: Inferred, lifetime: Turn, lower_bound: Constant(0), upper_bound: None }], inputs: Fixed([Matrix { element: Named(KindId(14)), dimensions: [Parameter(DimensionParameterId(0)), Parameter(DimensionParameterId(1))] }, Matrix { element: Named(KindId(14)), dimensions: [Constant(1), Parameter(DimensionParameterId(2))] }]), outputs: [Matrix { element: Named(KindId(15)), dimensions: [Parameter(DimensionParameterId(0)), Parameter(DimensionParameterId(1))] }], constraints: [DimensionCompatible(Parameter(DimensionParameterId(1)), Parameter(DimensionParameterId(2)))] }, output_schema_rules: [FromResolvedType] }	O01: untested as an independently identified overload; the export sample is not attributed to this candidate	representative admitted kind/layout cells, rejected target cells, reference values, bytecode and changing-turn behavior
compare/eq	13	FunctionTypeOverload { id: 13, input_layout: [Value, Value], scheme: KindScheme { kind_parameters: [], dimension_parameters: [DimensionParameterDeclaration { id: DimensionParameterId(0), origin: Inferred, lifetime: Turn, lower_bound: Constant(0), upper_bound: None }, DimensionParameterDeclaration { id: DimensionParameterId(1), origin: Inferred, lifetime: Turn, lower_bound: Constant(0), upper_bound: None }], inputs: Fixed([Named(KindId(14)), Matrix { element: Named(KindId(14)), dimensions: [Parameter(DimensionParameterId(0)), Parameter(DimensionParameterId(1))] }]), outputs: [Matrix { element: Named(KindId(15)), dimensions: [Parameter(DimensionParameterId(0)), Parameter(DimensionParameterId(1))] }], constraints: [] }, output_schema_rules: [FromResolvedType] }	O01: untested as an independently identified overload; the export sample is not attributed to this candidate	representative admitted kind/layout cells, rejected target cells, reference values, bytecode and changing-turn behavior
compare/eq	14	FunctionTypeOverload { id: 14, input_layout: [Value, Value], scheme: KindScheme { kind_parameters: [], dimension_parameters: [DimensionParameterDeclaration { id: DimensionParameterId(0), origin: Inferred, lifetime: Turn, lower_bound: Constant(0), upper_bound: None }, DimensionParameterDeclaration { id: DimensionParameterId(1), origin: Inferred, lifetime: Turn, lower_bound: Constant(0), upper_bound: None }, DimensionParameterDeclaration { id: DimensionParameterId(2), origin: Inferred, lifetime: Turn, lower_bound: Constant(0), upper_bound: None }], inputs: Fixed([Matrix { element: Named(KindId(14)), dimensions: [Parameter(DimensionParameterId(2)), Constant(1)] }, Matrix { element: Named(KindId(14)), dimensions: [Parameter(DimensionParameterId(0)), Parameter(DimensionParameterId(1))] }]), outputs: [Matrix { element: Named(KindId(15)), dimensions: [Parameter(DimensionParameterId(0)), Parameter(DimensionParameterId(1))] }], constraints: [DimensionCompatible(Parameter(DimensionParameterId(0)), Parameter(DimensionParameterId(2)))] }, output_schema_rules: [FromResolvedType] }	O01: untested as an independently identified overload; the export sample is not attributed to this candidate	representative admitted kind/layout cells, rejected target cells, reference values, bytecode and changing-turn behavior
compare/eq	15	FunctionTypeOverload { id: 15, input_layout: [Value, Value], scheme: KindScheme { kind_parameters: [], dimension_parameters: [DimensionParameterDeclaration { id: DimensionParameterId(0), origin: Inferred, lifetime: Turn, lower_bound: Constant(0), upper_bound: None }, DimensionParameterDeclaration { id: DimensionParameterId(1), origin: Inferred, lifetime: Turn, lower_bound: Constant(0), upper_bound: None }, DimensionParameterDeclaration { id: DimensionParameterId(2), origin: Inferred, lifetime: Turn, lower_bound: Constant(0), upper_bound: None }], inputs: Fixed([Matrix { element: Named(KindId(14)), dimensions: [Constant(1), Parameter(DimensionParameterId(2))] }, Matrix { element: Named(KindId(14)), dimensions: [Parameter(DimensionParameterId(0)), Parameter(DimensionParameterId(1))] }]), outputs: [Matrix { element: Named(KindId(15)), dimensions: [Parameter(DimensionParameterId(0)), Parameter(DimensionParameterId(1))] }], constraints: [DimensionCompatible(Parameter(DimensionParameterId(1)), Parameter(DimensionParameterId(2)))] }, output_schema_rules: [FromResolvedType] }	O01: untested as an independently identified overload; the export sample is not attributed to this candidate	representative admitted kind/layout cells, rejected target cells, reference values, bytecode and changing-turn behavior
compare/eq	16	FunctionTypeOverload { id: 16, input_layout: [Value, Value], scheme: KindScheme { kind_parameters: [KindParameter { id: KindParameterId(0), upper_bound: None }], dimension_parameters: [DimensionParameterDeclaration { id: DimensionParameterId(0), origin: Inferred, lifetime: Turn, lower_bound: Constant(0), upper_bound: None }, DimensionParameterDeclaration { id: DimensionParameterId(1), origin: Inferred, lifetime: Turn, lower_bound: Constant(0), upper_bound: None }, DimensionParameterDeclaration { id: DimensionParameterId(2), origin: Inferred, lifetime: Turn, lower_bound: Constant(0), upper_bound: None }, DimensionParameterDeclaration { id: DimensionParameterId(3), origin: Inferred, lifetime: Turn, lower_bound: Constant(0), upper_bound: None }], inputs: Fixed([Matrix { element: Parameter(KindParameterId(0)), dimensions: [Parameter(DimensionParameterId(0)), Parameter(DimensionParameterId(1))] }, Matrix { element: Parameter(KindParameterId(0)), dimensions: [Parameter(DimensionParameterId(2)), Parameter(DimensionParameterId(3))] }]), outputs: [Matrix { element: Named(KindId(15)), dimensions: [Parameter(DimensionParameterId(0)), Parameter(DimensionParameterId(1))] }], constraints: [Satisfies { kind: Parameter(KindParameterId(0)), predicate: Number }, DimensionCompatible(Parameter(DimensionParameterId(0)), Parameter(DimensionParameterId(2))), DimensionCompatible(Parameter(DimensionParameterId(1)), Parameter(DimensionParameterId(3)))] }, output_schema_rules: [FromResolvedType] }	O01: untested as an independently identified overload; the export sample is not attributed to this candidate	representative admitted kind/layout cells, rejected target cells, reference values, bytecode and changing-turn behavior
compare/eq	17	FunctionTypeOverload { id: 17, input_layout: [Value, Value], scheme: KindScheme { kind_parameters: [KindParameter { id: KindParameterId(0), upper_bound: None }], dimension_parameters: [DimensionParameterDeclaration { id: DimensionParameterId(0), origin: Inferred, lifetime: Turn, lower_bound: Constant(0), upper_bound: None }, DimensionParameterDeclaration { id: DimensionParameterId(1), origin: Inferred, lifetime: Turn, lower_bound: Constant(0), upper_bound: None }, DimensionParameterDeclaration { id: DimensionParameterId(2), origin: Inferred, lifetime: Turn, lower_bound: Constant(0), upper_bound: None }, DimensionParameterDeclaration { id: DimensionParameterId(3), origin: Inferred, lifetime: Turn, lower_bound: Constant(0), upper_bound: None }], inputs: Fixed([Matrix { element: Parameter(KindParameterId(0)), dimensions: [Parameter(DimensionParameterId(0)), Parameter(DimensionParameterId(1))] }, Matrix { element: Parameter(KindParameterId(0)), dimensions: [Parameter(DimensionParameterId(2)), Parameter(DimensionParameterId(3))] }]), outputs: [Matrix { element: Named(KindId(15)), dimensions: [Parameter(DimensionParameterId(2)), Parameter(DimensionParameterId(3))] }], constraints: [Satisfies { kind: Parameter(KindParameterId(0)), predicate: Number }, DimensionCompatible(Parameter(DimensionParameterId(0)), Parameter(DimensionParameterId(2))), DimensionCompatible(Parameter(DimensionParameterId(1)), Parameter(DimensionParameterId(3)))] }, output_schema_rules: [FromResolvedType] }	O01: untested as an independently identified overload; the export sample is not attributed to this candidate	representative admitted kind/layout cells, rejected target cells, reference values, bytecode and changing-turn behavior
compare/eq	18	FunctionTypeOverload { id: 18, input_layout: [Value, Value], scheme: KindScheme { kind_parameters: [], dimension_parameters: [DimensionParameterDeclaration { id: DimensionParameterId(0), origin: Inferred, lifetime: Turn, lower_bound: Constant(0), upper_bound: None }, DimensionParameterDeclaration { id: DimensionParameterId(1), origin: Inferred, lifetime: Turn, lower_bound: Constant(0), upper_bound: None }, DimensionParameterDeclaration { id: DimensionParameterId(2), origin: Inferred, lifetime: Turn, lower_bound: Constant(0), upper_bound: None }, DimensionParameterDeclaration { id: DimensionParameterId(3), origin: Inferred, lifetime: Turn, lower_bound: Constant(0), upper_bound: None }], inputs: Fixed([Matrix { element: Named(KindId(15)), dimensions: [Parameter(DimensionParameterId(0)), Parameter(DimensionParameterId(1))] }, Matrix { element: Named(KindId(15)), dimensions: [Parameter(DimensionParameterId(2)), Parameter(DimensionParameterId(3))] }]), outputs: [Matrix { element: Named(KindId(15)), dimensions: [Parameter(DimensionParameterId(0)), Parameter(DimensionParameterId(1))] }], constraints: [DimensionCompatible(Parameter(DimensionParameterId(0)), Parameter(DimensionParameterId(2))), DimensionCompatible(Parameter(DimensionParameterId(1)), Parameter(DimensionParameterId(3)))] }, output_schema_rules: [FromResolvedType] }	O01: untested as an independently identified overload; the export sample is not attributed to this candidate	representative admitted kind/layout cells, rejected target cells, reference values, bytecode and changing-turn behavior
compare/eq	19	FunctionTypeOverload { id: 19, input_layout: [Value, Value], scheme: KindScheme { kind_parameters: [], dimension_parameters: [DimensionParameterDeclaration { id: DimensionParameterId(0), origin: Inferred, lifetime: Turn, lower_bound: Constant(0), upper_bound: None }, DimensionParameterDeclaration { id: DimensionParameterId(1), origin: Inferred, lifetime: Turn, lower_bound: Constant(0), upper_bound: None }, DimensionParameterDeclaration { id: DimensionParameterId(2), origin: Inferred, lifetime: Turn, lower_bound: Constant(0), upper_bound: None }, DimensionParameterDeclaration { id: DimensionParameterId(3), origin: Inferred, lifetime: Turn, lower_bound: Constant(0), upper_bound: None }], inputs: Fixed([Matrix { element: Named(KindId(15)), dimensions: [Parameter(DimensionParameterId(0)), Parameter(DimensionParameterId(1))] }, Matrix { element: Named(KindId(15)), dimensions: [Parameter(DimensionParameterId(2)), Parameter(DimensionParameterId(3))] }]), outputs: [Matrix { element: Named(KindId(15)), dimensions: [Parameter(DimensionParameterId(2)), Parameter(DimensionParameterId(3))] }], constraints: [DimensionCompatible(Parameter(DimensionParameterId(0)), Parameter(DimensionParameterId(2))), DimensionCompatible(Parameter(DimensionParameterId(1)), Parameter(DimensionParameterId(3)))] }, output_schema_rules: [FromResolvedType] }	O01: untested as an independently identified overload; the export sample is not attributed to this candidate	representative admitted kind/layout cells, rejected target cells, reference values, bytecode and changing-turn behavior
compare/eq	20	FunctionTypeOverload { id: 20, input_layout: [Value, Value], scheme: KindScheme { kind_parameters: [], dimension_parameters: [DimensionParameterDeclaration { id: DimensionParameterId(0), origin: Inferred, lifetime: Turn, lower_bound: Constant(0), upper_bound: None }, DimensionParameterDeclaration { id: DimensionParameterId(1), origin: Inferred, lifetime: Turn, lower_bound: Constant(0), upper_bound: None }, DimensionParameterDeclaration { id: DimensionParameterId(2), origin: Inferred, lifetime: Turn, lower_bound: Constant(0), upper_bound: None }, DimensionParameterDeclaration { id: DimensionParameterId(3), origin: Inferred, lifetime: Turn, lower_bound: Constant(0), upper_bound: None }], inputs: Fixed([Matrix { element: Named(KindId(14)), dimensions: [Parameter(DimensionParameterId(0)), Parameter(DimensionParameterId(1))] }, Matrix { element: Named(KindId(14)), dimensions: [Parameter(DimensionParameterId(2)), Parameter(DimensionParameterId(3))] }]), outputs: [Matrix { element: Named(KindId(15)), dimensions: [Parameter(DimensionParameterId(0)), Parameter(DimensionParameterId(1))] }], constraints: [DimensionCompatible(Parameter(DimensionParameterId(0)), Parameter(DimensionParameterId(2))), DimensionCompatible(Parameter(DimensionParameterId(1)), Parameter(DimensionParameterId(3)))] }, output_schema_rules: [FromResolvedType] }	O01: untested as an independently identified overload; the export sample is not attributed to this candidate	representative admitted kind/layout cells, rejected target cells, reference values, bytecode and changing-turn behavior
compare/eq	21	FunctionTypeOverload { id: 21, input_layout: [Value, Value], scheme: KindScheme { kind_parameters: [], dimension_parameters: [DimensionParameterDeclaration { id: DimensionParameterId(0), origin: Inferred, lifetime: Turn, lower_bound: Constant(0), upper_bound: None }, DimensionParameterDeclaration { id: DimensionParameterId(1), origin: Inferred, lifetime: Turn, lower_bound: Constant(0), upper_bound: None }, DimensionParameterDeclaration { id: DimensionParameterId(2), origin: Inferred, lifetime: Turn, lower_bound: Constant(0), upper_bound: None }, DimensionParameterDeclaration { id: DimensionParameterId(3), origin: Inferred, lifetime: Turn, lower_bound: Constant(0), upper_bound: None }], inputs: Fixed([Matrix { element: Named(KindId(14)), dimensions: [Parameter(DimensionParameterId(0)), Parameter(DimensionParameterId(1))] }, Matrix { element: Named(KindId(14)), dimensions: [Parameter(DimensionParameterId(2)), Parameter(DimensionParameterId(3))] }]), outputs: [Matrix { element: Named(KindId(15)), dimensions: [Parameter(DimensionParameterId(2)), Parameter(DimensionParameterId(3))] }], constraints: [DimensionCompatible(Parameter(DimensionParameterId(0)), Parameter(DimensionParameterId(2))), DimensionCompatible(Parameter(DimensionParameterId(1)), Parameter(DimensionParameterId(3)))] }, output_schema_rules: [FromResolvedType] }	O01: untested as an independently identified overload; the export sample is not attributed to this candidate	representative admitted kind/layout cells, rejected target cells, reference values, bytecode and changing-turn behavior
compare/eq	22	FunctionTypeOverload { id: 22, input_layout: [Value, Value], scheme: KindScheme { kind_parameters: [KindParameter { id: KindParameterId(0), upper_bound: None }, KindParameter { id: KindParameterId(1), upper_bound: None }, KindParameter { id: KindParameterId(2), upper_bound: None }], dimension_parameters: [], inputs: Fixed([Parameter(KindParameterId(0)), Parameter(KindParameterId(1))]), outputs: [Named(KindId(15))], constraints: [Satisfies { kind: Parameter(KindParameterId(0)), predicate: Number }, Satisfies { kind: Parameter(KindParameterId(1)), predicate: Number }, Promotes { left: Parameter(KindParameterId(0)), right: Parameter(KindParameterId(1)), output: Parameter(KindParameterId(2)) }, Satisfies { kind: Parameter(KindParameterId(0)), predicate: Number }, Satisfies { kind: Parameter(KindParameterId(1)), predicate: Number }] }, output_schema_rules: [FromResolvedType] }	O01: untested as an independently identified overload; the export sample is not attributed to this candidate	representative admitted kind/layout cells, rejected target cells, reference values, bytecode and changing-turn behavior
compare/eq	23	FunctionTypeOverload { id: 23, input_layout: [Value, Value], scheme: KindScheme { kind_parameters: [KindParameter { id: KindParameterId(0), upper_bound: None }, KindParameter { id: KindParameterId(1), upper_bound: None }, KindParameter { id: KindParameterId(2), upper_bound: None }], dimension_parameters: [DimensionParameterDeclaration { id: DimensionParameterId(0), origin: Inferred, lifetime: Turn, lower_bound: Constant(0), upper_bound: None }, DimensionParameterDeclaration { id: DimensionParameterId(1), origin: Inferred, lifetime: Turn, lower_bound: Constant(0), upper_bound: None }], inputs: Fixed([Matrix { element: Parameter(KindParameterId(0)), dimensions: [Parameter(DimensionParameterId(0)), Parameter(DimensionParameterId(1))] }, Matrix { element: Parameter(KindParameterId(1)), dimensions: [Parameter(DimensionParameterId(0)), Parameter(DimensionParameterId(1))] }]), outputs: [Matrix { element: Named(KindId(15)), dimensions: [Parameter(DimensionParameterId(0)), Parameter(DimensionParameterId(1))] }], constraints: [Satisfies { kind: Parameter(KindParameterId(0)), predicate: Number }, Satisfies { kind: Parameter(KindParameterId(1)), predicate: Number }, Promotes { left: Parameter(KindParameterId(0)), right: Parameter(KindParameterId(1)), output: Parameter(KindParameterId(2)) }, Satisfies { kind: Parameter(KindParameterId(0)), predicate: Number }, Satisfies { kind: Parameter(KindParameterId(1)), predicate: Number }] }, output_schema_rules: [FromResolvedType] }	O01: untested as an independently identified overload; the export sample is not attributed to this candidate	representative admitted kind/layout cells, rejected target cells, reference values, bytecode and changing-turn behavior
compare/eq	24	FunctionTypeOverload { id: 24, input_layout: [Value, Value], scheme: KindScheme { kind_parameters: [KindParameter { id: KindParameterId(0), upper_bound: None }, KindParameter { id: KindParameterId(1), upper_bound: None }, KindParameter { id: KindParameterId(2), upper_bound: None }], dimension_parameters: [DimensionParameterDeclaration { id: DimensionParameterId(0), origin: Inferred, lifetime: Turn, lower_bound: Constant(0), upper_bound: None }, DimensionParameterDeclaration { id: DimensionParameterId(1), origin: Inferred, lifetime: Turn, lower_bound: Constant(0), upper_bound: None }], inputs: Fixed([Matrix { element: Parameter(KindParameterId(0)), dimensions: [Parameter(DimensionParameterId(0)), Parameter(DimensionParameterId(1))] }, Parameter(KindParameterId(1))]), outputs: [Matrix { element: Named(KindId(15)), dimensions: [Parameter(DimensionParameterId(0)), Parameter(DimensionParameterId(1))] }], constraints: [Satisfies { kind: Parameter(KindParameterId(0)), predicate: Number }, Satisfies { kind: Parameter(KindParameterId(1)), predicate: Number }, Promotes { left: Parameter(KindParameterId(0)), right: Parameter(KindParameterId(1)), output: Parameter(KindParameterId(2)) }, Satisfies { kind: Parameter(KindParameterId(0)), predicate: Number }, Satisfies { kind: Parameter(KindParameterId(1)), predicate: Number }] }, output_schema_rules: [FromResolvedType] }	O01: untested as an independently identified overload; the export sample is not attributed to this candidate	representative admitted kind/layout cells, rejected target cells, reference values, bytecode and changing-turn behavior
compare/eq	25	FunctionTypeOverload { id: 25, input_layout: [Value, Value], scheme: KindScheme { kind_parameters: [KindParameter { id: KindParameterId(0), upper_bound: None }, KindParameter { id: KindParameterId(1), upper_bound: None }, KindParameter { id: KindParameterId(2), upper_bound: None }], dimension_parameters: [DimensionParameterDeclaration { id: DimensionParameterId(0), origin: Inferred, lifetime: Turn, lower_bound: Constant(0), upper_bound: None }, DimensionParameterDeclaration { id: DimensionParameterId(1), origin: Inferred, lifetime: Turn, lower_bound: Constant(0), upper_bound: None }], inputs: Fixed([Parameter(KindParameterId(0)), Matrix { element: Parameter(KindParameterId(1)), dimensions: [Parameter(DimensionParameterId(0)), Parameter(DimensionParameterId(1))] }]), outputs: [Matrix { element: Named(KindId(15)), dimensions: [Parameter(DimensionParameterId(0)), Parameter(DimensionParameterId(1))] }], constraints: [Satisfies { kind: Parameter(KindParameterId(0)), predicate: Number }, Satisfies { kind: Parameter(KindParameterId(1)), predicate: Number }, Promotes { left: Parameter(KindParameterId(0)), right: Parameter(KindParameterId(1)), output: Parameter(KindParameterId(2)) }, Satisfies { kind: Parameter(KindParameterId(0)), predicate: Number }, Satisfies { kind: Parameter(KindParameterId(1)), predicate: Number }] }, output_schema_rules: [FromResolvedType] }	O01: untested as an independently identified overload; the export sample is not attributed to this candidate	representative admitted kind/layout cells, rejected target cells, reference values, bytecode and changing-turn behavior
compare/eq	26	FunctionTypeOverload { id: 26, input_layout: [Value, Value], scheme: KindScheme { kind_parameters: [KindParameter { id: KindParameterId(0), upper_bound: None }, KindParameter { id: KindParameterId(1), upper_bound: None }, KindParameter { id: KindParameterId(2), upper_bound: None }], dimension_parameters: [DimensionParameterDeclaration { id: DimensionParameterId(0), origin: Inferred, lifetime: Turn, lower_bound: Constant(0), upper_bound: None }, DimensionParameterDeclaration { id: DimensionParameterId(1), origin: Inferred, lifetime: Turn, lower_bound: Constant(0), upper_bound: None }, DimensionParameterDeclaration { id: DimensionParameterId(2), origin: Inferred, lifetime: Turn, lower_bound: Constant(0), upper_bound: None }], inputs: Fixed([Matrix { element: Parameter(KindParameterId(0)), dimensions: [Parameter(DimensionParameterId(0)), Parameter(DimensionParameterId(1))] }, Matrix { element: Parameter(KindParameterId(1)), dimensions: [Parameter(DimensionParameterId(2)), Constant(1)] }]), outputs: [Matrix { element: Named(KindId(15)), dimensions: [Parameter(DimensionParameterId(0)), Parameter(DimensionParameterId(1))] }], constraints: [Satisfies { kind: Parameter(KindParameterId(0)), predicate: Number }, Satisfies { kind: Parameter(KindParameterId(1)), predicate: Number }, Promotes { left: Parameter(KindParameterId(0)), right: Parameter(KindParameterId(1)), output: Parameter(KindParameterId(2)) }, DimensionCompatible(Parameter(DimensionParameterId(0)), Parameter(DimensionParameterId(2))), Satisfies { kind: Parameter(KindParameterId(0)), predicate: Number }, Satisfies { kind: Parameter(KindParameterId(1)), predicate: Number }] }, output_schema_rules: [FromResolvedType] }	O01: untested as an independently identified overload; the export sample is not attributed to this candidate	representative admitted kind/layout cells, rejected target cells, reference values, bytecode and changing-turn behavior
compare/eq	27	FunctionTypeOverload { id: 27, input_layout: [Value, Value], scheme: KindScheme { kind_parameters: [KindParameter { id: KindParameterId(0), upper_bound: None }, KindParameter { id: KindParameterId(1), upper_bound: None }, KindParameter { id: KindParameterId(2), upper_bound: None }], dimension_parameters: [DimensionParameterDeclaration { id: DimensionParameterId(0), origin: Inferred, lifetime: Turn, lower_bound: Constant(0), upper_bound: None }, DimensionParameterDeclaration { id: DimensionParameterId(1), origin: Inferred, lifetime: Turn, lower_bound: Constant(0), upper_bound: None }, DimensionParameterDeclaration { id: DimensionParameterId(2), origin: Inferred, lifetime: Turn, lower_bound: Constant(0), upper_bound: None }], inputs: Fixed([Matrix { element: Parameter(KindParameterId(0)), dimensions: [Parameter(DimensionParameterId(0)), Parameter(DimensionParameterId(1))] }, Matrix { element: Parameter(KindParameterId(1)), dimensions: [Constant(1), Parameter(DimensionParameterId(2))] }]), outputs: [Matrix { element: Named(KindId(15)), dimensions: [Parameter(DimensionParameterId(0)), Parameter(DimensionParameterId(1))] }], constraints: [Satisfies { kind: Parameter(KindParameterId(0)), predicate: Number }, Satisfies { kind: Parameter(KindParameterId(1)), predicate: Number }, Promotes { left: Parameter(KindParameterId(0)), right: Parameter(KindParameterId(1)), output: Parameter(KindParameterId(2)) }, DimensionCompatible(Parameter(DimensionParameterId(1)), Parameter(DimensionParameterId(2))), Satisfies { kind: Parameter(KindParameterId(0)), predicate: Number }, Satisfies { kind: Parameter(KindParameterId(1)), predicate: Number }] }, output_schema_rules: [FromResolvedType] }	O01: untested as an independently identified overload; the export sample is not attributed to this candidate	representative admitted kind/layout cells, rejected target cells, reference values, bytecode and changing-turn behavior
compare/eq	28	FunctionTypeOverload { id: 28, input_layout: [Value, Value], scheme: KindScheme { kind_parameters: [KindParameter { id: KindParameterId(0), upper_bound: None }, KindParameter { id: KindParameterId(1), upper_bound: None }, KindParameter { id: KindParameterId(2), upper_bound: None }], dimension_parameters: [DimensionParameterDeclaration { id: DimensionParameterId(0), origin: Inferred, lifetime: Turn, lower_bound: Constant(0), upper_bound: None }, DimensionParameterDeclaration { id: DimensionParameterId(1), origin: Inferred, lifetime: Turn, lower_bound: Constant(0), upper_bound: None }, DimensionParameterDeclaration { id: DimensionParameterId(2), origin: Inferred, lifetime: Turn, lower_bound: Constant(0), upper_bound: None }], inputs: Fixed([Matrix { element: Parameter(KindParameterId(0)), dimensions: [Parameter(DimensionParameterId(2)), Constant(1)] }, Matrix { element: Parameter(KindParameterId(1)), dimensions: [Parameter(DimensionParameterId(0)), Parameter(DimensionParameterId(1))] }]), outputs: [Matrix { element: Named(KindId(15)), dimensions: [Parameter(DimensionParameterId(0)), Parameter(DimensionParameterId(1))] }], constraints: [Satisfies { kind: Parameter(KindParameterId(0)), predicate: Number }, Satisfies { kind: Parameter(KindParameterId(1)), predicate: Number }, Promotes { left: Parameter(KindParameterId(0)), right: Parameter(KindParameterId(1)), output: Parameter(KindParameterId(2)) }, DimensionCompatible(Parameter(DimensionParameterId(0)), Parameter(DimensionParameterId(2))), Satisfies { kind: Parameter(KindParameterId(0)), predicate: Number }, Satisfies { kind: Parameter(KindParameterId(1)), predicate: Number }] }, output_schema_rules: [FromResolvedType] }	O01: untested as an independently identified overload; the export sample is not attributed to this candidate	representative admitted kind/layout cells, rejected target cells, reference values, bytecode and changing-turn behavior
compare/eq	29	FunctionTypeOverload { id: 29, input_layout: [Value, Value], scheme: KindScheme { kind_parameters: [KindParameter { id: KindParameterId(0), upper_bound: None }, KindParameter { id: KindParameterId(1), upper_bound: None }, KindParameter { id: KindParameterId(2), upper_bound: None }], dimension_parameters: [DimensionParameterDeclaration { id: DimensionParameterId(0), origin: Inferred, lifetime: Turn, lower_bound: Constant(0), upper_bound: None }, DimensionParameterDeclaration { id: DimensionParameterId(1), origin: Inferred, lifetime: Turn, lower_bound: Constant(0), upper_bound: None }, DimensionParameterDeclaration { id: DimensionParameterId(2), origin: Inferred, lifetime: Turn, lower_bound: Constant(0), upper_bound: None }], inputs: Fixed([Matrix { element: Parameter(KindParameterId(0)), dimensions: [Constant(1), Parameter(DimensionParameterId(2))] }, Matrix { element: Parameter(KindParameterId(1)), dimensions: [Parameter(DimensionParameterId(0)), Parameter(DimensionParameterId(1))] }]), outputs: [Matrix { element: Named(KindId(15)), dimensions: [Parameter(DimensionParameterId(0)), Parameter(DimensionParameterId(1))] }], constraints: [Satisfies { kind: Parameter(KindParameterId(0)), predicate: Number }, Satisfies { kind: Parameter(KindParameterId(1)), predicate: Number }, Promotes { left: Parameter(KindParameterId(0)), right: Parameter(KindParameterId(1)), output: Parameter(KindParameterId(2)) }, DimensionCompatible(Parameter(DimensionParameterId(1)), Parameter(DimensionParameterId(2))), Satisfies { kind: Parameter(KindParameterId(0)), predicate: Number }, Satisfies { kind: Parameter(KindParameterId(1)), predicate: Number }] }, output_schema_rules: [FromResolvedType] }	O01: untested as an independently identified overload; the export sample is not attributed to this candidate	representative admitted kind/layout cells, rejected target cells, reference values, bytecode and changing-turn behavior
compare/eq	30	FunctionTypeOverload { id: 30, input_layout: [Value, Value], scheme: KindScheme { kind_parameters: [KindParameter { id: KindParameterId(0), upper_bound: None }, KindParameter { id: KindParameterId(1), upper_bound: None }, KindParameter { id: KindParameterId(2), upper_bound: None }], dimension_parameters: [DimensionParameterDeclaration { id: DimensionParameterId(0), origin: Inferred, lifetime: Turn, lower_bound: Constant(0), upper_bound: None }, DimensionParameterDeclaration { id: DimensionParameterId(1), origin: Inferred, lifetime: Turn, lower_bound: Constant(0), upper_bound: None }, DimensionParameterDeclaration { id: DimensionParameterId(2), origin: Inferred, lifetime: Turn, lower_bound: Constant(0), upper_bound: None }, DimensionParameterDeclaration { id: DimensionParameterId(3), origin: Inferred, lifetime: Turn, lower_bound: Constant(0), upper_bound: None }], inputs: Fixed([Matrix { element: Parameter(KindParameterId(0)), dimensions: [Parameter(DimensionParameterId(0)), Parameter(DimensionParameterId(1))] }, Matrix { element: Parameter(KindParameterId(1)), dimensions: [Parameter(DimensionParameterId(2)), Parameter(DimensionParameterId(3))] }]), outputs: [Matrix { element: Named(KindId(15)), dimensions: [Parameter(DimensionParameterId(0)), Parameter(DimensionParameterId(1))] }], constraints: [Satisfies { kind: Parameter(KindParameterId(0)), predicate: Number }, Satisfies { kind: Parameter(KindParameterId(1)), predicate: Number }, Promotes { left: Parameter(KindParameterId(0)), right: Parameter(KindParameterId(1)), output: Parameter(KindParameterId(2)) }, DimensionCompatible(Parameter(DimensionParameterId(0)), Parameter(DimensionParameterId(2))), DimensionCompatible(Parameter(DimensionParameterId(1)), Parameter(DimensionParameterId(3))), Satisfies { kind: Parameter(KindParameterId(0)), predicate: Number }, Satisfies { kind: Parameter(KindParameterId(1)), predicate: Number }] }, output_schema_rules: [FromResolvedType] }	O01: untested as an independently identified overload; the export sample is not attributed to this candidate	representative admitted kind/layout cells, rejected target cells, reference values, bytecode and changing-turn behavior
compare/eq	31	FunctionTypeOverload { id: 31, input_layout: [Value, Value], scheme: KindScheme { kind_parameters: [KindParameter { id: KindParameterId(0), upper_bound: None }, KindParameter { id: KindParameterId(1), upper_bound: None }, KindParameter { id: KindParameterId(2), upper_bound: None }], dimension_parameters: [DimensionParameterDeclaration { id: DimensionParameterId(0), origin: Inferred, lifetime: Turn, lower_bound: Constant(0), upper_bound: None }, DimensionParameterDeclaration { id: DimensionParameterId(1), origin: Inferred, lifetime: Turn, lower_bound: Constant(0), upper_bound: None }, DimensionParameterDeclaration { id: DimensionParameterId(2), origin: Inferred, lifetime: Turn, lower_bound: Constant(0), upper_bound: None }, DimensionParameterDeclaration { id: DimensionParameterId(3), origin: Inferred, lifetime: Turn, lower_bound: Constant(0), upper_bound: None }], inputs: Fixed([Matrix { element: Parameter(KindParameterId(0)), dimensions: [Parameter(DimensionParameterId(0)), Parameter(DimensionParameterId(1))] }, Matrix { element: Parameter(KindParameterId(1)), dimensions: [Parameter(DimensionParameterId(2)), Parameter(DimensionParameterId(3))] }]), outputs: [Matrix { element: Named(KindId(15)), dimensions: [Parameter(DimensionParameterId(2)), Parameter(DimensionParameterId(3))] }], constraints: [Satisfies { kind: Parameter(KindParameterId(0)), predicate: Number }, Satisfies { kind: Parameter(KindParameterId(1)), predicate: Number }, Promotes { left: Parameter(KindParameterId(0)), right: Parameter(KindParameterId(1)), output: Parameter(KindParameterId(2)) }, DimensionCompatible(Parameter(DimensionParameterId(0)), Parameter(DimensionParameterId(2))), DimensionCompatible(Parameter(DimensionParameterId(1)), Parameter(DimensionParameterId(3))), Satisfies { kind: Parameter(KindParameterId(0)), predicate: Number }, Satisfies { kind: Parameter(KindParameterId(1)), predicate: Number }] }, output_schema_rules: [FromResolvedType] }	O01: untested as an independently identified overload; the export sample is not attributed to this candidate	representative admitted kind/layout cells, rejected target cells, reference values, bytecode and changing-turn behavior
matrix/solve	0	FunctionTypeOverload { id: 0, input_layout: [Value, Value], scheme: KindScheme { kind_parameters: [KindParameter { id: KindParameterId(0), upper_bound: None }], dimension_parameters: [DimensionParameterDeclaration { id: DimensionParameterId(0), origin: Inferred, lifetime: Turn, lower_bound: Constant(0), upper_bound: None }, DimensionParameterDeclaration { id: DimensionParameterId(1), origin: Inferred, lifetime: Turn, lower_bound: Constant(0), upper_bound: None }], inputs: Fixed([Matrix { element: Parameter(KindParameterId(0)), dimensions: [Parameter(DimensionParameterId(0)), Parameter(DimensionParameterId(0))] }, Matrix { element: Parameter(KindParameterId(0)), dimensions: [Parameter(DimensionParameterId(0)), Parameter(DimensionParameterId(1))] }]), outputs: [Matrix { element: Parameter(KindParameterId(0)), dimensions: [Parameter(DimensionParameterId(0)), Parameter(DimensionParameterId(1))] }], constraints: [Satisfies { kind: Parameter(KindParameterId(0)), predicate: FloatingPoint }] }, output_schema_rules: [FromResolvedType] }	O01: untested as an independently identified overload; the export sample is not attributed to this candidate	representative admitted kind/layout cells, rejected target cells, reference values, bytecode and changing-turn behavior
matrix/solve	1	FunctionTypeOverload { id: 1, input_layout: [Value, Value], scheme: KindScheme { kind_parameters: [KindParameter { id: KindParameterId(0), upper_bound: None }], dimension_parameters: [DimensionParameterDeclaration { id: DimensionParameterId(0), origin: Inferred, lifetime: Turn, lower_bound: Constant(0), upper_bound: None }, DimensionParameterDeclaration { id: DimensionParameterId(1), origin: Inferred, lifetime: Turn, lower_bound: Constant(0), upper_bound: None }, DimensionParameterDeclaration { id: DimensionParameterId(2), origin: Inferred, lifetime: Turn, lower_bound: Constant(0), upper_bound: None }, DimensionParameterDeclaration { id: DimensionParameterId(3), origin: Inferred, lifetime: Turn, lower_bound: Constant(0), upper_bound: None }], inputs: Fixed([Matrix { element: Parameter(KindParameterId(0)), dimensions: [Parameter(DimensionParameterId(0)), Parameter(DimensionParameterId(1))] }, Matrix { element: Parameter(KindParameterId(0)), dimensions: [Parameter(DimensionParameterId(2)), Parameter(DimensionParameterId(3))] }]), outputs: [Matrix { element: Parameter(KindParameterId(0)), dimensions: [Parameter(DimensionParameterId(2)), Parameter(DimensionParameterId(3))] }], constraints: [Satisfies { kind: Parameter(KindParameterId(0)), predicate: FloatingPoint }, DimensionCompatible(Parameter(DimensionParameterId(0)), Parameter(DimensionParameterId(1))), DimensionCompatible(Parameter(DimensionParameterId(0)), Parameter(DimensionParameterId(2)))] }, output_schema_rules: [FromResolvedType] }	O01: untested as an independently identified overload; the export sample is not attributed to this candidate	representative admitted kind/layout cells, rejected target cells, reference values, bytecode and changing-turn behavior
logic/or	0	FunctionTypeOverload { id: 0, input_layout: [Value, Value], scheme: KindScheme { kind_parameters: [], dimension_parameters: [], inputs: Fixed([Named(KindId(15)), Named(KindId(15))]), outputs: [Named(KindId(15))], constraints: [] }, output_schema_rules: [FromResolvedType] }	O01: untested as an independently identified overload; the export sample is not attributed to this candidate	representative admitted kind/layout cells, rejected target cells, reference values, bytecode and changing-turn behavior
logic/or	1	FunctionTypeOverload { id: 1, input_layout: [Value, Value], scheme: KindScheme { kind_parameters: [], dimension_parameters: [DimensionParameterDeclaration { id: DimensionParameterId(0), origin: Inferred, lifetime: Turn, lower_bound: Constant(0), upper_bound: None }, DimensionParameterDeclaration { id: DimensionParameterId(1), origin: Inferred, lifetime: Turn, lower_bound: Constant(0), upper_bound: None }], inputs: Fixed([Matrix { element: Named(KindId(15)), dimensions: [Parameter(DimensionParameterId(0)), Parameter(DimensionParameterId(1))] }, Matrix { element: Named(KindId(15)), dimensions: [Parameter(DimensionParameterId(0)), Parameter(DimensionParameterId(1))] }]), outputs: [Matrix { element: Named(KindId(15)), dimensions: [Parameter(DimensionParameterId(0)), Parameter(DimensionParameterId(1))] }], constraints: [] }, output_schema_rules: [FromResolvedType] }	O01: untested as an independently identified overload; the export sample is not attributed to this candidate	representative admitted kind/layout cells, rejected target cells, reference values, bytecode and changing-turn behavior
logic/or	2	FunctionTypeOverload { id: 2, input_layout: [Value, Value], scheme: KindScheme { kind_parameters: [], dimension_parameters: [DimensionParameterDeclaration { id: DimensionParameterId(0), origin: Inferred, lifetime: Turn, lower_bound: Constant(0), upper_bound: None }, DimensionParameterDeclaration { id: DimensionParameterId(1), origin: Inferred, lifetime: Turn, lower_bound: Constant(0), upper_bound: None }], inputs: Fixed([Matrix { element: Named(KindId(15)), dimensions: [Parameter(DimensionParameterId(0)), Parameter(DimensionParameterId(1))] }, Named(KindId(15))]), outputs: [Matrix { element: Named(KindId(15)), dimensions: [Parameter(DimensionParameterId(0)), Parameter(DimensionParameterId(1))] }], constraints: [] }, output_schema_rules: [FromResolvedType] }	O01: untested as an independently identified overload; the export sample is not attributed to this candidate	representative admitted kind/layout cells, rejected target cells, reference values, bytecode and changing-turn behavior
logic/or	3	FunctionTypeOverload { id: 3, input_layout: [Value, Value], scheme: KindScheme { kind_parameters: [], dimension_parameters: [DimensionParameterDeclaration { id: DimensionParameterId(0), origin: Inferred, lifetime: Turn, lower_bound: Constant(0), upper_bound: None }, DimensionParameterDeclaration { id: DimensionParameterId(1), origin: Inferred, lifetime: Turn, lower_bound: Constant(0), upper_bound: None }, DimensionParameterDeclaration { id: DimensionParameterId(2), origin: Inferred, lifetime: Turn, lower_bound: Constant(0), upper_bound: None }], inputs: Fixed([Matrix { element: Named(KindId(15)), dimensions: [Parameter(DimensionParameterId(0)), Parameter(DimensionParameterId(1))] }, Matrix { element: Named(KindId(15)), dimensions: [Parameter(DimensionParameterId(2)), Constant(1)] }]), outputs: [Matrix { element: Named(KindId(15)), dimensions: [Parameter(DimensionParameterId(0)), Parameter(DimensionParameterId(1))] }], constraints: [DimensionCompatible(Parameter(DimensionParameterId(0)), Parameter(DimensionParameterId(2)))] }, output_schema_rules: [FromResolvedType] }	O01: untested as an independently identified overload; the export sample is not attributed to this candidate	representative admitted kind/layout cells, rejected target cells, reference values, bytecode and changing-turn behavior
logic/or	4	FunctionTypeOverload { id: 4, input_layout: [Value, Value], scheme: KindScheme { kind_parameters: [], dimension_parameters: [DimensionParameterDeclaration { id: DimensionParameterId(0), origin: Inferred, lifetime: Turn, lower_bound: Constant(0), upper_bound: None }, DimensionParameterDeclaration { id: DimensionParameterId(1), origin: Inferred, lifetime: Turn, lower_bound: Constant(0), upper_bound: None }, DimensionParameterDeclaration { id: DimensionParameterId(2), origin: Inferred, lifetime: Turn, lower_bound: Constant(0), upper_bound: None }], inputs: Fixed([Matrix { element: Named(KindId(15)), dimensions: [Parameter(DimensionParameterId(0)), Parameter(DimensionParameterId(1))] }, Matrix { element: Named(KindId(15)), dimensions: [Constant(1), Parameter(DimensionParameterId(2))] }]), outputs: [Matrix { element: Named(KindId(15)), dimensions: [Parameter(DimensionParameterId(0)), Parameter(DimensionParameterId(1))] }], constraints: [DimensionCompatible(Parameter(DimensionParameterId(1)), Parameter(DimensionParameterId(2)))] }, output_schema_rules: [FromResolvedType] }	O01: untested as an independently identified overload; the export sample is not attributed to this candidate	representative admitted kind/layout cells, rejected target cells, reference values, bytecode and changing-turn behavior
logic/or	5	FunctionTypeOverload { id: 5, input_layout: [Value, Value], scheme: KindScheme { kind_parameters: [], dimension_parameters: [DimensionParameterDeclaration { id: DimensionParameterId(0), origin: Inferred, lifetime: Turn, lower_bound: Constant(0), upper_bound: None }, DimensionParameterDeclaration { id: DimensionParameterId(1), origin: Inferred, lifetime: Turn, lower_bound: Constant(0), upper_bound: None }], inputs: Fixed([Named(KindId(15)), Matrix { element: Named(KindId(15)), dimensions: [Parameter(DimensionParameterId(0)), Parameter(DimensionParameterId(1))] }]), outputs: [Matrix { element: Named(KindId(15)), dimensions: [Parameter(DimensionParameterId(0)), Parameter(DimensionParameterId(1))] }], constraints: [] }, output_schema_rules: [FromResolvedType] }	O01: untested as an independently identified overload; the export sample is not attributed to this candidate	representative admitted kind/layout cells, rejected target cells, reference values, bytecode and changing-turn behavior
logic/or	6	FunctionTypeOverload { id: 6, input_layout: [Value, Value], scheme: KindScheme { kind_parameters: [], dimension_parameters: [DimensionParameterDeclaration { id: DimensionParameterId(0), origin: Inferred, lifetime: Turn, lower_bound: Constant(0), upper_bound: None }, DimensionParameterDeclaration { id: DimensionParameterId(1), origin: Inferred, lifetime: Turn, lower_bound: Constant(0), upper_bound: None }, DimensionParameterDeclaration { id: DimensionParameterId(2), origin: Inferred, lifetime: Turn, lower_bound: Constant(0), upper_bound: None }], inputs: Fixed([Matrix { element: Named(KindId(15)), dimensions: [Parameter(DimensionParameterId(2)), Constant(1)] }, Matrix { element: Named(KindId(15)), dimensions: [Parameter(DimensionParameterId(0)), Parameter(DimensionParameterId(1))] }]), outputs: [Matrix { element: Named(KindId(15)), dimensions: [Parameter(DimensionParameterId(0)), Parameter(DimensionParameterId(1))] }], constraints: [DimensionCompatible(Parameter(DimensionParameterId(0)), Parameter(DimensionParameterId(2)))] }, output_schema_rules: [FromResolvedType] }	O01: untested as an independently identified overload; the export sample is not attributed to this candidate	representative admitted kind/layout cells, rejected target cells, reference values, bytecode and changing-turn behavior
logic/or	7	FunctionTypeOverload { id: 7, input_layout: [Value, Value], scheme: KindScheme { kind_parameters: [], dimension_parameters: [DimensionParameterDeclaration { id: DimensionParameterId(0), origin: Inferred, lifetime: Turn, lower_bound: Constant(0), upper_bound: None }, DimensionParameterDeclaration { id: DimensionParameterId(1), origin: Inferred, lifetime: Turn, lower_bound: Constant(0), upper_bound: None }, DimensionParameterDeclaration { id: DimensionParameterId(2), origin: Inferred, lifetime: Turn, lower_bound: Constant(0), upper_bound: None }], inputs: Fixed([Matrix { element: Named(KindId(15)), dimensions: [Constant(1), Parameter(DimensionParameterId(2))] }, Matrix { element: Named(KindId(15)), dimensions: [Parameter(DimensionParameterId(0)), Parameter(DimensionParameterId(1))] }]), outputs: [Matrix { element: Named(KindId(15)), dimensions: [Parameter(DimensionParameterId(0)), Parameter(DimensionParameterId(1))] }], constraints: [DimensionCompatible(Parameter(DimensionParameterId(1)), Parameter(DimensionParameterId(2)))] }, output_schema_rules: [FromResolvedType] }	O01: untested as an independently identified overload; the export sample is not attributed to this candidate	representative admitted kind/layout cells, rejected target cells, reference values, bytecode and changing-turn behavior
logic/or	8	FunctionTypeOverload { id: 8, input_layout: [Value, Value], scheme: KindScheme { kind_parameters: [], dimension_parameters: [DimensionParameterDeclaration { id: DimensionParameterId(0), origin: Inferred, lifetime: Turn, lower_bound: Constant(0), upper_bound: None }, DimensionParameterDeclaration { id: DimensionParameterId(1), origin: Inferred, lifetime: Turn, lower_bound: Constant(0), upper_bound: None }, DimensionParameterDeclaration { id: DimensionParameterId(2), origin: Inferred, lifetime: Turn, lower_bound: Constant(0), upper_bound: None }, DimensionParameterDeclaration { id: DimensionParameterId(3), origin: Inferred, lifetime: Turn, lower_bound: Constant(0), upper_bound: None }], inputs: Fixed([Matrix { element: Named(KindId(15)), dimensions: [Parameter(DimensionParameterId(0)), Parameter(DimensionParameterId(1))] }, Matrix { element: Named(KindId(15)), dimensions: [Parameter(DimensionParameterId(2)), Parameter(DimensionParameterId(3))] }]), outputs: [Matrix { element: Named(KindId(15)), dimensions: [Parameter(DimensionParameterId(0)), Parameter(DimensionParameterId(1))] }], constraints: [DimensionCompatible(Parameter(DimensionParameterId(0)), Parameter(DimensionParameterId(2))), DimensionCompatible(Parameter(DimensionParameterId(1)), Parameter(DimensionParameterId(3)))] }, output_schema_rules: [FromResolvedType] }	O01: untested as an independently identified overload; the export sample is not attributed to this candidate	representative admitted kind/layout cells, rejected target cells, reference values, bytecode and changing-turn behavior
logic/or	9	FunctionTypeOverload { id: 9, input_layout: [Value, Value], scheme: KindScheme { kind_parameters: [], dimension_parameters: [DimensionParameterDeclaration { id: DimensionParameterId(0), origin: Inferred, lifetime: Turn, lower_bound: Constant(0), upper_bound: None }, DimensionParameterDeclaration { id: DimensionParameterId(1), origin: Inferred, lifetime: Turn, lower_bound: Constant(0), upper_bound: None }, DimensionParameterDeclaration { id: DimensionParameterId(2), origin: Inferred, lifetime: Turn, lower_bound: Constant(0), upper_bound: None }, DimensionParameterDeclaration { id: DimensionParameterId(3), origin: Inferred, lifetime: Turn, lower_bound: Constant(0), upper_bound: None }], inputs: Fixed([Matrix { element: Named(KindId(15)), dimensions: [Parameter(DimensionParameterId(0)), Parameter(DimensionParameterId(1))] }, Matrix { element: Named(KindId(15)), dimensions: [Parameter(DimensionParameterId(2)), Parameter(DimensionParameterId(3))] }]), outputs: [Matrix { element: Named(KindId(15)), dimensions: [Parameter(DimensionParameterId(2)), Parameter(DimensionParameterId(3))] }], constraints: [DimensionCompatible(Parameter(DimensionParameterId(0)), Parameter(DimensionParameterId(2))), DimensionCompatible(Parameter(DimensionParameterId(1)), Parameter(DimensionParameterId(3)))] }, output_schema_rules: [FromResolvedType] }	O01: untested as an independently identified overload; the export sample is not attributed to this candidate	representative admitted kind/layout cells, rejected target cells, reference values, bytecode and changing-turn behavior
math/sin	0	FunctionTypeOverload { id: 0, input_layout: [Value], scheme: KindScheme { kind_parameters: [KindParameter { id: KindParameterId(0), upper_bound: None }], dimension_parameters: [], inputs: Fixed([Parameter(KindParameterId(0))]), outputs: [Parameter(KindParameterId(0))], constraints: [Satisfies { kind: Parameter(KindParameterId(0)), predicate: FloatingPoint }] }, output_schema_rules: [FromResolvedType] }	O01: untested as an independently identified overload; the export sample is not attributed to this candidate	representative admitted kind/layout cells, rejected target cells, reference values, bytecode and changing-turn behavior
math/sin	1	FunctionTypeOverload { id: 1, input_layout: [Value], scheme: KindScheme { kind_parameters: [KindParameter { id: KindParameterId(0), upper_bound: None }], dimension_parameters: [DimensionParameterDeclaration { id: DimensionParameterId(0), origin: Inferred, lifetime: Turn, lower_bound: Constant(0), upper_bound: None }, DimensionParameterDeclaration { id: DimensionParameterId(1), origin: Inferred, lifetime: Turn, lower_bound: Constant(0), upper_bound: None }], inputs: Fixed([Matrix { element: Parameter(KindParameterId(0)), dimensions: [Parameter(DimensionParameterId(0)), Parameter(DimensionParameterId(1))] }]), outputs: [Matrix { element: Parameter(KindParameterId(0)), dimensions: [Parameter(DimensionParameterId(0)), Parameter(DimensionParameterId(1))] }], constraints: [Satisfies { kind: Parameter(KindParameterId(0)), predicate: FloatingPoint }] }, output_schema_rules: [FromResolvedType] }	O01: untested as an independently identified overload; the export sample is not attributed to this candidate	representative admitted kind/layout cells, rejected target cells, reference values, bytecode and changing-turn behavior
math/acosh	0	FunctionTypeOverload { id: 0, input_layout: [Value], scheme: KindScheme { kind_parameters: [KindParameter { id: KindParameterId(0), upper_bound: None }], dimension_parameters: [], inputs: Fixed([Parameter(KindParameterId(0))]), outputs: [Parameter(KindParameterId(0))], constraints: [Satisfies { kind: Parameter(KindParameterId(0)), predicate: FloatingPoint }] }, output_schema_rules: [FromResolvedType] }	O01: untested as an independently identified overload; the export sample is not attributed to this candidate	representative admitted kind/layout cells, rejected target cells, reference values, bytecode and changing-turn behavior
math/acosh	1	FunctionTypeOverload { id: 1, input_layout: [Value], scheme: KindScheme { kind_parameters: [KindParameter { id: KindParameterId(0), upper_bound: None }], dimension_parameters: [DimensionParameterDeclaration { id: DimensionParameterId(0), origin: Inferred, lifetime: Turn, lower_bound: Constant(0), upper_bound: None }, DimensionParameterDeclaration { id: DimensionParameterId(1), origin: Inferred, lifetime: Turn, lower_bound: Constant(0), upper_bound: None }], inputs: Fixed([Matrix { element: Parameter(KindParameterId(0)), dimensions: [Parameter(DimensionParameterId(0)), Parameter(DimensionParameterId(1))] }]), outputs: [Matrix { element: Parameter(KindParameterId(0)), dimensions: [Parameter(DimensionParameterId(0)), Parameter(DimensionParameterId(1))] }], constraints: [Satisfies { kind: Parameter(KindParameterId(0)), predicate: FloatingPoint }] }, output_schema_rules: [FromResolvedType] }	O01: untested as an independently identified overload; the export sample is not attributed to this candidate	representative admitted kind/layout cells, rejected target cells, reference values, bytecode and changing-turn behavior
set/proper-superset	0	FunctionTypeOverload { id: 0, input_layout: [Value, Value], scheme: KindScheme { kind_parameters: [KindParameter { id: KindParameterId(0), upper_bound: None }], dimension_parameters: [DimensionParameterDeclaration { id: DimensionParameterId(0), origin: Inferred, lifetime: Turn, lower_bound: Constant(0), upper_bound: None }, DimensionParameterDeclaration { id: DimensionParameterId(1), origin: Inferred, lifetime: Turn, lower_bound: Constant(0), upper_bound: None }], inputs: Fixed([Set { element: Parameter(KindParameterId(0)), cardinality: Parameter(DimensionParameterId(0)) }, Set { element: Parameter(KindParameterId(0)), cardinality: Parameter(DimensionParameterId(1)) }]), outputs: [Named(KindId(15))], constraints: [Satisfies { kind: Parameter(KindParameterId(0)), predicate: Keyable }] }, output_schema_rules: [FromResolvedType] }	O01: untested as an independently identified overload; the export sample is not attributed to this candidate	representative admitted kind/layout cells, rejected target cells, reference values, bytecode and changing-turn behavior
