export	overload-id	acceptance-group	candidate-layout	predicate-domain	kind-domain	configured-target-domain	source-exposure	recipe-form	source-recipe-json	boundary-cells	reference-oracle	implementation-authority	discovery-command	acceptance-status
combinatorics/n-choose-k	0	C34	inputs: Fixed([K0, K1]), outputs: [K2]	Number	u8,u16,u32,u64,u128,i8,i16,i32,i64,i128,f32,f64,c32,c64,r64	u8,u16,u32,u64,u128,i8,i16,i32,i64,i128,f32,f64,c64,r64; c32=target-rejection admission obligation	ModuleOnly	named-call	"""+> combinatorics\nanswer := combinatorics/n-choose-k(4, 2)\nanswer\n"""	CHOOSE;PROMOTION;TURN;VISIBILITY	integer binomial recurrence for scalar counts; lexicographic index combinations for matrix data	scheme.rs:991-1019; numeric.rs:4134-4310	MECH_AUDIT_CASE=catalog-combinatorics-n-choose-k ./docs/design/grammar-audit/s8-replacement-audit/run-probes.sh semantic_replacement_witnesses	specified; candidate-specific execution not yet recorded; discovery command is export sample only
combinatorics/n-choose-k	1	C34	inputs: Fixed([Matrix { element: K0, dimensions: [D0, D1] }, K1]), outputs: [Matrix { element: K2, dimensions: [D2, D3] }]	Number	u8,u16,u32,u64,u128,i8,i16,i32,i64,i128,f32,f64,c32,c64,r64	u8,u16,u32,u64,u128,i8,i16,i32,i64,i128,f32,f64,c64,r64; c32=target-rejection admission obligation	ModuleOnly	named-call	"""+> combinatorics\nanswer := combinatorics/n-choose-k(4, 2)\nanswer\n"""	CHOOSE;PROMOTION;TURN;VISIBILITY	integer binomial recurrence for scalar counts; lexicographic index combinations for matrix data	scheme.rs:991-1019; numeric.rs:4134-4310	MECH_AUDIT_CASE=catalog-combinatorics-n-choose-k ./docs/design/grammar-audit/s8-replacement-audit/run-probes.sh semantic_replacement_witnesses	specified; candidate-specific execution not yet recorded; discovery command is export sample only
compare/eq	0	C10	inputs: Fixed([K0, K0]), outputs: [bool]	Equatable	u8,u16,u32,u64,u128,i8,i16,i32,i64,i128,f32,f64,c32,c64,r64,string,bool,id,index,atom; E-STRUCT	u8,u16,u32,u64,u128,i8,i16,i32,i64,i128,f32,f64,c32,c64,r64,string,bool,id,index,atom; E-STRUCT (nominal construction G11)	Prelude	named-call	"""answer := compare/eq(1.0, 2.0)\nanswer\n"""	EQ;PROMOTION;LAYOUT;TURN;VISIBILITY	value equality after declared lossless promotion; scalar vs elementwise output shape explicit	scheme.rs:317-414,455; numeric.rs:1862	MECH_AUDIT_CASE=catalog-compare-eq ./docs/design/grammar-audit/s8-replacement-audit/run-probes.sh semantic_replacement_witnesses	specified; candidate-specific execution not yet recorded; discovery command is export sample only
compare/eq	1	C10	inputs: Fixed([Matrix { element: K0, dimensions: [D0, D1] }, Matrix { element: K0, dimensions: [D0, D1] }]), outputs: [Matrix { element: bool, dimensions: [D0, D1] }]	Number	u8,u16,u32,u64,u128,i8,i16,i32,i64,i128,f32,f64,c32,c64,r64	u8,u16,u32,u64,u128,i8,i16,i32,i64,i128,f32,f64,c32,c64,r64,string,bool,id,index,atom; E-STRUCT (nominal construction G11)	Prelude	named-call	"""answer := compare/eq(1.0, 2.0)\nanswer\n"""	EQ;PROMOTION;LAYOUT;TURN;VISIBILITY	value equality after declared lossless promotion; scalar vs elementwise output shape explicit	scheme.rs:317-414,455; numeric.rs:1862	MECH_AUDIT_CASE=catalog-compare-eq ./docs/design/grammar-audit/s8-replacement-audit/run-probes.sh semantic_replacement_witnesses	specified; candidate-specific execution not yet recorded; discovery command is export sample only
compare/eq	2	C10	inputs: Fixed([Matrix { element: bool, dimensions: [D0, D1] }, Matrix { element: bool, dimensions: [D0, D1] }]), outputs: [Matrix { element: bool, dimensions: [D0, D1] }]	exact/template	bool	u8,u16,u32,u64,u128,i8,i16,i32,i64,i128,f32,f64,c32,c64,r64,string,bool,id,index,atom; E-STRUCT (nominal construction G11)	Prelude	named-call	"""answer := compare/eq(1.0, 2.0)\nanswer\n"""	EQ;PROMOTION;LAYOUT;TURN;VISIBILITY	value equality after declared lossless promotion; scalar vs elementwise output shape explicit	scheme.rs:317-414,455; numeric.rs:1862	MECH_AUDIT_CASE=catalog-compare-eq ./docs/design/grammar-audit/s8-replacement-audit/run-probes.sh semantic_replacement_witnesses	specified; candidate-specific execution not yet recorded; discovery command is export sample only
compare/eq	3	C10	inputs: Fixed([Matrix { element: bool, dimensions: [D0, D1] }, bool]), outputs: [Matrix { element: bool, dimensions: [D0, D1] }]	exact/template	bool	u8,u16,u32,u64,u128,i8,i16,i32,i64,i128,f32,f64,c32,c64,r64,string,bool,id,index,atom; E-STRUCT (nominal construction G11)	Prelude	named-call	"""answer := compare/eq(1.0, 2.0)\nanswer\n"""	EQ;PROMOTION;LAYOUT;TURN;VISIBILITY	value equality after declared lossless promotion; scalar vs elementwise output shape explicit	scheme.rs:317-414,455; numeric.rs:1862	MECH_AUDIT_CASE=catalog-compare-eq ./docs/design/grammar-audit/s8-replacement-audit/run-probes.sh semantic_replacement_witnesses	specified; candidate-specific execution not yet recorded; discovery command is export sample only
compare/eq	4	C10	inputs: Fixed([Matrix { element: bool, dimensions: [D0, D1] }, Matrix { element: bool, dimensions: [D2, 1] }]), outputs: [Matrix { element: bool, dimensions: [D0, D1] }]	exact/template	bool	u8,u16,u32,u64,u128,i8,i16,i32,i64,i128,f32,f64,c32,c64,r64,string,bool,id,index,atom; E-STRUCT (nominal construction G11)	Prelude	named-call	"""answer := compare/eq(1.0, 2.0)\nanswer\n"""	EQ;PROMOTION;LAYOUT;TURN;VISIBILITY	value equality after declared lossless promotion; scalar vs elementwise output shape explicit	scheme.rs:317-414,455; numeric.rs:1862	MECH_AUDIT_CASE=catalog-compare-eq ./docs/design/grammar-audit/s8-replacement-audit/run-probes.sh semantic_replacement_witnesses	specified; candidate-specific execution not yet recorded; discovery command is export sample only
compare/eq	5	C10	inputs: Fixed([Matrix { element: bool, dimensions: [D0, D1] }, Matrix { element: bool, dimensions: [1, D2] }]), outputs: [Matrix { element: bool, dimensions: [D0, D1] }]	exact/template	bool	u8,u16,u32,u64,u128,i8,i16,i32,i64,i128,f32,f64,c32,c64,r64,string,bool,id,index,atom; E-STRUCT (nominal construction G11)	Prelude	named-call	"""answer := compare/eq(1.0, 2.0)\nanswer\n"""	EQ;PROMOTION;LAYOUT;TURN;VISIBILITY	value equality after declared lossless promotion; scalar vs elementwise output shape explicit	scheme.rs:317-414,455; numeric.rs:1862	MECH_AUDIT_CASE=catalog-compare-eq ./docs/design/grammar-audit/s8-replacement-audit/run-probes.sh semantic_replacement_witnesses	specified; candidate-specific execution not yet recorded; discovery command is export sample only
compare/eq	6	C10	inputs: Fixed([bool, Matrix { element: bool, dimensions: [D0, D1] }]), outputs: [Matrix { element: bool, dimensions: [D0, D1] }]	exact/template	bool	u8,u16,u32,u64,u128,i8,i16,i32,i64,i128,f32,f64,c32,c64,r64,string,bool,id,index,atom; E-STRUCT (nominal construction G11)	Prelude	named-call	"""answer := compare/eq(1.0, 2.0)\nanswer\n"""	EQ;PROMOTION;LAYOUT;TURN;VISIBILITY	value equality after declared lossless promotion; scalar vs elementwise output shape explicit	scheme.rs:317-414,455; numeric.rs:1862	MECH_AUDIT_CASE=catalog-compare-eq ./docs/design/grammar-audit/s8-replacement-audit/run-probes.sh semantic_replacement_witnesses	specified; candidate-specific execution not yet recorded; discovery command is export sample only
compare/eq	7	C10	inputs: Fixed([Matrix { element: bool, dimensions: [D2, 1] }, Matrix { element: bool, dimensions: [D0, D1] }]), outputs: [Matrix { element: bool, dimensions: [D0, D1] }]	exact/template	bool	u8,u16,u32,u64,u128,i8,i16,i32,i64,i128,f32,f64,c32,c64,r64,string,bool,id,index,atom; E-STRUCT (nominal construction G11)	Prelude	named-call	"""answer := compare/eq(1.0, 2.0)\nanswer\n"""	EQ;PROMOTION;LAYOUT;TURN;VISIBILITY	value equality after declared lossless promotion; scalar vs elementwise output shape explicit	scheme.rs:317-414,455; numeric.rs:1862	MECH_AUDIT_CASE=catalog-compare-eq ./docs/design/grammar-audit/s8-replacement-audit/run-probes.sh semantic_replacement_witnesses	specified; candidate-specific execution not yet recorded; discovery command is export sample only
compare/eq	8	C10	inputs: Fixed([Matrix { element: bool, dimensions: [1, D2] }, Matrix { element: bool, dimensions: [D0, D1] }]), outputs: [Matrix { element: bool, dimensions: [D0, D1] }]	exact/template	bool	u8,u16,u32,u64,u128,i8,i16,i32,i64,i128,f32,f64,c32,c64,r64,string,bool,id,index,atom; E-STRUCT (nominal construction G11)	Prelude	named-call	"""answer := compare/eq(1.0, 2.0)\nanswer\n"""	EQ;PROMOTION;LAYOUT;TURN;VISIBILITY	value equality after declared lossless promotion; scalar vs elementwise output shape explicit	scheme.rs:317-414,455; numeric.rs:1862	MECH_AUDIT_CASE=catalog-compare-eq ./docs/design/grammar-audit/s8-replacement-audit/run-probes.sh semantic_replacement_witnesses	specified; candidate-specific execution not yet recorded; discovery command is export sample only
compare/eq	9	C10	inputs: Fixed([Matrix { element: string, dimensions: [D0, D1] }, Matrix { element: string, dimensions: [D0, D1] }]), outputs: [Matrix { element: bool, dimensions: [D0, D1] }]	exact/template	string	u8,u16,u32,u64,u128,i8,i16,i32,i64,i128,f32,f64,c32,c64,r64,string,bool,id,index,atom; E-STRUCT (nominal construction G11)	Prelude	named-call	"""answer := compare/eq(1.0, 2.0)\nanswer\n"""	EQ;PROMOTION;LAYOUT;TURN;VISIBILITY	value equality after declared lossless promotion; scalar vs elementwise output shape explicit	scheme.rs:317-414,455; numeric.rs:1862	MECH_AUDIT_CASE=catalog-compare-eq ./docs/design/grammar-audit/s8-replacement-audit/run-probes.sh semantic_replacement_witnesses	specified; candidate-specific execution not yet recorded; discovery command is export sample only
compare/eq	10	C10	inputs: Fixed([Matrix { element: string, dimensions: [D0, D1] }, string]), outputs: [Matrix { element: bool, dimensions: [D0, D1] }]	exact/template	string	u8,u16,u32,u64,u128,i8,i16,i32,i64,i128,f32,f64,c32,c64,r64,string,bool,id,index,atom; E-STRUCT (nominal construction G11)	Prelude	named-call	"""answer := compare/eq(1.0, 2.0)\nanswer\n"""	EQ;PROMOTION;LAYOUT;TURN;VISIBILITY	value equality after declared lossless promotion; scalar vs elementwise output shape explicit	scheme.rs:317-414,455; numeric.rs:1862	MECH_AUDIT_CASE=catalog-compare-eq ./docs/design/grammar-audit/s8-replacement-audit/run-probes.sh semantic_replacement_witnesses	specified; candidate-specific execution not yet recorded; discovery command is export sample only
compare/eq	11	C10	inputs: Fixed([Matrix { element: string, dimensions: [D0, D1] }, Matrix { element: string, dimensions: [D2, 1] }]), outputs: [Matrix { element: bool, dimensions: [D0, D1] }]	exact/template	string	u8,u16,u32,u64,u128,i8,i16,i32,i64,i128,f32,f64,c32,c64,r64,string,bool,id,index,atom; E-STRUCT (nominal construction G11)	Prelude	named-call	"""answer := compare/eq(1.0, 2.0)\nanswer\n"""	EQ;PROMOTION;LAYOUT;TURN;VISIBILITY	value equality after declared lossless promotion; scalar vs elementwise output shape explicit	scheme.rs:317-414,455; numeric.rs:1862	MECH_AUDIT_CASE=catalog-compare-eq ./docs/design/grammar-audit/s8-replacement-audit/run-probes.sh semantic_replacement_witnesses	specified; candidate-specific execution not yet recorded; discovery command is export sample only
compare/eq	12	C10	inputs: Fixed([Matrix { element: string, dimensions: [D0, D1] }, Matrix { element: string, dimensions: [1, D2] }]), outputs: [Matrix { element: bool, dimensions: [D0, D1] }]	exact/template	string	u8,u16,u32,u64,u128,i8,i16,i32,i64,i128,f32,f64,c32,c64,r64,string,bool,id,index,atom; E-STRUCT (nominal construction G11)	Prelude	named-call	"""answer := compare/eq(1.0, 2.0)\nanswer\n"""	EQ;PROMOTION;LAYOUT;TURN;VISIBILITY	value equality after declared lossless promotion; scalar vs elementwise output shape explicit	scheme.rs:317-414,455; numeric.rs:1862	MECH_AUDIT_CASE=catalog-compare-eq ./docs/design/grammar-audit/s8-replacement-audit/run-probes.sh semantic_replacement_witnesses	specified; candidate-specific execution not yet recorded; discovery command is export sample only
compare/eq	13	C10	inputs: Fixed([string, Matrix { element: string, dimensions: [D0, D1] }]), outputs: [Matrix { element: bool, dimensions: [D0, D1] }]	exact/template	string	u8,u16,u32,u64,u128,i8,i16,i32,i64,i128,f32,f64,c32,c64,r64,string,bool,id,index,atom; E-STRUCT (nominal construction G11)	Prelude	named-call	"""answer := compare/eq(1.0, 2.0)\nanswer\n"""	EQ;PROMOTION;LAYOUT;TURN;VISIBILITY	value equality after declared lossless promotion; scalar vs elementwise output shape explicit	scheme.rs:317-414,455; numeric.rs:1862	MECH_AUDIT_CASE=catalog-compare-eq ./docs/design/grammar-audit/s8-replacement-audit/run-probes.sh semantic_replacement_witnesses	specified; candidate-specific execution not yet recorded; discovery command is export sample only
compare/eq	14	C10	inputs: Fixed([Matrix { element: string, dimensions: [D2, 1] }, Matrix { element: string, dimensions: [D0, D1] }]), outputs: [Matrix { element: bool, dimensions: [D0, D1] }]	exact/template	string	u8,u16,u32,u64,u128,i8,i16,i32,i64,i128,f32,f64,c32,c64,r64,string,bool,id,index,atom; E-STRUCT (nominal construction G11)	Prelude	named-call	"""answer := compare/eq(1.0, 2.0)\nanswer\n"""	EQ;PROMOTION;LAYOUT;TURN;VISIBILITY	value equality after declared lossless promotion; scalar vs elementwise output shape explicit	scheme.rs:317-414,455; numeric.rs:1862	MECH_AUDIT_CASE=catalog-compare-eq ./docs/design/grammar-audit/s8-replacement-audit/run-probes.sh semantic_replacement_witnesses	specified; candidate-specific execution not yet recorded; discovery command is export sample only
compare/eq	15	C10	inputs: Fixed([Matrix { element: string, dimensions: [1, D2] }, Matrix { element: string, dimensions: [D0, D1] }]), outputs: [Matrix { element: bool, dimensions: [D0, D1] }]	exact/template	string	u8,u16,u32,u64,u128,i8,i16,i32,i64,i128,f32,f64,c32,c64,r64,string,bool,id,index,atom; E-STRUCT (nominal construction G11)	Prelude	named-call	"""answer := compare/eq(1.0, 2.0)\nanswer\n"""	EQ;PROMOTION;LAYOUT;TURN;VISIBILITY	value equality after declared lossless promotion; scalar vs elementwise output shape explicit	scheme.rs:317-414,455; numeric.rs:1862	MECH_AUDIT_CASE=catalog-compare-eq ./docs/design/grammar-audit/s8-replacement-audit/run-probes.sh semantic_replacement_witnesses	specified; candidate-specific execution not yet recorded; discovery command is export sample only
compare/eq	16	C10	inputs: Fixed([Matrix { element: K0, dimensions: [D0, D1] }, Matrix { element: K0, dimensions: [D2, D3] }]), outputs: [Matrix { element: bool, dimensions: [D0, D1] }]	Number	u8,u16,u32,u64,u128,i8,i16,i32,i64,i128,f32,f64,c32,c64,r64	u8,u16,u32,u64,u128,i8,i16,i32,i64,i128,f32,f64,c32,c64,r64,string,bool,id,index,atom; E-STRUCT (nominal construction G11)	Prelude	named-call	"""answer := compare/eq(1.0, 2.0)\nanswer\n"""	EQ;PROMOTION;LAYOUT;TURN;VISIBILITY	value equality after declared lossless promotion; scalar vs elementwise output shape explicit	scheme.rs:317-414,455; numeric.rs:1862	MECH_AUDIT_CASE=catalog-compare-eq ./docs/design/grammar-audit/s8-replacement-audit/run-probes.sh semantic_replacement_witnesses	specified; candidate-specific execution not yet recorded; discovery command is export sample only
compare/eq	17	C10	inputs: Fixed([Matrix { element: K0, dimensions: [D0, D1] }, Matrix { element: K0, dimensions: [D2, D3] }]), outputs: [Matrix { element: bool, dimensions: [D2, D3] }]	Number	u8,u16,u32,u64,u128,i8,i16,i32,i64,i128,f32,f64,c32,c64,r64	u8,u16,u32,u64,u128,i8,i16,i32,i64,i128,f32,f64,c32,c64,r64,string,bool,id,index,atom; E-STRUCT (nominal construction G11)	Prelude	named-call	"""answer := compare/eq(1.0, 2.0)\nanswer\n"""	EQ;PROMOTION;LAYOUT;TURN;VISIBILITY	value equality after declared lossless promotion; scalar vs elementwise output shape explicit	scheme.rs:317-414,455; numeric.rs:1862	MECH_AUDIT_CASE=catalog-compare-eq ./docs/design/grammar-audit/s8-replacement-audit/run-probes.sh semantic_replacement_witnesses	specified; candidate-specific execution not yet recorded; discovery command is export sample only
compare/eq	18	C10	inputs: Fixed([Matrix { element: bool, dimensions: [D0, D1] }, Matrix { element: bool, dimensions: [D2, D3] }]), outputs: [Matrix { element: bool, dimensions: [D0, D1] }]	exact/template	bool	u8,u16,u32,u64,u128,i8,i16,i32,i64,i128,f32,f64,c32,c64,r64,string,bool,id,index,atom; E-STRUCT (nominal construction G11)	Prelude	named-call	"""answer := compare/eq(1.0, 2.0)\nanswer\n"""	EQ;PROMOTION;LAYOUT;TURN;VISIBILITY	value equality after declared lossless promotion; scalar vs elementwise output shape explicit	scheme.rs:317-414,455; numeric.rs:1862	MECH_AUDIT_CASE=catalog-compare-eq ./docs/design/grammar-audit/s8-replacement-audit/run-probes.sh semantic_replacement_witnesses	specified; candidate-specific execution not yet recorded; discovery command is export sample only
compare/eq	19	C10	inputs: Fixed([Matrix { element: bool, dimensions: [D0, D1] }, Matrix { element: bool, dimensions: [D2, D3] }]), outputs: [Matrix { element: bool, dimensions: [D2, D3] }]	exact/template	bool	u8,u16,u32,u64,u128,i8,i16,i32,i64,i128,f32,f64,c32,c64,r64,string,bool,id,index,atom; E-STRUCT (nominal construction G11)	Prelude	named-call	"""answer := compare/eq(1.0, 2.0)\nanswer\n"""	EQ;PROMOTION;LAYOUT;TURN;VISIBILITY	value equality after declared lossless promotion; scalar vs elementwise output shape explicit	scheme.rs:317-414,455; numeric.rs:1862	MECH_AUDIT_CASE=catalog-compare-eq ./docs/design/grammar-audit/s8-replacement-audit/run-probes.sh semantic_replacement_witnesses	specified; candidate-specific execution not yet recorded; discovery command is export sample only
compare/eq	20	C10	inputs: Fixed([Matrix { element: string, dimensions: [D0, D1] }, Matrix { element: string, dimensions: [D2, D3] }]), outputs: [Matrix { element: bool, dimensions: [D0, D1] }]	exact/template	string	u8,u16,u32,u64,u128,i8,i16,i32,i64,i128,f32,f64,c32,c64,r64,string,bool,id,index,atom; E-STRUCT (nominal construction G11)	Prelude	named-call	"""answer := compare/eq(1.0, 2.0)\nanswer\n"""	EQ;PROMOTION;LAYOUT;TURN;VISIBILITY	value equality after declared lossless promotion; scalar vs elementwise output shape explicit	scheme.rs:317-414,455; numeric.rs:1862	MECH_AUDIT_CASE=catalog-compare-eq ./docs/design/grammar-audit/s8-replacement-audit/run-probes.sh semantic_replacement_witnesses	specified; candidate-specific execution not yet recorded; discovery command is export sample only
compare/eq	21	C10	inputs: Fixed([Matrix { element: string, dimensions: [D0, D1] }, Matrix { element: string, dimensions: [D2, D3] }]), outputs: [Matrix { element: bool, dimensions: [D2, D3] }]	exact/template	string	u8,u16,u32,u64,u128,i8,i16,i32,i64,i128,f32,f64,c32,c64,r64,string,bool,id,index,atom; E-STRUCT (nominal construction G11)	Prelude	named-call	"""answer := compare/eq(1.0, 2.0)\nanswer\n"""	EQ;PROMOTION;LAYOUT;TURN;VISIBILITY	value equality after declared lossless promotion; scalar vs elementwise output shape explicit	scheme.rs:317-414,455; numeric.rs:1862	MECH_AUDIT_CASE=catalog-compare-eq ./docs/design/grammar-audit/s8-replacement-audit/run-probes.sh semantic_replacement_witnesses	specified; candidate-specific execution not yet recorded; discovery command is export sample only
compare/eq	22	C10	inputs: Fixed([K0, K1]), outputs: [bool]	Number	u8,u16,u32,u64,u128,i8,i16,i32,i64,i128,f32,f64,c32,c64,r64	u8,u16,u32,u64,u128,i8,i16,i32,i64,i128,f32,f64,c32,c64,r64,string,bool,id,index,atom; E-STRUCT (nominal construction G11)	Prelude	named-call	"""answer := compare/eq(1.0, 2.0)\nanswer\n"""	EQ;PROMOTION;LAYOUT;TURN;VISIBILITY	value equality after declared lossless promotion; scalar vs elementwise output shape explicit	scheme.rs:317-414,455; numeric.rs:1862	MECH_AUDIT_CASE=catalog-compare-eq ./docs/design/grammar-audit/s8-replacement-audit/run-probes.sh semantic_replacement_witnesses	specified; candidate-specific execution not yet recorded; discovery command is export sample only
compare/eq	23	C10	inputs: Fixed([Matrix { element: K0, dimensions: [D0, D1] }, Matrix { element: K1, dimensions: [D0, D1] }]), outputs: [Matrix { element: bool, dimensions: [D0, D1] }]	Number	u8,u16,u32,u64,u128,i8,i16,i32,i64,i128,f32,f64,c32,c64,r64	u8,u16,u32,u64,u128,i8,i16,i32,i64,i128,f32,f64,c32,c64,r64,string,bool,id,index,atom; E-STRUCT (nominal construction G11)	Prelude	named-call	"""answer := compare/eq(1.0, 2.0)\nanswer\n"""	EQ;PROMOTION;LAYOUT;TURN;VISIBILITY	value equality after declared lossless promotion; scalar vs elementwise output shape explicit	scheme.rs:317-414,455; numeric.rs:1862	MECH_AUDIT_CASE=catalog-compare-eq ./docs/design/grammar-audit/s8-replacement-audit/run-probes.sh semantic_replacement_witnesses	specified; candidate-specific execution not yet recorded; discovery command is export sample only
compare/eq	24	C10	inputs: Fixed([Matrix { element: K0, dimensions: [D0, D1] }, K1]), outputs: [Matrix { element: bool, dimensions: [D0, D1] }]	Number	u8,u16,u32,u64,u128,i8,i16,i32,i64,i128,f32,f64,c32,c64,r64	u8,u16,u32,u64,u128,i8,i16,i32,i64,i128,f32,f64,c32,c64,r64,string,bool,id,index,atom; E-STRUCT (nominal construction G11)	Prelude	named-call	"""answer := compare/eq(1.0, 2.0)\nanswer\n"""	EQ;PROMOTION;LAYOUT;TURN;VISIBILITY	value equality after declared lossless promotion; scalar vs elementwise output shape explicit	scheme.rs:317-414,455; numeric.rs:1862	MECH_AUDIT_CASE=catalog-compare-eq ./docs/design/grammar-audit/s8-replacement-audit/run-probes.sh semantic_replacement_witnesses	specified; candidate-specific execution not yet recorded; discovery command is export sample only
compare/eq	25	C10	inputs: Fixed([K0, Matrix { element: K1, dimensions: [D0, D1] }]), outputs: [Matrix { element: bool, dimensions: [D0, D1] }]	Number	u8,u16,u32,u64,u128,i8,i16,i32,i64,i128,f32,f64,c32,c64,r64	u8,u16,u32,u64,u128,i8,i16,i32,i64,i128,f32,f64,c32,c64,r64,string,bool,id,index,atom; E-STRUCT (nominal construction G11)	Prelude	named-call	"""answer := compare/eq(1.0, 2.0)\nanswer\n"""	EQ;PROMOTION;LAYOUT;TURN;VISIBILITY	value equality after declared lossless promotion; scalar vs elementwise output shape explicit	scheme.rs:317-414,455; numeric.rs:1862	MECH_AUDIT_CASE=catalog-compare-eq ./docs/design/grammar-audit/s8-replacement-audit/run-probes.sh semantic_replacement_witnesses	specified; candidate-specific execution not yet recorded; discovery command is export sample only
compare/eq	26	C10	inputs: Fixed([Matrix { element: K0, dimensions: [D0, D1] }, Matrix { element: K1, dimensions: [D2, 1] }]), outputs: [Matrix { element: bool, dimensions: [D0, D1] }]	Number	u8,u16,u32,u64,u128,i8,i16,i32,i64,i128,f32,f64,c32,c64,r64	u8,u16,u32,u64,u128,i8,i16,i32,i64,i128,f32,f64,c32,c64,r64,string,bool,id,index,atom; E-STRUCT (nominal construction G11)	Prelude	named-call	"""answer := compare/eq(1.0, 2.0)\nanswer\n"""	EQ;PROMOTION;LAYOUT;TURN;VISIBILITY	value equality after declared lossless promotion; scalar vs elementwise output shape explicit	scheme.rs:317-414,455; numeric.rs:1862	MECH_AUDIT_CASE=catalog-compare-eq ./docs/design/grammar-audit/s8-replacement-audit/run-probes.sh semantic_replacement_witnesses	specified; candidate-specific execution not yet recorded; discovery command is export sample only
compare/eq	27	C10	inputs: Fixed([Matrix { element: K0, dimensions: [D0, D1] }, Matrix { element: K1, dimensions: [1, D2] }]), outputs: [Matrix { element: bool, dimensions: [D0, D1] }]	Number	u8,u16,u32,u64,u128,i8,i16,i32,i64,i128,f32,f64,c32,c64,r64	u8,u16,u32,u64,u128,i8,i16,i32,i64,i128,f32,f64,c32,c64,r64,string,bool,id,index,atom; E-STRUCT (nominal construction G11)	Prelude	named-call	"""answer := compare/eq(1.0, 2.0)\nanswer\n"""	EQ;PROMOTION;LAYOUT;TURN;VISIBILITY	value equality after declared lossless promotion; scalar vs elementwise output shape explicit	scheme.rs:317-414,455; numeric.rs:1862	MECH_AUDIT_CASE=catalog-compare-eq ./docs/design/grammar-audit/s8-replacement-audit/run-probes.sh semantic_replacement_witnesses	specified; candidate-specific execution not yet recorded; discovery command is export sample only
compare/eq	28	C10	inputs: Fixed([Matrix { element: K0, dimensions: [D2, 1] }, Matrix { element: K1, dimensions: [D0, D1] }]), outputs: [Matrix { element: bool, dimensions: [D0, D1] }]	Number	u8,u16,u32,u64,u128,i8,i16,i32,i64,i128,f32,f64,c32,c64,r64	u8,u16,u32,u64,u128,i8,i16,i32,i64,i128,f32,f64,c32,c64,r64,string,bool,id,index,atom; E-STRUCT (nominal construction G11)	Prelude	named-call	"""answer := compare/eq(1.0, 2.0)\nanswer\n"""	EQ;PROMOTION;LAYOUT;TURN;VISIBILITY	value equality after declared lossless promotion; scalar vs elementwise output shape explicit	scheme.rs:317-414,455; numeric.rs:1862	MECH_AUDIT_CASE=catalog-compare-eq ./docs/design/grammar-audit/s8-replacement-audit/run-probes.sh semantic_replacement_witnesses	specified; candidate-specific execution not yet recorded; discovery command is export sample only
compare/eq	29	C10	inputs: Fixed([Matrix { element: K0, dimensions: [1, D2] }, Matrix { element: K1, dimensions: [D0, D1] }]), outputs: [Matrix { element: bool, dimensions: [D0, D1] }]	Number	u8,u16,u32,u64,u128,i8,i16,i32,i64,i128,f32,f64,c32,c64,r64	u8,u16,u32,u64,u128,i8,i16,i32,i64,i128,f32,f64,c32,c64,r64,string,bool,id,index,atom; E-STRUCT (nominal construction G11)	Prelude	named-call	"""answer := compare/eq(1.0, 2.0)\nanswer\n"""	EQ;PROMOTION;LAYOUT;TURN;VISIBILITY	value equality after declared lossless promotion; scalar vs elementwise output shape explicit	scheme.rs:317-414,455; numeric.rs:1862	MECH_AUDIT_CASE=catalog-compare-eq ./docs/design/grammar-audit/s8-replacement-audit/run-probes.sh semantic_replacement_witnesses	specified; candidate-specific execution not yet recorded; discovery command is export sample only
compare/eq	30	C10	inputs: Fixed([Matrix { element: K0, dimensions: [D0, D1] }, Matrix { element: K1, dimensions: [D2, D3] }]), outputs: [Matrix { element: bool, dimensions: [D0, D1] }]	Number	u8,u16,u32,u64,u128,i8,i16,i32,i64,i128,f32,f64,c32,c64,r64	u8,u16,u32,u64,u128,i8,i16,i32,i64,i128,f32,f64,c32,c64,r64,string,bool,id,index,atom; E-STRUCT (nominal construction G11)	Prelude	named-call	"""answer := compare/eq(1.0, 2.0)\nanswer\n"""	EQ;PROMOTION;LAYOUT;TURN;VISIBILITY	value equality after declared lossless promotion; scalar vs elementwise output shape explicit	scheme.rs:317-414,455; numeric.rs:1862	MECH_AUDIT_CASE=catalog-compare-eq ./docs/design/grammar-audit/s8-replacement-audit/run-probes.sh semantic_replacement_witnesses	specified; candidate-specific execution not yet recorded; discovery command is export sample only
compare/eq	31	C10	inputs: Fixed([Matrix { element: K0, dimensions: [D0, D1] }, Matrix { element: K1, dimensions: [D2, D3] }]), outputs: [Matrix { element: bool, dimensions: [D2, D3] }]	Number	u8,u16,u32,u64,u128,i8,i16,i32,i64,i128,f32,f64,c32,c64,r64	u8,u16,u32,u64,u128,i8,i16,i32,i64,i128,f32,f64,c32,c64,r64,string,bool,id,index,atom; E-STRUCT (nominal construction G11)	Prelude	named-call	"""answer := compare/eq(1.0, 2.0)\nanswer\n"""	EQ;PROMOTION;LAYOUT;TURN;VISIBILITY	value equality after declared lossless promotion; scalar vs elementwise output shape explicit	scheme.rs:317-414,455; numeric.rs:1862	MECH_AUDIT_CASE=catalog-compare-eq ./docs/design/grammar-audit/s8-replacement-audit/run-probes.sh semantic_replacement_witnesses	specified; candidate-specific execution not yet recorded; discovery command is export sample only
compare/gt	0	C12	inputs: Fixed([K0, K1]), outputs: [bool]	Number,Ordered	u8,u16,u32,u64,u128,i8,i16,i32,i64,i128,f32,f64,r64	u8,u16,u32,u64,u128,i8,i16,i32,i64,i128,f32,f64,r64,string	Prelude	named-call	"""answer := compare/gt(1.0, 2.0)\nanswer\n"""	ORDER;PROMOTION;LAYOUT;TURN;VISIBILITY	integer/Fraction comparison; lexicographic strings; IEEE NaN relation rules	scheme.rs comparison_promoted_for_predicate,string_ordering; numeric.rs comparisons	MECH_AUDIT_CASE=catalog-compare-gt ./docs/design/grammar-audit/s8-replacement-audit/run-probes.sh semantic_replacement_witnesses	specified; candidate-specific execution not yet recorded; discovery command is export sample only
compare/gt	1	C12	inputs: Fixed([Matrix { element: K0, dimensions: [D0, D1] }, Matrix { element: K1, dimensions: [D0, D1] }]), outputs: [Matrix { element: bool, dimensions: [D0, D1] }]	Number,Ordered	u8,u16,u32,u64,u128,i8,i16,i32,i64,i128,f32,f64,r64	u8,u16,u32,u64,u128,i8,i16,i32,i64,i128,f32,f64,r64,string	Prelude	named-call	"""answer := compare/gt(1.0, 2.0)\nanswer\n"""	ORDER;PROMOTION;LAYOUT;TURN;VISIBILITY	integer/Fraction comparison; lexicographic strings; IEEE NaN relation rules	scheme.rs comparison_promoted_for_predicate,string_ordering; numeric.rs comparisons	MECH_AUDIT_CASE=catalog-compare-gt ./docs/design/grammar-audit/s8-replacement-audit/run-probes.sh semantic_replacement_witnesses	specified; candidate-specific execution not yet recorded; discovery command is export sample only
compare/gt	2	C12	inputs: Fixed([Matrix { element: K0, dimensions: [D0, D1] }, K1]), outputs: [Matrix { element: bool, dimensions: [D0, D1] }]	Number,Ordered	u8,u16,u32,u64,u128,i8,i16,i32,i64,i128,f32,f64,r64	u8,u16,u32,u64,u128,i8,i16,i32,i64,i128,f32,f64,r64,string	Prelude	named-call	"""answer := compare/gt(1.0, 2.0)\nanswer\n"""	ORDER;PROMOTION;LAYOUT;TURN;VISIBILITY	integer/Fraction comparison; lexicographic strings; IEEE NaN relation rules	scheme.rs comparison_promoted_for_predicate,string_ordering; numeric.rs comparisons	MECH_AUDIT_CASE=catalog-compare-gt ./docs/design/grammar-audit/s8-replacement-audit/run-probes.sh semantic_replacement_witnesses	specified; candidate-specific execution not yet recorded; discovery command is export sample only
compare/gt	3	C12	inputs: Fixed([K0, Matrix { element: K1, dimensions: [D0, D1] }]), outputs: [Matrix { element: bool, dimensions: [D0, D1] }]	Number,Ordered	u8,u16,u32,u64,u128,i8,i16,i32,i64,i128,f32,f64,r64	u8,u16,u32,u64,u128,i8,i16,i32,i64,i128,f32,f64,r64,string	Prelude	named-call	"""answer := compare/gt(1.0, 2.0)\nanswer\n"""	ORDER;PROMOTION;LAYOUT;TURN;VISIBILITY	integer/Fraction comparison; lexicographic strings; IEEE NaN relation rules	scheme.rs comparison_promoted_for_predicate,string_ordering; numeric.rs comparisons	MECH_AUDIT_CASE=catalog-compare-gt ./docs/design/grammar-audit/s8-replacement-audit/run-probes.sh semantic_replacement_witnesses	specified; candidate-specific execution not yet recorded; discovery command is export sample only
compare/gt	4	C12	inputs: Fixed([Matrix { element: K0, dimensions: [D0, D1] }, Matrix { element: K1, dimensions: [D2, 1] }]), outputs: [Matrix { element: bool, dimensions: [D0, D1] }]	Number,Ordered	u8,u16,u32,u64,u128,i8,i16,i32,i64,i128,f32,f64,r64	u8,u16,u32,u64,u128,i8,i16,i32,i64,i128,f32,f64,r64,string	Prelude	named-call	"""answer := compare/gt(1.0, 2.0)\nanswer\n"""	ORDER;PROMOTION;LAYOUT;TURN;VISIBILITY	integer/Fraction comparison; lexicographic strings; IEEE NaN relation rules	scheme.rs comparison_promoted_for_predicate,string_ordering; numeric.rs comparisons	MECH_AUDIT_CASE=catalog-compare-gt ./docs/design/grammar-audit/s8-replacement-audit/run-probes.sh semantic_replacement_witnesses	specified; candidate-specific execution not yet recorded; discovery command is export sample only
compare/gt	5	C12	inputs: Fixed([Matrix { element: K0, dimensions: [D0, D1] }, Matrix { element: K1, dimensions: [1, D2] }]), outputs: [Matrix { element: bool, dimensions: [D0, D1] }]	Number,Ordered	u8,u16,u32,u64,u128,i8,i16,i32,i64,i128,f32,f64,r64	u8,u16,u32,u64,u128,i8,i16,i32,i64,i128,f32,f64,r64,string	Prelude	named-call	"""answer := compare/gt(1.0, 2.0)\nanswer\n"""	ORDER;PROMOTION;LAYOUT;TURN;VISIBILITY	integer/Fraction comparison; lexicographic strings; IEEE NaN relation rules	scheme.rs comparison_promoted_for_predicate,string_ordering; numeric.rs comparisons	MECH_AUDIT_CASE=catalog-compare-gt ./docs/design/grammar-audit/s8-replacement-audit/run-probes.sh semantic_replacement_witnesses	specified; candidate-specific execution not yet recorded; discovery command is export sample only
compare/gt	6	C12	inputs: Fixed([Matrix { element: K0, dimensions: [D2, 1] }, Matrix { element: K1, dimensions: [D0, D1] }]), outputs: [Matrix { element: bool, dimensions: [D0, D1] }]	Number,Ordered	u8,u16,u32,u64,u128,i8,i16,i32,i64,i128,f32,f64,r64	u8,u16,u32,u64,u128,i8,i16,i32,i64,i128,f32,f64,r64,string	Prelude	named-call	"""answer := compare/gt(1.0, 2.0)\nanswer\n"""	ORDER;PROMOTION;LAYOUT;TURN;VISIBILITY	integer/Fraction comparison; lexicographic strings; IEEE NaN relation rules	scheme.rs comparison_promoted_for_predicate,string_ordering; numeric.rs comparisons	MECH_AUDIT_CASE=catalog-compare-gt ./docs/design/grammar-audit/s8-replacement-audit/run-probes.sh semantic_replacement_witnesses	specified; candidate-specific execution not yet recorded; discovery command is export sample only
compare/gt	7	C12	inputs: Fixed([Matrix { element: K0, dimensions: [1, D2] }, Matrix { element: K1, dimensions: [D0, D1] }]), outputs: [Matrix { element: bool, dimensions: [D0, D1] }]	Number,Ordered	u8,u16,u32,u64,u128,i8,i16,i32,i64,i128,f32,f64,r64	u8,u16,u32,u64,u128,i8,i16,i32,i64,i128,f32,f64,r64,string	Prelude	named-call	"""answer := compare/gt(1.0, 2.0)\nanswer\n"""	ORDER;PROMOTION;LAYOUT;TURN;VISIBILITY	integer/Fraction comparison; lexicographic strings; IEEE NaN relation rules	scheme.rs comparison_promoted_for_predicate,string_ordering; numeric.rs comparisons	MECH_AUDIT_CASE=catalog-compare-gt ./docs/design/grammar-audit/s8-replacement-audit/run-probes.sh semantic_replacement_witnesses	specified; candidate-specific execution not yet recorded; discovery command is export sample only
compare/gt	8	C12	inputs: Fixed([Matrix { element: K0, dimensions: [D0, D1] }, Matrix { element: K1, dimensions: [D2, D3] }]), outputs: [Matrix { element: bool, dimensions: [D0, D1] }]	Number,Ordered	u8,u16,u32,u64,u128,i8,i16,i32,i64,i128,f32,f64,r64	u8,u16,u32,u64,u128,i8,i16,i32,i64,i128,f32,f64,r64,string	Prelude	named-call	"""answer := compare/gt(1.0, 2.0)\nanswer\n"""	ORDER;PROMOTION;LAYOUT;TURN;VISIBILITY	integer/Fraction comparison; lexicographic strings; IEEE NaN relation rules	scheme.rs comparison_promoted_for_predicate,string_ordering; numeric.rs comparisons	MECH_AUDIT_CASE=catalog-compare-gt ./docs/design/grammar-audit/s8-replacement-audit/run-probes.sh semantic_replacement_witnesses	specified; candidate-specific execution not yet recorded; discovery command is export sample only
compare/gt	9	C12	inputs: Fixed([Matrix { element: K0, dimensions: [D0, D1] }, Matrix { element: K1, dimensions: [D2, D3] }]), outputs: [Matrix { element: bool, dimensions: [D2, D3] }]	Number,Ordered	u8,u16,u32,u64,u128,i8,i16,i32,i64,i128,f32,f64,r64	u8,u16,u32,u64,u128,i8,i16,i32,i64,i128,f32,f64,r64,string	Prelude	named-call	"""answer := compare/gt(1.0, 2.0)\nanswer\n"""	ORDER;PROMOTION;LAYOUT;TURN;VISIBILITY	integer/Fraction comparison; lexicographic strings; IEEE NaN relation rules	scheme.rs comparison_promoted_for_predicate,string_ordering; numeric.rs comparisons	MECH_AUDIT_CASE=catalog-compare-gt ./docs/design/grammar-audit/s8-replacement-audit/run-probes.sh semantic_replacement_witnesses	specified; candidate-specific execution not yet recorded; discovery command is export sample only
compare/gt	10	C12	inputs: Fixed([string, string]), outputs: [bool]	exact/template	string	u8,u16,u32,u64,u128,i8,i16,i32,i64,i128,f32,f64,r64,string	Prelude	named-call	"""answer := compare/gt(1.0, 2.0)\nanswer\n"""	ORDER;PROMOTION;LAYOUT;TURN;VISIBILITY	integer/Fraction comparison; lexicographic strings; IEEE NaN relation rules	scheme.rs comparison_promoted_for_predicate,string_ordering; numeric.rs comparisons	MECH_AUDIT_CASE=catalog-compare-gt ./docs/design/grammar-audit/s8-replacement-audit/run-probes.sh semantic_replacement_witnesses	specified; candidate-specific execution not yet recorded; discovery command is export sample only
compare/gt	11	C12	inputs: Fixed([Matrix { element: string, dimensions: [D0, D1] }, Matrix { element: string, dimensions: [D0, D1] }]), outputs: [Matrix { element: bool, dimensions: [D0, D1] }]	exact/template	string	u8,u16,u32,u64,u128,i8,i16,i32,i64,i128,f32,f64,r64,string	Prelude	named-call	"""answer := compare/gt(1.0, 2.0)\nanswer\n"""	ORDER;PROMOTION;LAYOUT;TURN;VISIBILITY	integer/Fraction comparison; lexicographic strings; IEEE NaN relation rules	scheme.rs comparison_promoted_for_predicate,string_ordering; numeric.rs comparisons	MECH_AUDIT_CASE=catalog-compare-gt ./docs/design/grammar-audit/s8-replacement-audit/run-probes.sh semantic_replacement_witnesses	specified; candidate-specific execution not yet recorded; discovery command is export sample only
compare/gte	0	C12	inputs: Fixed([K0, K1]), outputs: [bool]	Number,Ordered	u8,u16,u32,u64,u128,i8,i16,i32,i64,i128,f32,f64,r64	u8,u16,u32,u64,u128,i8,i16,i32,i64,i128,f32,f64,r64,string	Prelude	named-call	"""answer := compare/gte(1.0, 2.0)\nanswer\n"""	ORDER;PROMOTION;LAYOUT;TURN;VISIBILITY	integer/Fraction comparison; lexicographic strings; IEEE NaN relation rules	scheme.rs comparison_promoted_for_predicate,string_ordering; numeric.rs comparisons	MECH_AUDIT_CASE=catalog-compare-gte ./docs/design/grammar-audit/s8-replacement-audit/run-probes.sh semantic_replacement_witnesses	specified; candidate-specific execution not yet recorded; discovery command is export sample only
compare/gte	1	C12	inputs: Fixed([Matrix { element: K0, dimensions: [D0, D1] }, Matrix { element: K1, dimensions: [D0, D1] }]), outputs: [Matrix { element: bool, dimensions: [D0, D1] }]	Number,Ordered	u8,u16,u32,u64,u128,i8,i16,i32,i64,i128,f32,f64,r64	u8,u16,u32,u64,u128,i8,i16,i32,i64,i128,f32,f64,r64,string	Prelude	named-call	"""answer := compare/gte(1.0, 2.0)\nanswer\n"""	ORDER;PROMOTION;LAYOUT;TURN;VISIBILITY	integer/Fraction comparison; lexicographic strings; IEEE NaN relation rules	scheme.rs comparison_promoted_for_predicate,string_ordering; numeric.rs comparisons	MECH_AUDIT_CASE=catalog-compare-gte ./docs/design/grammar-audit/s8-replacement-audit/run-probes.sh semantic_replacement_witnesses	specified; candidate-specific execution not yet recorded; discovery command is export sample only
compare/gte	2	C12	inputs: Fixed([Matrix { element: K0, dimensions: [D0, D1] }, K1]), outputs: [Matrix { element: bool, dimensions: [D0, D1] }]	Number,Ordered	u8,u16,u32,u64,u128,i8,i16,i32,i64,i128,f32,f64,r64	u8,u16,u32,u64,u128,i8,i16,i32,i64,i128,f32,f64,r64,string	Prelude	named-call	"""answer := compare/gte(1.0, 2.0)\nanswer\n"""	ORDER;PROMOTION;LAYOUT;TURN;VISIBILITY	integer/Fraction comparison; lexicographic strings; IEEE NaN relation rules	scheme.rs comparison_promoted_for_predicate,string_ordering; numeric.rs comparisons	MECH_AUDIT_CASE=catalog-compare-gte ./docs/design/grammar-audit/s8-replacement-audit/run-probes.sh semantic_replacement_witnesses	specified; candidate-specific execution not yet recorded; discovery command is export sample only
compare/gte	3	C12	inputs: Fixed([K0, Matrix { element: K1, dimensions: [D0, D1] }]), outputs: [Matrix { element: bool, dimensions: [D0, D1] }]	Number,Ordered	u8,u16,u32,u64,u128,i8,i16,i32,i64,i128,f32,f64,r64	u8,u16,u32,u64,u128,i8,i16,i32,i64,i128,f32,f64,r64,string	Prelude	named-call	"""answer := compare/gte(1.0, 2.0)\nanswer\n"""	ORDER;PROMOTION;LAYOUT;TURN;VISIBILITY	integer/Fraction comparison; lexicographic strings; IEEE NaN relation rules	scheme.rs comparison_promoted_for_predicate,string_ordering; numeric.rs comparisons	MECH_AUDIT_CASE=catalog-compare-gte ./docs/design/grammar-audit/s8-replacement-audit/run-probes.sh semantic_replacement_witnesses	specified; candidate-specific execution not yet recorded; discovery command is export sample only
compare/gte	4	C12	inputs: Fixed([Matrix { element: K0, dimensions: [D0, D1] }, Matrix { element: K1, dimensions: [D2, 1] }]), outputs: [Matrix { element: bool, dimensions: [D0, D1] }]	Number,Ordered	u8,u16,u32,u64,u128,i8,i16,i32,i64,i128,f32,f64,r64	u8,u16,u32,u64,u128,i8,i16,i32,i64,i128,f32,f64,r64,string	Prelude	named-call	"""answer := compare/gte(1.0, 2.0)\nanswer\n"""	ORDER;PROMOTION;LAYOUT;TURN;VISIBILITY	integer/Fraction comparison; lexicographic strings; IEEE NaN relation rules	scheme.rs comparison_promoted_for_predicate,string_ordering; numeric.rs comparisons	MECH_AUDIT_CASE=catalog-compare-gte ./docs/design/grammar-audit/s8-replacement-audit/run-probes.sh semantic_replacement_witnesses	specified; candidate-specific execution not yet recorded; discovery command is export sample only
compare/gte	5	C12	inputs: Fixed([Matrix { element: K0, dimensions: [D0, D1] }, Matrix { element: K1, dimensions: [1, D2] }]), outputs: [Matrix { element: bool, dimensions: [D0, D1] }]	Number,Ordered	u8,u16,u32,u64,u128,i8,i16,i32,i64,i128,f32,f64,r64	u8,u16,u32,u64,u128,i8,i16,i32,i64,i128,f32,f64,r64,string	Prelude	named-call	"""answer := compare/gte(1.0, 2.0)\nanswer\n"""	ORDER;PROMOTION;LAYOUT;TURN;VISIBILITY	integer/Fraction comparison; lexicographic strings; IEEE NaN relation rules	scheme.rs comparison_promoted_for_predicate,string_ordering; numeric.rs comparisons	MECH_AUDIT_CASE=catalog-compare-gte ./docs/design/grammar-audit/s8-replacement-audit/run-probes.sh semantic_replacement_witnesses	specified; candidate-specific execution not yet recorded; discovery command is export sample only
compare/gte	6	C12	inputs: Fixed([Matrix { element: K0, dimensions: [D2, 1] }, Matrix { element: K1, dimensions: [D0, D1] }]), outputs: [Matrix { element: bool, dimensions: [D0, D1] }]	Number,Ordered	u8,u16,u32,u64,u128,i8,i16,i32,i64,i128,f32,f64,r64	u8,u16,u32,u64,u128,i8,i16,i32,i64,i128,f32,f64,r64,string	Prelude	named-call	"""answer := compare/gte(1.0, 2.0)\nanswer\n"""	ORDER;PROMOTION;LAYOUT;TURN;VISIBILITY	integer/Fraction comparison; lexicographic strings; IEEE NaN relation rules	scheme.rs comparison_promoted_for_predicate,string_ordering; numeric.rs comparisons	MECH_AUDIT_CASE=catalog-compare-gte ./docs/design/grammar-audit/s8-replacement-audit/run-probes.sh semantic_replacement_witnesses	specified; candidate-specific execution not yet recorded; discovery command is export sample only
compare/gte	7	C12	inputs: Fixed([Matrix { element: K0, dimensions: [1, D2] }, Matrix { element: K1, dimensions: [D0, D1] }]), outputs: [Matrix { element: bool, dimensions: [D0, D1] }]	Number,Ordered	u8,u16,u32,u64,u128,i8,i16,i32,i64,i128,f32,f64,r64	u8,u16,u32,u64,u128,i8,i16,i32,i64,i128,f32,f64,r64,string	Prelude	named-call	"""answer := compare/gte(1.0, 2.0)\nanswer\n"""	ORDER;PROMOTION;LAYOUT;TURN;VISIBILITY	integer/Fraction comparison; lexicographic strings; IEEE NaN relation rules	scheme.rs comparison_promoted_for_predicate,string_ordering; numeric.rs comparisons	MECH_AUDIT_CASE=catalog-compare-gte ./docs/design/grammar-audit/s8-replacement-audit/run-probes.sh semantic_replacement_witnesses	specified; candidate-specific execution not yet recorded; discovery command is export sample only
compare/gte	8	C12	inputs: Fixed([Matrix { element: K0, dimensions: [D0, D1] }, Matrix { element: K1, dimensions: [D2, D3] }]), outputs: [Matrix { element: bool, dimensions: [D0, D1] }]	Number,Ordered	u8,u16,u32,u64,u128,i8,i16,i32,i64,i128,f32,f64,r64	u8,u16,u32,u64,u128,i8,i16,i32,i64,i128,f32,f64,r64,string	Prelude	named-call	"""answer := compare/gte(1.0, 2.0)\nanswer\n"""	ORDER;PROMOTION;LAYOUT;TURN;VISIBILITY	integer/Fraction comparison; lexicographic strings; IEEE NaN relation rules	scheme.rs comparison_promoted_for_predicate,string_ordering; numeric.rs comparisons	MECH_AUDIT_CASE=catalog-compare-gte ./docs/design/grammar-audit/s8-replacement-audit/run-probes.sh semantic_replacement_witnesses	specified; candidate-specific execution not yet recorded; discovery command is export sample only
compare/gte	9	C12	inputs: Fixed([Matrix { element: K0, dimensions: [D0, D1] }, Matrix { element: K1, dimensions: [D2, D3] }]), outputs: [Matrix { element: bool, dimensions: [D2, D3] }]	Number,Ordered	u8,u16,u32,u64,u128,i8,i16,i32,i64,i128,f32,f64,r64	u8,u16,u32,u64,u128,i8,i16,i32,i64,i128,f32,f64,r64,string	Prelude	named-call	"""answer := compare/gte(1.0, 2.0)\nanswer\n"""	ORDER;PROMOTION;LAYOUT;TURN;VISIBILITY	integer/Fraction comparison; lexicographic strings; IEEE NaN relation rules	scheme.rs comparison_promoted_for_predicate,string_ordering; numeric.rs comparisons	MECH_AUDIT_CASE=catalog-compare-gte ./docs/design/grammar-audit/s8-replacement-audit/run-probes.sh semantic_replacement_witnesses	specified; candidate-specific execution not yet recorded; discovery command is export sample only
compare/gte	10	C12	inputs: Fixed([string, string]), outputs: [bool]	exact/template	string	u8,u16,u32,u64,u128,i8,i16,i32,i64,i128,f32,f64,r64,string	Prelude	named-call	"""answer := compare/gte(1.0, 2.0)\nanswer\n"""	ORDER;PROMOTION;LAYOUT;TURN;VISIBILITY	integer/Fraction comparison; lexicographic strings; IEEE NaN relation rules	scheme.rs comparison_promoted_for_predicate,string_ordering; numeric.rs comparisons	MECH_AUDIT_CASE=catalog-compare-gte ./docs/design/grammar-audit/s8-replacement-audit/run-probes.sh semantic_replacement_witnesses	specified; candidate-specific execution not yet recorded; discovery command is export sample only
compare/gte	11	C12	inputs: Fixed([Matrix { element: string, dimensions: [D0, D1] }, Matrix { element: string, dimensions: [D0, D1] }]), outputs: [Matrix { element: bool, dimensions: [D0, D1] }]	exact/template	string	u8,u16,u32,u64,u128,i8,i16,i32,i64,i128,f32,f64,r64,string	Prelude	named-call	"""answer := compare/gte(1.0, 2.0)\nanswer\n"""	ORDER;PROMOTION;LAYOUT;TURN;VISIBILITY	integer/Fraction comparison; lexicographic strings; IEEE NaN relation rules	scheme.rs comparison_promoted_for_predicate,string_ordering; numeric.rs comparisons	MECH_AUDIT_CASE=catalog-compare-gte ./docs/design/grammar-audit/s8-replacement-audit/run-probes.sh semantic_replacement_witnesses	specified; candidate-specific execution not yet recorded; discovery command is export sample only
compare/lt	0	C12	inputs: Fixed([K0, K1]), outputs: [bool]	Number,Ordered	u8,u16,u32,u64,u128,i8,i16,i32,i64,i128,f32,f64,r64	u8,u16,u32,u64,u128,i8,i16,i32,i64,i128,f32,f64,r64,string	Prelude	named-call	"""answer := compare/lt(1.0, 2.0)\nanswer\n"""	ORDER;PROMOTION;LAYOUT;TURN;VISIBILITY	integer/Fraction comparison; lexicographic strings; IEEE NaN relation rules	scheme.rs comparison_promoted_for_predicate,string_ordering; numeric.rs comparisons	MECH_AUDIT_CASE=catalog-compare-lt ./docs/design/grammar-audit/s8-replacement-audit/run-probes.sh semantic_replacement_witnesses	specified; candidate-specific execution not yet recorded; discovery command is export sample only
compare/lt	1	C12	inputs: Fixed([Matrix { element: K0, dimensions: [D0, D1] }, Matrix { element: K1, dimensions: [D0, D1] }]), outputs: [Matrix { element: bool, dimensions: [D0, D1] }]	Number,Ordered	u8,u16,u32,u64,u128,i8,i16,i32,i64,i128,f32,f64,r64	u8,u16,u32,u64,u128,i8,i16,i32,i64,i128,f32,f64,r64,string	Prelude	named-call	"""answer := compare/lt(1.0, 2.0)\nanswer\n"""	ORDER;PROMOTION;LAYOUT;TURN;VISIBILITY	integer/Fraction comparison; lexicographic strings; IEEE NaN relation rules	scheme.rs comparison_promoted_for_predicate,string_ordering; numeric.rs comparisons	MECH_AUDIT_CASE=catalog-compare-lt ./docs/design/grammar-audit/s8-replacement-audit/run-probes.sh semantic_replacement_witnesses	specified; candidate-specific execution not yet recorded; discovery command is export sample only
compare/lt	2	C12	inputs: Fixed([Matrix { element: K0, dimensions: [D0, D1] }, K1]), outputs: [Matrix { element: bool, dimensions: [D0, D1] }]	Number,Ordered	u8,u16,u32,u64,u128,i8,i16,i32,i64,i128,f32,f64,r64	u8,u16,u32,u64,u128,i8,i16,i32,i64,i128,f32,f64,r64,string	Prelude	named-call	"""answer := compare/lt(1.0, 2.0)\nanswer\n"""	ORDER;PROMOTION;LAYOUT;TURN;VISIBILITY	integer/Fraction comparison; lexicographic strings; IEEE NaN relation rules	scheme.rs comparison_promoted_for_predicate,string_ordering; numeric.rs comparisons	MECH_AUDIT_CASE=catalog-compare-lt ./docs/design/grammar-audit/s8-replacement-audit/run-probes.sh semantic_replacement_witnesses	specified; candidate-specific execution not yet recorded; discovery command is export sample only
compare/lt	3	C12	inputs: Fixed([K0, Matrix { element: K1, dimensions: [D0, D1] }]), outputs: [Matrix { element: bool, dimensions: [D0, D1] }]	Number,Ordered	u8,u16,u32,u64,u128,i8,i16,i32,i64,i128,f32,f64,r64	u8,u16,u32,u64,u128,i8,i16,i32,i64,i128,f32,f64,r64,string	Prelude	named-call	"""answer := compare/lt(1.0, 2.0)\nanswer\n"""	ORDER;PROMOTION;LAYOUT;TURN;VISIBILITY	integer/Fraction comparison; lexicographic strings; IEEE NaN relation rules	scheme.rs comparison_promoted_for_predicate,string_ordering; numeric.rs comparisons	MECH_AUDIT_CASE=catalog-compare-lt ./docs/design/grammar-audit/s8-replacement-audit/run-probes.sh semantic_replacement_witnesses	specified; candidate-specific execution not yet recorded; discovery command is export sample only
compare/lt	4	C12	inputs: Fixed([Matrix { element: K0, dimensions: [D0, D1] }, Matrix { element: K1, dimensions: [D2, 1] }]), outputs: [Matrix { element: bool, dimensions: [D0, D1] }]	Number,Ordered	u8,u16,u32,u64,u128,i8,i16,i32,i64,i128,f32,f64,r64	u8,u16,u32,u64,u128,i8,i16,i32,i64,i128,f32,f64,r64,string	Prelude	named-call	"""answer := compare/lt(1.0, 2.0)\nanswer\n"""	ORDER;PROMOTION;LAYOUT;TURN;VISIBILITY	integer/Fraction comparison; lexicographic strings; IEEE NaN relation rules	scheme.rs comparison_promoted_for_predicate,string_ordering; numeric.rs comparisons	MECH_AUDIT_CASE=catalog-compare-lt ./docs/design/grammar-audit/s8-replacement-audit/run-probes.sh semantic_replacement_witnesses	specified; candidate-specific execution not yet recorded; discovery command is export sample only
compare/lt	5	C12	inputs: Fixed([Matrix { element: K0, dimensions: [D0, D1] }, Matrix { element: K1, dimensions: [1, D2] }]), outputs: [Matrix { element: bool, dimensions: [D0, D1] }]	Number,Ordered	u8,u16,u32,u64,u128,i8,i16,i32,i64,i128,f32,f64,r64	u8,u16,u32,u64,u128,i8,i16,i32,i64,i128,f32,f64,r64,string	Prelude	named-call	"""answer := compare/lt(1.0, 2.0)\nanswer\n"""	ORDER;PROMOTION;LAYOUT;TURN;VISIBILITY	integer/Fraction comparison; lexicographic strings; IEEE NaN relation rules	scheme.rs comparison_promoted_for_predicate,string_ordering; numeric.rs comparisons	MECH_AUDIT_CASE=catalog-compare-lt ./docs/design/grammar-audit/s8-replacement-audit/run-probes.sh semantic_replacement_witnesses	specified; candidate-specific execution not yet recorded; discovery command is export sample only
compare/lt	6	C12	inputs: Fixed([Matrix { element: K0, dimensions: [D2, 1] }, Matrix { element: K1, dimensions: [D0, D1] }]), outputs: [Matrix { element: bool, dimensions: [D0, D1] }]	Number,Ordered	u8,u16,u32,u64,u128,i8,i16,i32,i64,i128,f32,f64,r64	u8,u16,u32,u64,u128,i8,i16,i32,i64,i128,f32,f64,r64,string	Prelude	named-call	"""answer := compare/lt(1.0, 2.0)\nanswer\n"""	ORDER;PROMOTION;LAYOUT;TURN;VISIBILITY	integer/Fraction comparison; lexicographic strings; IEEE NaN relation rules	scheme.rs comparison_promoted_for_predicate,string_ordering; numeric.rs comparisons	MECH_AUDIT_CASE=catalog-compare-lt ./docs/design/grammar-audit/s8-replacement-audit/run-probes.sh semantic_replacement_witnesses	specified; candidate-specific execution not yet recorded; discovery command is export sample only
compare/lt	7	C12	inputs: Fixed([Matrix { element: K0, dimensions: [1, D2] }, Matrix { element: K1, dimensions: [D0, D1] }]), outputs: [Matrix { element: bool, dimensions: [D0, D1] }]	Number,Ordered	u8,u16,u32,u64,u128,i8,i16,i32,i64,i128,f32,f64,r64	u8,u16,u32,u64,u128,i8,i16,i32,i64,i128,f32,f64,r64,string	Prelude	named-call	"""answer := compare/lt(1.0, 2.0)\nanswer\n"""	ORDER;PROMOTION;LAYOUT;TURN;VISIBILITY	integer/Fraction comparison; lexicographic strings; IEEE NaN relation rules	scheme.rs comparison_promoted_for_predicate,string_ordering; numeric.rs comparisons	MECH_AUDIT_CASE=catalog-compare-lt ./docs/design/grammar-audit/s8-replacement-audit/run-probes.sh semantic_replacement_witnesses	specified; candidate-specific execution not yet recorded; discovery command is export sample only
compare/lt	8	C12	inputs: Fixed([Matrix { element: K0, dimensions: [D0, D1] }, Matrix { element: K1, dimensions: [D2, D3] }]), outputs: [Matrix { element: bool, dimensions: [D0, D1] }]	Number,Ordered	u8,u16,u32,u64,u128,i8,i16,i32,i64,i128,f32,f64,r64	u8,u16,u32,u64,u128,i8,i16,i32,i64,i128,f32,f64,r64,string	Prelude	named-call	"""answer := compare/lt(1.0, 2.0)\nanswer\n"""	ORDER;PROMOTION;LAYOUT;TURN;VISIBILITY	integer/Fraction comparison; lexicographic strings; IEEE NaN relation rules	scheme.rs comparison_promoted_for_predicate,string_ordering; numeric.rs comparisons	MECH_AUDIT_CASE=catalog-compare-lt ./docs/design/grammar-audit/s8-replacement-audit/run-probes.sh semantic_replacement_witnesses	specified; candidate-specific execution not yet recorded; discovery command is export sample only
compare/lt	9	C12	inputs: Fixed([Matrix { element: K0, dimensions: [D0, D1] }, Matrix { element: K1, dimensions: [D2, D3] }]), outputs: [Matrix { element: bool, dimensions: [D2, D3] }]	Number,Ordered	u8,u16,u32,u64,u128,i8,i16,i32,i64,i128,f32,f64,r64	u8,u16,u32,u64,u128,i8,i16,i32,i64,i128,f32,f64,r64,string	Prelude	named-call	"""answer := compare/lt(1.0, 2.0)\nanswer\n"""	ORDER;PROMOTION;LAYOUT;TURN;VISIBILITY	integer/Fraction comparison; lexicographic strings; IEEE NaN relation rules	scheme.rs comparison_promoted_for_predicate,string_ordering; numeric.rs comparisons	MECH_AUDIT_CASE=catalog-compare-lt ./docs/design/grammar-audit/s8-replacement-audit/run-probes.sh semantic_replacement_witnesses	specified; candidate-specific execution not yet recorded; discovery command is export sample only
compare/lt	10	C12	inputs: Fixed([string, string]), outputs: [bool]	exact/template	string	u8,u16,u32,u64,u128,i8,i16,i32,i64,i128,f32,f64,r64,string	Prelude	named-call	"""answer := compare/lt(1.0, 2.0)\nanswer\n"""	ORDER;PROMOTION;LAYOUT;TURN;VISIBILITY	integer/Fraction comparison; lexicographic strings; IEEE NaN relation rules	scheme.rs comparison_promoted_for_predicate,string_ordering; numeric.rs comparisons	MECH_AUDIT_CASE=catalog-compare-lt ./docs/design/grammar-audit/s8-replacement-audit/run-probes.sh semantic_replacement_witnesses	specified; candidate-specific execution not yet recorded; discovery command is export sample only
compare/lt	11	C12	inputs: Fixed([Matrix { element: string, dimensions: [D0, D1] }, Matrix { element: string, dimensions: [D0, D1] }]), outputs: [Matrix { element: bool, dimensions: [D0, D1] }]	exact/template	string	u8,u16,u32,u64,u128,i8,i16,i32,i64,i128,f32,f64,r64,string	Prelude	named-call	"""answer := compare/lt(1.0, 2.0)\nanswer\n"""	ORDER;PROMOTION;LAYOUT;TURN;VISIBILITY	integer/Fraction comparison; lexicographic strings; IEEE NaN relation rules	scheme.rs comparison_promoted_for_predicate,string_ordering; numeric.rs comparisons	MECH_AUDIT_CASE=catalog-compare-lt ./docs/design/grammar-audit/s8-replacement-audit/run-probes.sh semantic_replacement_witnesses	specified; candidate-specific execution not yet recorded; discovery command is export sample only
compare/lte	0	C12	inputs: Fixed([K0, K1]), outputs: [bool]	Number,Ordered	u8,u16,u32,u64,u128,i8,i16,i32,i64,i128,f32,f64,r64	u8,u16,u32,u64,u128,i8,i16,i32,i64,i128,f32,f64,r64,string	Prelude	named-call	"""answer := compare/lte(1.0, 2.0)\nanswer\n"""	ORDER;PROMOTION;LAYOUT;TURN;VISIBILITY	integer/Fraction comparison; lexicographic strings; IEEE NaN relation rules	scheme.rs comparison_promoted_for_predicate,string_ordering; numeric.rs comparisons	MECH_AUDIT_CASE=catalog-compare-lte ./docs/design/grammar-audit/s8-replacement-audit/run-probes.sh semantic_replacement_witnesses	specified; candidate-specific execution not yet recorded; discovery command is export sample only
compare/lte	1	C12	inputs: Fixed([Matrix { element: K0, dimensions: [D0, D1] }, Matrix { element: K1, dimensions: [D0, D1] }]), outputs: [Matrix { element: bool, dimensions: [D0, D1] }]	Number,Ordered	u8,u16,u32,u64,u128,i8,i16,i32,i64,i128,f32,f64,r64	u8,u16,u32,u64,u128,i8,i16,i32,i64,i128,f32,f64,r64,string	Prelude	named-call	"""answer := compare/lte(1.0, 2.0)\nanswer\n"""	ORDER;PROMOTION;LAYOUT;TURN;VISIBILITY	integer/Fraction comparison; lexicographic strings; IEEE NaN relation rules	scheme.rs comparison_promoted_for_predicate,string_ordering; numeric.rs comparisons	MECH_AUDIT_CASE=catalog-compare-lte ./docs/design/grammar-audit/s8-replacement-audit/run-probes.sh semantic_replacement_witnesses	specified; candidate-specific execution not yet recorded; discovery command is export sample only
compare/lte	2	C12	inputs: Fixed([Matrix { element: K0, dimensions: [D0, D1] }, K1]), outputs: [Matrix { element: bool, dimensions: [D0, D1] }]	Number,Ordered	u8,u16,u32,u64,u128,i8,i16,i32,i64,i128,f32,f64,r64	u8,u16,u32,u64,u128,i8,i16,i32,i64,i128,f32,f64,r64,string	Prelude	named-call	"""answer := compare/lte(1.0, 2.0)\nanswer\n"""	ORDER;PROMOTION;LAYOUT;TURN;VISIBILITY	integer/Fraction comparison; lexicographic strings; IEEE NaN relation rules	scheme.rs comparison_promoted_for_predicate,string_ordering; numeric.rs comparisons	MECH_AUDIT_CASE=catalog-compare-lte ./docs/design/grammar-audit/s8-replacement-audit/run-probes.sh semantic_replacement_witnesses	specified; candidate-specific execution not yet recorded; discovery command is export sample only
compare/lte	3	C12	inputs: Fixed([K0, Matrix { element: K1, dimensions: [D0, D1] }]), outputs: [Matrix { element: bool, dimensions: [D0, D1] }]	Number,Ordered	u8,u16,u32,u64,u128,i8,i16,i32,i64,i128,f32,f64,r64	u8,u16,u32,u64,u128,i8,i16,i32,i64,i128,f32,f64,r64,string	Prelude	named-call	"""answer := compare/lte(1.0, 2.0)\nanswer\n"""	ORDER;PROMOTION;LAYOUT;TURN;VISIBILITY	integer/Fraction comparison; lexicographic strings; IEEE NaN relation rules	scheme.rs comparison_promoted_for_predicate,string_ordering; numeric.rs comparisons	MECH_AUDIT_CASE=catalog-compare-lte ./docs/design/grammar-audit/s8-replacement-audit/run-probes.sh semantic_replacement_witnesses	specified; candidate-specific execution not yet recorded; discovery command is export sample only
compare/lte	4	C12	inputs: Fixed([Matrix { element: K0, dimensions: [D0, D1] }, Matrix { element: K1, dimensions: [D2, 1] }]), outputs: [Matrix { element: bool, dimensions: [D0, D1] }]	Number,Ordered	u8,u16,u32,u64,u128,i8,i16,i32,i64,i128,f32,f64,r64	u8,u16,u32,u64,u128,i8,i16,i32,i64,i128,f32,f64,r64,string	Prelude	named-call	"""answer := compare/lte(1.0, 2.0)\nanswer\n"""	ORDER;PROMOTION;LAYOUT;TURN;VISIBILITY	integer/Fraction comparison; lexicographic strings; IEEE NaN relation rules	scheme.rs comparison_promoted_for_predicate,string_ordering; numeric.rs comparisons	MECH_AUDIT_CASE=catalog-compare-lte ./docs/design/grammar-audit/s8-replacement-audit/run-probes.sh semantic_replacement_witnesses	specified; candidate-specific execution not yet recorded; discovery command is export sample only
compare/lte	5	C12	inputs: Fixed([Matrix { element: K0, dimensions: [D0, D1] }, Matrix { element: K1, dimensions: [1, D2] }]), outputs: [Matrix { element: bool, dimensions: [D0, D1] }]	Number,Ordered	u8,u16,u32,u64,u128,i8,i16,i32,i64,i128,f32,f64,r64	u8,u16,u32,u64,u128,i8,i16,i32,i64,i128,f32,f64,r64,string	Prelude	named-call	"""answer := compare/lte(1.0, 2.0)\nanswer\n"""	ORDER;PROMOTION;LAYOUT;TURN;VISIBILITY	integer/Fraction comparison; lexicographic strings; IEEE NaN relation rules	scheme.rs comparison_promoted_for_predicate,string_ordering; numeric.rs comparisons	MECH_AUDIT_CASE=catalog-compare-lte ./docs/design/grammar-audit/s8-replacement-audit/run-probes.sh semantic_replacement_witnesses	specified; candidate-specific execution not yet recorded; discovery command is export sample only
compare/lte	6	C12	inputs: Fixed([Matrix { element: K0, dimensions: [D2, 1] }, Matrix { element: K1, dimensions: [D0, D1] }]), outputs: [Matrix { element: bool, dimensions: [D0, D1] }]	Number,Ordered	u8,u16,u32,u64,u128,i8,i16,i32,i64,i128,f32,f64,r64	u8,u16,u32,u64,u128,i8,i16,i32,i64,i128,f32,f64,r64,string	Prelude	named-call	"""answer := compare/lte(1.0, 2.0)\nanswer\n"""	ORDER;PROMOTION;LAYOUT;TURN;VISIBILITY	integer/Fraction comparison; lexicographic strings; IEEE NaN relation rules	scheme.rs comparison_promoted_for_predicate,string_ordering; numeric.rs comparisons	MECH_AUDIT_CASE=catalog-compare-lte ./docs/design/grammar-audit/s8-replacement-audit/run-probes.sh semantic_replacement_witnesses	specified; candidate-specific execution not yet recorded; discovery command is export sample only
compare/lte	7	C12	inputs: Fixed([Matrix { element: K0, dimensions: [1, D2] }, Matrix { element: K1, dimensions: [D0, D1] }]), outputs: [Matrix { element: bool, dimensions: [D0, D1] }]	Number,Ordered	u8,u16,u32,u64,u128,i8,i16,i32,i64,i128,f32,f64,r64	u8,u16,u32,u64,u128,i8,i16,i32,i64,i128,f32,f64,r64,string	Prelude	named-call	"""answer := compare/lte(1.0, 2.0)\nanswer\n"""	ORDER;PROMOTION;LAYOUT;TURN;VISIBILITY	integer/Fraction comparison; lexicographic strings; IEEE NaN relation rules	scheme.rs comparison_promoted_for_predicate,string_ordering; numeric.rs comparisons	MECH_AUDIT_CASE=catalog-compare-lte ./docs/design/grammar-audit/s8-replacement-audit/run-probes.sh semantic_replacement_witnesses	specified; candidate-specific execution not yet recorded; discovery command is export sample only
compare/lte	8	C12	inputs: Fixed([Matrix { element: K0, dimensions: [D0, D1] }, Matrix { element: K1, dimensions: [D2, D3] }]), outputs: [Matrix { element: bool, dimensions: [D0, D1] }]	Number,Ordered	u8,u16,u32,u64,u128,i8,i16,i32,i64,i128,f32,f64,r64	u8,u16,u32,u64,u128,i8,i16,i32,i64,i128,f32,f64,r64,string	Prelude	named-call	"""answer := compare/lte(1.0, 2.0)\nanswer\n"""	ORDER;PROMOTION;LAYOUT;TURN;VISIBILITY	integer/Fraction comparison; lexicographic strings; IEEE NaN relation rules	scheme.rs comparison_promoted_for_predicate,string_ordering; numeric.rs comparisons	MECH_AUDIT_CASE=catalog-compare-lte ./docs/design/grammar-audit/s8-replacement-audit/run-probes.sh semantic_replacement_witnesses	specified; candidate-specific execution not yet recorded; discovery command is export sample only
compare/lte	9	C12	inputs: Fixed([Matrix { element: K0, dimensions: [D0, D1] }, Matrix { element: K1, dimensions: [D2, D3] }]), outputs: [Matrix { element: bool, dimensions: [D2, D3] }]	Number,Ordered	u8,u16,u32,u64,u128,i8,i16,i32,i64,i128,f32,f64,r64	u8,u16,u32,u64,u128,i8,i16,i32,i64,i128,f32,f64,r64,string	Prelude	named-call	"""answer := compare/lte(1.0, 2.0)\nanswer\n"""	ORDER;PROMOTION;LAYOUT;TURN;VISIBILITY	integer/Fraction comparison; lexicographic strings; IEEE NaN relation rules	scheme.rs comparison_promoted_for_predicate,string_ordering; numeric.rs comparisons	MECH_AUDIT_CASE=catalog-compare-lte ./docs/design/grammar-audit/s8-replacement-audit/run-probes.sh semantic_replacement_witnesses	specified; candidate-specific execution not yet recorded; discovery command is export sample only
compare/lte	10	C12	inputs: Fixed([string, string]), outputs: [bool]	exact/template	string	u8,u16,u32,u64,u128,i8,i16,i32,i64,i128,f32,f64,r64,string	Prelude	named-call	"""answer := compare/lte(1.0, 2.0)\nanswer\n"""	ORDER;PROMOTION;LAYOUT;TURN;VISIBILITY	integer/Fraction comparison; lexicographic strings; IEEE NaN relation rules	scheme.rs comparison_promoted_for_predicate,string_ordering; numeric.rs comparisons	MECH_AUDIT_CASE=catalog-compare-lte ./docs/design/grammar-audit/s8-replacement-audit/run-probes.sh semantic_replacement_witnesses	specified; candidate-specific execution not yet recorded; discovery command is export sample only
compare/lte	11	C12	inputs: Fixed([Matrix { element: string, dimensions: [D0, D1] }, Matrix { element: string, dimensions: [D0, D1] }]), outputs: [Matrix { element: bool, dimensions: [D0, D1] }]	exact/template	string	u8,u16,u32,u64,u128,i8,i16,i32,i64,i128,f32,f64,r64,string	Prelude	named-call	"""answer := compare/lte(1.0, 2.0)\nanswer\n"""	ORDER;PROMOTION;LAYOUT;TURN;VISIBILITY	integer/Fraction comparison; lexicographic strings; IEEE NaN relation rules	scheme.rs comparison_promoted_for_predicate,string_ordering; numeric.rs comparisons	MECH_AUDIT_CASE=catalog-compare-lte ./docs/design/grammar-audit/s8-replacement-audit/run-probes.sh semantic_replacement_witnesses	specified; candidate-specific execution not yet recorded; discovery command is export sample only
compare/max	0	C13	inputs: Fixed([K0, K1]), outputs: [K2]	Number,Ordered	u8,u16,u32,u64,u128,i8,i16,i32,i64,i128,f32,f64,r64	no named source API; direct call rejection required G03; no new factory mandated	Internal	negative-named-call	"""answer := compare/max(1.0, 2.0)\nanswer\n"""	VISIBILITY;VISIBILITY	positioned not-visible error before evaluating arguments; direct artifact binding separately G02 if a caller is demonstrated	compare/catalog.rs:84-97; environment.rs:83-96	MECH_AUDIT_CASE=catalog-compare-max ./docs/design/grammar-audit/s8-replacement-audit/run-probes.sh semantic_replacement_witnesses	specified; candidate-specific execution not yet recorded; discovery command is export sample only
compare/max	1	C13	inputs: Fixed([Matrix { element: K0, dimensions: [D0, D1] }, Matrix { element: K1, dimensions: [D0, D1] }]), outputs: [Matrix { element: K2, dimensions: [D0, D1] }]	Number,Ordered	u8,u16,u32,u64,u128,i8,i16,i32,i64,i128,f32,f64,r64	no named source API; direct call rejection required G03; no new factory mandated	Internal	negative-named-call	"""answer := compare/max(1.0, 2.0)\nanswer\n"""	VISIBILITY;VISIBILITY	positioned not-visible error before evaluating arguments; direct artifact binding separately G02 if a caller is demonstrated	compare/catalog.rs:84-97; environment.rs:83-96	MECH_AUDIT_CASE=catalog-compare-max ./docs/design/grammar-audit/s8-replacement-audit/run-probes.sh semantic_replacement_witnesses	specified; candidate-specific execution not yet recorded; discovery command is export sample only
compare/max	2	C13	inputs: Fixed([Matrix { element: K0, dimensions: [D0, D1] }, K1]), outputs: [Matrix { element: K2, dimensions: [D0, D1] }]	Number,Ordered	u8,u16,u32,u64,u128,i8,i16,i32,i64,i128,f32,f64,r64	no named source API; direct call rejection required G03; no new factory mandated	Internal	negative-named-call	"""answer := compare/max(1.0, 2.0)\nanswer\n"""	VISIBILITY;VISIBILITY	positioned not-visible error before evaluating arguments; direct artifact binding separately G02 if a caller is demonstrated	compare/catalog.rs:84-97; environment.rs:83-96	MECH_AUDIT_CASE=catalog-compare-max ./docs/design/grammar-audit/s8-replacement-audit/run-probes.sh semantic_replacement_witnesses	specified; candidate-specific execution not yet recorded; discovery command is export sample only
compare/max	3	C13	inputs: Fixed([K0, Matrix { element: K1, dimensions: [D0, D1] }]), outputs: [Matrix { element: K2, dimensions: [D0, D1] }]	Number,Ordered	u8,u16,u32,u64,u128,i8,i16,i32,i64,i128,f32,f64,r64	no named source API; direct call rejection required G03; no new factory mandated	Internal	negative-named-call	"""answer := compare/max(1.0, 2.0)\nanswer\n"""	VISIBILITY;VISIBILITY	positioned not-visible error before evaluating arguments; direct artifact binding separately G02 if a caller is demonstrated	compare/catalog.rs:84-97; environment.rs:83-96	MECH_AUDIT_CASE=catalog-compare-max ./docs/design/grammar-audit/s8-replacement-audit/run-probes.sh semantic_replacement_witnesses	specified; candidate-specific execution not yet recorded; discovery command is export sample only
compare/max	4	C13	inputs: Fixed([Matrix { element: K0, dimensions: [D0, D1] }, Matrix { element: K1, dimensions: [D2, 1] }]), outputs: [Matrix { element: K2, dimensions: [D0, D1] }]	Number,Ordered	u8,u16,u32,u64,u128,i8,i16,i32,i64,i128,f32,f64,r64	no named source API; direct call rejection required G03; no new factory mandated	Internal	negative-named-call	"""answer := compare/max(1.0, 2.0)\nanswer\n"""	VISIBILITY;VISIBILITY	positioned not-visible error before evaluating arguments; direct artifact binding separately G02 if a caller is demonstrated	compare/catalog.rs:84-97; environment.rs:83-96	MECH_AUDIT_CASE=catalog-compare-max ./docs/design/grammar-audit/s8-replacement-audit/run-probes.sh semantic_replacement_witnesses	specified; candidate-specific execution not yet recorded; discovery command is export sample only
compare/max	5	C13	inputs: Fixed([Matrix { element: K0, dimensions: [D0, D1] }, Matrix { element: K1, dimensions: [1, D2] }]), outputs: [Matrix { element: K2, dimensions: [D0, D1] }]	Number,Ordered	u8,u16,u32,u64,u128,i8,i16,i32,i64,i128,f32,f64,r64	no named source API; direct call rejection required G03; no new factory mandated	Internal	negative-named-call	"""answer := compare/max(1.0, 2.0)\nanswer\n"""	VISIBILITY;VISIBILITY	positioned not-visible error before evaluating arguments; direct artifact binding separately G02 if a caller is demonstrated	compare/catalog.rs:84-97; environment.rs:83-96	MECH_AUDIT_CASE=catalog-compare-max ./docs/design/grammar-audit/s8-replacement-audit/run-probes.sh semantic_replacement_witnesses	specified; candidate-specific execution not yet recorded; discovery command is export sample only
compare/max	6	C13	inputs: Fixed([Matrix { element: K0, dimensions: [D2, 1] }, Matrix { element: K1, dimensions: [D0, D1] }]), outputs: [Matrix { element: K2, dimensions: [D0, D1] }]	Number,Ordered	u8,u16,u32,u64,u128,i8,i16,i32,i64,i128,f32,f64,r64	no named source API; direct call rejection required G03; no new factory mandated	Internal	negative-named-call	"""answer := compare/max(1.0, 2.0)\nanswer\n"""	VISIBILITY;VISIBILITY	positioned not-visible error before evaluating arguments; direct artifact binding separately G02 if a caller is demonstrated	compare/catalog.rs:84-97; environment.rs:83-96	MECH_AUDIT_CASE=catalog-compare-max ./docs/design/grammar-audit/s8-replacement-audit/run-probes.sh semantic_replacement_witnesses	specified; candidate-specific execution not yet recorded; discovery command is export sample only
compare/max	7	C13	inputs: Fixed([Matrix { element: K0, dimensions: [1, D2] }, Matrix { element: K1, dimensions: [D0, D1] }]), outputs: [Matrix { element: K2, dimensions: [D0, D1] }]	Number,Ordered	u8,u16,u32,u64,u128,i8,i16,i32,i64,i128,f32,f64,r64	no named source API; direct call rejection required G03; no new factory mandated	Internal	negative-named-call	"""answer := compare/max(1.0, 2.0)\nanswer\n"""	VISIBILITY;VISIBILITY	positioned not-visible error before evaluating arguments; direct artifact binding separately G02 if a caller is demonstrated	compare/catalog.rs:84-97; environment.rs:83-96	MECH_AUDIT_CASE=catalog-compare-max ./docs/design/grammar-audit/s8-replacement-audit/run-probes.sh semantic_replacement_witnesses	specified; candidate-specific execution not yet recorded; discovery command is export sample only
compare/max	8	C13	inputs: Fixed([Matrix { element: K0, dimensions: [D0, D1] }, Matrix { element: K1, dimensions: [D2, D3] }]), outputs: [Matrix { element: K2, dimensions: [D0, D1] }]	Number,Ordered	u8,u16,u32,u64,u128,i8,i16,i32,i64,i128,f32,f64,r64	no named source API; direct call rejection required G03; no new factory mandated	Internal	negative-named-call	"""answer := compare/max(1.0, 2.0)\nanswer\n"""	VISIBILITY;VISIBILITY	positioned not-visible error before evaluating arguments; direct artifact binding separately G02 if a caller is demonstrated	compare/catalog.rs:84-97; environment.rs:83-96	MECH_AUDIT_CASE=catalog-compare-max ./docs/design/grammar-audit/s8-replacement-audit/run-probes.sh semantic_replacement_witnesses	specified; candidate-specific execution not yet recorded; discovery command is export sample only
compare/max	9	C13	inputs: Fixed([Matrix { element: K0, dimensions: [D0, D1] }, Matrix { element: K1, dimensions: [D2, D3] }]), outputs: [Matrix { element: K2, dimensions: [D2, D3] }]	Number,Ordered	u8,u16,u32,u64,u128,i8,i16,i32,i64,i128,f32,f64,r64	no named source API; direct call rejection required G03; no new factory mandated	Internal	negative-named-call	"""answer := compare/max(1.0, 2.0)\nanswer\n"""	VISIBILITY;VISIBILITY	positioned not-visible error before evaluating arguments; direct artifact binding separately G02 if a caller is demonstrated	compare/catalog.rs:84-97; environment.rs:83-96	MECH_AUDIT_CASE=catalog-compare-max ./docs/design/grammar-audit/s8-replacement-audit/run-probes.sh semantic_replacement_witnesses	specified; candidate-specific execution not yet recorded; discovery command is export sample only
compare/min	0	C13	inputs: Fixed([K0, K1]), outputs: [K2]	Number,Ordered	u8,u16,u32,u64,u128,i8,i16,i32,i64,i128,f32,f64,r64	no named source API; direct call rejection required G03; no new factory mandated	Internal	negative-named-call	"""answer := compare/min(1.0, 2.0)\nanswer\n"""	VISIBILITY;VISIBILITY	positioned not-visible error before evaluating arguments; direct artifact binding separately G02 if a caller is demonstrated	compare/catalog.rs:84-97; environment.rs:83-96	MECH_AUDIT_CASE=catalog-compare-min ./docs/design/grammar-audit/s8-replacement-audit/run-probes.sh semantic_replacement_witnesses	specified; candidate-specific execution not yet recorded; discovery command is export sample only
compare/min	1	C13	inputs: Fixed([Matrix { element: K0, dimensions: [D0, D1] }, Matrix { element: K1, dimensions: [D0, D1] }]), outputs: [Matrix { element: K2, dimensions: [D0, D1] }]	Number,Ordered	u8,u16,u32,u64,u128,i8,i16,i32,i64,i128,f32,f64,r64	no named source API; direct call rejection required G03; no new factory mandated	Internal	negative-named-call	"""answer := compare/min(1.0, 2.0)\nanswer\n"""	VISIBILITY;VISIBILITY	positioned not-visible error before evaluating arguments; direct artifact binding separately G02 if a caller is demonstrated	compare/catalog.rs:84-97; environment.rs:83-96	MECH_AUDIT_CASE=catalog-compare-min ./docs/design/grammar-audit/s8-replacement-audit/run-probes.sh semantic_replacement_witnesses	specified; candidate-specific execution not yet recorded; discovery command is export sample only
compare/min	2	C13	inputs: Fixed([Matrix { element: K0, dimensions: [D0, D1] }, K1]), outputs: [Matrix { element: K2, dimensions: [D0, D1] }]	Number,Ordered	u8,u16,u32,u64,u128,i8,i16,i32,i64,i128,f32,f64,r64	no named source API; direct call rejection required G03; no new factory mandated	Internal	negative-named-call	"""answer := compare/min(1.0, 2.0)\nanswer\n"""	VISIBILITY;VISIBILITY	positioned not-visible error before evaluating arguments; direct artifact binding separately G02 if a caller is demonstrated	compare/catalog.rs:84-97; environment.rs:83-96	MECH_AUDIT_CASE=catalog-compare-min ./docs/design/grammar-audit/s8-replacement-audit/run-probes.sh semantic_replacement_witnesses	specified; candidate-specific execution not yet recorded; discovery command is export sample only
compare/min	3	C13	inputs: Fixed([K0, Matrix { element: K1, dimensions: [D0, D1] }]), outputs: [Matrix { element: K2, dimensions: [D0, D1] }]	Number,Ordered	u8,u16,u32,u64,u128,i8,i16,i32,i64,i128,f32,f64,r64	no named source API; direct call rejection required G03; no new factory mandated	Internal	negative-named-call	"""answer := compare/min(1.0, 2.0)\nanswer\n"""	VISIBILITY;VISIBILITY	positioned not-visible error before evaluating arguments; direct artifact binding separately G02 if a caller is demonstrated	compare/catalog.rs:84-97; environment.rs:83-96	MECH_AUDIT_CASE=catalog-compare-min ./docs/design/grammar-audit/s8-replacement-audit/run-probes.sh semantic_replacement_witnesses	specified; candidate-specific execution not yet recorded; discovery command is export sample only
compare/min	4	C13	inputs: Fixed([Matrix { element: K0, dimensions: [D0, D1] }, Matrix { element: K1, dimensions: [D2, 1] }]), outputs: [Matrix { element: K2, dimensions: [D0, D1] }]	Number,Ordered	u8,u16,u32,u64,u128,i8,i16,i32,i64,i128,f32,f64,r64	no named source API; direct call rejection required G03; no new factory mandated	Internal	negative-named-call	"""answer := compare/min(1.0, 2.0)\nanswer\n"""	VISIBILITY;VISIBILITY	positioned not-visible error before evaluating arguments; direct artifact binding separately G02 if a caller is demonstrated	compare/catalog.rs:84-97; environment.rs:83-96	MECH_AUDIT_CASE=catalog-compare-min ./docs/design/grammar-audit/s8-replacement-audit/run-probes.sh semantic_replacement_witnesses	specified; candidate-specific execution not yet recorded; discovery command is export sample only
compare/min	5	C13	inputs: Fixed([Matrix { element: K0, dimensions: [D0, D1] }, Matrix { element: K1, dimensions: [1, D2] }]), outputs: [Matrix { element: K2, dimensions: [D0, D1] }]	Number,Ordered	u8,u16,u32,u64,u128,i8,i16,i32,i64,i128,f32,f64,r64	no named source API; direct call rejection required G03; no new factory mandated	Internal	negative-named-call	"""answer := compare/min(1.0, 2.0)\nanswer\n"""	VISIBILITY;VISIBILITY	positioned not-visible error before evaluating arguments; direct artifact binding separately G02 if a caller is demonstrated	compare/catalog.rs:84-97; environment.rs:83-96	MECH_AUDIT_CASE=catalog-compare-min ./docs/design/grammar-audit/s8-replacement-audit/run-probes.sh semantic_replacement_witnesses	specified; candidate-specific execution not yet recorded; discovery command is export sample only
compare/min	6	C13	inputs: Fixed([Matrix { element: K0, dimensions: [D2, 1] }, Matrix { element: K1, dimensions: [D0, D1] }]), outputs: [Matrix { element: K2, dimensions: [D0, D1] }]	Number,Ordered	u8,u16,u32,u64,u128,i8,i16,i32,i64,i128,f32,f64,r64	no named source API; direct call rejection required G03; no new factory mandated	Internal	negative-named-call	"""answer := compare/min(1.0, 2.0)\nanswer\n"""	VISIBILITY;VISIBILITY	positioned not-visible error before evaluating arguments; direct artifact binding separately G02 if a caller is demonstrated	compare/catalog.rs:84-97; environment.rs:83-96	MECH_AUDIT_CASE=catalog-compare-min ./docs/design/grammar-audit/s8-replacement-audit/run-probes.sh semantic_replacement_witnesses	specified; candidate-specific execution not yet recorded; discovery command is export sample only
compare/min	7	C13	inputs: Fixed([Matrix { element: K0, dimensions: [1, D2] }, Matrix { element: K1, dimensions: [D0, D1] }]), outputs: [Matrix { element: K2, dimensions: [D0, D1] }]	Number,Ordered	u8,u16,u32,u64,u128,i8,i16,i32,i64,i128,f32,f64,r64	no named source API; direct call rejection required G03; no new factory mandated	Internal	negative-named-call	"""answer := compare/min(1.0, 2.0)\nanswer\n"""	VISIBILITY;VISIBILITY	positioned not-visible error before evaluating arguments; direct artifact binding separately G02 if a caller is demonstrated	compare/catalog.rs:84-97; environment.rs:83-96	MECH_AUDIT_CASE=catalog-compare-min ./docs/design/grammar-audit/s8-replacement-audit/run-probes.sh semantic_replacement_witnesses	specified; candidate-specific execution not yet recorded; discovery command is export sample only
compare/min	8	C13	inputs: Fixed([Matrix { element: K0, dimensions: [D0, D1] }, Matrix { element: K1, dimensions: [D2, D3] }]), outputs: [Matrix { element: K2, dimensions: [D0, D1] }]	Number,Ordered	u8,u16,u32,u64,u128,i8,i16,i32,i64,i128,f32,f64,r64	no named source API; direct call rejection required G03; no new factory mandated	Internal	negative-named-call	"""answer := compare/min(1.0, 2.0)\nanswer\n"""	VISIBILITY;VISIBILITY	positioned not-visible error before evaluating arguments; direct artifact binding separately G02 if a caller is demonstrated	compare/catalog.rs:84-97; environment.rs:83-96	MECH_AUDIT_CASE=catalog-compare-min ./docs/design/grammar-audit/s8-replacement-audit/run-probes.sh semantic_replacement_witnesses	specified; candidate-specific execution not yet recorded; discovery command is export sample only
compare/min	9	C13	inputs: Fixed([Matrix { element: K0, dimensions: [D0, D1] }, Matrix { element: K1, dimensions: [D2, D3] }]), outputs: [Matrix { element: K2, dimensions: [D2, D3] }]	Number,Ordered	u8,u16,u32,u64,u128,i8,i16,i32,i64,i128,f32,f64,r64	no named source API; direct call rejection required G03; no new factory mandated	Internal	negative-named-call	"""answer := compare/min(1.0, 2.0)\nanswer\n"""	VISIBILITY;VISIBILITY	positioned not-visible error before evaluating arguments; direct artifact binding separately G02 if a caller is demonstrated	compare/catalog.rs:84-97; environment.rs:83-96	MECH_AUDIT_CASE=catalog-compare-min ./docs/design/grammar-audit/s8-replacement-audit/run-probes.sh semantic_replacement_witnesses	specified; candidate-specific execution not yet recorded; discovery command is export sample only
compare/neq	0	C10	inputs: Fixed([K0, K0]), outputs: [bool]	Equatable	u8,u16,u32,u64,u128,i8,i16,i32,i64,i128,f32,f64,c32,c64,r64,string,bool,id,index,atom; E-STRUCT	u8,u16,u32,u64,u128,i8,i16,i32,i64,i128,f32,f64,c32,c64,r64,string,bool,id,index,atom; E-STRUCT (nominal construction G11)	Prelude	named-call	"""answer := compare/neq(1.0, 2.0)\nanswer\n"""	EQ;PROMOTION;LAYOUT;TURN;VISIBILITY	value equality after declared lossless promotion; scalar vs elementwise output shape explicit	scheme.rs:317-414,455; numeric.rs:1862	MECH_AUDIT_CASE=catalog-compare-neq ./docs/design/grammar-audit/s8-replacement-audit/run-probes.sh semantic_replacement_witnesses	specified; candidate-specific execution not yet recorded; discovery command is export sample only
compare/neq	1	C10	inputs: Fixed([Matrix { element: K0, dimensions: [D0, D1] }, Matrix { element: K0, dimensions: [D0, D1] }]), outputs: [Matrix { element: bool, dimensions: [D0, D1] }]	Number	u8,u16,u32,u64,u128,i8,i16,i32,i64,i128,f32,f64,c32,c64,r64	u8,u16,u32,u64,u128,i8,i16,i32,i64,i128,f32,f64,c32,c64,r64,string,bool,id,index,atom; E-STRUCT (nominal construction G11)	Prelude	named-call	"""answer := compare/neq(1.0, 2.0)\nanswer\n"""	EQ;PROMOTION;LAYOUT;TURN;VISIBILITY	value equality after declared lossless promotion; scalar vs elementwise output shape explicit	scheme.rs:317-414,455; numeric.rs:1862	MECH_AUDIT_CASE=catalog-compare-neq ./docs/design/grammar-audit/s8-replacement-audit/run-probes.sh semantic_replacement_witnesses	specified; candidate-specific execution not yet recorded; discovery command is export sample only
compare/neq	2	C10	inputs: Fixed([Matrix { element: bool, dimensions: [D0, D1] }, Matrix { element: bool, dimensions: [D0, D1] }]), outputs: [Matrix { element: bool, dimensions: [D0, D1] }]	exact/template	bool	u8,u16,u32,u64,u128,i8,i16,i32,i64,i128,f32,f64,c32,c64,r64,string,bool,id,index,atom; E-STRUCT (nominal construction G11)	Prelude	named-call	"""answer := compare/neq(1.0, 2.0)\nanswer\n"""	EQ;PROMOTION;LAYOUT;TURN;VISIBILITY	value equality after declared lossless promotion; scalar vs elementwise output shape explicit	scheme.rs:317-414,455; numeric.rs:1862	MECH_AUDIT_CASE=catalog-compare-neq ./docs/design/grammar-audit/s8-replacement-audit/run-probes.sh semantic_replacement_witnesses	specified; candidate-specific execution not yet recorded; discovery command is export sample only
compare/neq	3	C10	inputs: Fixed([Matrix { element: bool, dimensions: [D0, D1] }, bool]), outputs: [Matrix { element: bool, dimensions: [D0, D1] }]	exact/template	bool	u8,u16,u32,u64,u128,i8,i16,i32,i64,i128,f32,f64,c32,c64,r64,string,bool,id,index,atom; E-STRUCT (nominal construction G11)	Prelude	named-call	"""answer := compare/neq(1.0, 2.0)\nanswer\n"""	EQ;PROMOTION;LAYOUT;TURN;VISIBILITY	value equality after declared lossless promotion; scalar vs elementwise output shape explicit	scheme.rs:317-414,455; numeric.rs:1862	MECH_AUDIT_CASE=catalog-compare-neq ./docs/design/grammar-audit/s8-replacement-audit/run-probes.sh semantic_replacement_witnesses	specified; candidate-specific execution not yet recorded; discovery command is export sample only
compare/neq	4	C10	inputs: Fixed([Matrix { element: bool, dimensions: [D0, D1] }, Matrix { element: bool, dimensions: [D2, 1] }]), outputs: [Matrix { element: bool, dimensions: [D0, D1] }]	exact/template	bool	u8,u16,u32,u64,u128,i8,i16,i32,i64,i128,f32,f64,c32,c64,r64,string,bool,id,index,atom; E-STRUCT (nominal construction G11)	Prelude	named-call	"""answer := compare/neq(1.0, 2.0)\nanswer\n"""	EQ;PROMOTION;LAYOUT;TURN;VISIBILITY	value equality after declared lossless promotion; scalar vs elementwise output shape explicit	scheme.rs:317-414,455; numeric.rs:1862	MECH_AUDIT_CASE=catalog-compare-neq ./docs/design/grammar-audit/s8-replacement-audit/run-probes.sh semantic_replacement_witnesses	specified; candidate-specific execution not yet recorded; discovery command is export sample only
compare/neq	5	C10	inputs: Fixed([Matrix { element: bool, dimensions: [D0, D1] }, Matrix { element: bool, dimensions: [1, D2] }]), outputs: [Matrix { element: bool, dimensions: [D0, D1] }]	exact/template	bool	u8,u16,u32,u64,u128,i8,i16,i32,i64,i128,f32,f64,c32,c64,r64,string,bool,id,index,atom; E-STRUCT (nominal construction G11)	Prelude	named-call	"""answer := compare/neq(1.0, 2.0)\nanswer\n"""	EQ;PROMOTION;LAYOUT;TURN;VISIBILITY	value equality after declared lossless promotion; scalar vs elementwise output shape explicit	scheme.rs:317-414,455; numeric.rs:1862	MECH_AUDIT_CASE=catalog-compare-neq ./docs/design/grammar-audit/s8-replacement-audit/run-probes.sh semantic_replacement_witnesses	specified; candidate-specific execution not yet recorded; discovery command is export sample only
compare/neq	6	C10	inputs: Fixed([bool, Matrix { element: bool, dimensions: [D0, D1] }]), outputs: [Matrix { element: bool, dimensions: [D0, D1] }]	exact/template	bool	u8,u16,u32,u64,u128,i8,i16,i32,i64,i128,f32,f64,c32,c64,r64,string,bool,id,index,atom; E-STRUCT (nominal construction G11)	Prelude	named-call	"""answer := compare/neq(1.0, 2.0)\nanswer\n"""	EQ;PROMOTION;LAYOUT;TURN;VISIBILITY	value equality after declared lossless promotion; scalar vs elementwise output shape explicit	scheme.rs:317-414,455; numeric.rs:1862	MECH_AUDIT_CASE=catalog-compare-neq ./docs/design/grammar-audit/s8-replacement-audit/run-probes.sh semantic_replacement_witnesses	specified; candidate-specific execution not yet recorded; discovery command is export sample only
compare/neq	7	C10	inputs: Fixed([Matrix { element: bool, dimensions: [D2, 1] }, Matrix { element: bool, dimensions: [D0, D1] }]), outputs: [Matrix { element: bool, dimensions: [D0, D1] }]	exact/template	bool	u8,u16,u32,u64,u128,i8,i16,i32,i64,i128,f32,f64,c32,c64,r64,string,bool,id,index,atom; E-STRUCT (nominal construction G11)	Prelude	named-call	"""answer := compare/neq(1.0, 2.0)\nanswer\n"""	EQ;PROMOTION;LAYOUT;TURN;VISIBILITY	value equality after declared lossless promotion; scalar vs elementwise output shape explicit	scheme.rs:317-414,455; numeric.rs:1862	MECH_AUDIT_CASE=catalog-compare-neq ./docs/design/grammar-audit/s8-replacement-audit/run-probes.sh semantic_replacement_witnesses	specified; candidate-specific execution not yet recorded; discovery command is export sample only
compare/neq	8	C10	inputs: Fixed([Matrix { element: bool, dimensions: [1, D2] }, Matrix { element: bool, dimensions: [D0, D1] }]), outputs: [Matrix { element: bool, dimensions: [D0, D1] }]	exact/template	bool	u8,u16,u32,u64,u128,i8,i16,i32,i64,i128,f32,f64,c32,c64,r64,string,bool,id,index,atom; E-STRUCT (nominal construction G11)	Prelude	named-call	"""answer := compare/neq(1.0, 2.0)\nanswer\n"""	EQ;PROMOTION;LAYOUT;TURN;VISIBILITY	value equality after declared lossless promotion; scalar vs elementwise output shape explicit	scheme.rs:317-414,455; numeric.rs:1862	MECH_AUDIT_CASE=catalog-compare-neq ./docs/design/grammar-audit/s8-replacement-audit/run-probes.sh semantic_replacement_witnesses	specified; candidate-specific execution not yet recorded; discovery command is export sample only
compare/neq	9	C10	inputs: Fixed([Matrix { element: string, dimensions: [D0, D1] }, Matrix { element: string, dimensions: [D0, D1] }]), outputs: [Matrix { element: bool, dimensions: [D0, D1] }]	exact/template	string	u8,u16,u32,u64,u128,i8,i16,i32,i64,i128,f32,f64,c32,c64,r64,string,bool,id,index,atom; E-STRUCT (nominal construction G11)	Prelude	named-call	"""answer := compare/neq(1.0, 2.0)\nanswer\n"""	EQ;PROMOTION;LAYOUT;TURN;VISIBILITY	value equality after declared lossless promotion; scalar vs elementwise output shape explicit	scheme.rs:317-414,455; numeric.rs:1862	MECH_AUDIT_CASE=catalog-compare-neq ./docs/design/grammar-audit/s8-replacement-audit/run-probes.sh semantic_replacement_witnesses	specified; candidate-specific execution not yet recorded; discovery command is export sample only
compare/neq	10	C10	inputs: Fixed([Matrix { element: string, dimensions: [D0, D1] }, string]), outputs: [Matrix { element: bool, dimensions: [D0, D1] }]	exact/template	string	u8,u16,u32,u64,u128,i8,i16,i32,i64,i128,f32,f64,c32,c64,r64,string,bool,id,index,atom; E-STRUCT (nominal construction G11)	Prelude	named-call	"""answer := compare/neq(1.0, 2.0)\nanswer\n"""	EQ;PROMOTION;LAYOUT;TURN;VISIBILITY	value equality after declared lossless promotion; scalar vs elementwise output shape explicit	scheme.rs:317-414,455; numeric.rs:1862	MECH_AUDIT_CASE=catalog-compare-neq ./docs/design/grammar-audit/s8-replacement-audit/run-probes.sh semantic_replacement_witnesses	specified; candidate-specific execution not yet recorded; discovery command is export sample only
compare/neq	11	C10	inputs: Fixed([Matrix { element: string, dimensions: [D0, D1] }, Matrix { element: string, dimensions: [D2, 1] }]), outputs: [Matrix { element: bool, dimensions: [D0, D1] }]	exact/template	string	u8,u16,u32,u64,u128,i8,i16,i32,i64,i128,f32,f64,c32,c64,r64,string,bool,id,index,atom; E-STRUCT (nominal construction G11)	Prelude	named-call	"""answer := compare/neq(1.0, 2.0)\nanswer\n"""	EQ;PROMOTION;LAYOUT;TURN;VISIBILITY	value equality after declared lossless promotion; scalar vs elementwise output shape explicit	scheme.rs:317-414,455; numeric.rs:1862	MECH_AUDIT_CASE=catalog-compare-neq ./docs/design/grammar-audit/s8-replacement-audit/run-probes.sh semantic_replacement_witnesses	specified; candidate-specific execution not yet recorded; discovery command is export sample only
compare/neq	12	C10	inputs: Fixed([Matrix { element: string, dimensions: [D0, D1] }, Matrix { element: string, dimensions: [1, D2] }]), outputs: [Matrix { element: bool, dimensions: [D0, D1] }]	exact/template	string	u8,u16,u32,u64,u128,i8,i16,i32,i64,i128,f32,f64,c32,c64,r64,string,bool,id,index,atom; E-STRUCT (nominal construction G11)	Prelude	named-call	"""answer := compare/neq(1.0, 2.0)\nanswer\n"""	EQ;PROMOTION;LAYOUT;TURN;VISIBILITY	value equality after declared lossless promotion; scalar vs elementwise output shape explicit	scheme.rs:317-414,455; numeric.rs:1862	MECH_AUDIT_CASE=catalog-compare-neq ./docs/design/grammar-audit/s8-replacement-audit/run-probes.sh semantic_replacement_witnesses	specified; candidate-specific execution not yet recorded; discovery command is export sample only
compare/neq	13	C10	inputs: Fixed([string, Matrix { element: string, dimensions: [D0, D1] }]), outputs: [Matrix { element: bool, dimensions: [D0, D1] }]	exact/template	string	u8,u16,u32,u64,u128,i8,i16,i32,i64,i128,f32,f64,c32,c64,r64,string,bool,id,index,atom; E-STRUCT (nominal construction G11)	Prelude	named-call	"""answer := compare/neq(1.0, 2.0)\nanswer\n"""	EQ;PROMOTION;LAYOUT;TURN;VISIBILITY	value equality after declared lossless promotion; scalar vs elementwise output shape explicit	scheme.rs:317-414,455; numeric.rs:1862	MECH_AUDIT_CASE=catalog-compare-neq ./docs/design/grammar-audit/s8-replacement-audit/run-probes.sh semantic_replacement_witnesses	specified; candidate-specific execution not yet recorded; discovery command is export sample only
compare/neq	14	C10	inputs: Fixed([Matrix { element: string, dimensions: [D2, 1] }, Matrix { element: string, dimensions: [D0, D1] }]), outputs: [Matrix { element: bool, dimensions: [D0, D1] }]	exact/template	string	u8,u16,u32,u64,u128,i8,i16,i32,i64,i128,f32,f64,c32,c64,r64,string,bool,id,index,atom; E-STRUCT (nominal construction G11)	Prelude	named-call	"""answer := compare/neq(1.0, 2.0)\nanswer\n"""	EQ;PROMOTION;LAYOUT;TURN;VISIBILITY	value equality after declared lossless promotion; scalar vs elementwise output shape explicit	scheme.rs:317-414,455; numeric.rs:1862	MECH_AUDIT_CASE=catalog-compare-neq ./docs/design/grammar-audit/s8-replacement-audit/run-probes.sh semantic_replacement_witnesses	specified; candidate-specific execution not yet recorded; discovery command is export sample only
compare/neq	15	C10	inputs: Fixed([Matrix { element: string, dimensions: [1, D2] }, Matrix { element: string, dimensions: [D0, D1] }]), outputs: [Matrix { element: bool, dimensions: [D0, D1] }]	exact/template	string	u8,u16,u32,u64,u128,i8,i16,i32,i64,i128,f32,f64,c32,c64,r64,string,bool,id,index,atom; E-STRUCT (nominal construction G11)	Prelude	named-call	"""answer := compare/neq(1.0, 2.0)\nanswer\n"""	EQ;PROMOTION;LAYOUT;TURN;VISIBILITY	value equality after declared lossless promotion; scalar vs elementwise output shape explicit	scheme.rs:317-414,455; numeric.rs:1862	MECH_AUDIT_CASE=catalog-compare-neq ./docs/design/grammar-audit/s8-replacement-audit/run-probes.sh semantic_replacement_witnesses	specified; candidate-specific execution not yet recorded; discovery command is export sample only
compare/neq	16	C10	inputs: Fixed([Matrix { element: K0, dimensions: [D0, D1] }, Matrix { element: K0, dimensions: [D2, D3] }]), outputs: [Matrix { element: bool, dimensions: [D0, D1] }]	Number	u8,u16,u32,u64,u128,i8,i16,i32,i64,i128,f32,f64,c32,c64,r64	u8,u16,u32,u64,u128,i8,i16,i32,i64,i128,f32,f64,c32,c64,r64,string,bool,id,index,atom; E-STRUCT (nominal construction G11)	Prelude	named-call	"""answer := compare/neq(1.0, 2.0)\nanswer\n"""	EQ;PROMOTION;LAYOUT;TURN;VISIBILITY	value equality after declared lossless promotion; scalar vs elementwise output shape explicit	scheme.rs:317-414,455; numeric.rs:1862	MECH_AUDIT_CASE=catalog-compare-neq ./docs/design/grammar-audit/s8-replacement-audit/run-probes.sh semantic_replacement_witnesses	specified; candidate-specific execution not yet recorded; discovery command is export sample only
compare/neq	17	C10	inputs: Fixed([Matrix { element: K0, dimensions: [D0, D1] }, Matrix { element: K0, dimensions: [D2, D3] }]), outputs: [Matrix { element: bool, dimensions: [D2, D3] }]	Number	u8,u16,u32,u64,u128,i8,i16,i32,i64,i128,f32,f64,c32,c64,r64	u8,u16,u32,u64,u128,i8,i16,i32,i64,i128,f32,f64,c32,c64,r64,string,bool,id,index,atom; E-STRUCT (nominal construction G11)	Prelude	named-call	"""answer := compare/neq(1.0, 2.0)\nanswer\n"""	EQ;PROMOTION;LAYOUT;TURN;VISIBILITY	value equality after declared lossless promotion; scalar vs elementwise output shape explicit	scheme.rs:317-414,455; numeric.rs:1862	MECH_AUDIT_CASE=catalog-compare-neq ./docs/design/grammar-audit/s8-replacement-audit/run-probes.sh semantic_replacement_witnesses	specified; candidate-specific execution not yet recorded; discovery command is export sample only
compare/neq	18	C10	inputs: Fixed([Matrix { element: bool, dimensions: [D0, D1] }, Matrix { element: bool, dimensions: [D2, D3] }]), outputs: [Matrix { element: bool, dimensions: [D0, D1] }]	exact/template	bool	u8,u16,u32,u64,u128,i8,i16,i32,i64,i128,f32,f64,c32,c64,r64,string,bool,id,index,atom; E-STRUCT (nominal construction G11)	Prelude	named-call	"""answer := compare/neq(1.0, 2.0)\nanswer\n"""	EQ;PROMOTION;LAYOUT;TURN;VISIBILITY	value equality after declared lossless promotion; scalar vs elementwise output shape explicit	scheme.rs:317-414,455; numeric.rs:1862	MECH_AUDIT_CASE=catalog-compare-neq ./docs/design/grammar-audit/s8-replacement-audit/run-probes.sh semantic_replacement_witnesses	specified; candidate-specific execution not yet recorded; discovery command is export sample only
compare/neq	19	C10	inputs: Fixed([Matrix { element: bool, dimensions: [D0, D1] }, Matrix { element: bool, dimensions: [D2, D3] }]), outputs: [Matrix { element: bool, dimensions: [D2, D3] }]	exact/template	bool	u8,u16,u32,u64,u128,i8,i16,i32,i64,i128,f32,f64,c32,c64,r64,string,bool,id,index,atom; E-STRUCT (nominal construction G11)	Prelude	named-call	"""answer := compare/neq(1.0, 2.0)\nanswer\n"""	EQ;PROMOTION;LAYOUT;TURN;VISIBILITY	value equality after declared lossless promotion; scalar vs elementwise output shape explicit	scheme.rs:317-414,455; numeric.rs:1862	MECH_AUDIT_CASE=catalog-compare-neq ./docs/design/grammar-audit/s8-replacement-audit/run-probes.sh semantic_replacement_witnesses	specified; candidate-specific execution not yet recorded; discovery command is export sample only
compare/neq	20	C10	inputs: Fixed([Matrix { element: string, dimensions: [D0, D1] }, Matrix { element: string, dimensions: [D2, D3] }]), outputs: [Matrix { element: bool, dimensions: [D0, D1] }]	exact/template	string	u8,u16,u32,u64,u128,i8,i16,i32,i64,i128,f32,f64,c32,c64,r64,string,bool,id,index,atom; E-STRUCT (nominal construction G11)	Prelude	named-call	"""answer := compare/neq(1.0, 2.0)\nanswer\n"""	EQ;PROMOTION;LAYOUT;TURN;VISIBILITY	value equality after declared lossless promotion; scalar vs elementwise output shape explicit	scheme.rs:317-414,455; numeric.rs:1862	MECH_AUDIT_CASE=catalog-compare-neq ./docs/design/grammar-audit/s8-replacement-audit/run-probes.sh semantic_replacement_witnesses	specified; candidate-specific execution not yet recorded; discovery command is export sample only
compare/neq	21	C10	inputs: Fixed([Matrix { element: string, dimensions: [D0, D1] }, Matrix { element: string, dimensions: [D2, D3] }]), outputs: [Matrix { element: bool, dimensions: [D2, D3] }]	exact/template	string	u8,u16,u32,u64,u128,i8,i16,i32,i64,i128,f32,f64,c32,c64,r64,string,bool,id,index,atom; E-STRUCT (nominal construction G11)	Prelude	named-call	"""answer := compare/neq(1.0, 2.0)\nanswer\n"""	EQ;PROMOTION;LAYOUT;TURN;VISIBILITY	value equality after declared lossless promotion; scalar vs elementwise output shape explicit	scheme.rs:317-414,455; numeric.rs:1862	MECH_AUDIT_CASE=catalog-compare-neq ./docs/design/grammar-audit/s8-replacement-audit/run-probes.sh semantic_replacement_witnesses	specified; candidate-specific execution not yet recorded; discovery command is export sample only
compare/neq	22	C10	inputs: Fixed([K0, K1]), outputs: [bool]	Number	u8,u16,u32,u64,u128,i8,i16,i32,i64,i128,f32,f64,c32,c64,r64	u8,u16,u32,u64,u128,i8,i16,i32,i64,i128,f32,f64,c32,c64,r64,string,bool,id,index,atom; E-STRUCT (nominal construction G11)	Prelude	named-call	"""answer := compare/neq(1.0, 2.0)\nanswer\n"""	EQ;PROMOTION;LAYOUT;TURN;VISIBILITY	value equality after declared lossless promotion; scalar vs elementwise output shape explicit	scheme.rs:317-414,455; numeric.rs:1862	MECH_AUDIT_CASE=catalog-compare-neq ./docs/design/grammar-audit/s8-replacement-audit/run-probes.sh semantic_replacement_witnesses	specified; candidate-specific execution not yet recorded; discovery command is export sample only
compare/neq	23	C10	inputs: Fixed([Matrix { element: K0, dimensions: [D0, D1] }, Matrix { element: K1, dimensions: [D0, D1] }]), outputs: [Matrix { element: bool, dimensions: [D0, D1] }]	Number	u8,u16,u32,u64,u128,i8,i16,i32,i64,i128,f32,f64,c32,c64,r64	u8,u16,u32,u64,u128,i8,i16,i32,i64,i128,f32,f64,c32,c64,r64,string,bool,id,index,atom; E-STRUCT (nominal construction G11)	Prelude	named-call	"""answer := compare/neq(1.0, 2.0)\nanswer\n"""	EQ;PROMOTION;LAYOUT;TURN;VISIBILITY	value equality after declared lossless promotion; scalar vs elementwise output shape explicit	scheme.rs:317-414,455; numeric.rs:1862	MECH_AUDIT_CASE=catalog-compare-neq ./docs/design/grammar-audit/s8-replacement-audit/run-probes.sh semantic_replacement_witnesses	specified; candidate-specific execution not yet recorded; discovery command is export sample only
compare/neq	24	C10	inputs: Fixed([Matrix { element: K0, dimensions: [D0, D1] }, K1]), outputs: [Matrix { element: bool, dimensions: [D0, D1] }]	Number	u8,u16,u32,u64,u128,i8,i16,i32,i64,i128,f32,f64,c32,c64,r64	u8,u16,u32,u64,u128,i8,i16,i32,i64,i128,f32,f64,c32,c64,r64,string,bool,id,index,atom; E-STRUCT (nominal construction G11)	Prelude	named-call	"""answer := compare/neq(1.0, 2.0)\nanswer\n"""	EQ;PROMOTION;LAYOUT;TURN;VISIBILITY	value equality after declared lossless promotion; scalar vs elementwise output shape explicit	scheme.rs:317-414,455; numeric.rs:1862	MECH_AUDIT_CASE=catalog-compare-neq ./docs/design/grammar-audit/s8-replacement-audit/run-probes.sh semantic_replacement_witnesses	specified; candidate-specific execution not yet recorded; discovery command is export sample only
compare/neq	25	C10	inputs: Fixed([K0, Matrix { element: K1, dimensions: [D0, D1] }]), outputs: [Matrix { element: bool, dimensions: [D0, D1] }]	Number	u8,u16,u32,u64,u128,i8,i16,i32,i64,i128,f32,f64,c32,c64,r64	u8,u16,u32,u64,u128,i8,i16,i32,i64,i128,f32,f64,c32,c64,r64,string,bool,id,index,atom; E-STRUCT (nominal construction G11)	Prelude	named-call	"""answer := compare/neq(1.0, 2.0)\nanswer\n"""	EQ;PROMOTION;LAYOUT;TURN;VISIBILITY	value equality after declared lossless promotion; scalar vs elementwise output shape explicit	scheme.rs:317-414,455; numeric.rs:1862	MECH_AUDIT_CASE=catalog-compare-neq ./docs/design/grammar-audit/s8-replacement-audit/run-probes.sh semantic_replacement_witnesses	specified; candidate-specific execution not yet recorded; discovery command is export sample only
compare/neq	26	C10	inputs: Fixed([Matrix { element: K0, dimensions: [D0, D1] }, Matrix { element: K1, dimensions: [D2, 1] }]), outputs: [Matrix { element: bool, dimensions: [D0, D1] }]	Number	u8,u16,u32,u64,u128,i8,i16,i32,i64,i128,f32,f64,c32,c64,r64	u8,u16,u32,u64,u128,i8,i16,i32,i64,i128,f32,f64,c32,c64,r64,string,bool,id,index,atom; E-STRUCT (nominal construction G11)	Prelude	named-call	"""answer := compare/neq(1.0, 2.0)\nanswer\n"""	EQ;PROMOTION;LAYOUT;TURN;VISIBILITY	value equality after declared lossless promotion; scalar vs elementwise output shape explicit	scheme.rs:317-414,455; numeric.rs:1862	MECH_AUDIT_CASE=catalog-compare-neq ./docs/design/grammar-audit/s8-replacement-audit/run-probes.sh semantic_replacement_witnesses	specified; candidate-specific execution not yet recorded; discovery command is export sample only
compare/neq	27	C10	inputs: Fixed([Matrix { element: K0, dimensions: [D0, D1] }, Matrix { element: K1, dimensions: [1, D2] }]), outputs: [Matrix { element: bool, dimensions: [D0, D1] }]	Number	u8,u16,u32,u64,u128,i8,i16,i32,i64,i128,f32,f64,c32,c64,r64	u8,u16,u32,u64,u128,i8,i16,i32,i64,i128,f32,f64,c32,c64,r64,string,bool,id,index,atom; E-STRUCT (nominal construction G11)	Prelude	named-call	"""answer := compare/neq(1.0, 2.0)\nanswer\n"""	EQ;PROMOTION;LAYOUT;TURN;VISIBILITY	value equality after declared lossless promotion; scalar vs elementwise output shape explicit	scheme.rs:317-414,455; numeric.rs:1862	MECH_AUDIT_CASE=catalog-compare-neq ./docs/design/grammar-audit/s8-replacement-audit/run-probes.sh semantic_replacement_witnesses	specified; candidate-specific execution not yet recorded; discovery command is export sample only
compare/neq	28	C10	inputs: Fixed([Matrix { element: K0, dimensions: [D2, 1] }, Matrix { element: K1, dimensions: [D0, D1] }]), outputs: [Matrix { element: bool, dimensions: [D0, D1] }]	Number	u8,u16,u32,u64,u128,i8,i16,i32,i64,i128,f32,f64,c32,c64,r64	u8,u16,u32,u64,u128,i8,i16,i32,i64,i128,f32,f64,c32,c64,r64,string,bool,id,index,atom; E-STRUCT (nominal construction G11)	Prelude	named-call	"""answer := compare/neq(1.0, 2.0)\nanswer\n"""	EQ;PROMOTION;LAYOUT;TURN;VISIBILITY	value equality after declared lossless promotion; scalar vs elementwise output shape explicit	scheme.rs:317-414,455; numeric.rs:1862	MECH_AUDIT_CASE=catalog-compare-neq ./docs/design/grammar-audit/s8-replacement-audit/run-probes.sh semantic_replacement_witnesses	specified; candidate-specific execution not yet recorded; discovery command is export sample only
compare/neq	29	C10	inputs: Fixed([Matrix { element: K0, dimensions: [1, D2] }, Matrix { element: K1, dimensions: [D0, D1] }]), outputs: [Matrix { element: bool, dimensions: [D0, D1] }]	Number	u8,u16,u32,u64,u128,i8,i16,i32,i64,i128,f32,f64,c32,c64,r64	u8,u16,u32,u64,u128,i8,i16,i32,i64,i128,f32,f64,c32,c64,r64,string,bool,id,index,atom; E-STRUCT (nominal construction G11)	Prelude	named-call	"""answer := compare/neq(1.0, 2.0)\nanswer\n"""	EQ;PROMOTION;LAYOUT;TURN;VISIBILITY	value equality after declared lossless promotion; scalar vs elementwise output shape explicit	scheme.rs:317-414,455; numeric.rs:1862	MECH_AUDIT_CASE=catalog-compare-neq ./docs/design/grammar-audit/s8-replacement-audit/run-probes.sh semantic_replacement_witnesses	specified; candidate-specific execution not yet recorded; discovery command is export sample only
compare/neq	30	C10	inputs: Fixed([Matrix { element: K0, dimensions: [D0, D1] }, Matrix { element: K1, dimensions: [D2, D3] }]), outputs: [Matrix { element: bool, dimensions: [D0, D1] }]	Number	u8,u16,u32,u64,u128,i8,i16,i32,i64,i128,f32,f64,c32,c64,r64	u8,u16,u32,u64,u128,i8,i16,i32,i64,i128,f32,f64,c32,c64,r64,string,bool,id,index,atom; E-STRUCT (nominal construction G11)	Prelude	named-call	"""answer := compare/neq(1.0, 2.0)\nanswer\n"""	EQ;PROMOTION;LAYOUT;TURN;VISIBILITY	value equality after declared lossless promotion; scalar vs elementwise output shape explicit	scheme.rs:317-414,455; numeric.rs:1862	MECH_AUDIT_CASE=catalog-compare-neq ./docs/design/grammar-audit/s8-replacement-audit/run-probes.sh semantic_replacement_witnesses	specified; candidate-specific execution not yet recorded; discovery command is export sample only
compare/neq	31	C10	inputs: Fixed([Matrix { element: K0, dimensions: [D0, D1] }, Matrix { element: K1, dimensions: [D2, D3] }]), outputs: [Matrix { element: bool, dimensions: [D2, D3] }]	Number	u8,u16,u32,u64,u128,i8,i16,i32,i64,i128,f32,f64,c32,c64,r64	u8,u16,u32,u64,u128,i8,i16,i32,i64,i128,f32,f64,c32,c64,r64,string,bool,id,index,atom; E-STRUCT (nominal construction G11)	Prelude	named-call	"""answer := compare/neq(1.0, 2.0)\nanswer\n"""	EQ;PROMOTION;LAYOUT;TURN;VISIBILITY	value equality after declared lossless promotion; scalar vs elementwise output shape explicit	scheme.rs:317-414,455; numeric.rs:1862	MECH_AUDIT_CASE=catalog-compare-neq ./docs/design/grammar-audit/s8-replacement-audit/run-probes.sh semantic_replacement_witnesses	specified; candidate-specific execution not yet recorded; discovery command is export sample only
compare/seq	0	C11	inputs: Fixed([K0, K0]), outputs: [bool]	Equatable	u8,u16,u32,u64,u128,i8,i16,i32,i64,i128,f32,f64,c32,c64,r64,string,bool,id,index,atom; E-STRUCT	u8,u16,u32,u64,u128,i8,i16,i32,i64,i128,f32,f64,c32,c64,r64,string,bool,id,index,atom; E-STRUCT (nominal construction G11)	Internal	intrinsic-operator	"""answer := 1.0 === 2.0\nanswer\n"""	STRICT;LAYOUT;TURN;VISIBILITY	whole-value equality of identical semantic kinds; mixed kinds reject; no coercion	scheme.rs:417-452; numeric.rs strict comparisons	MECH_AUDIT_CASE=catalog-compare-seq ./docs/design/grammar-audit/s8-replacement-audit/run-probes.sh semantic_replacement_witnesses	specified; candidate-specific execution not yet recorded; discovery command is export sample only
compare/seq	1	C11	inputs: Fixed([Matrix { element: K0, dimensions: [D0, D1] }, Matrix { element: K0, dimensions: [D2, D3] }]), outputs: [bool]	Equatable	u8,u16,u32,u64,u128,i8,i16,i32,i64,i128,f32,f64,c32,c64,r64,string,bool,id,index,atom; E-STRUCT	u8,u16,u32,u64,u128,i8,i16,i32,i64,i128,f32,f64,c32,c64,r64,string,bool,id,index,atom; E-STRUCT (nominal construction G11)	Internal	intrinsic-operator	"""answer := 1.0 === 2.0\nanswer\n"""	STRICT;LAYOUT;TURN;VISIBILITY	whole-value equality of identical semantic kinds; mixed kinds reject; no coercion	scheme.rs:417-452; numeric.rs strict comparisons	MECH_AUDIT_CASE=catalog-compare-seq ./docs/design/grammar-audit/s8-replacement-audit/run-probes.sh semantic_replacement_witnesses	specified; candidate-specific execution not yet recorded; discovery command is export sample only
compare/sneq	0	C11	inputs: Fixed([K0, K0]), outputs: [bool]	Equatable	u8,u16,u32,u64,u128,i8,i16,i32,i64,i128,f32,f64,c32,c64,r64,string,bool,id,index,atom; E-STRUCT	u8,u16,u32,u64,u128,i8,i16,i32,i64,i128,f32,f64,c32,c64,r64,string,bool,id,index,atom; E-STRUCT (nominal construction G11)	Internal	intrinsic-operator	"""answer := 1.0 !== 2.0\nanswer\n"""	STRICT;LAYOUT;TURN;VISIBILITY	whole-value equality of identical semantic kinds; mixed kinds reject; no coercion	scheme.rs:417-452; numeric.rs strict comparisons	MECH_AUDIT_CASE=catalog-compare-sneq ./docs/design/grammar-audit/s8-replacement-audit/run-probes.sh semantic_replacement_witnesses	specified; candidate-specific execution not yet recorded; discovery command is export sample only
compare/sneq	1	C11	inputs: Fixed([Matrix { element: K0, dimensions: [D0, D1] }, Matrix { element: K0, dimensions: [D2, D3] }]), outputs: [bool]	Equatable	u8,u16,u32,u64,u128,i8,i16,i32,i64,i128,f32,f64,c32,c64,r64,string,bool,id,index,atom; E-STRUCT	u8,u16,u32,u64,u128,i8,i16,i32,i64,i128,f32,f64,c32,c64,r64,string,bool,id,index,atom; E-STRUCT (nominal construction G11)	Internal	intrinsic-operator	"""answer := 1.0 !== 2.0\nanswer\n"""	STRICT;LAYOUT;TURN;VISIBILITY	whole-value equality of identical semantic kinds; mixed kinds reject; no coercion	scheme.rs:417-452; numeric.rs strict comparisons	MECH_AUDIT_CASE=catalog-compare-sneq ./docs/design/grammar-audit/s8-replacement-audit/run-probes.sh semantic_replacement_witnesses	specified; candidate-specific execution not yet recorded; discovery command is export sample only
logic/and	0	C08	inputs: Fixed([bool, bool]), outputs: [bool]	exact/template	bool	bool	Prelude	named-call	"""answer := logic/and(true, false)\nanswer\n"""	BOOL;LAYOUT;TURN;VISIBILITY	four-row truth table; boolean elementwise broadcast	scheme.rs bool_binary; numeric.rs semantic logical binding	MECH_AUDIT_CASE=catalog-logic-and ./docs/design/grammar-audit/s8-replacement-audit/run-probes.sh semantic_replacement_witnesses	specified; candidate-specific execution not yet recorded; discovery command is export sample only
logic/and	1	C08	inputs: Fixed([Matrix { element: bool, dimensions: [D0, D1] }, Matrix { element: bool, dimensions: [D0, D1] }]), outputs: [Matrix { element: bool, dimensions: [D0, D1] }]	exact/template	bool	bool	Prelude	named-call	"""answer := logic/and(true, false)\nanswer\n"""	BOOL;LAYOUT;TURN;VISIBILITY	four-row truth table; boolean elementwise broadcast	scheme.rs bool_binary; numeric.rs semantic logical binding	MECH_AUDIT_CASE=catalog-logic-and ./docs/design/grammar-audit/s8-replacement-audit/run-probes.sh semantic_replacement_witnesses	specified; candidate-specific execution not yet recorded; discovery command is export sample only
logic/and	2	C08	inputs: Fixed([Matrix { element: bool, dimensions: [D0, D1] }, bool]), outputs: [Matrix { element: bool, dimensions: [D0, D1] }]	exact/template	bool	bool	Prelude	named-call	"""answer := logic/and(true, false)\nanswer\n"""	BOOL;LAYOUT;TURN;VISIBILITY	four-row truth table; boolean elementwise broadcast	scheme.rs bool_binary; numeric.rs semantic logical binding	MECH_AUDIT_CASE=catalog-logic-and ./docs/design/grammar-audit/s8-replacement-audit/run-probes.sh semantic_replacement_witnesses	specified; candidate-specific execution not yet recorded; discovery command is export sample only
logic/and	3	C08	inputs: Fixed([Matrix { element: bool, dimensions: [D0, D1] }, Matrix { element: bool, dimensions: [D2, 1] }]), outputs: [Matrix { element: bool, dimensions: [D0, D1] }]	exact/template	bool	bool	Prelude	named-call	"""answer := logic/and(true, false)\nanswer\n"""	BOOL;LAYOUT;TURN;VISIBILITY	four-row truth table; boolean elementwise broadcast	scheme.rs bool_binary; numeric.rs semantic logical binding	MECH_AUDIT_CASE=catalog-logic-and ./docs/design/grammar-audit/s8-replacement-audit/run-probes.sh semantic_replacement_witnesses	specified; candidate-specific execution not yet recorded; discovery command is export sample only
logic/and	4	C08	inputs: Fixed([Matrix { element: bool, dimensions: [D0, D1] }, Matrix { element: bool, dimensions: [1, D2] }]), outputs: [Matrix { element: bool, dimensions: [D0, D1] }]	exact/template	bool	bool	Prelude	named-call	"""answer := logic/and(true, false)\nanswer\n"""	BOOL;LAYOUT;TURN;VISIBILITY	four-row truth table; boolean elementwise broadcast	scheme.rs bool_binary; numeric.rs semantic logical binding	MECH_AUDIT_CASE=catalog-logic-and ./docs/design/grammar-audit/s8-replacement-audit/run-probes.sh semantic_replacement_witnesses	specified; candidate-specific execution not yet recorded; discovery command is export sample only
logic/and	5	C08	inputs: Fixed([bool, Matrix { element: bool, dimensions: [D0, D1] }]), outputs: [Matrix { element: bool, dimensions: [D0, D1] }]	exact/template	bool	bool	Prelude	named-call	"""answer := logic/and(true, false)\nanswer\n"""	BOOL;LAYOUT;TURN;VISIBILITY	four-row truth table; boolean elementwise broadcast	scheme.rs bool_binary; numeric.rs semantic logical binding	MECH_AUDIT_CASE=catalog-logic-and ./docs/design/grammar-audit/s8-replacement-audit/run-probes.sh semantic_replacement_witnesses	specified; candidate-specific execution not yet recorded; discovery command is export sample only
logic/and	6	C08	inputs: Fixed([Matrix { element: bool, dimensions: [D2, 1] }, Matrix { element: bool, dimensions: [D0, D1] }]), outputs: [Matrix { element: bool, dimensions: [D0, D1] }]	exact/template	bool	bool	Prelude	named-call	"""answer := logic/and(true, false)\nanswer\n"""	BOOL;LAYOUT;TURN;VISIBILITY	four-row truth table; boolean elementwise broadcast	scheme.rs bool_binary; numeric.rs semantic logical binding	MECH_AUDIT_CASE=catalog-logic-and ./docs/design/grammar-audit/s8-replacement-audit/run-probes.sh semantic_replacement_witnesses	specified; candidate-specific execution not yet recorded; discovery command is export sample only
logic/and	7	C08	inputs: Fixed([Matrix { element: bool, dimensions: [1, D2] }, Matrix { element: bool, dimensions: [D0, D1] }]), outputs: [Matrix { element: bool, dimensions: [D0, D1] }]	exact/template	bool	bool	Prelude	named-call	"""answer := logic/and(true, false)\nanswer\n"""	BOOL;LAYOUT;TURN;VISIBILITY	four-row truth table; boolean elementwise broadcast	scheme.rs bool_binary; numeric.rs semantic logical binding	MECH_AUDIT_CASE=catalog-logic-and ./docs/design/grammar-audit/s8-replacement-audit/run-probes.sh semantic_replacement_witnesses	specified; candidate-specific execution not yet recorded; discovery command is export sample only
logic/and	8	C08	inputs: Fixed([Matrix { element: bool, dimensions: [D0, D1] }, Matrix { element: bool, dimensions: [D2, D3] }]), outputs: [Matrix { element: bool, dimensions: [D0, D1] }]	exact/template	bool	bool	Prelude	named-call	"""answer := logic/and(true, false)\nanswer\n"""	BOOL;LAYOUT;TURN;VISIBILITY	four-row truth table; boolean elementwise broadcast	scheme.rs bool_binary; numeric.rs semantic logical binding	MECH_AUDIT_CASE=catalog-logic-and ./docs/design/grammar-audit/s8-replacement-audit/run-probes.sh semantic_replacement_witnesses	specified; candidate-specific execution not yet recorded; discovery command is export sample only
logic/and	9	C08	inputs: Fixed([Matrix { element: bool, dimensions: [D0, D1] }, Matrix { element: bool, dimensions: [D2, D3] }]), outputs: [Matrix { element: bool, dimensions: [D2, D3] }]	exact/template	bool	bool	Prelude	named-call	"""answer := logic/and(true, false)\nanswer\n"""	BOOL;LAYOUT;TURN;VISIBILITY	four-row truth table; boolean elementwise broadcast	scheme.rs bool_binary; numeric.rs semantic logical binding	MECH_AUDIT_CASE=catalog-logic-and ./docs/design/grammar-audit/s8-replacement-audit/run-probes.sh semantic_replacement_witnesses	specified; candidate-specific execution not yet recorded; discovery command is export sample only
logic/not	0	C09	inputs: Fixed([bool]), outputs: [bool]	exact/template	bool	bool	Prelude	named-call	"""answer := logic/not(true)\nanswer\n"""	BOOL;LAYOUT;TURN;VISIBILITY	true->false and false->true	scheme.rs bool_unary; numeric.rs logical not binding	MECH_AUDIT_CASE=catalog-logic-not ./docs/design/grammar-audit/s8-replacement-audit/run-probes.sh semantic_replacement_witnesses	specified; candidate-specific execution not yet recorded; discovery command is export sample only
logic/not	1	C09	inputs: Fixed([Matrix { element: bool, dimensions: [D0, D1] }]), outputs: [Matrix { element: bool, dimensions: [D0, D1] }]	exact/template	bool	bool	Prelude	named-call	"""answer := logic/not(true)\nanswer\n"""	BOOL;LAYOUT;TURN;VISIBILITY	true->false and false->true	scheme.rs bool_unary; numeric.rs logical not binding	MECH_AUDIT_CASE=catalog-logic-not ./docs/design/grammar-audit/s8-replacement-audit/run-probes.sh semantic_replacement_witnesses	specified; candidate-specific execution not yet recorded; discovery command is export sample only
logic/or	0	C08	inputs: Fixed([bool, bool]), outputs: [bool]	exact/template	bool	bool	Prelude	named-call	"""answer := logic/or(true, false)\nanswer\n"""	BOOL;LAYOUT;TURN;VISIBILITY	four-row truth table; boolean elementwise broadcast	scheme.rs bool_binary; numeric.rs semantic logical binding	MECH_AUDIT_CASE=catalog-logic-or ./docs/design/grammar-audit/s8-replacement-audit/run-probes.sh semantic_replacement_witnesses	specified; candidate-specific execution not yet recorded; discovery command is export sample only
logic/or	1	C08	inputs: Fixed([Matrix { element: bool, dimensions: [D0, D1] }, Matrix { element: bool, dimensions: [D0, D1] }]), outputs: [Matrix { element: bool, dimensions: [D0, D1] }]	exact/template	bool	bool	Prelude	named-call	"""answer := logic/or(true, false)\nanswer\n"""	BOOL;LAYOUT;TURN;VISIBILITY	four-row truth table; boolean elementwise broadcast	scheme.rs bool_binary; numeric.rs semantic logical binding	MECH_AUDIT_CASE=catalog-logic-or ./docs/design/grammar-audit/s8-replacement-audit/run-probes.sh semantic_replacement_witnesses	specified; candidate-specific execution not yet recorded; discovery command is export sample only
logic/or	2	C08	inputs: Fixed([Matrix { element: bool, dimensions: [D0, D1] }, bool]), outputs: [Matrix { element: bool, dimensions: [D0, D1] }]	exact/template	bool	bool	Prelude	named-call	"""answer := logic/or(true, false)\nanswer\n"""	BOOL;LAYOUT;TURN;VISIBILITY	four-row truth table; boolean elementwise broadcast	scheme.rs bool_binary; numeric.rs semantic logical binding	MECH_AUDIT_CASE=catalog-logic-or ./docs/design/grammar-audit/s8-replacement-audit/run-probes.sh semantic_replacement_witnesses	specified; candidate-specific execution not yet recorded; discovery command is export sample only
logic/or	3	C08	inputs: Fixed([Matrix { element: bool, dimensions: [D0, D1] }, Matrix { element: bool, dimensions: [D2, 1] }]), outputs: [Matrix { element: bool, dimensions: [D0, D1] }]	exact/template	bool	bool	Prelude	named-call	"""answer := logic/or(true, false)\nanswer\n"""	BOOL;LAYOUT;TURN;VISIBILITY	four-row truth table; boolean elementwise broadcast	scheme.rs bool_binary; numeric.rs semantic logical binding	MECH_AUDIT_CASE=catalog-logic-or ./docs/design/grammar-audit/s8-replacement-audit/run-probes.sh semantic_replacement_witnesses	specified; candidate-specific execution not yet recorded; discovery command is export sample only
logic/or	4	C08	inputs: Fixed([Matrix { element: bool, dimensions: [D0, D1] }, Matrix { element: bool, dimensions: [1, D2] }]), outputs: [Matrix { element: bool, dimensions: [D0, D1] }]	exact/template	bool	bool	Prelude	named-call	"""answer := logic/or(true, false)\nanswer\n"""	BOOL;LAYOUT;TURN;VISIBILITY	four-row truth table; boolean elementwise broadcast	scheme.rs bool_binary; numeric.rs semantic logical binding	MECH_AUDIT_CASE=catalog-logic-or ./docs/design/grammar-audit/s8-replacement-audit/run-probes.sh semantic_replacement_witnesses	specified; candidate-specific execution not yet recorded; discovery command is export sample only
logic/or	5	C08	inputs: Fixed([bool, Matrix { element: bool, dimensions: [D0, D1] }]), outputs: [Matrix { element: bool, dimensions: [D0, D1] }]	exact/template	bool	bool	Prelude	named-call	"""answer := logic/or(true, false)\nanswer\n"""	BOOL;LAYOUT;TURN;VISIBILITY	four-row truth table; boolean elementwise broadcast	scheme.rs bool_binary; numeric.rs semantic logical binding	MECH_AUDIT_CASE=catalog-logic-or ./docs/design/grammar-audit/s8-replacement-audit/run-probes.sh semantic_replacement_witnesses	specified; candidate-specific execution not yet recorded; discovery command is export sample only
logic/or	6	C08	inputs: Fixed([Matrix { element: bool, dimensions: [D2, 1] }, Matrix { element: bool, dimensions: [D0, D1] }]), outputs: [Matrix { element: bool, dimensions: [D0, D1] }]	exact/template	bool	bool	Prelude	named-call	"""answer := logic/or(true, false)\nanswer\n"""	BOOL;LAYOUT;TURN;VISIBILITY	four-row truth table; boolean elementwise broadcast	scheme.rs bool_binary; numeric.rs semantic logical binding	MECH_AUDIT_CASE=catalog-logic-or ./docs/design/grammar-audit/s8-replacement-audit/run-probes.sh semantic_replacement_witnesses	specified; candidate-specific execution not yet recorded; discovery command is export sample only
logic/or	7	C08	inputs: Fixed([Matrix { element: bool, dimensions: [1, D2] }, Matrix { element: bool, dimensions: [D0, D1] }]), outputs: [Matrix { element: bool, dimensions: [D0, D1] }]	exact/template	bool	bool	Prelude	named-call	"""answer := logic/or(true, false)\nanswer\n"""	BOOL;LAYOUT;TURN;VISIBILITY	four-row truth table; boolean elementwise broadcast	scheme.rs bool_binary; numeric.rs semantic logical binding	MECH_AUDIT_CASE=catalog-logic-or ./docs/design/grammar-audit/s8-replacement-audit/run-probes.sh semantic_replacement_witnesses	specified; candidate-specific execution not yet recorded; discovery command is export sample only
logic/or	8	C08	inputs: Fixed([Matrix { element: bool, dimensions: [D0, D1] }, Matrix { element: bool, dimensions: [D2, D3] }]), outputs: [Matrix { element: bool, dimensions: [D0, D1] }]	exact/template	bool	bool	Prelude	named-call	"""answer := logic/or(true, false)\nanswer\n"""	BOOL;LAYOUT;TURN;VISIBILITY	four-row truth table; boolean elementwise broadcast	scheme.rs bool_binary; numeric.rs semantic logical binding	MECH_AUDIT_CASE=catalog-logic-or ./docs/design/grammar-audit/s8-replacement-audit/run-probes.sh semantic_replacement_witnesses	specified; candidate-specific execution not yet recorded; discovery command is export sample only
logic/or	9	C08	inputs: Fixed([Matrix { element: bool, dimensions: [D0, D1] }, Matrix { element: bool, dimensions: [D2, D3] }]), outputs: [Matrix { element: bool, dimensions: [D2, D3] }]	exact/template	bool	bool	Prelude	named-call	"""answer := logic/or(true, false)\nanswer\n"""	BOOL;LAYOUT;TURN;VISIBILITY	four-row truth table; boolean elementwise broadcast	scheme.rs bool_binary; numeric.rs semantic logical binding	MECH_AUDIT_CASE=catalog-logic-or ./docs/design/grammar-audit/s8-replacement-audit/run-probes.sh semantic_replacement_witnesses	specified; candidate-specific execution not yet recorded; discovery command is export sample only
logic/xor	0	C08	inputs: Fixed([bool, bool]), outputs: [bool]	exact/template	bool	bool	Prelude	named-call	"""answer := logic/xor(true, false)\nanswer\n"""	BOOL;LAYOUT;TURN;VISIBILITY	four-row truth table; boolean elementwise broadcast	scheme.rs bool_binary; numeric.rs semantic logical binding	MECH_AUDIT_CASE=catalog-logic-xor ./docs/design/grammar-audit/s8-replacement-audit/run-probes.sh semantic_replacement_witnesses	specified; candidate-specific execution not yet recorded; discovery command is export sample only
logic/xor	1	C08	inputs: Fixed([Matrix { element: bool, dimensions: [D0, D1] }, Matrix { element: bool, dimensions: [D0, D1] }]), outputs: [Matrix { element: bool, dimensions: [D0, D1] }]	exact/template	bool	bool	Prelude	named-call	"""answer := logic/xor(true, false)\nanswer\n"""	BOOL;LAYOUT;TURN;VISIBILITY	four-row truth table; boolean elementwise broadcast	scheme.rs bool_binary; numeric.rs semantic logical binding	MECH_AUDIT_CASE=catalog-logic-xor ./docs/design/grammar-audit/s8-replacement-audit/run-probes.sh semantic_replacement_witnesses	specified; candidate-specific execution not yet recorded; discovery command is export sample only
logic/xor	2	C08	inputs: Fixed([Matrix { element: bool, dimensions: [D0, D1] }, bool]), outputs: [Matrix { element: bool, dimensions: [D0, D1] }]	exact/template	bool	bool	Prelude	named-call	"""answer := logic/xor(true, false)\nanswer\n"""	BOOL;LAYOUT;TURN;VISIBILITY	four-row truth table; boolean elementwise broadcast	scheme.rs bool_binary; numeric.rs semantic logical binding	MECH_AUDIT_CASE=catalog-logic-xor ./docs/design/grammar-audit/s8-replacement-audit/run-probes.sh semantic_replacement_witnesses	specified; candidate-specific execution not yet recorded; discovery command is export sample only
logic/xor	3	C08	inputs: Fixed([Matrix { element: bool, dimensions: [D0, D1] }, Matrix { element: bool, dimensions: [D2, 1] }]), outputs: [Matrix { element: bool, dimensions: [D0, D1] }]	exact/template	bool	bool	Prelude	named-call	"""answer := logic/xor(true, false)\nanswer\n"""	BOOL;LAYOUT;TURN;VISIBILITY	four-row truth table; boolean elementwise broadcast	scheme.rs bool_binary; numeric.rs semantic logical binding	MECH_AUDIT_CASE=catalog-logic-xor ./docs/design/grammar-audit/s8-replacement-audit/run-probes.sh semantic_replacement_witnesses	specified; candidate-specific execution not yet recorded; discovery command is export sample only
logic/xor	4	C08	inputs: Fixed([Matrix { element: bool, dimensions: [D0, D1] }, Matrix { element: bool, dimensions: [1, D2] }]), outputs: [Matrix { element: bool, dimensions: [D0, D1] }]	exact/template	bool	bool	Prelude	named-call	"""answer := logic/xor(true, false)\nanswer\n"""	BOOL;LAYOUT;TURN;VISIBILITY	four-row truth table; boolean elementwise broadcast	scheme.rs bool_binary; numeric.rs semantic logical binding	MECH_AUDIT_CASE=catalog-logic-xor ./docs/design/grammar-audit/s8-replacement-audit/run-probes.sh semantic_replacement_witnesses	specified; candidate-specific execution not yet recorded; discovery command is export sample only
logic/xor	5	C08	inputs: Fixed([bool, Matrix { element: bool, dimensions: [D0, D1] }]), outputs: [Matrix { element: bool, dimensions: [D0, D1] }]	exact/template	bool	bool	Prelude	named-call	"""answer := logic/xor(true, false)\nanswer\n"""	BOOL;LAYOUT;TURN;VISIBILITY	four-row truth table; boolean elementwise broadcast	scheme.rs bool_binary; numeric.rs semantic logical binding	MECH_AUDIT_CASE=catalog-logic-xor ./docs/design/grammar-audit/s8-replacement-audit/run-probes.sh semantic_replacement_witnesses	specified; candidate-specific execution not yet recorded; discovery command is export sample only
logic/xor	6	C08	inputs: Fixed([Matrix { element: bool, dimensions: [D2, 1] }, Matrix { element: bool, dimensions: [D0, D1] }]), outputs: [Matrix { element: bool, dimensions: [D0, D1] }]	exact/template	bool	bool	Prelude	named-call	"""answer := logic/xor(true, false)\nanswer\n"""	BOOL;LAYOUT;TURN;VISIBILITY	four-row truth table; boolean elementwise broadcast	scheme.rs bool_binary; numeric.rs semantic logical binding	MECH_AUDIT_CASE=catalog-logic-xor ./docs/design/grammar-audit/s8-replacement-audit/run-probes.sh semantic_replacement_witnesses	specified; candidate-specific execution not yet recorded; discovery command is export sample only
logic/xor	7	C08	inputs: Fixed([Matrix { element: bool, dimensions: [1, D2] }, Matrix { element: bool, dimensions: [D0, D1] }]), outputs: [Matrix { element: bool, dimensions: [D0, D1] }]	exact/template	bool	bool	Prelude	named-call	"""answer := logic/xor(true, false)\nanswer\n"""	BOOL;LAYOUT;TURN;VISIBILITY	four-row truth table; boolean elementwise broadcast	scheme.rs bool_binary; numeric.rs semantic logical binding	MECH_AUDIT_CASE=catalog-logic-xor ./docs/design/grammar-audit/s8-replacement-audit/run-probes.sh semantic_replacement_witnesses	specified; candidate-specific execution not yet recorded; discovery command is export sample only
logic/xor	8	C08	inputs: Fixed([Matrix { element: bool, dimensions: [D0, D1] }, Matrix { element: bool, dimensions: [D2, D3] }]), outputs: [Matrix { element: bool, dimensions: [D0, D1] }]	exact/template	bool	bool	Prelude	named-call	"""answer := logic/xor(true, false)\nanswer\n"""	BOOL;LAYOUT;TURN;VISIBILITY	four-row truth table; boolean elementwise broadcast	scheme.rs bool_binary; numeric.rs semantic logical binding	MECH_AUDIT_CASE=catalog-logic-xor ./docs/design/grammar-audit/s8-replacement-audit/run-probes.sh semantic_replacement_witnesses	specified; candidate-specific execution not yet recorded; discovery command is export sample only
logic/xor	9	C08	inputs: Fixed([Matrix { element: bool, dimensions: [D0, D1] }, Matrix { element: bool, dimensions: [D2, D3] }]), outputs: [Matrix { element: bool, dimensions: [D2, D3] }]	exact/template	bool	bool	Prelude	named-call	"""answer := logic/xor(true, false)\nanswer\n"""	BOOL;LAYOUT;TURN;VISIBILITY	four-row truth table; boolean elementwise broadcast	scheme.rs bool_binary; numeric.rs semantic logical binding	MECH_AUDIT_CASE=catalog-logic-xor ./docs/design/grammar-audit/s8-replacement-audit/run-probes.sh semantic_replacement_witnesses	specified; candidate-specific execution not yet recorded; discovery command is export sample only
math/abs	0	C05	inputs: Fixed([K0]), outputs: [K0]	Real	u8,u16,u32,u64,u128,i8,i16,i32,i64,i128,f32,f64,r64	u8,u16,u32,u64,u128,i8,i16,i32,i64,i128,f32,f64,r64,c64	ModuleOnly	named-call	"""+> math\nanswer := math/abs(2.0)\nanswer\n"""	ABS;LAYOUT;TURN;VISIBILITY	real abs; c64 magnitude represented as c64 per exact declared result; component check	scheme.rs:1083; numeric.rs:2365	MECH_AUDIT_CASE=catalog-math-abs ./docs/design/grammar-audit/s8-replacement-audit/run-probes.sh semantic_replacement_witnesses	specified; candidate-specific execution not yet recorded; discovery command is export sample only
math/abs	1	C05	inputs: Fixed([Matrix { element: K0, dimensions: [D0, D1] }]), outputs: [Matrix { element: K0, dimensions: [D0, D1] }]	Real	u8,u16,u32,u64,u128,i8,i16,i32,i64,i128,f32,f64,r64	u8,u16,u32,u64,u128,i8,i16,i32,i64,i128,f32,f64,r64,c64	ModuleOnly	named-call	"""+> math\nanswer := math/abs(2.0)\nanswer\n"""	ABS;LAYOUT;TURN;VISIBILITY	real abs; c64 magnitude represented as c64 per exact declared result; component check	scheme.rs:1083; numeric.rs:2365	MECH_AUDIT_CASE=catalog-math-abs ./docs/design/grammar-audit/s8-replacement-audit/run-probes.sh semantic_replacement_witnesses	specified; candidate-specific execution not yet recorded; discovery command is export sample only
math/abs	2	C05	inputs: Fixed([c64]), outputs: [c64]	exact/template	c64	u8,u16,u32,u64,u128,i8,i16,i32,i64,i128,f32,f64,r64,c64	ModuleOnly	named-call	"""+> math\nanswer := math/abs(2.0)\nanswer\n"""	ABS;LAYOUT;TURN;VISIBILITY	real abs; c64 magnitude represented as c64 per exact declared result; component check	scheme.rs:1083; numeric.rs:2365	MECH_AUDIT_CASE=catalog-math-abs ./docs/design/grammar-audit/s8-replacement-audit/run-probes.sh semantic_replacement_witnesses	specified; candidate-specific execution not yet recorded; discovery command is export sample only
math/abs	3	C05	inputs: Fixed([Matrix { element: c64, dimensions: [D0, D1] }]), outputs: [Matrix { element: c64, dimensions: [D0, D1] }]	exact/template	c64	u8,u16,u32,u64,u128,i8,i16,i32,i64,i128,f32,f64,r64,c64	ModuleOnly	named-call	"""+> math\nanswer := math/abs(2.0)\nanswer\n"""	ABS;LAYOUT;TURN;VISIBILITY	real abs; c64 magnitude represented as c64 per exact declared result; component check	scheme.rs:1083; numeric.rs:2365	MECH_AUDIT_CASE=catalog-math-abs ./docs/design/grammar-audit/s8-replacement-audit/run-probes.sh semantic_replacement_witnesses	specified; candidate-specific execution not yet recorded; discovery command is export sample only
math/acos	0	C06	inputs: Fixed([K0]), outputs: [K0]	FloatingPoint	f32,f64	f32,f64	ModuleOnly	named-call	"""+> math\nanswer := math/acos(0.5)\nanswer\n"""	FLOAT-UNARY;LAYOUT;TURN;VISIBILITY	per-operation exact anchors and independent high-precision reference, IEEE class checks	scheme.rs:1427; numeric.rs floating unary dispatch	MECH_AUDIT_CASE=catalog-math-acos ./docs/design/grammar-audit/s8-replacement-audit/run-probes.sh semantic_replacement_witnesses	specified; candidate-specific execution not yet recorded; discovery command is export sample only
math/acos	1	C06	inputs: Fixed([Matrix { element: K0, dimensions: [D0, D1] }]), outputs: [Matrix { element: K0, dimensions: [D0, D1] }]	FloatingPoint	f32,f64	f32,f64	ModuleOnly	named-call	"""+> math\nanswer := math/acos(0.5)\nanswer\n"""	FLOAT-UNARY;LAYOUT;TURN;VISIBILITY	per-operation exact anchors and independent high-precision reference, IEEE class checks	scheme.rs:1427; numeric.rs floating unary dispatch	MECH_AUDIT_CASE=catalog-math-acos ./docs/design/grammar-audit/s8-replacement-audit/run-probes.sh semantic_replacement_witnesses	specified; candidate-specific execution not yet recorded; discovery command is export sample only
math/acosh	0	C06	inputs: Fixed([K0]), outputs: [K0]	FloatingPoint	f32,f64	f32,f64	ModuleOnly	named-call	"""+> math\nanswer := math/acosh(2.0)\nanswer\n"""	FLOAT-UNARY;LAYOUT;TURN;VISIBILITY	per-operation exact anchors and independent high-precision reference, IEEE class checks	scheme.rs:1427; numeric.rs floating unary dispatch	MECH_AUDIT_CASE=catalog-math-acosh ./docs/design/grammar-audit/s8-replacement-audit/run-probes.sh semantic_replacement_witnesses	specified; candidate-specific execution not yet recorded; discovery command is export sample only
math/acosh	1	C06	inputs: Fixed([Matrix { element: K0, dimensions: [D0, D1] }]), outputs: [Matrix { element: K0, dimensions: [D0, D1] }]	FloatingPoint	f32,f64	f32,f64	ModuleOnly	named-call	"""+> math\nanswer := math/acosh(2.0)\nanswer\n"""	FLOAT-UNARY;LAYOUT;TURN;VISIBILITY	per-operation exact anchors and independent high-precision reference, IEEE class checks	scheme.rs:1427; numeric.rs floating unary dispatch	MECH_AUDIT_CASE=catalog-math-acosh ./docs/design/grammar-audit/s8-replacement-audit/run-probes.sh semantic_replacement_witnesses	specified; candidate-specific execution not yet recorded; discovery command is export sample only
math/acot	0	C06	inputs: Fixed([K0]), outputs: [K0]	FloatingPoint	f32,f64	f32,f64	ModuleOnly	named-call	"""+> math\nanswer := math/acot(2.0)\nanswer\n"""	FLOAT-UNARY;LAYOUT;TURN;VISIBILITY	per-operation exact anchors and independent high-precision reference, IEEE class checks	scheme.rs:1427; numeric.rs floating unary dispatch	MECH_AUDIT_CASE=catalog-math-acot ./docs/design/grammar-audit/s8-replacement-audit/run-probes.sh semantic_replacement_witnesses	specified; candidate-specific execution not yet recorded; discovery command is export sample only
math/acot	1	C06	inputs: Fixed([Matrix { element: K0, dimensions: [D0, D1] }]), outputs: [Matrix { element: K0, dimensions: [D0, D1] }]	FloatingPoint	f32,f64	f32,f64	ModuleOnly	named-call	"""+> math\nanswer := math/acot(2.0)\nanswer\n"""	FLOAT-UNARY;LAYOUT;TURN;VISIBILITY	per-operation exact anchors and independent high-precision reference, IEEE class checks	scheme.rs:1427; numeric.rs floating unary dispatch	MECH_AUDIT_CASE=catalog-math-acot ./docs/design/grammar-audit/s8-replacement-audit/run-probes.sh semantic_replacement_witnesses	specified; candidate-specific execution not yet recorded; discovery command is export sample only
math/acsc	0	C06	inputs: Fixed([K0]), outputs: [K0]	FloatingPoint	f32,f64	f32,f64	ModuleOnly	named-call	"""+> math\nanswer := math/acsc(2.0)\nanswer\n"""	FLOAT-UNARY;LAYOUT;TURN;VISIBILITY	per-operation exact anchors and independent high-precision reference, IEEE class checks	scheme.rs:1427; numeric.rs floating unary dispatch	MECH_AUDIT_CASE=catalog-math-acsc ./docs/design/grammar-audit/s8-replacement-audit/run-probes.sh semantic_replacement_witnesses	specified; candidate-specific execution not yet recorded; discovery command is export sample only
math/acsc	1	C06	inputs: Fixed([Matrix { element: K0, dimensions: [D0, D1] }]), outputs: [Matrix { element: K0, dimensions: [D0, D1] }]	FloatingPoint	f32,f64	f32,f64	ModuleOnly	named-call	"""+> math\nanswer := math/acsc(2.0)\nanswer\n"""	FLOAT-UNARY;LAYOUT;TURN;VISIBILITY	per-operation exact anchors and independent high-precision reference, IEEE class checks	scheme.rs:1427; numeric.rs floating unary dispatch	MECH_AUDIT_CASE=catalog-math-acsc ./docs/design/grammar-audit/s8-replacement-audit/run-probes.sh semantic_replacement_witnesses	specified; candidate-specific execution not yet recorded; discovery command is export sample only
math/add	0	C01	inputs: Fixed([K0, K1]), outputs: [K2]	Number	u8,u16,u32,u64,u128,i8,i16,i32,i64,i128,f32,f64,c32,c64,r64	u8,u16,u32,u64,u128,i8,i16,i32,i64,i128,f32,f64,c64,r64; c32=G02	Prelude	named-call	"""answer := math/add(2.0, 1.0)\nanswer\n"""	ARITH;PROMOTION;LAYOUT;TURN;VISIBILITY	checked integer/Fraction/complex component arithmetic; elementwise broadcasting	scheme.rs:219; numeric.rs:2323,2390	MECH_AUDIT_CASE=catalog-math-add ./docs/design/grammar-audit/s8-replacement-audit/run-probes.sh semantic_replacement_witnesses	specified; candidate-specific execution not yet recorded; discovery command is export sample only
math/add	1	C01	inputs: Fixed([Matrix { element: K0, dimensions: [D0, D1] }, Matrix { element: K1, dimensions: [D0, D1] }]), outputs: [Matrix { element: K2, dimensions: [D0, D1] }]	Number	u8,u16,u32,u64,u128,i8,i16,i32,i64,i128,f32,f64,c32,c64,r64	u8,u16,u32,u64,u128,i8,i16,i32,i64,i128,f32,f64,c64,r64; c32=G02	Prelude	named-call	"""answer := math/add(2.0, 1.0)\nanswer\n"""	ARITH;PROMOTION;LAYOUT;TURN;VISIBILITY	checked integer/Fraction/complex component arithmetic; elementwise broadcasting	scheme.rs:219; numeric.rs:2323,2390	MECH_AUDIT_CASE=catalog-math-add ./docs/design/grammar-audit/s8-replacement-audit/run-probes.sh semantic_replacement_witnesses	specified; candidate-specific execution not yet recorded; discovery command is export sample only
math/add	2	C01	inputs: Fixed([Matrix { element: K0, dimensions: [D0, D1] }, K1]), outputs: [Matrix { element: K2, dimensions: [D0, D1] }]	Number	u8,u16,u32,u64,u128,i8,i16,i32,i64,i128,f32,f64,c32,c64,r64	u8,u16,u32,u64,u128,i8,i16,i32,i64,i128,f32,f64,c64,r64; c32=G02	Prelude	named-call	"""answer := math/add(2.0, 1.0)\nanswer\n"""	ARITH;PROMOTION;LAYOUT;TURN;VISIBILITY	checked integer/Fraction/complex component arithmetic; elementwise broadcasting	scheme.rs:219; numeric.rs:2323,2390	MECH_AUDIT_CASE=catalog-math-add ./docs/design/grammar-audit/s8-replacement-audit/run-probes.sh semantic_replacement_witnesses	specified; candidate-specific execution not yet recorded; discovery command is export sample only
math/add	3	C01	inputs: Fixed([K0, Matrix { element: K1, dimensions: [D0, D1] }]), outputs: [Matrix { element: K2, dimensions: [D0, D1] }]	Number	u8,u16,u32,u64,u128,i8,i16,i32,i64,i128,f32,f64,c32,c64,r64	u8,u16,u32,u64,u128,i8,i16,i32,i64,i128,f32,f64,c64,r64; c32=G02	Prelude	named-call	"""answer := math/add(2.0, 1.0)\nanswer\n"""	ARITH;PROMOTION;LAYOUT;TURN;VISIBILITY	checked integer/Fraction/complex component arithmetic; elementwise broadcasting	scheme.rs:219; numeric.rs:2323,2390	MECH_AUDIT_CASE=catalog-math-add ./docs/design/grammar-audit/s8-replacement-audit/run-probes.sh semantic_replacement_witnesses	specified; candidate-specific execution not yet recorded; discovery command is export sample only
math/add	4	C01	inputs: Fixed([Matrix { element: K0, dimensions: [D0, D1] }, Matrix { element: K1, dimensions: [D2, 1] }]), outputs: [Matrix { element: K2, dimensions: [D0, D1] }]	Number	u8,u16,u32,u64,u128,i8,i16,i32,i64,i128,f32,f64,c32,c64,r64	u8,u16,u32,u64,u128,i8,i16,i32,i64,i128,f32,f64,c64,r64; c32=G02	Prelude	named-call	"""answer := math/add(2.0, 1.0)\nanswer\n"""	ARITH;PROMOTION;LAYOUT;TURN;VISIBILITY	checked integer/Fraction/complex component arithmetic; elementwise broadcasting	scheme.rs:219; numeric.rs:2323,2390	MECH_AUDIT_CASE=catalog-math-add ./docs/design/grammar-audit/s8-replacement-audit/run-probes.sh semantic_replacement_witnesses	specified; candidate-specific execution not yet recorded; discovery command is export sample only
math/add	5	C01	inputs: Fixed([Matrix { element: K0, dimensions: [D0, D1] }, Matrix { element: K1, dimensions: [1, D2] }]), outputs: [Matrix { element: K2, dimensions: [D0, D1] }]	Number	u8,u16,u32,u64,u128,i8,i16,i32,i64,i128,f32,f64,c32,c64,r64	u8,u16,u32,u64,u128,i8,i16,i32,i64,i128,f32,f64,c64,r64; c32=G02	Prelude	named-call	"""answer := math/add(2.0, 1.0)\nanswer\n"""	ARITH;PROMOTION;LAYOUT;TURN;VISIBILITY	checked integer/Fraction/complex component arithmetic; elementwise broadcasting	scheme.rs:219; numeric.rs:2323,2390	MECH_AUDIT_CASE=catalog-math-add ./docs/design/grammar-audit/s8-replacement-audit/run-probes.sh semantic_replacement_witnesses	specified; candidate-specific execution not yet recorded; discovery command is export sample only
math/add	6	C01	inputs: Fixed([Matrix { element: K0, dimensions: [D2, 1] }, Matrix { element: K1, dimensions: [D0, D1] }]), outputs: [Matrix { element: K2, dimensions: [D0, D1] }]	Number	u8,u16,u32,u64,u128,i8,i16,i32,i64,i128,f32,f64,c32,c64,r64	u8,u16,u32,u64,u128,i8,i16,i32,i64,i128,f32,f64,c64,r64; c32=G02	Prelude	named-call	"""answer := math/add(2.0, 1.0)\nanswer\n"""	ARITH;PROMOTION;LAYOUT;TURN;VISIBILITY	checked integer/Fraction/complex component arithmetic; elementwise broadcasting	scheme.rs:219; numeric.rs:2323,2390	MECH_AUDIT_CASE=catalog-math-add ./docs/design/grammar-audit/s8-replacement-audit/run-probes.sh semantic_replacement_witnesses	specified; candidate-specific execution not yet recorded; discovery command is export sample only
math/add	7	C01	inputs: Fixed([Matrix { element: K0, dimensions: [1, D2] }, Matrix { element: K1, dimensions: [D0, D1] }]), outputs: [Matrix { element: K2, dimensions: [D0, D1] }]	Number	u8,u16,u32,u64,u128,i8,i16,i32,i64,i128,f32,f64,c32,c64,r64	u8,u16,u32,u64,u128,i8,i16,i32,i64,i128,f32,f64,c64,r64; c32=G02	Prelude	named-call	"""answer := math/add(2.0, 1.0)\nanswer\n"""	ARITH;PROMOTION;LAYOUT;TURN;VISIBILITY	checked integer/Fraction/complex component arithmetic; elementwise broadcasting	scheme.rs:219; numeric.rs:2323,2390	MECH_AUDIT_CASE=catalog-math-add ./docs/design/grammar-audit/s8-replacement-audit/run-probes.sh semantic_replacement_witnesses	specified; candidate-specific execution not yet recorded; discovery command is export sample only
math/add	8	C01	inputs: Fixed([Matrix { element: K0, dimensions: [D0, D1] }, Matrix { element: K1, dimensions: [D2, D3] }]), outputs: [Matrix { element: K2, dimensions: [D0, D1] }]	Number	u8,u16,u32,u64,u128,i8,i16,i32,i64,i128,f32,f64,c32,c64,r64	u8,u16,u32,u64,u128,i8,i16,i32,i64,i128,f32,f64,c64,r64; c32=G02	Prelude	named-call	"""answer := math/add(2.0, 1.0)\nanswer\n"""	ARITH;PROMOTION;LAYOUT;TURN;VISIBILITY	checked integer/Fraction/complex component arithmetic; elementwise broadcasting	scheme.rs:219; numeric.rs:2323,2390	MECH_AUDIT_CASE=catalog-math-add ./docs/design/grammar-audit/s8-replacement-audit/run-probes.sh semantic_replacement_witnesses	specified; candidate-specific execution not yet recorded; discovery command is export sample only
math/add	9	C01	inputs: Fixed([Matrix { element: K0, dimensions: [D0, D1] }, Matrix { element: K1, dimensions: [D2, D3] }]), outputs: [Matrix { element: K2, dimensions: [D2, D3] }]	Number	u8,u16,u32,u64,u128,i8,i16,i32,i64,i128,f32,f64,c32,c64,r64	u8,u16,u32,u64,u128,i8,i16,i32,i64,i128,f32,f64,c64,r64; c32=G02	Prelude	named-call	"""answer := math/add(2.0, 1.0)\nanswer\n"""	ARITH;PROMOTION;LAYOUT;TURN;VISIBILITY	checked integer/Fraction/complex component arithmetic; elementwise broadcasting	scheme.rs:219; numeric.rs:2323,2390	MECH_AUDIT_CASE=catalog-math-add ./docs/design/grammar-audit/s8-replacement-audit/run-probes.sh semantic_replacement_witnesses	specified; candidate-specific execution not yet recorded; discovery command is export sample only
math/add-assign	0	C14	inputs: Fixed([K0, K0]), outputs: [K0]	Number	u8,u16,u32,u64,u128,i8,i16,i32,i64,i128,f32,f64,c32,c64,r64	u8,u16,u32,u64,u128,i8,i16,i32,i64,i128,f32,f64,c64,r64; c32=G02; mixed/nested repeats=G04	Prelude	intrinsic-operator	"""~a := [2 4; 6 8]\na += 2\na\n"""	RMW;PROMOTION;TURN;VISIBILITY	occurrence-ordered fold over selected addresses with staged atomic commit	scheme.rs exact_assignment; document_assignment.rs; numeric.rs selected update binding	MECH_AUDIT_CASE=catalog-math-add-assign ./docs/design/grammar-audit/s8-replacement-audit/run-probes.sh semantic_replacement_witnesses	specified; candidate-specific execution not yet recorded; discovery command is export sample only
math/add-assign	1	C14	inputs: Fixed([Matrix { element: K0, dimensions: [D0, D1] }, K0]), outputs: [Matrix { element: K0, dimensions: [D0, D1] }]	Number	u8,u16,u32,u64,u128,i8,i16,i32,i64,i128,f32,f64,c32,c64,r64	u8,u16,u32,u64,u128,i8,i16,i32,i64,i128,f32,f64,c64,r64; c32=G02; mixed/nested repeats=G04	Prelude	intrinsic-operator	"""~a := [2 4; 6 8]\na += 2\na\n"""	RMW;PROMOTION;TURN;VISIBILITY	occurrence-ordered fold over selected addresses with staged atomic commit	scheme.rs exact_assignment; document_assignment.rs; numeric.rs selected update binding	MECH_AUDIT_CASE=catalog-math-add-assign ./docs/design/grammar-audit/s8-replacement-audit/run-probes.sh semantic_replacement_witnesses	specified; candidate-specific execution not yet recorded; discovery command is export sample only
math/add-assign	2	C14	inputs: Fixed([Matrix { element: K0, dimensions: [D0, D1] }, Matrix { element: K0, dimensions: [D2, D3] }]), outputs: [Matrix { element: K0, dimensions: [D0, D1] }]	Number	u8,u16,u32,u64,u128,i8,i16,i32,i64,i128,f32,f64,c32,c64,r64	u8,u16,u32,u64,u128,i8,i16,i32,i64,i128,f32,f64,c64,r64; c32=G02; mixed/nested repeats=G04	Prelude	intrinsic-operator	"""~a := [2 4; 6 8]\na += 2\na\n"""	RMW;PROMOTION;TURN;VISIBILITY	occurrence-ordered fold over selected addresses with staged atomic commit	scheme.rs exact_assignment; document_assignment.rs; numeric.rs selected update binding	MECH_AUDIT_CASE=catalog-math-add-assign ./docs/design/grammar-audit/s8-replacement-audit/run-probes.sh semantic_replacement_witnesses	specified; candidate-specific execution not yet recorded; discovery command is export sample only
math/add-assign/range	0	C14	inputs: Fixed([K0, K0, K1]), outputs: [K0]	Number	u8,u16,u32,u64,u128,i8,i16,i32,i64,i128,f32,f64,c32,c64,r64	u8,u16,u32,u64,u128,i8,i16,i32,i64,i128,f32,f64,c64,r64; c32=G02; mixed/nested repeats=G04	Prelude	intrinsic-operator	"""~a := [2 4; 6 8]\na[1] += 2\na\n"""	RMW;PROMOTION;TURN;VISIBILITY	occurrence-ordered fold over selected addresses with staged atomic commit	scheme.rs exact_assignment; document_assignment.rs; numeric.rs selected update binding	MECH_AUDIT_CASE=catalog-math-add-assign-range ./docs/design/grammar-audit/s8-replacement-audit/run-probes.sh semantic_replacement_witnesses	specified; candidate-specific execution not yet recorded; discovery command is export sample only
math/add-assign/range	1	C14	inputs: Fixed([Matrix { element: K0, dimensions: [D0, D1] }, K0, K1]), outputs: [Matrix { element: K0, dimensions: [D0, D1] }]	Number	u8,u16,u32,u64,u128,i8,i16,i32,i64,i128,f32,f64,c32,c64,r64	u8,u16,u32,u64,u128,i8,i16,i32,i64,i128,f32,f64,c64,r64; c32=G02; mixed/nested repeats=G04	Prelude	intrinsic-operator	"""~a := [2 4; 6 8]\na[1] += 2\na\n"""	RMW;PROMOTION;TURN;VISIBILITY	occurrence-ordered fold over selected addresses with staged atomic commit	scheme.rs exact_assignment; document_assignment.rs; numeric.rs selected update binding	MECH_AUDIT_CASE=catalog-math-add-assign-range ./docs/design/grammar-audit/s8-replacement-audit/run-probes.sh semantic_replacement_witnesses	specified; candidate-specific execution not yet recorded; discovery command is export sample only
math/add-assign/range	2	C14	inputs: Fixed([Matrix { element: K0, dimensions: [D0, D1] }, Matrix { element: K0, dimensions: [D2, D3] }, K1]), outputs: [Matrix { element: K0, dimensions: [D0, D1] }]	Number	u8,u16,u32,u64,u128,i8,i16,i32,i64,i128,f32,f64,c32,c64,r64	u8,u16,u32,u64,u128,i8,i16,i32,i64,i128,f32,f64,c64,r64; c32=G02; mixed/nested repeats=G04	Prelude	intrinsic-operator	"""~a := [2 4; 6 8]\na[1] += 2\na\n"""	RMW;PROMOTION;TURN;VISIBILITY	occurrence-ordered fold over selected addresses with staged atomic commit	scheme.rs exact_assignment; document_assignment.rs; numeric.rs selected update binding	MECH_AUDIT_CASE=catalog-math-add-assign-range ./docs/design/grammar-audit/s8-replacement-audit/run-probes.sh semantic_replacement_witnesses	specified; candidate-specific execution not yet recorded; discovery command is export sample only
math/add-assign/range-all	0	C14	inputs: Fixed([K0, K0, K1]), outputs: [K0]	Number	u8,u16,u32,u64,u128,i8,i16,i32,i64,i128,f32,f64,c32,c64,r64	u8,u16,u32,u64,u128,i8,i16,i32,i64,i128,f32,f64,c64,r64; c32=G02; mixed/nested repeats=G04	Prelude	intrinsic-operator	"""~a := [2 4; 6 8]\na[1,:] += 2\na\n"""	RMW;PROMOTION;TURN;VISIBILITY	occurrence-ordered fold over selected addresses with staged atomic commit	scheme.rs exact_assignment; document_assignment.rs; numeric.rs selected update binding	MECH_AUDIT_CASE=catalog-math-add-assign-range-all ./docs/design/grammar-audit/s8-replacement-audit/run-probes.sh semantic_replacement_witnesses	specified; candidate-specific execution not yet recorded; discovery command is export sample only
math/add-assign/range-all	1	C14	inputs: Fixed([Matrix { element: K0, dimensions: [D0, D1] }, K0, K1]), outputs: [Matrix { element: K0, dimensions: [D0, D1] }]	Number	u8,u16,u32,u64,u128,i8,i16,i32,i64,i128,f32,f64,c32,c64,r64	u8,u16,u32,u64,u128,i8,i16,i32,i64,i128,f32,f64,c64,r64; c32=G02; mixed/nested repeats=G04	Prelude	intrinsic-operator	"""~a := [2 4; 6 8]\na[1,:] += 2\na\n"""	RMW;PROMOTION;TURN;VISIBILITY	occurrence-ordered fold over selected addresses with staged atomic commit	scheme.rs exact_assignment; document_assignment.rs; numeric.rs selected update binding	MECH_AUDIT_CASE=catalog-math-add-assign-range-all ./docs/design/grammar-audit/s8-replacement-audit/run-probes.sh semantic_replacement_witnesses	specified; candidate-specific execution not yet recorded; discovery command is export sample only
math/add-assign/range-all	2	C14	inputs: Fixed([Matrix { element: K0, dimensions: [D0, D1] }, Matrix { element: K0, dimensions: [D2, D3] }, K1]), outputs: [Matrix { element: K0, dimensions: [D0, D1] }]	Number	u8,u16,u32,u64,u128,i8,i16,i32,i64,i128,f32,f64,c32,c64,r64	u8,u16,u32,u64,u128,i8,i16,i32,i64,i128,f32,f64,c64,r64; c32=G02; mixed/nested repeats=G04	Prelude	intrinsic-operator	"""~a := [2 4; 6 8]\na[1,:] += 2\na\n"""	RMW;PROMOTION;TURN;VISIBILITY	occurrence-ordered fold over selected addresses with staged atomic commit	scheme.rs exact_assignment; document_assignment.rs; numeric.rs selected update binding	MECH_AUDIT_CASE=catalog-math-add-assign-range-all ./docs/design/grammar-audit/s8-replacement-audit/run-probes.sh semantic_replacement_witnesses	specified; candidate-specific execution not yet recorded; discovery command is export sample only
math/asec	0	C06	inputs: Fixed([K0]), outputs: [K0]	FloatingPoint	f32,f64	f32,f64	ModuleOnly	named-call	"""+> math\nanswer := math/asec(2.0)\nanswer\n"""	FLOAT-UNARY;LAYOUT;TURN;VISIBILITY	per-operation exact anchors and independent high-precision reference, IEEE class checks	scheme.rs:1427; numeric.rs floating unary dispatch	MECH_AUDIT_CASE=catalog-math-asec ./docs/design/grammar-audit/s8-replacement-audit/run-probes.sh semantic_replacement_witnesses	specified; candidate-specific execution not yet recorded; discovery command is export sample only
math/asec	1	C06	inputs: Fixed([Matrix { element: K0, dimensions: [D0, D1] }]), outputs: [Matrix { element: K0, dimensions: [D0, D1] }]	FloatingPoint	f32,f64	f32,f64	ModuleOnly	named-call	"""+> math\nanswer := math/asec(2.0)\nanswer\n"""	FLOAT-UNARY;LAYOUT;TURN;VISIBILITY	per-operation exact anchors and independent high-precision reference, IEEE class checks	scheme.rs:1427; numeric.rs floating unary dispatch	MECH_AUDIT_CASE=catalog-math-asec ./docs/design/grammar-audit/s8-replacement-audit/run-probes.sh semantic_replacement_witnesses	specified; candidate-specific execution not yet recorded; discovery command is export sample only
math/asin	0	C06	inputs: Fixed([K0]), outputs: [K0]	FloatingPoint	f32,f64	f32,f64	ModuleOnly	named-call	"""+> math\nanswer := math/asin(0.5)\nanswer\n"""	FLOAT-UNARY;LAYOUT;TURN;VISIBILITY	per-operation exact anchors and independent high-precision reference, IEEE class checks	scheme.rs:1427; numeric.rs floating unary dispatch	MECH_AUDIT_CASE=catalog-math-asin ./docs/design/grammar-audit/s8-replacement-audit/run-probes.sh semantic_replacement_witnesses	specified; candidate-specific execution not yet recorded; discovery command is export sample only
math/asin	1	C06	inputs: Fixed([Matrix { element: K0, dimensions: [D0, D1] }]), outputs: [Matrix { element: K0, dimensions: [D0, D1] }]	FloatingPoint	f32,f64	f32,f64	ModuleOnly	named-call	"""+> math\nanswer := math/asin(0.5)\nanswer\n"""	FLOAT-UNARY;LAYOUT;TURN;VISIBILITY	per-operation exact anchors and independent high-precision reference, IEEE class checks	scheme.rs:1427; numeric.rs floating unary dispatch	MECH_AUDIT_CASE=catalog-math-asin ./docs/design/grammar-audit/s8-replacement-audit/run-probes.sh semantic_replacement_witnesses	specified; candidate-specific execution not yet recorded; discovery command is export sample only
math/asinh	0	C06	inputs: Fixed([K0]), outputs: [K0]	FloatingPoint	f32,f64	f32,f64	ModuleOnly	named-call	"""+> math\nanswer := math/asinh(2.0)\nanswer\n"""	FLOAT-UNARY;LAYOUT;TURN;VISIBILITY	per-operation exact anchors and independent high-precision reference, IEEE class checks	scheme.rs:1427; numeric.rs floating unary dispatch	MECH_AUDIT_CASE=catalog-math-asinh ./docs/design/grammar-audit/s8-replacement-audit/run-probes.sh semantic_replacement_witnesses	specified; candidate-specific execution not yet recorded; discovery command is export sample only
math/asinh	1	C06	inputs: Fixed([Matrix { element: K0, dimensions: [D0, D1] }]), outputs: [Matrix { element: K0, dimensions: [D0, D1] }]	FloatingPoint	f32,f64	f32,f64	ModuleOnly	named-call	"""+> math\nanswer := math/asinh(2.0)\nanswer\n"""	FLOAT-UNARY;LAYOUT;TURN;VISIBILITY	per-operation exact anchors and independent high-precision reference, IEEE class checks	scheme.rs:1427; numeric.rs floating unary dispatch	MECH_AUDIT_CASE=catalog-math-asinh ./docs/design/grammar-audit/s8-replacement-audit/run-probes.sh semantic_replacement_witnesses	specified; candidate-specific execution not yet recorded; discovery command is export sample only
math/atan	0	C06	inputs: Fixed([K0]), outputs: [K0]	FloatingPoint	f32,f64	f32,f64	ModuleOnly	named-call	"""+> math\nanswer := math/atan(2.0)\nanswer\n"""	FLOAT-UNARY;LAYOUT;TURN;VISIBILITY	per-operation exact anchors and independent high-precision reference, IEEE class checks	scheme.rs:1427; numeric.rs floating unary dispatch	MECH_AUDIT_CASE=catalog-math-atan ./docs/design/grammar-audit/s8-replacement-audit/run-probes.sh semantic_replacement_witnesses	specified; candidate-specific execution not yet recorded; discovery command is export sample only
math/atan	1	C06	inputs: Fixed([Matrix { element: K0, dimensions: [D0, D1] }]), outputs: [Matrix { element: K0, dimensions: [D0, D1] }]	FloatingPoint	f32,f64	f32,f64	ModuleOnly	named-call	"""+> math\nanswer := math/atan(2.0)\nanswer\n"""	FLOAT-UNARY;LAYOUT;TURN;VISIBILITY	per-operation exact anchors and independent high-precision reference, IEEE class checks	scheme.rs:1427; numeric.rs floating unary dispatch	MECH_AUDIT_CASE=catalog-math-atan ./docs/design/grammar-audit/s8-replacement-audit/run-probes.sh semantic_replacement_witnesses	specified; candidate-specific execution not yet recorded; discovery command is export sample only
math/atan2	0	C07	inputs: Fixed([K0, K1]), outputs: [K2]	FloatingPoint,Number	f32,f64	f64 B10; f32 scalar/scalar or matrix/matrix with identical schema keys; f32 broadcasts=target-rejection admission obligation	ModuleOnly	named-call	"""+> math\nanswer := math/atan2(2.0, 1.0)\nanswer\n"""	FLOAT-BINARY;PROMOTION;LAYOUT;TURN;VISIBILITY	per-operation independent scalar oracle lifted elementwise	scheme.rs:1426; numeric.rs floating binary dispatch	MECH_AUDIT_CASE=catalog-math-atan2 ./docs/design/grammar-audit/s8-replacement-audit/run-probes.sh semantic_replacement_witnesses	specified; candidate-specific execution not yet recorded; discovery command is export sample only
math/atan2	1	C07	inputs: Fixed([Matrix { element: K0, dimensions: [D0, D1] }, Matrix { element: K1, dimensions: [D0, D1] }]), outputs: [Matrix { element: K2, dimensions: [D0, D1] }]	FloatingPoint,Number	f32,f64	f64 B10; f32 scalar/scalar or matrix/matrix with identical schema keys; f32 broadcasts=target-rejection admission obligation	ModuleOnly	named-call	"""+> math\nanswer := math/atan2(2.0, 1.0)\nanswer\n"""	FLOAT-BINARY;PROMOTION;LAYOUT;TURN;VISIBILITY	per-operation independent scalar oracle lifted elementwise	scheme.rs:1426; numeric.rs floating binary dispatch	MECH_AUDIT_CASE=catalog-math-atan2 ./docs/design/grammar-audit/s8-replacement-audit/run-probes.sh semantic_replacement_witnesses	specified; candidate-specific execution not yet recorded; discovery command is export sample only
math/atan2	2	C07	inputs: Fixed([Matrix { element: K0, dimensions: [D0, D1] }, K1]), outputs: [Matrix { element: K2, dimensions: [D0, D1] }]	FloatingPoint,Number	f32,f64	f64 B10; f32 scalar/scalar or matrix/matrix with identical schema keys; f32 broadcasts=target-rejection admission obligation	ModuleOnly	named-call	"""+> math\nanswer := math/atan2(2.0, 1.0)\nanswer\n"""	FLOAT-BINARY;PROMOTION;LAYOUT;TURN;VISIBILITY	per-operation independent scalar oracle lifted elementwise	scheme.rs:1426; numeric.rs floating binary dispatch	MECH_AUDIT_CASE=catalog-math-atan2 ./docs/design/grammar-audit/s8-replacement-audit/run-probes.sh semantic_replacement_witnesses	specified; candidate-specific execution not yet recorded; discovery command is export sample only
math/atan2	3	C07	inputs: Fixed([K0, Matrix { element: K1, dimensions: [D0, D1] }]), outputs: [Matrix { element: K2, dimensions: [D0, D1] }]	FloatingPoint,Number	f32,f64	f64 B10; f32 scalar/scalar or matrix/matrix with identical schema keys; f32 broadcasts=target-rejection admission obligation	ModuleOnly	named-call	"""+> math\nanswer := math/atan2(2.0, 1.0)\nanswer\n"""	FLOAT-BINARY;PROMOTION;LAYOUT;TURN;VISIBILITY	per-operation independent scalar oracle lifted elementwise	scheme.rs:1426; numeric.rs floating binary dispatch	MECH_AUDIT_CASE=catalog-math-atan2 ./docs/design/grammar-audit/s8-replacement-audit/run-probes.sh semantic_replacement_witnesses	specified; candidate-specific execution not yet recorded; discovery command is export sample only
math/atan2	4	C07	inputs: Fixed([Matrix { element: K0, dimensions: [D0, D1] }, Matrix { element: K1, dimensions: [D2, 1] }]), outputs: [Matrix { element: K2, dimensions: [D0, D1] }]	FloatingPoint,Number	f32,f64	f64 B10; f32 scalar/scalar or matrix/matrix with identical schema keys; f32 broadcasts=target-rejection admission obligation	ModuleOnly	named-call	"""+> math\nanswer := math/atan2(2.0, 1.0)\nanswer\n"""	FLOAT-BINARY;PROMOTION;LAYOUT;TURN;VISIBILITY	per-operation independent scalar oracle lifted elementwise	scheme.rs:1426; numeric.rs floating binary dispatch	MECH_AUDIT_CASE=catalog-math-atan2 ./docs/design/grammar-audit/s8-replacement-audit/run-probes.sh semantic_replacement_witnesses	specified; candidate-specific execution not yet recorded; discovery command is export sample only
math/atan2	5	C07	inputs: Fixed([Matrix { element: K0, dimensions: [D0, D1] }, Matrix { element: K1, dimensions: [1, D2] }]), outputs: [Matrix { element: K2, dimensions: [D0, D1] }]	FloatingPoint,Number	f32,f64	f64 B10; f32 scalar/scalar or matrix/matrix with identical schema keys; f32 broadcasts=target-rejection admission obligation	ModuleOnly	named-call	"""+> math\nanswer := math/atan2(2.0, 1.0)\nanswer\n"""	FLOAT-BINARY;PROMOTION;LAYOUT;TURN;VISIBILITY	per-operation independent scalar oracle lifted elementwise	scheme.rs:1426; numeric.rs floating binary dispatch	MECH_AUDIT_CASE=catalog-math-atan2 ./docs/design/grammar-audit/s8-replacement-audit/run-probes.sh semantic_replacement_witnesses	specified; candidate-specific execution not yet recorded; discovery command is export sample only
math/atan2	6	C07	inputs: Fixed([Matrix { element: K0, dimensions: [D2, 1] }, Matrix { element: K1, dimensions: [D0, D1] }]), outputs: [Matrix { element: K2, dimensions: [D0, D1] }]	FloatingPoint,Number	f32,f64	f64 B10; f32 scalar/scalar or matrix/matrix with identical schema keys; f32 broadcasts=target-rejection admission obligation	ModuleOnly	named-call	"""+> math\nanswer := math/atan2(2.0, 1.0)\nanswer\n"""	FLOAT-BINARY;PROMOTION;LAYOUT;TURN;VISIBILITY	per-operation independent scalar oracle lifted elementwise	scheme.rs:1426; numeric.rs floating binary dispatch	MECH_AUDIT_CASE=catalog-math-atan2 ./docs/design/grammar-audit/s8-replacement-audit/run-probes.sh semantic_replacement_witnesses	specified; candidate-specific execution not yet recorded; discovery command is export sample only
math/atan2	7	C07	inputs: Fixed([Matrix { element: K0, dimensions: [1, D2] }, Matrix { element: K1, dimensions: [D0, D1] }]), outputs: [Matrix { element: K2, dimensions: [D0, D1] }]	FloatingPoint,Number	f32,f64	f64 B10; f32 scalar/scalar or matrix/matrix with identical schema keys; f32 broadcasts=target-rejection admission obligation	ModuleOnly	named-call	"""+> math\nanswer := math/atan2(2.0, 1.0)\nanswer\n"""	FLOAT-BINARY;PROMOTION;LAYOUT;TURN;VISIBILITY	per-operation independent scalar oracle lifted elementwise	scheme.rs:1426; numeric.rs floating binary dispatch	MECH_AUDIT_CASE=catalog-math-atan2 ./docs/design/grammar-audit/s8-replacement-audit/run-probes.sh semantic_replacement_witnesses	specified; candidate-specific execution not yet recorded; discovery command is export sample only
math/atan2	8	C07	inputs: Fixed([Matrix { element: K0, dimensions: [D0, D1] }, Matrix { element: K1, dimensions: [D2, D3] }]), outputs: [Matrix { element: K2, dimensions: [D0, D1] }]	FloatingPoint,Number	f32,f64	f64 B10; f32 scalar/scalar or matrix/matrix with identical schema keys; f32 broadcasts=target-rejection admission obligation	ModuleOnly	named-call	"""+> math\nanswer := math/atan2(2.0, 1.0)\nanswer\n"""	FLOAT-BINARY;PROMOTION;LAYOUT;TURN;VISIBILITY	per-operation independent scalar oracle lifted elementwise	scheme.rs:1426; numeric.rs floating binary dispatch	MECH_AUDIT_CASE=catalog-math-atan2 ./docs/design/grammar-audit/s8-replacement-audit/run-probes.sh semantic_replacement_witnesses	specified; candidate-specific execution not yet recorded; discovery command is export sample only
math/atan2	9	C07	inputs: Fixed([Matrix { element: K0, dimensions: [D0, D1] }, Matrix { element: K1, dimensions: [D2, D3] }]), outputs: [Matrix { element: K2, dimensions: [D2, D3] }]	FloatingPoint,Number	f32,f64	f64 B10; f32 scalar/scalar or matrix/matrix with identical schema keys; f32 broadcasts=target-rejection admission obligation	ModuleOnly	named-call	"""+> math\nanswer := math/atan2(2.0, 1.0)\nanswer\n"""	FLOAT-BINARY;PROMOTION;LAYOUT;TURN;VISIBILITY	per-operation independent scalar oracle lifted elementwise	scheme.rs:1426; numeric.rs floating binary dispatch	MECH_AUDIT_CASE=catalog-math-atan2 ./docs/design/grammar-audit/s8-replacement-audit/run-probes.sh semantic_replacement_witnesses	specified; candidate-specific execution not yet recorded; discovery command is export sample only
math/atanh	0	C06	inputs: Fixed([K0]), outputs: [K0]	FloatingPoint	f32,f64	f32,f64	ModuleOnly	named-call	"""+> math\nanswer := math/atanh(0.5)\nanswer\n"""	FLOAT-UNARY;LAYOUT;TURN;VISIBILITY	per-operation exact anchors and independent high-precision reference, IEEE class checks	scheme.rs:1427; numeric.rs floating unary dispatch	MECH_AUDIT_CASE=catalog-math-atanh ./docs/design/grammar-audit/s8-replacement-audit/run-probes.sh semantic_replacement_witnesses	specified; candidate-specific execution not yet recorded; discovery command is export sample only
math/atanh	1	C06	inputs: Fixed([Matrix { element: K0, dimensions: [D0, D1] }]), outputs: [Matrix { element: K0, dimensions: [D0, D1] }]	FloatingPoint	f32,f64	f32,f64	ModuleOnly	named-call	"""+> math\nanswer := math/atanh(0.5)\nanswer\n"""	FLOAT-UNARY;LAYOUT;TURN;VISIBILITY	per-operation exact anchors and independent high-precision reference, IEEE class checks	scheme.rs:1427; numeric.rs floating unary dispatch	MECH_AUDIT_CASE=catalog-math-atanh ./docs/design/grammar-audit/s8-replacement-audit/run-probes.sh semantic_replacement_witnesses	specified; candidate-specific execution not yet recorded; discovery command is export sample only
math/bessel/j0	0	C06	inputs: Fixed([K0]), outputs: [K0]	FloatingPoint	f32,f64	f32,f64	ModuleOnly	named-call	"""+> math\nanswer := math/bessel/j0(2.0)\nanswer\n"""	FLOAT-UNARY;LAYOUT;TURN;VISIBILITY	per-operation exact anchors and independent high-precision reference, IEEE class checks	scheme.rs:1427; numeric.rs floating unary dispatch	MECH_AUDIT_CASE=catalog-math-bessel-j0 ./docs/design/grammar-audit/s8-replacement-audit/run-probes.sh semantic_replacement_witnesses	specified; candidate-specific execution not yet recorded; discovery command is export sample only
math/bessel/j0	1	C06	inputs: Fixed([Matrix { element: K0, dimensions: [D0, D1] }]), outputs: [Matrix { element: K0, dimensions: [D0, D1] }]	FloatingPoint	f32,f64	f32,f64	ModuleOnly	named-call	"""+> math\nanswer := math/bessel/j0(2.0)\nanswer\n"""	FLOAT-UNARY;LAYOUT;TURN;VISIBILITY	per-operation exact anchors and independent high-precision reference, IEEE class checks	scheme.rs:1427; numeric.rs floating unary dispatch	MECH_AUDIT_CASE=catalog-math-bessel-j0 ./docs/design/grammar-audit/s8-replacement-audit/run-probes.sh semantic_replacement_witnesses	specified; candidate-specific execution not yet recorded; discovery command is export sample only
math/bessel/j1	0	C06	inputs: Fixed([K0]), outputs: [K0]	FloatingPoint	f32,f64	f32,f64	ModuleOnly	named-call	"""+> math\nanswer := math/bessel/j1(2.0)\nanswer\n"""	FLOAT-UNARY;LAYOUT;TURN;VISIBILITY	per-operation exact anchors and independent high-precision reference, IEEE class checks	scheme.rs:1427; numeric.rs floating unary dispatch	MECH_AUDIT_CASE=catalog-math-bessel-j1 ./docs/design/grammar-audit/s8-replacement-audit/run-probes.sh semantic_replacement_witnesses	specified; candidate-specific execution not yet recorded; discovery command is export sample only
math/bessel/j1	1	C06	inputs: Fixed([Matrix { element: K0, dimensions: [D0, D1] }]), outputs: [Matrix { element: K0, dimensions: [D0, D1] }]	FloatingPoint	f32,f64	f32,f64	ModuleOnly	named-call	"""+> math\nanswer := math/bessel/j1(2.0)\nanswer\n"""	FLOAT-UNARY;LAYOUT;TURN;VISIBILITY	per-operation exact anchors and independent high-precision reference, IEEE class checks	scheme.rs:1427; numeric.rs floating unary dispatch	MECH_AUDIT_CASE=catalog-math-bessel-j1 ./docs/design/grammar-audit/s8-replacement-audit/run-probes.sh semantic_replacement_witnesses	specified; candidate-specific execution not yet recorded; discovery command is export sample only
math/bessel/jn	0	C07	inputs: Fixed([K0, K1]), outputs: [K2]	FloatingPoint,Number	f32,f64	f64 B10; f32 scalar/scalar or matrix/matrix with identical schema keys; f32 broadcasts=target-rejection admission obligation	ModuleOnly	named-call	"""+> math\nanswer := math/bessel/jn(2.0, 1.0)\nanswer\n"""	FLOAT-BINARY;PROMOTION;LAYOUT;TURN;VISIBILITY	per-operation independent scalar oracle lifted elementwise	scheme.rs:1426; numeric.rs floating binary dispatch	MECH_AUDIT_CASE=catalog-math-bessel-jn ./docs/design/grammar-audit/s8-replacement-audit/run-probes.sh semantic_replacement_witnesses	specified; candidate-specific execution not yet recorded; discovery command is export sample only
math/bessel/jn	1	C07	inputs: Fixed([Matrix { element: K0, dimensions: [D0, D1] }, Matrix { element: K1, dimensions: [D0, D1] }]), outputs: [Matrix { element: K2, dimensions: [D0, D1] }]	FloatingPoint,Number	f32,f64	f64 B10; f32 scalar/scalar or matrix/matrix with identical schema keys; f32 broadcasts=target-rejection admission obligation	ModuleOnly	named-call	"""+> math\nanswer := math/bessel/jn(2.0, 1.0)\nanswer\n"""	FLOAT-BINARY;PROMOTION;LAYOUT;TURN;VISIBILITY	per-operation independent scalar oracle lifted elementwise	scheme.rs:1426; numeric.rs floating binary dispatch	MECH_AUDIT_CASE=catalog-math-bessel-jn ./docs/design/grammar-audit/s8-replacement-audit/run-probes.sh semantic_replacement_witnesses	specified; candidate-specific execution not yet recorded; discovery command is export sample only
math/bessel/jn	2	C07	inputs: Fixed([Matrix { element: K0, dimensions: [D0, D1] }, K1]), outputs: [Matrix { element: K2, dimensions: [D0, D1] }]	FloatingPoint,Number	f32,f64	f64 B10; f32 scalar/scalar or matrix/matrix with identical schema keys; f32 broadcasts=target-rejection admission obligation	ModuleOnly	named-call	"""+> math\nanswer := math/bessel/jn(2.0, 1.0)\nanswer\n"""	FLOAT-BINARY;PROMOTION;LAYOUT;TURN;VISIBILITY	per-operation independent scalar oracle lifted elementwise	scheme.rs:1426; numeric.rs floating binary dispatch	MECH_AUDIT_CASE=catalog-math-bessel-jn ./docs/design/grammar-audit/s8-replacement-audit/run-probes.sh semantic_replacement_witnesses	specified; candidate-specific execution not yet recorded; discovery command is export sample only
math/bessel/jn	3	C07	inputs: Fixed([K0, Matrix { element: K1, dimensions: [D0, D1] }]), outputs: [Matrix { element: K2, dimensions: [D0, D1] }]	FloatingPoint,Number	f32,f64	f64 B10; f32 scalar/scalar or matrix/matrix with identical schema keys; f32 broadcasts=target-rejection admission obligation	ModuleOnly	named-call	"""+> math\nanswer := math/bessel/jn(2.0, 1.0)\nanswer\n"""	FLOAT-BINARY;PROMOTION;LAYOUT;TURN;VISIBILITY	per-operation independent scalar oracle lifted elementwise	scheme.rs:1426; numeric.rs floating binary dispatch	MECH_AUDIT_CASE=catalog-math-bessel-jn ./docs/design/grammar-audit/s8-replacement-audit/run-probes.sh semantic_replacement_witnesses	specified; candidate-specific execution not yet recorded; discovery command is export sample only
math/bessel/jn	4	C07	inputs: Fixed([Matrix { element: K0, dimensions: [D0, D1] }, Matrix { element: K1, dimensions: [D2, 1] }]), outputs: [Matrix { element: K2, dimensions: [D0, D1] }]	FloatingPoint,Number	f32,f64	f64 B10; f32 scalar/scalar or matrix/matrix with identical schema keys; f32 broadcasts=target-rejection admission obligation	ModuleOnly	named-call	"""+> math\nanswer := math/bessel/jn(2.0, 1.0)\nanswer\n"""	FLOAT-BINARY;PROMOTION;LAYOUT;TURN;VISIBILITY	per-operation independent scalar oracle lifted elementwise	scheme.rs:1426; numeric.rs floating binary dispatch	MECH_AUDIT_CASE=catalog-math-bessel-jn ./docs/design/grammar-audit/s8-replacement-audit/run-probes.sh semantic_replacement_witnesses	specified; candidate-specific execution not yet recorded; discovery command is export sample only
math/bessel/jn	5	C07	inputs: Fixed([Matrix { element: K0, dimensions: [D0, D1] }, Matrix { element: K1, dimensions: [1, D2] }]), outputs: [Matrix { element: K2, dimensions: [D0, D1] }]	FloatingPoint,Number	f32,f64	f64 B10; f32 scalar/scalar or matrix/matrix with identical schema keys; f32 broadcasts=target-rejection admission obligation	ModuleOnly	named-call	"""+> math\nanswer := math/bessel/jn(2.0, 1.0)\nanswer\n"""	FLOAT-BINARY;PROMOTION;LAYOUT;TURN;VISIBILITY	per-operation independent scalar oracle lifted elementwise	scheme.rs:1426; numeric.rs floating binary dispatch	MECH_AUDIT_CASE=catalog-math-bessel-jn ./docs/design/grammar-audit/s8-replacement-audit/run-probes.sh semantic_replacement_witnesses	specified; candidate-specific execution not yet recorded; discovery command is export sample only
math/bessel/jn	6	C07	inputs: Fixed([Matrix { element: K0, dimensions: [D2, 1] }, Matrix { element: K1, dimensions: [D0, D1] }]), outputs: [Matrix { element: K2, dimensions: [D0, D1] }]	FloatingPoint,Number	f32,f64	f64 B10; f32 scalar/scalar or matrix/matrix with identical schema keys; f32 broadcasts=target-rejection admission obligation	ModuleOnly	named-call	"""+> math\nanswer := math/bessel/jn(2.0, 1.0)\nanswer\n"""	FLOAT-BINARY;PROMOTION;LAYOUT;TURN;VISIBILITY	per-operation independent scalar oracle lifted elementwise	scheme.rs:1426; numeric.rs floating binary dispatch	MECH_AUDIT_CASE=catalog-math-bessel-jn ./docs/design/grammar-audit/s8-replacement-audit/run-probes.sh semantic_replacement_witnesses	specified; candidate-specific execution not yet recorded; discovery command is export sample only
math/bessel/jn	7	C07	inputs: Fixed([Matrix { element: K0, dimensions: [1, D2] }, Matrix { element: K1, dimensions: [D0, D1] }]), outputs: [Matrix { element: K2, dimensions: [D0, D1] }]	FloatingPoint,Number	f32,f64	f64 B10; f32 scalar/scalar or matrix/matrix with identical schema keys; f32 broadcasts=target-rejection admission obligation	ModuleOnly	named-call	"""+> math\nanswer := math/bessel/jn(2.0, 1.0)\nanswer\n"""	FLOAT-BINARY;PROMOTION;LAYOUT;TURN;VISIBILITY	per-operation independent scalar oracle lifted elementwise	scheme.rs:1426; numeric.rs floating binary dispatch	MECH_AUDIT_CASE=catalog-math-bessel-jn ./docs/design/grammar-audit/s8-replacement-audit/run-probes.sh semantic_replacement_witnesses	specified; candidate-specific execution not yet recorded; discovery command is export sample only
math/bessel/jn	8	C07	inputs: Fixed([Matrix { element: K0, dimensions: [D0, D1] }, Matrix { element: K1, dimensions: [D2, D3] }]), outputs: [Matrix { element: K2, dimensions: [D0, D1] }]	FloatingPoint,Number	f32,f64	f64 B10; f32 scalar/scalar or matrix/matrix with identical schema keys; f32 broadcasts=target-rejection admission obligation	ModuleOnly	named-call	"""+> math\nanswer := math/bessel/jn(2.0, 1.0)\nanswer\n"""	FLOAT-BINARY;PROMOTION;LAYOUT;TURN;VISIBILITY	per-operation independent scalar oracle lifted elementwise	scheme.rs:1426; numeric.rs floating binary dispatch	MECH_AUDIT_CASE=catalog-math-bessel-jn ./docs/design/grammar-audit/s8-replacement-audit/run-probes.sh semantic_replacement_witnesses	specified; candidate-specific execution not yet recorded; discovery command is export sample only
math/bessel/jn	9	C07	inputs: Fixed([Matrix { element: K0, dimensions: [D0, D1] }, Matrix { element: K1, dimensions: [D2, D3] }]), outputs: [Matrix { element: K2, dimensions: [D2, D3] }]	FloatingPoint,Number	f32,f64	f64 B10; f32 scalar/scalar or matrix/matrix with identical schema keys; f32 broadcasts=target-rejection admission obligation	ModuleOnly	named-call	"""+> math\nanswer := math/bessel/jn(2.0, 1.0)\nanswer\n"""	FLOAT-BINARY;PROMOTION;LAYOUT;TURN;VISIBILITY	per-operation independent scalar oracle lifted elementwise	scheme.rs:1426; numeric.rs floating binary dispatch	MECH_AUDIT_CASE=catalog-math-bessel-jn ./docs/design/grammar-audit/s8-replacement-audit/run-probes.sh semantic_replacement_witnesses	specified; candidate-specific execution not yet recorded; discovery command is export sample only
math/bessel/y0	0	C06	inputs: Fixed([K0]), outputs: [K0]	FloatingPoint	f32,f64	f32,f64	ModuleOnly	named-call	"""+> math\nanswer := math/bessel/y0(2.0)\nanswer\n"""	FLOAT-UNARY;LAYOUT;TURN;VISIBILITY	per-operation exact anchors and independent high-precision reference, IEEE class checks	scheme.rs:1427; numeric.rs floating unary dispatch	MECH_AUDIT_CASE=catalog-math-bessel-y0 ./docs/design/grammar-audit/s8-replacement-audit/run-probes.sh semantic_replacement_witnesses	specified; candidate-specific execution not yet recorded; discovery command is export sample only
math/bessel/y0	1	C06	inputs: Fixed([Matrix { element: K0, dimensions: [D0, D1] }]), outputs: [Matrix { element: K0, dimensions: [D0, D1] }]	FloatingPoint	f32,f64	f32,f64	ModuleOnly	named-call	"""+> math\nanswer := math/bessel/y0(2.0)\nanswer\n"""	FLOAT-UNARY;LAYOUT;TURN;VISIBILITY	per-operation exact anchors and independent high-precision reference, IEEE class checks	scheme.rs:1427; numeric.rs floating unary dispatch	MECH_AUDIT_CASE=catalog-math-bessel-y0 ./docs/design/grammar-audit/s8-replacement-audit/run-probes.sh semantic_replacement_witnesses	specified; candidate-specific execution not yet recorded; discovery command is export sample only
math/bessel/y1	0	C06	inputs: Fixed([K0]), outputs: [K0]	FloatingPoint	f32,f64	f32,f64	ModuleOnly	named-call	"""+> math\nanswer := math/bessel/y1(2.0)\nanswer\n"""	FLOAT-UNARY;LAYOUT;TURN;VISIBILITY	per-operation exact anchors and independent high-precision reference, IEEE class checks	scheme.rs:1427; numeric.rs floating unary dispatch	MECH_AUDIT_CASE=catalog-math-bessel-y1 ./docs/design/grammar-audit/s8-replacement-audit/run-probes.sh semantic_replacement_witnesses	specified; candidate-specific execution not yet recorded; discovery command is export sample only
math/bessel/y1	1	C06	inputs: Fixed([Matrix { element: K0, dimensions: [D0, D1] }]), outputs: [Matrix { element: K0, dimensions: [D0, D1] }]	FloatingPoint	f32,f64	f32,f64	ModuleOnly	named-call	"""+> math\nanswer := math/bessel/y1(2.0)\nanswer\n"""	FLOAT-UNARY;LAYOUT;TURN;VISIBILITY	per-operation exact anchors and independent high-precision reference, IEEE class checks	scheme.rs:1427; numeric.rs floating unary dispatch	MECH_AUDIT_CASE=catalog-math-bessel-y1 ./docs/design/grammar-audit/s8-replacement-audit/run-probes.sh semantic_replacement_witnesses	specified; candidate-specific execution not yet recorded; discovery command is export sample only
math/bessel/yn	0	C07	inputs: Fixed([K0, K1]), outputs: [K2]	FloatingPoint,Number	f32,f64	f64 B10; f32 scalar/scalar or matrix/matrix with identical schema keys; f32 broadcasts=target-rejection admission obligation	ModuleOnly	named-call	"""+> math\nanswer := math/bessel/yn(2.0, 1.0)\nanswer\n"""	FLOAT-BINARY;PROMOTION;LAYOUT;TURN;VISIBILITY	per-operation independent scalar oracle lifted elementwise	scheme.rs:1426; numeric.rs floating binary dispatch	MECH_AUDIT_CASE=catalog-math-bessel-yn ./docs/design/grammar-audit/s8-replacement-audit/run-probes.sh semantic_replacement_witnesses	specified; candidate-specific execution not yet recorded; discovery command is export sample only
math/bessel/yn	1	C07	inputs: Fixed([Matrix { element: K0, dimensions: [D0, D1] }, Matrix { element: K1, dimensions: [D0, D1] }]), outputs: [Matrix { element: K2, dimensions: [D0, D1] }]	FloatingPoint,Number	f32,f64	f64 B10; f32 scalar/scalar or matrix/matrix with identical schema keys; f32 broadcasts=target-rejection admission obligation	ModuleOnly	named-call	"""+> math\nanswer := math/bessel/yn(2.0, 1.0)\nanswer\n"""	FLOAT-BINARY;PROMOTION;LAYOUT;TURN;VISIBILITY	per-operation independent scalar oracle lifted elementwise	scheme.rs:1426; numeric.rs floating binary dispatch	MECH_AUDIT_CASE=catalog-math-bessel-yn ./docs/design/grammar-audit/s8-replacement-audit/run-probes.sh semantic_replacement_witnesses	specified; candidate-specific execution not yet recorded; discovery command is export sample only
math/bessel/yn	2	C07	inputs: Fixed([Matrix { element: K0, dimensions: [D0, D1] }, K1]), outputs: [Matrix { element: K2, dimensions: [D0, D1] }]	FloatingPoint,Number	f32,f64	f64 B10; f32 scalar/scalar or matrix/matrix with identical schema keys; f32 broadcasts=target-rejection admission obligation	ModuleOnly	named-call	"""+> math\nanswer := math/bessel/yn(2.0, 1.0)\nanswer\n"""	FLOAT-BINARY;PROMOTION;LAYOUT;TURN;VISIBILITY	per-operation independent scalar oracle lifted elementwise	scheme.rs:1426; numeric.rs floating binary dispatch	MECH_AUDIT_CASE=catalog-math-bessel-yn ./docs/design/grammar-audit/s8-replacement-audit/run-probes.sh semantic_replacement_witnesses	specified; candidate-specific execution not yet recorded; discovery command is export sample only
math/bessel/yn	3	C07	inputs: Fixed([K0, Matrix { element: K1, dimensions: [D0, D1] }]), outputs: [Matrix { element: K2, dimensions: [D0, D1] }]	FloatingPoint,Number	f32,f64	f64 B10; f32 scalar/scalar or matrix/matrix with identical schema keys; f32 broadcasts=target-rejection admission obligation	ModuleOnly	named-call	"""+> math\nanswer := math/bessel/yn(2.0, 1.0)\nanswer\n"""	FLOAT-BINARY;PROMOTION;LAYOUT;TURN;VISIBILITY	per-operation independent scalar oracle lifted elementwise	scheme.rs:1426; numeric.rs floating binary dispatch	MECH_AUDIT_CASE=catalog-math-bessel-yn ./docs/design/grammar-audit/s8-replacement-audit/run-probes.sh semantic_replacement_witnesses	specified; candidate-specific execution not yet recorded; discovery command is export sample only
math/bessel/yn	4	C07	inputs: Fixed([Matrix { element: K0, dimensions: [D0, D1] }, Matrix { element: K1, dimensions: [D2, 1] }]), outputs: [Matrix { element: K2, dimensions: [D0, D1] }]	FloatingPoint,Number	f32,f64	f64 B10; f32 scalar/scalar or matrix/matrix with identical schema keys; f32 broadcasts=target-rejection admission obligation	ModuleOnly	named-call	"""+> math\nanswer := math/bessel/yn(2.0, 1.0)\nanswer\n"""	FLOAT-BINARY;PROMOTION;LAYOUT;TURN;VISIBILITY	per-operation independent scalar oracle lifted elementwise	scheme.rs:1426; numeric.rs floating binary dispatch	MECH_AUDIT_CASE=catalog-math-bessel-yn ./docs/design/grammar-audit/s8-replacement-audit/run-probes.sh semantic_replacement_witnesses	specified; candidate-specific execution not yet recorded; discovery command is export sample only
math/bessel/yn	5	C07	inputs: Fixed([Matrix { element: K0, dimensions: [D0, D1] }, Matrix { element: K1, dimensions: [1, D2] }]), outputs: [Matrix { element: K2, dimensions: [D0, D1] }]	FloatingPoint,Number	f32,f64	f64 B10; f32 scalar/scalar or matrix/matrix with identical schema keys; f32 broadcasts=target-rejection admission obligation	ModuleOnly	named-call	"""+> math\nanswer := math/bessel/yn(2.0, 1.0)\nanswer\n"""	FLOAT-BINARY;PROMOTION;LAYOUT;TURN;VISIBILITY	per-operation independent scalar oracle lifted elementwise	scheme.rs:1426; numeric.rs floating binary dispatch	MECH_AUDIT_CASE=catalog-math-bessel-yn ./docs/design/grammar-audit/s8-replacement-audit/run-probes.sh semantic_replacement_witnesses	specified; candidate-specific execution not yet recorded; discovery command is export sample only
math/bessel/yn	6	C07	inputs: Fixed([Matrix { element: K0, dimensions: [D2, 1] }, Matrix { element: K1, dimensions: [D0, D1] }]), outputs: [Matrix { element: K2, dimensions: [D0, D1] }]	FloatingPoint,Number	f32,f64	f64 B10; f32 scalar/scalar or matrix/matrix with identical schema keys; f32 broadcasts=target-rejection admission obligation	ModuleOnly	named-call	"""+> math\nanswer := math/bessel/yn(2.0, 1.0)\nanswer\n"""	FLOAT-BINARY;PROMOTION;LAYOUT;TURN;VISIBILITY	per-operation independent scalar oracle lifted elementwise	scheme.rs:1426; numeric.rs floating binary dispatch	MECH_AUDIT_CASE=catalog-math-bessel-yn ./docs/design/grammar-audit/s8-replacement-audit/run-probes.sh semantic_replacement_witnesses	specified; candidate-specific execution not yet recorded; discovery command is export sample only
math/bessel/yn	7	C07	inputs: Fixed([Matrix { element: K0, dimensions: [1, D2] }, Matrix { element: K1, dimensions: [D0, D1] }]), outputs: [Matrix { element: K2, dimensions: [D0, D1] }]	FloatingPoint,Number	f32,f64	f64 B10; f32 scalar/scalar or matrix/matrix with identical schema keys; f32 broadcasts=target-rejection admission obligation	ModuleOnly	named-call	"""+> math\nanswer := math/bessel/yn(2.0, 1.0)\nanswer\n"""	FLOAT-BINARY;PROMOTION;LAYOUT;TURN;VISIBILITY	per-operation independent scalar oracle lifted elementwise	scheme.rs:1426; numeric.rs floating binary dispatch	MECH_AUDIT_CASE=catalog-math-bessel-yn ./docs/design/grammar-audit/s8-replacement-audit/run-probes.sh semantic_replacement_witnesses	specified; candidate-specific execution not yet recorded; discovery command is export sample only
math/bessel/yn	8	C07	inputs: Fixed([Matrix { element: K0, dimensions: [D0, D1] }, Matrix { element: K1, dimensions: [D2, D3] }]), outputs: [Matrix { element: K2, dimensions: [D0, D1] }]	FloatingPoint,Number	f32,f64	f64 B10; f32 scalar/scalar or matrix/matrix with identical schema keys; f32 broadcasts=target-rejection admission obligation	ModuleOnly	named-call	"""+> math\nanswer := math/bessel/yn(2.0, 1.0)\nanswer\n"""	FLOAT-BINARY;PROMOTION;LAYOUT;TURN;VISIBILITY	per-operation independent scalar oracle lifted elementwise	scheme.rs:1426; numeric.rs floating binary dispatch	MECH_AUDIT_CASE=catalog-math-bessel-yn ./docs/design/grammar-audit/s8-replacement-audit/run-probes.sh semantic_replacement_witnesses	specified; candidate-specific execution not yet recorded; discovery command is export sample only
math/bessel/yn	9	C07	inputs: Fixed([Matrix { element: K0, dimensions: [D0, D1] }, Matrix { element: K1, dimensions: [D2, D3] }]), outputs: [Matrix { element: K2, dimensions: [D2, D3] }]	FloatingPoint,Number	f32,f64	f64 B10; f32 scalar/scalar or matrix/matrix with identical schema keys; f32 broadcasts=target-rejection admission obligation	ModuleOnly	named-call	"""+> math\nanswer := math/bessel/yn(2.0, 1.0)\nanswer\n"""	FLOAT-BINARY;PROMOTION;LAYOUT;TURN;VISIBILITY	per-operation independent scalar oracle lifted elementwise	scheme.rs:1426; numeric.rs floating binary dispatch	MECH_AUDIT_CASE=catalog-math-bessel-yn ./docs/design/grammar-audit/s8-replacement-audit/run-probes.sh semantic_replacement_witnesses	specified; candidate-specific execution not yet recorded; discovery command is export sample only
math/cbrt	0	C06	inputs: Fixed([K0]), outputs: [K0]	FloatingPoint	f32,f64	f32,f64	ModuleOnly	named-call	"""+> math\nanswer := math/cbrt(2.0)\nanswer\n"""	FLOAT-UNARY;LAYOUT;TURN;VISIBILITY	per-operation exact anchors and independent high-precision reference, IEEE class checks	scheme.rs:1427; numeric.rs floating unary dispatch	MECH_AUDIT_CASE=catalog-math-cbrt ./docs/design/grammar-audit/s8-replacement-audit/run-probes.sh semantic_replacement_witnesses	specified; candidate-specific execution not yet recorded; discovery command is export sample only
math/cbrt	1	C06	inputs: Fixed([Matrix { element: K0, dimensions: [D0, D1] }]), outputs: [Matrix { element: K0, dimensions: [D0, D1] }]	FloatingPoint	f32,f64	f32,f64	ModuleOnly	named-call	"""+> math\nanswer := math/cbrt(2.0)\nanswer\n"""	FLOAT-UNARY;LAYOUT;TURN;VISIBILITY	per-operation exact anchors and independent high-precision reference, IEEE class checks	scheme.rs:1427; numeric.rs floating unary dispatch	MECH_AUDIT_CASE=catalog-math-cbrt ./docs/design/grammar-audit/s8-replacement-audit/run-probes.sh semantic_replacement_witnesses	specified; candidate-specific execution not yet recorded; discovery command is export sample only
math/ceil	0	C06	inputs: Fixed([K0]), outputs: [K0]	FloatingPoint	f32,f64	f32,f64	ModuleOnly	named-call	"""+> math\nanswer := math/ceil(2.0)\nanswer\n"""	FLOAT-UNARY;LAYOUT;TURN;VISIBILITY	per-operation exact anchors and independent high-precision reference, IEEE class checks	scheme.rs:1427; numeric.rs floating unary dispatch	MECH_AUDIT_CASE=catalog-math-ceil ./docs/design/grammar-audit/s8-replacement-audit/run-probes.sh semantic_replacement_witnesses	specified; candidate-specific execution not yet recorded; discovery command is export sample only
math/ceil	1	C06	inputs: Fixed([Matrix { element: K0, dimensions: [D0, D1] }]), outputs: [Matrix { element: K0, dimensions: [D0, D1] }]	FloatingPoint	f32,f64	f32,f64	ModuleOnly	named-call	"""+> math\nanswer := math/ceil(2.0)\nanswer\n"""	FLOAT-UNARY;LAYOUT;TURN;VISIBILITY	per-operation exact anchors and independent high-precision reference, IEEE class checks	scheme.rs:1427; numeric.rs floating unary dispatch	MECH_AUDIT_CASE=catalog-math-ceil ./docs/design/grammar-audit/s8-replacement-audit/run-probes.sh semantic_replacement_witnesses	specified; candidate-specific execution not yet recorded; discovery command is export sample only
math/copysign	0	C07	inputs: Fixed([K0, K1]), outputs: [K2]	FloatingPoint,Number	f32,f64	f64 B10; f32 scalar/scalar or matrix/matrix with identical schema keys; f32 broadcasts=target-rejection admission obligation	ModuleOnly	named-call	"""+> math\nanswer := math/copysign(2.0, 1.0)\nanswer\n"""	FLOAT-BINARY;PROMOTION;LAYOUT;TURN;VISIBILITY	per-operation independent scalar oracle lifted elementwise	scheme.rs:1426; numeric.rs floating binary dispatch	MECH_AUDIT_CASE=catalog-math-copysign ./docs/design/grammar-audit/s8-replacement-audit/run-probes.sh semantic_replacement_witnesses	specified; candidate-specific execution not yet recorded; discovery command is export sample only
math/copysign	1	C07	inputs: Fixed([Matrix { element: K0, dimensions: [D0, D1] }, Matrix { element: K1, dimensions: [D0, D1] }]), outputs: [Matrix { element: K2, dimensions: [D0, D1] }]	FloatingPoint,Number	f32,f64	f64 B10; f32 scalar/scalar or matrix/matrix with identical schema keys; f32 broadcasts=target-rejection admission obligation	ModuleOnly	named-call	"""+> math\nanswer := math/copysign(2.0, 1.0)\nanswer\n"""	FLOAT-BINARY;PROMOTION;LAYOUT;TURN;VISIBILITY	per-operation independent scalar oracle lifted elementwise	scheme.rs:1426; numeric.rs floating binary dispatch	MECH_AUDIT_CASE=catalog-math-copysign ./docs/design/grammar-audit/s8-replacement-audit/run-probes.sh semantic_replacement_witnesses	specified; candidate-specific execution not yet recorded; discovery command is export sample only
math/copysign	2	C07	inputs: Fixed([Matrix { element: K0, dimensions: [D0, D1] }, K1]), outputs: [Matrix { element: K2, dimensions: [D0, D1] }]	FloatingPoint,Number	f32,f64	f64 B10; f32 scalar/scalar or matrix/matrix with identical schema keys; f32 broadcasts=target-rejection admission obligation	ModuleOnly	named-call	"""+> math\nanswer := math/copysign(2.0, 1.0)\nanswer\n"""	FLOAT-BINARY;PROMOTION;LAYOUT;TURN;VISIBILITY	per-operation independent scalar oracle lifted elementwise	scheme.rs:1426; numeric.rs floating binary dispatch	MECH_AUDIT_CASE=catalog-math-copysign ./docs/design/grammar-audit/s8-replacement-audit/run-probes.sh semantic_replacement_witnesses	specified; candidate-specific execution not yet recorded; discovery command is export sample only
math/copysign	3	C07	inputs: Fixed([K0, Matrix { element: K1, dimensions: [D0, D1] }]), outputs: [Matrix { element: K2, dimensions: [D0, D1] }]	FloatingPoint,Number	f32,f64	f64 B10; f32 scalar/scalar or matrix/matrix with identical schema keys; f32 broadcasts=target-rejection admission obligation	ModuleOnly	named-call	"""+> math\nanswer := math/copysign(2.0, 1.0)\nanswer\n"""	FLOAT-BINARY;PROMOTION;LAYOUT;TURN;VISIBILITY	per-operation independent scalar oracle lifted elementwise	scheme.rs:1426; numeric.rs floating binary dispatch	MECH_AUDIT_CASE=catalog-math-copysign ./docs/design/grammar-audit/s8-replacement-audit/run-probes.sh semantic_replacement_witnesses	specified; candidate-specific execution not yet recorded; discovery command is export sample only
math/copysign	4	C07	inputs: Fixed([Matrix { element: K0, dimensions: [D0, D1] }, Matrix { element: K1, dimensions: [D2, 1] }]), outputs: [Matrix { element: K2, dimensions: [D0, D1] }]	FloatingPoint,Number	f32,f64	f64 B10; f32 scalar/scalar or matrix/matrix with identical schema keys; f32 broadcasts=target-rejection admission obligation	ModuleOnly	named-call	"""+> math\nanswer := math/copysign(2.0, 1.0)\nanswer\n"""	FLOAT-BINARY;PROMOTION;LAYOUT;TURN;VISIBILITY	per-operation independent scalar oracle lifted elementwise	scheme.rs:1426; numeric.rs floating binary dispatch	MECH_AUDIT_CASE=catalog-math-copysign ./docs/design/grammar-audit/s8-replacement-audit/run-probes.sh semantic_replacement_witnesses	specified; candidate-specific execution not yet recorded; discovery command is export sample only
math/copysign	5	C07	inputs: Fixed([Matrix { element: K0, dimensions: [D0, D1] }, Matrix { element: K1, dimensions: [1, D2] }]), outputs: [Matrix { element: K2, dimensions: [D0, D1] }]	FloatingPoint,Number	f32,f64	f64 B10; f32 scalar/scalar or matrix/matrix with identical schema keys; f32 broadcasts=target-rejection admission obligation	ModuleOnly	named-call	"""+> math\nanswer := math/copysign(2.0, 1.0)\nanswer\n"""	FLOAT-BINARY;PROMOTION;LAYOUT;TURN;VISIBILITY	per-operation independent scalar oracle lifted elementwise	scheme.rs:1426; numeric.rs floating binary dispatch	MECH_AUDIT_CASE=catalog-math-copysign ./docs/design/grammar-audit/s8-replacement-audit/run-probes.sh semantic_replacement_witnesses	specified; candidate-specific execution not yet recorded; discovery command is export sample only
math/copysign	6	C07	inputs: Fixed([Matrix { element: K0, dimensions: [D2, 1] }, Matrix { element: K1, dimensions: [D0, D1] }]), outputs: [Matrix { element: K2, dimensions: [D0, D1] }]	FloatingPoint,Number	f32,f64	f64 B10; f32 scalar/scalar or matrix/matrix with identical schema keys; f32 broadcasts=target-rejection admission obligation	ModuleOnly	named-call	"""+> math\nanswer := math/copysign(2.0, 1.0)\nanswer\n"""	FLOAT-BINARY;PROMOTION;LAYOUT;TURN;VISIBILITY	per-operation independent scalar oracle lifted elementwise	scheme.rs:1426; numeric.rs floating binary dispatch	MECH_AUDIT_CASE=catalog-math-copysign ./docs/design/grammar-audit/s8-replacement-audit/run-probes.sh semantic_replacement_witnesses	specified; candidate-specific execution not yet recorded; discovery command is export sample only
math/copysign	7	C07	inputs: Fixed([Matrix { element: K0, dimensions: [1, D2] }, Matrix { element: K1, dimensions: [D0, D1] }]), outputs: [Matrix { element: K2, dimensions: [D0, D1] }]	FloatingPoint,Number	f32,f64	f64 B10; f32 scalar/scalar or matrix/matrix with identical schema keys; f32 broadcasts=target-rejection admission obligation	ModuleOnly	named-call	"""+> math\nanswer := math/copysign(2.0, 1.0)\nanswer\n"""	FLOAT-BINARY;PROMOTION;LAYOUT;TURN;VISIBILITY	per-operation independent scalar oracle lifted elementwise	scheme.rs:1426; numeric.rs floating binary dispatch	MECH_AUDIT_CASE=catalog-math-copysign ./docs/design/grammar-audit/s8-replacement-audit/run-probes.sh semantic_replacement_witnesses	specified; candidate-specific execution not yet recorded; discovery command is export sample only
math/copysign	8	C07	inputs: Fixed([Matrix { element: K0, dimensions: [D0, D1] }, Matrix { element: K1, dimensions: [D2, D3] }]), outputs: [Matrix { element: K2, dimensions: [D0, D1] }]	FloatingPoint,Number	f32,f64	f64 B10; f32 scalar/scalar or matrix/matrix with identical schema keys; f32 broadcasts=target-rejection admission obligation	ModuleOnly	named-call	"""+> math\nanswer := math/copysign(2.0, 1.0)\nanswer\n"""	FLOAT-BINARY;PROMOTION;LAYOUT;TURN;VISIBILITY	per-operation independent scalar oracle lifted elementwise	scheme.rs:1426; numeric.rs floating binary dispatch	MECH_AUDIT_CASE=catalog-math-copysign ./docs/design/grammar-audit/s8-replacement-audit/run-probes.sh semantic_replacement_witnesses	specified; candidate-specific execution not yet recorded; discovery command is export sample only
math/copysign	9	C07	inputs: Fixed([Matrix { element: K0, dimensions: [D0, D1] }, Matrix { element: K1, dimensions: [D2, D3] }]), outputs: [Matrix { element: K2, dimensions: [D2, D3] }]	FloatingPoint,Number	f32,f64	f64 B10; f32 scalar/scalar or matrix/matrix with identical schema keys; f32 broadcasts=target-rejection admission obligation	ModuleOnly	named-call	"""+> math\nanswer := math/copysign(2.0, 1.0)\nanswer\n"""	FLOAT-BINARY;PROMOTION;LAYOUT;TURN;VISIBILITY	per-operation independent scalar oracle lifted elementwise	scheme.rs:1426; numeric.rs floating binary dispatch	MECH_AUDIT_CASE=catalog-math-copysign ./docs/design/grammar-audit/s8-replacement-audit/run-probes.sh semantic_replacement_witnesses	specified; candidate-specific execution not yet recorded; discovery command is export sample only
math/cos	0	C06	inputs: Fixed([K0]), outputs: [K0]	FloatingPoint	f32,f64	f32,f64	ModuleOnly	named-call	"""+> math\nanswer := math/cos(2.0)\nanswer\n"""	FLOAT-UNARY;LAYOUT;TURN;VISIBILITY	per-operation exact anchors and independent high-precision reference, IEEE class checks	scheme.rs:1427; numeric.rs floating unary dispatch	MECH_AUDIT_CASE=catalog-math-cos ./docs/design/grammar-audit/s8-replacement-audit/run-probes.sh semantic_replacement_witnesses	specified; candidate-specific execution not yet recorded; discovery command is export sample only
math/cos	1	C06	inputs: Fixed([Matrix { element: K0, dimensions: [D0, D1] }]), outputs: [Matrix { element: K0, dimensions: [D0, D1] }]	FloatingPoint	f32,f64	f32,f64	ModuleOnly	named-call	"""+> math\nanswer := math/cos(2.0)\nanswer\n"""	FLOAT-UNARY;LAYOUT;TURN;VISIBILITY	per-operation exact anchors and independent high-precision reference, IEEE class checks	scheme.rs:1427; numeric.rs floating unary dispatch	MECH_AUDIT_CASE=catalog-math-cos ./docs/design/grammar-audit/s8-replacement-audit/run-probes.sh semantic_replacement_witnesses	specified; candidate-specific execution not yet recorded; discovery command is export sample only
math/cosh	0	C06	inputs: Fixed([K0]), outputs: [K0]	FloatingPoint	f32,f64	f32,f64	ModuleOnly	named-call	"""+> math\nanswer := math/cosh(2.0)\nanswer\n"""	FLOAT-UNARY;LAYOUT;TURN;VISIBILITY	per-operation exact anchors and independent high-precision reference, IEEE class checks	scheme.rs:1427; numeric.rs floating unary dispatch	MECH_AUDIT_CASE=catalog-math-cosh ./docs/design/grammar-audit/s8-replacement-audit/run-probes.sh semantic_replacement_witnesses	specified; candidate-specific execution not yet recorded; discovery command is export sample only
math/cosh	1	C06	inputs: Fixed([Matrix { element: K0, dimensions: [D0, D1] }]), outputs: [Matrix { element: K0, dimensions: [D0, D1] }]	FloatingPoint	f32,f64	f32,f64	ModuleOnly	named-call	"""+> math\nanswer := math/cosh(2.0)\nanswer\n"""	FLOAT-UNARY;LAYOUT;TURN;VISIBILITY	per-operation exact anchors and independent high-precision reference, IEEE class checks	scheme.rs:1427; numeric.rs floating unary dispatch	MECH_AUDIT_CASE=catalog-math-cosh ./docs/design/grammar-audit/s8-replacement-audit/run-probes.sh semantic_replacement_witnesses	specified; candidate-specific execution not yet recorded; discovery command is export sample only
math/cot	0	C06	inputs: Fixed([K0]), outputs: [K0]	FloatingPoint	f32,f64	f32,f64	ModuleOnly	named-call	"""+> math\nanswer := math/cot(2.0)\nanswer\n"""	FLOAT-UNARY;LAYOUT;TURN;VISIBILITY	per-operation exact anchors and independent high-precision reference, IEEE class checks	scheme.rs:1427; numeric.rs floating unary dispatch	MECH_AUDIT_CASE=catalog-math-cot ./docs/design/grammar-audit/s8-replacement-audit/run-probes.sh semantic_replacement_witnesses	specified; candidate-specific execution not yet recorded; discovery command is export sample only
math/cot	1	C06	inputs: Fixed([Matrix { element: K0, dimensions: [D0, D1] }]), outputs: [Matrix { element: K0, dimensions: [D0, D1] }]	FloatingPoint	f32,f64	f32,f64	ModuleOnly	named-call	"""+> math\nanswer := math/cot(2.0)\nanswer\n"""	FLOAT-UNARY;LAYOUT;TURN;VISIBILITY	per-operation exact anchors and independent high-precision reference, IEEE class checks	scheme.rs:1427; numeric.rs floating unary dispatch	MECH_AUDIT_CASE=catalog-math-cot ./docs/design/grammar-audit/s8-replacement-audit/run-probes.sh semantic_replacement_witnesses	specified; candidate-specific execution not yet recorded; discovery command is export sample only
math/csc	0	C06	inputs: Fixed([K0]), outputs: [K0]	FloatingPoint	f32,f64	f32,f64	ModuleOnly	named-call	"""+> math\nanswer := math/csc(2.0)\nanswer\n"""	FLOAT-UNARY;LAYOUT;TURN;VISIBILITY	per-operation exact anchors and independent high-precision reference, IEEE class checks	scheme.rs:1427; numeric.rs floating unary dispatch	MECH_AUDIT_CASE=catalog-math-csc ./docs/design/grammar-audit/s8-replacement-audit/run-probes.sh semantic_replacement_witnesses	specified; candidate-specific execution not yet recorded; discovery command is export sample only
math/csc	1	C06	inputs: Fixed([Matrix { element: K0, dimensions: [D0, D1] }]), outputs: [Matrix { element: K0, dimensions: [D0, D1] }]	FloatingPoint	f32,f64	f32,f64	ModuleOnly	named-call	"""+> math\nanswer := math/csc(2.0)\nanswer\n"""	FLOAT-UNARY;LAYOUT;TURN;VISIBILITY	per-operation exact anchors and independent high-precision reference, IEEE class checks	scheme.rs:1427; numeric.rs floating unary dispatch	MECH_AUDIT_CASE=catalog-math-csc ./docs/design/grammar-audit/s8-replacement-audit/run-probes.sh semantic_replacement_witnesses	specified; candidate-specific execution not yet recorded; discovery command is export sample only
math/div	0	C01	inputs: Fixed([K0, K1]), outputs: [K2]	Number	u8,u16,u32,u64,u128,i8,i16,i32,i64,i128,f32,f64,c32,c64,r64	u8,u16,u32,u64,u128,i8,i16,i32,i64,i128,f32,f64,c64,r64; c32=G02	Prelude	named-call	"""answer := math/div(2.0, 1.0)\nanswer\n"""	ARITH;PROMOTION;LAYOUT;TURN;VISIBILITY	checked integer/Fraction/complex component arithmetic; elementwise broadcasting	scheme.rs:219; numeric.rs:2323,2390	MECH_AUDIT_CASE=catalog-math-div ./docs/design/grammar-audit/s8-replacement-audit/run-probes.sh semantic_replacement_witnesses	specified; candidate-specific execution not yet recorded; discovery command is export sample only
math/div	1	C01	inputs: Fixed([Matrix { element: K0, dimensions: [D0, D1] }, Matrix { element: K1, dimensions: [D0, D1] }]), outputs: [Matrix { element: K2, dimensions: [D0, D1] }]	Number	u8,u16,u32,u64,u128,i8,i16,i32,i64,i128,f32,f64,c32,c64,r64	u8,u16,u32,u64,u128,i8,i16,i32,i64,i128,f32,f64,c64,r64; c32=G02	Prelude	named-call	"""answer := math/div(2.0, 1.0)\nanswer\n"""	ARITH;PROMOTION;LAYOUT;TURN;VISIBILITY	checked integer/Fraction/complex component arithmetic; elementwise broadcasting	scheme.rs:219; numeric.rs:2323,2390	MECH_AUDIT_CASE=catalog-math-div ./docs/design/grammar-audit/s8-replacement-audit/run-probes.sh semantic_replacement_witnesses	specified; candidate-specific execution not yet recorded; discovery command is export sample only
math/div	2	C01	inputs: Fixed([Matrix { element: K0, dimensions: [D0, D1] }, K1]), outputs: [Matrix { element: K2, dimensions: [D0, D1] }]	Number	u8,u16,u32,u64,u128,i8,i16,i32,i64,i128,f32,f64,c32,c64,r64	u8,u16,u32,u64,u128,i8,i16,i32,i64,i128,f32,f64,c64,r64; c32=G02	Prelude	named-call	"""answer := math/div(2.0, 1.0)\nanswer\n"""	ARITH;PROMOTION;LAYOUT;TURN;VISIBILITY	checked integer/Fraction/complex component arithmetic; elementwise broadcasting	scheme.rs:219; numeric.rs:2323,2390	MECH_AUDIT_CASE=catalog-math-div ./docs/design/grammar-audit/s8-replacement-audit/run-probes.sh semantic_replacement_witnesses	specified; candidate-specific execution not yet recorded; discovery command is export sample only
math/div	3	C01	inputs: Fixed([K0, Matrix { element: K1, dimensions: [D0, D1] }]), outputs: [Matrix { element: K2, dimensions: [D0, D1] }]	Number	u8,u16,u32,u64,u128,i8,i16,i32,i64,i128,f32,f64,c32,c64,r64	u8,u16,u32,u64,u128,i8,i16,i32,i64,i128,f32,f64,c64,r64; c32=G02	Prelude	named-call	"""answer := math/div(2.0, 1.0)\nanswer\n"""	ARITH;PROMOTION;LAYOUT;TURN;VISIBILITY	checked integer/Fraction/complex component arithmetic; elementwise broadcasting	scheme.rs:219; numeric.rs:2323,2390	MECH_AUDIT_CASE=catalog-math-div ./docs/design/grammar-audit/s8-replacement-audit/run-probes.sh semantic_replacement_witnesses	specified; candidate-specific execution not yet recorded; discovery command is export sample only
math/div	4	C01	inputs: Fixed([Matrix { element: K0, dimensions: [D0, D1] }, Matrix { element: K1, dimensions: [D2, 1] }]), outputs: [Matrix { element: K2, dimensions: [D0, D1] }]	Number	u8,u16,u32,u64,u128,i8,i16,i32,i64,i128,f32,f64,c32,c64,r64	u8,u16,u32,u64,u128,i8,i16,i32,i64,i128,f32,f64,c64,r64; c32=G02	Prelude	named-call	"""answer := math/div(2.0, 1.0)\nanswer\n"""	ARITH;PROMOTION;LAYOUT;TURN;VISIBILITY	checked integer/Fraction/complex component arithmetic; elementwise broadcasting	scheme.rs:219; numeric.rs:2323,2390	MECH_AUDIT_CASE=catalog-math-div ./docs/design/grammar-audit/s8-replacement-audit/run-probes.sh semantic_replacement_witnesses	specified; candidate-specific execution not yet recorded; discovery command is export sample only
math/div	5	C01	inputs: Fixed([Matrix { element: K0, dimensions: [D0, D1] }, Matrix { element: K1, dimensions: [1, D2] }]), outputs: [Matrix { element: K2, dimensions: [D0, D1] }]	Number	u8,u16,u32,u64,u128,i8,i16,i32,i64,i128,f32,f64,c32,c64,r64	u8,u16,u32,u64,u128,i8,i16,i32,i64,i128,f32,f64,c64,r64; c32=G02	Prelude	named-call	"""answer := math/div(2.0, 1.0)\nanswer\n"""	ARITH;PROMOTION;LAYOUT;TURN;VISIBILITY	checked integer/Fraction/complex component arithmetic; elementwise broadcasting	scheme.rs:219; numeric.rs:2323,2390	MECH_AUDIT_CASE=catalog-math-div ./docs/design/grammar-audit/s8-replacement-audit/run-probes.sh semantic_replacement_witnesses	specified; candidate-specific execution not yet recorded; discovery command is export sample only
math/div	6	C01	inputs: Fixed([Matrix { element: K0, dimensions: [D2, 1] }, Matrix { element: K1, dimensions: [D0, D1] }]), outputs: [Matrix { element: K2, dimensions: [D0, D1] }]	Number	u8,u16,u32,u64,u128,i8,i16,i32,i64,i128,f32,f64,c32,c64,r64	u8,u16,u32,u64,u128,i8,i16,i32,i64,i128,f32,f64,c64,r64; c32=G02	Prelude	named-call	"""answer := math/div(2.0, 1.0)\nanswer\n"""	ARITH;PROMOTION;LAYOUT;TURN;VISIBILITY	checked integer/Fraction/complex component arithmetic; elementwise broadcasting	scheme.rs:219; numeric.rs:2323,2390	MECH_AUDIT_CASE=catalog-math-div ./docs/design/grammar-audit/s8-replacement-audit/run-probes.sh semantic_replacement_witnesses	specified; candidate-specific execution not yet recorded; discovery command is export sample only
math/div	7	C01	inputs: Fixed([Matrix { element: K0, dimensions: [1, D2] }, Matrix { element: K1, dimensions: [D0, D1] }]), outputs: [Matrix { element: K2, dimensions: [D0, D1] }]	Number	u8,u16,u32,u64,u128,i8,i16,i32,i64,i128,f32,f64,c32,c64,r64	u8,u16,u32,u64,u128,i8,i16,i32,i64,i128,f32,f64,c64,r64; c32=G02	Prelude	named-call	"""answer := math/div(2.0, 1.0)\nanswer\n"""	ARITH;PROMOTION;LAYOUT;TURN;VISIBILITY	checked integer/Fraction/complex component arithmetic; elementwise broadcasting	scheme.rs:219; numeric.rs:2323,2390	MECH_AUDIT_CASE=catalog-math-div ./docs/design/grammar-audit/s8-replacement-audit/run-probes.sh semantic_replacement_witnesses	specified; candidate-specific execution not yet recorded; discovery command is export sample only
math/div	8	C01	inputs: Fixed([Matrix { element: K0, dimensions: [D0, D1] }, Matrix { element: K1, dimensions: [D2, D3] }]), outputs: [Matrix { element: K2, dimensions: [D0, D1] }]	Number	u8,u16,u32,u64,u128,i8,i16,i32,i64,i128,f32,f64,c32,c64,r64	u8,u16,u32,u64,u128,i8,i16,i32,i64,i128,f32,f64,c64,r64; c32=G02	Prelude	named-call	"""answer := math/div(2.0, 1.0)\nanswer\n"""	ARITH;PROMOTION;LAYOUT;TURN;VISIBILITY	checked integer/Fraction/complex component arithmetic; elementwise broadcasting	scheme.rs:219; numeric.rs:2323,2390	MECH_AUDIT_CASE=catalog-math-div ./docs/design/grammar-audit/s8-replacement-audit/run-probes.sh semantic_replacement_witnesses	specified; candidate-specific execution not yet recorded; discovery command is export sample only
math/div	9	C01	inputs: Fixed([Matrix { element: K0, dimensions: [D0, D1] }, Matrix { element: K1, dimensions: [D2, D3] }]), outputs: [Matrix { element: K2, dimensions: [D2, D3] }]	Number	u8,u16,u32,u64,u128,i8,i16,i32,i64,i128,f32,f64,c32,c64,r64	u8,u16,u32,u64,u128,i8,i16,i32,i64,i128,f32,f64,c64,r64; c32=G02	Prelude	named-call	"""answer := math/div(2.0, 1.0)\nanswer\n"""	ARITH;PROMOTION;LAYOUT;TURN;VISIBILITY	checked integer/Fraction/complex component arithmetic; elementwise broadcasting	scheme.rs:219; numeric.rs:2323,2390	MECH_AUDIT_CASE=catalog-math-div ./docs/design/grammar-audit/s8-replacement-audit/run-probes.sh semantic_replacement_witnesses	specified; candidate-specific execution not yet recorded; discovery command is export sample only
math/div-assign	0	C14	inputs: Fixed([K0, K0]), outputs: [K0]	Number	u8,u16,u32,u64,u128,i8,i16,i32,i64,i128,f32,f64,c32,c64,r64	u8,u16,u32,u64,u128,i8,i16,i32,i64,i128,f32,f64,c64,r64; c32=G02; mixed/nested repeats=G04	Prelude	intrinsic-operator	"""~a := [2 4; 6 8]\na /= 2\na\n"""	RMW;PROMOTION;TURN;VISIBILITY	occurrence-ordered fold over selected addresses with staged atomic commit	scheme.rs exact_assignment; document_assignment.rs; numeric.rs selected update binding	MECH_AUDIT_CASE=catalog-math-div-assign ./docs/design/grammar-audit/s8-replacement-audit/run-probes.sh semantic_replacement_witnesses	specified; candidate-specific execution not yet recorded; discovery command is export sample only
math/div-assign	1	C14	inputs: Fixed([Matrix { element: K0, dimensions: [D0, D1] }, K0]), outputs: [Matrix { element: K0, dimensions: [D0, D1] }]	Number	u8,u16,u32,u64,u128,i8,i16,i32,i64,i128,f32,f64,c32,c64,r64	u8,u16,u32,u64,u128,i8,i16,i32,i64,i128,f32,f64,c64,r64; c32=G02; mixed/nested repeats=G04	Prelude	intrinsic-operator	"""~a := [2 4; 6 8]\na /= 2\na\n"""	RMW;PROMOTION;TURN;VISIBILITY	occurrence-ordered fold over selected addresses with staged atomic commit	scheme.rs exact_assignment; document_assignment.rs; numeric.rs selected update binding	MECH_AUDIT_CASE=catalog-math-div-assign ./docs/design/grammar-audit/s8-replacement-audit/run-probes.sh semantic_replacement_witnesses	specified; candidate-specific execution not yet recorded; discovery command is export sample only
math/div-assign	2	C14	inputs: Fixed([Matrix { element: K0, dimensions: [D0, D1] }, Matrix { element: K0, dimensions: [D2, D3] }]), outputs: [Matrix { element: K0, dimensions: [D0, D1] }]	Number	u8,u16,u32,u64,u128,i8,i16,i32,i64,i128,f32,f64,c32,c64,r64	u8,u16,u32,u64,u128,i8,i16,i32,i64,i128,f32,f64,c64,r64; c32=G02; mixed/nested repeats=G04	Prelude	intrinsic-operator	"""~a := [2 4; 6 8]\na /= 2\na\n"""	RMW;PROMOTION;TURN;VISIBILITY	occurrence-ordered fold over selected addresses with staged atomic commit	scheme.rs exact_assignment; document_assignment.rs; numeric.rs selected update binding	MECH_AUDIT_CASE=catalog-math-div-assign ./docs/design/grammar-audit/s8-replacement-audit/run-probes.sh semantic_replacement_witnesses	specified; candidate-specific execution not yet recorded; discovery command is export sample only
math/div-assign/range	0	C14	inputs: Fixed([K0, K0, K1]), outputs: [K0]	Number	u8,u16,u32,u64,u128,i8,i16,i32,i64,i128,f32,f64,c32,c64,r64	u8,u16,u32,u64,u128,i8,i16,i32,i64,i128,f32,f64,c64,r64; c32=G02; mixed/nested repeats=G04	Prelude	intrinsic-operator	"""~a := [2 4; 6 8]\na[1] /= 2\na\n"""	RMW;PROMOTION;TURN;VISIBILITY	occurrence-ordered fold over selected addresses with staged atomic commit	scheme.rs exact_assignment; document_assignment.rs; numeric.rs selected update binding	MECH_AUDIT_CASE=catalog-math-div-assign-range ./docs/design/grammar-audit/s8-replacement-audit/run-probes.sh semantic_replacement_witnesses	specified; candidate-specific execution not yet recorded; discovery command is export sample only
math/div-assign/range	1	C14	inputs: Fixed([Matrix { element: K0, dimensions: [D0, D1] }, K0, K1]), outputs: [Matrix { element: K0, dimensions: [D0, D1] }]	Number	u8,u16,u32,u64,u128,i8,i16,i32,i64,i128,f32,f64,c32,c64,r64	u8,u16,u32,u64,u128,i8,i16,i32,i64,i128,f32,f64,c64,r64; c32=G02; mixed/nested repeats=G04	Prelude	intrinsic-operator	"""~a := [2 4; 6 8]\na[1] /= 2\na\n"""	RMW;PROMOTION;TURN;VISIBILITY	occurrence-ordered fold over selected addresses with staged atomic commit	scheme.rs exact_assignment; document_assignment.rs; numeric.rs selected update binding	MECH_AUDIT_CASE=catalog-math-div-assign-range ./docs/design/grammar-audit/s8-replacement-audit/run-probes.sh semantic_replacement_witnesses	specified; candidate-specific execution not yet recorded; discovery command is export sample only
math/div-assign/range	2	C14	inputs: Fixed([Matrix { element: K0, dimensions: [D0, D1] }, Matrix { element: K0, dimensions: [D2, D3] }, K1]), outputs: [Matrix { element: K0, dimensions: [D0, D1] }]	Number	u8,u16,u32,u64,u128,i8,i16,i32,i64,i128,f32,f64,c32,c64,r64	u8,u16,u32,u64,u128,i8,i16,i32,i64,i128,f32,f64,c64,r64; c32=G02; mixed/nested repeats=G04	Prelude	intrinsic-operator	"""~a := [2 4; 6 8]\na[1] /= 2\na\n"""	RMW;PROMOTION;TURN;VISIBILITY	occurrence-ordered fold over selected addresses with staged atomic commit	scheme.rs exact_assignment; document_assignment.rs; numeric.rs selected update binding	MECH_AUDIT_CASE=catalog-math-div-assign-range ./docs/design/grammar-audit/s8-replacement-audit/run-probes.sh semantic_replacement_witnesses	specified; candidate-specific execution not yet recorded; discovery command is export sample only
math/div-assign/range-all	0	C14	inputs: Fixed([K0, K0, K1]), outputs: [K0]	Number	u8,u16,u32,u64,u128,i8,i16,i32,i64,i128,f32,f64,c32,c64,r64	u8,u16,u32,u64,u128,i8,i16,i32,i64,i128,f32,f64,c64,r64; c32=G02; mixed/nested repeats=G04	Prelude	intrinsic-operator	"""~a := [2 4; 6 8]\na[1,:] /= 2\na\n"""	RMW;PROMOTION;TURN;VISIBILITY	occurrence-ordered fold over selected addresses with staged atomic commit	scheme.rs exact_assignment; document_assignment.rs; numeric.rs selected update binding	MECH_AUDIT_CASE=catalog-math-div-assign-range-all ./docs/design/grammar-audit/s8-replacement-audit/run-probes.sh semantic_replacement_witnesses	specified; candidate-specific execution not yet recorded; discovery command is export sample only
math/div-assign/range-all	1	C14	inputs: Fixed([Matrix { element: K0, dimensions: [D0, D1] }, K0, K1]), outputs: [Matrix { element: K0, dimensions: [D0, D1] }]	Number	u8,u16,u32,u64,u128,i8,i16,i32,i64,i128,f32,f64,c32,c64,r64	u8,u16,u32,u64,u128,i8,i16,i32,i64,i128,f32,f64,c64,r64; c32=G02; mixed/nested repeats=G04	Prelude	intrinsic-operator	"""~a := [2 4; 6 8]\na[1,:] /= 2\na\n"""	RMW;PROMOTION;TURN;VISIBILITY	occurrence-ordered fold over selected addresses with staged atomic commit	scheme.rs exact_assignment; document_assignment.rs; numeric.rs selected update binding	MECH_AUDIT_CASE=catalog-math-div-assign-range-all ./docs/design/grammar-audit/s8-replacement-audit/run-probes.sh semantic_replacement_witnesses	specified; candidate-specific execution not yet recorded; discovery command is export sample only
math/div-assign/range-all	2	C14	inputs: Fixed([Matrix { element: K0, dimensions: [D0, D1] }, Matrix { element: K0, dimensions: [D2, D3] }, K1]), outputs: [Matrix { element: K0, dimensions: [D0, D1] }]	Number	u8,u16,u32,u64,u128,i8,i16,i32,i64,i128,f32,f64,c32,c64,r64	u8,u16,u32,u64,u128,i8,i16,i32,i64,i128,f32,f64,c64,r64; c32=G02; mixed/nested repeats=G04	Prelude	intrinsic-operator	"""~a := [2 4; 6 8]\na[1,:] /= 2\na\n"""	RMW;PROMOTION;TURN;VISIBILITY	occurrence-ordered fold over selected addresses with staged atomic commit	scheme.rs exact_assignment; document_assignment.rs; numeric.rs selected update binding	MECH_AUDIT_CASE=catalog-math-div-assign-range-all ./docs/design/grammar-audit/s8-replacement-audit/run-probes.sh semantic_replacement_witnesses	specified; candidate-specific execution not yet recorded; discovery command is export sample only
math/erf	0	C06	inputs: Fixed([K0]), outputs: [K0]	FloatingPoint	f32,f64	f32,f64	ModuleOnly	named-call	"""+> math\nanswer := math/erf(2.0)\nanswer\n"""	FLOAT-UNARY;LAYOUT;TURN;VISIBILITY	per-operation exact anchors and independent high-precision reference, IEEE class checks	scheme.rs:1427; numeric.rs floating unary dispatch	MECH_AUDIT_CASE=catalog-math-erf ./docs/design/grammar-audit/s8-replacement-audit/run-probes.sh semantic_replacement_witnesses	specified; candidate-specific execution not yet recorded; discovery command is export sample only
math/erf	1	C06	inputs: Fixed([Matrix { element: K0, dimensions: [D0, D1] }]), outputs: [Matrix { element: K0, dimensions: [D0, D1] }]	FloatingPoint	f32,f64	f32,f64	ModuleOnly	named-call	"""+> math\nanswer := math/erf(2.0)\nanswer\n"""	FLOAT-UNARY;LAYOUT;TURN;VISIBILITY	per-operation exact anchors and independent high-precision reference, IEEE class checks	scheme.rs:1427; numeric.rs floating unary dispatch	MECH_AUDIT_CASE=catalog-math-erf ./docs/design/grammar-audit/s8-replacement-audit/run-probes.sh semantic_replacement_witnesses	specified; candidate-specific execution not yet recorded; discovery command is export sample only
math/erfc	0	C06	inputs: Fixed([K0]), outputs: [K0]	FloatingPoint	f32,f64	f32,f64	ModuleOnly	named-call	"""+> math\nanswer := math/erfc(2.0)\nanswer\n"""	FLOAT-UNARY;LAYOUT;TURN;VISIBILITY	per-operation exact anchors and independent high-precision reference, IEEE class checks	scheme.rs:1427; numeric.rs floating unary dispatch	MECH_AUDIT_CASE=catalog-math-erfc ./docs/design/grammar-audit/s8-replacement-audit/run-probes.sh semantic_replacement_witnesses	specified; candidate-specific execution not yet recorded; discovery command is export sample only
math/erfc	1	C06	inputs: Fixed([Matrix { element: K0, dimensions: [D0, D1] }]), outputs: [Matrix { element: K0, dimensions: [D0, D1] }]	FloatingPoint	f32,f64	f32,f64	ModuleOnly	named-call	"""+> math\nanswer := math/erfc(2.0)\nanswer\n"""	FLOAT-UNARY;LAYOUT;TURN;VISIBILITY	per-operation exact anchors and independent high-precision reference, IEEE class checks	scheme.rs:1427; numeric.rs floating unary dispatch	MECH_AUDIT_CASE=catalog-math-erfc ./docs/design/grammar-audit/s8-replacement-audit/run-probes.sh semantic_replacement_witnesses	specified; candidate-specific execution not yet recorded; discovery command is export sample only
math/fdim	0	C07	inputs: Fixed([K0, K1]), outputs: [K2]	FloatingPoint,Number	f32,f64	f64 B10; f32 scalar/scalar or matrix/matrix with identical schema keys; f32 broadcasts=target-rejection admission obligation	ModuleOnly	named-call	"""+> math\nanswer := math/fdim(2.0, 1.0)\nanswer\n"""	FLOAT-BINARY;PROMOTION;LAYOUT;TURN;VISIBILITY	per-operation independent scalar oracle lifted elementwise	scheme.rs:1426; numeric.rs floating binary dispatch	MECH_AUDIT_CASE=catalog-math-fdim ./docs/design/grammar-audit/s8-replacement-audit/run-probes.sh semantic_replacement_witnesses	specified; candidate-specific execution not yet recorded; discovery command is export sample only
math/fdim	1	C07	inputs: Fixed([Matrix { element: K0, dimensions: [D0, D1] }, Matrix { element: K1, dimensions: [D0, D1] }]), outputs: [Matrix { element: K2, dimensions: [D0, D1] }]	FloatingPoint,Number	f32,f64	f64 B10; f32 scalar/scalar or matrix/matrix with identical schema keys; f32 broadcasts=target-rejection admission obligation	ModuleOnly	named-call	"""+> math\nanswer := math/fdim(2.0, 1.0)\nanswer\n"""	FLOAT-BINARY;PROMOTION;LAYOUT;TURN;VISIBILITY	per-operation independent scalar oracle lifted elementwise	scheme.rs:1426; numeric.rs floating binary dispatch	MECH_AUDIT_CASE=catalog-math-fdim ./docs/design/grammar-audit/s8-replacement-audit/run-probes.sh semantic_replacement_witnesses	specified; candidate-specific execution not yet recorded; discovery command is export sample only
math/fdim	2	C07	inputs: Fixed([Matrix { element: K0, dimensions: [D0, D1] }, K1]), outputs: [Matrix { element: K2, dimensions: [D0, D1] }]	FloatingPoint,Number	f32,f64	f64 B10; f32 scalar/scalar or matrix/matrix with identical schema keys; f32 broadcasts=target-rejection admission obligation	ModuleOnly	named-call	"""+> math\nanswer := math/fdim(2.0, 1.0)\nanswer\n"""	FLOAT-BINARY;PROMOTION;LAYOUT;TURN;VISIBILITY	per-operation independent scalar oracle lifted elementwise	scheme.rs:1426; numeric.rs floating binary dispatch	MECH_AUDIT_CASE=catalog-math-fdim ./docs/design/grammar-audit/s8-replacement-audit/run-probes.sh semantic_replacement_witnesses	specified; candidate-specific execution not yet recorded; discovery command is export sample only
math/fdim	3	C07	inputs: Fixed([K0, Matrix { element: K1, dimensions: [D0, D1] }]), outputs: [Matrix { element: K2, dimensions: [D0, D1] }]	FloatingPoint,Number	f32,f64	f64 B10; f32 scalar/scalar or matrix/matrix with identical schema keys; f32 broadcasts=target-rejection admission obligation	ModuleOnly	named-call	"""+> math\nanswer := math/fdim(2.0, 1.0)\nanswer\n"""	FLOAT-BINARY;PROMOTION;LAYOUT;TURN;VISIBILITY	per-operation independent scalar oracle lifted elementwise	scheme.rs:1426; numeric.rs floating binary dispatch	MECH_AUDIT_CASE=catalog-math-fdim ./docs/design/grammar-audit/s8-replacement-audit/run-probes.sh semantic_replacement_witnesses	specified; candidate-specific execution not yet recorded; discovery command is export sample only
math/fdim	4	C07	inputs: Fixed([Matrix { element: K0, dimensions: [D0, D1] }, Matrix { element: K1, dimensions: [D2, 1] }]), outputs: [Matrix { element: K2, dimensions: [D0, D1] }]	FloatingPoint,Number	f32,f64	f64 B10; f32 scalar/scalar or matrix/matrix with identical schema keys; f32 broadcasts=target-rejection admission obligation	ModuleOnly	named-call	"""+> math\nanswer := math/fdim(2.0, 1.0)\nanswer\n"""	FLOAT-BINARY;PROMOTION;LAYOUT;TURN;VISIBILITY	per-operation independent scalar oracle lifted elementwise	scheme.rs:1426; numeric.rs floating binary dispatch	MECH_AUDIT_CASE=catalog-math-fdim ./docs/design/grammar-audit/s8-replacement-audit/run-probes.sh semantic_replacement_witnesses	specified; candidate-specific execution not yet recorded; discovery command is export sample only
math/fdim	5	C07	inputs: Fixed([Matrix { element: K0, dimensions: [D0, D1] }, Matrix { element: K1, dimensions: [1, D2] }]), outputs: [Matrix { element: K2, dimensions: [D0, D1] }]	FloatingPoint,Number	f32,f64	f64 B10; f32 scalar/scalar or matrix/matrix with identical schema keys; f32 broadcasts=target-rejection admission obligation	ModuleOnly	named-call	"""+> math\nanswer := math/fdim(2.0, 1.0)\nanswer\n"""	FLOAT-BINARY;PROMOTION;LAYOUT;TURN;VISIBILITY	per-operation independent scalar oracle lifted elementwise	scheme.rs:1426; numeric.rs floating binary dispatch	MECH_AUDIT_CASE=catalog-math-fdim ./docs/design/grammar-audit/s8-replacement-audit/run-probes.sh semantic_replacement_witnesses	specified; candidate-specific execution not yet recorded; discovery command is export sample only
math/fdim	6	C07	inputs: Fixed([Matrix { element: K0, dimensions: [D2, 1] }, Matrix { element: K1, dimensions: [D0, D1] }]), outputs: [Matrix { element: K2, dimensions: [D0, D1] }]	FloatingPoint,Number	f32,f64	f64 B10; f32 scalar/scalar or matrix/matrix with identical schema keys; f32 broadcasts=target-rejection admission obligation	ModuleOnly	named-call	"""+> math\nanswer := math/fdim(2.0, 1.0)\nanswer\n"""	FLOAT-BINARY;PROMOTION;LAYOUT;TURN;VISIBILITY	per-operation independent scalar oracle lifted elementwise	scheme.rs:1426; numeric.rs floating binary dispatch	MECH_AUDIT_CASE=catalog-math-fdim ./docs/design/grammar-audit/s8-replacement-audit/run-probes.sh semantic_replacement_witnesses	specified; candidate-specific execution not yet recorded; discovery command is export sample only
math/fdim	7	C07	inputs: Fixed([Matrix { element: K0, dimensions: [1, D2] }, Matrix { element: K1, dimensions: [D0, D1] }]), outputs: [Matrix { element: K2, dimensions: [D0, D1] }]	FloatingPoint,Number	f32,f64	f64 B10; f32 scalar/scalar or matrix/matrix with identical schema keys; f32 broadcasts=target-rejection admission obligation	ModuleOnly	named-call	"""+> math\nanswer := math/fdim(2.0, 1.0)\nanswer\n"""	FLOAT-BINARY;PROMOTION;LAYOUT;TURN;VISIBILITY	per-operation independent scalar oracle lifted elementwise	scheme.rs:1426; numeric.rs floating binary dispatch	MECH_AUDIT_CASE=catalog-math-fdim ./docs/design/grammar-audit/s8-replacement-audit/run-probes.sh semantic_replacement_witnesses	specified; candidate-specific execution not yet recorded; discovery command is export sample only
math/fdim	8	C07	inputs: Fixed([Matrix { element: K0, dimensions: [D0, D1] }, Matrix { element: K1, dimensions: [D2, D3] }]), outputs: [Matrix { element: K2, dimensions: [D0, D1] }]	FloatingPoint,Number	f32,f64	f64 B10; f32 scalar/scalar or matrix/matrix with identical schema keys; f32 broadcasts=target-rejection admission obligation	ModuleOnly	named-call	"""+> math\nanswer := math/fdim(2.0, 1.0)\nanswer\n"""	FLOAT-BINARY;PROMOTION;LAYOUT;TURN;VISIBILITY	per-operation independent scalar oracle lifted elementwise	scheme.rs:1426; numeric.rs floating binary dispatch	MECH_AUDIT_CASE=catalog-math-fdim ./docs/design/grammar-audit/s8-replacement-audit/run-probes.sh semantic_replacement_witnesses	specified; candidate-specific execution not yet recorded; discovery command is export sample only
math/fdim	9	C07	inputs: Fixed([Matrix { element: K0, dimensions: [D0, D1] }, Matrix { element: K1, dimensions: [D2, D3] }]), outputs: [Matrix { element: K2, dimensions: [D2, D3] }]	FloatingPoint,Number	f32,f64	f64 B10; f32 scalar/scalar or matrix/matrix with identical schema keys; f32 broadcasts=target-rejection admission obligation	ModuleOnly	named-call	"""+> math\nanswer := math/fdim(2.0, 1.0)\nanswer\n"""	FLOAT-BINARY;PROMOTION;LAYOUT;TURN;VISIBILITY	per-operation independent scalar oracle lifted elementwise	scheme.rs:1426; numeric.rs floating binary dispatch	MECH_AUDIT_CASE=catalog-math-fdim ./docs/design/grammar-audit/s8-replacement-audit/run-probes.sh semantic_replacement_witnesses	specified; candidate-specific execution not yet recorded; discovery command is export sample only
math/floor	0	C06	inputs: Fixed([K0]), outputs: [K0]	FloatingPoint	f32,f64	f32,f64	ModuleOnly	named-call	"""+> math\nanswer := math/floor(2.0)\nanswer\n"""	FLOAT-UNARY;LAYOUT;TURN;VISIBILITY	per-operation exact anchors and independent high-precision reference, IEEE class checks	scheme.rs:1427; numeric.rs floating unary dispatch	MECH_AUDIT_CASE=catalog-math-floor ./docs/design/grammar-audit/s8-replacement-audit/run-probes.sh semantic_replacement_witnesses	specified; candidate-specific execution not yet recorded; discovery command is export sample only
math/floor	1	C06	inputs: Fixed([Matrix { element: K0, dimensions: [D0, D1] }]), outputs: [Matrix { element: K0, dimensions: [D0, D1] }]	FloatingPoint	f32,f64	f32,f64	ModuleOnly	named-call	"""+> math\nanswer := math/floor(2.0)\nanswer\n"""	FLOAT-UNARY;LAYOUT;TURN;VISIBILITY	per-operation exact anchors and independent high-precision reference, IEEE class checks	scheme.rs:1427; numeric.rs floating unary dispatch	MECH_AUDIT_CASE=catalog-math-floor ./docs/design/grammar-audit/s8-replacement-audit/run-probes.sh semantic_replacement_witnesses	specified; candidate-specific execution not yet recorded; discovery command is export sample only
math/fmod	0	C07	inputs: Fixed([K0, K1]), outputs: [K2]	FloatingPoint,Number	f32,f64	f64 B10; f32 scalar/scalar or matrix/matrix with identical schema keys; f32 broadcasts=target-rejection admission obligation	ModuleOnly	named-call	"""+> math\nanswer := math/fmod(2.0, 1.0)\nanswer\n"""	FLOAT-BINARY;PROMOTION;LAYOUT;TURN;VISIBILITY	per-operation independent scalar oracle lifted elementwise	scheme.rs:1426; numeric.rs floating binary dispatch	MECH_AUDIT_CASE=catalog-math-fmod ./docs/design/grammar-audit/s8-replacement-audit/run-probes.sh semantic_replacement_witnesses	specified; candidate-specific execution not yet recorded; discovery command is export sample only
math/fmod	1	C07	inputs: Fixed([Matrix { element: K0, dimensions: [D0, D1] }, Matrix { element: K1, dimensions: [D0, D1] }]), outputs: [Matrix { element: K2, dimensions: [D0, D1] }]	FloatingPoint,Number	f32,f64	f64 B10; f32 scalar/scalar or matrix/matrix with identical schema keys; f32 broadcasts=target-rejection admission obligation	ModuleOnly	named-call	"""+> math\nanswer := math/fmod(2.0, 1.0)\nanswer\n"""	FLOAT-BINARY;PROMOTION;LAYOUT;TURN;VISIBILITY	per-operation independent scalar oracle lifted elementwise	scheme.rs:1426; numeric.rs floating binary dispatch	MECH_AUDIT_CASE=catalog-math-fmod ./docs/design/grammar-audit/s8-replacement-audit/run-probes.sh semantic_replacement_witnesses	specified; candidate-specific execution not yet recorded; discovery command is export sample only
math/fmod	2	C07	inputs: Fixed([Matrix { element: K0, dimensions: [D0, D1] }, K1]), outputs: [Matrix { element: K2, dimensions: [D0, D1] }]	FloatingPoint,Number	f32,f64	f64 B10; f32 scalar/scalar or matrix/matrix with identical schema keys; f32 broadcasts=target-rejection admission obligation	ModuleOnly	named-call	"""+> math\nanswer := math/fmod(2.0, 1.0)\nanswer\n"""	FLOAT-BINARY;PROMOTION;LAYOUT;TURN;VISIBILITY	per-operation independent scalar oracle lifted elementwise	scheme.rs:1426; numeric.rs floating binary dispatch	MECH_AUDIT_CASE=catalog-math-fmod ./docs/design/grammar-audit/s8-replacement-audit/run-probes.sh semantic_replacement_witnesses	specified; candidate-specific execution not yet recorded; discovery command is export sample only
math/fmod	3	C07	inputs: Fixed([K0, Matrix { element: K1, dimensions: [D0, D1] }]), outputs: [Matrix { element: K2, dimensions: [D0, D1] }]	FloatingPoint,Number	f32,f64	f64 B10; f32 scalar/scalar or matrix/matrix with identical schema keys; f32 broadcasts=target-rejection admission obligation	ModuleOnly	named-call	"""+> math\nanswer := math/fmod(2.0, 1.0)\nanswer\n"""	FLOAT-BINARY;PROMOTION;LAYOUT;TURN;VISIBILITY	per-operation independent scalar oracle lifted elementwise	scheme.rs:1426; numeric.rs floating binary dispatch	MECH_AUDIT_CASE=catalog-math-fmod ./docs/design/grammar-audit/s8-replacement-audit/run-probes.sh semantic_replacement_witnesses	specified; candidate-specific execution not yet recorded; discovery command is export sample only
math/fmod	4	C07	inputs: Fixed([Matrix { element: K0, dimensions: [D0, D1] }, Matrix { element: K1, dimensions: [D2, 1] }]), outputs: [Matrix { element: K2, dimensions: [D0, D1] }]	FloatingPoint,Number	f32,f64	f64 B10; f32 scalar/scalar or matrix/matrix with identical schema keys; f32 broadcasts=target-rejection admission obligation	ModuleOnly	named-call	"""+> math\nanswer := math/fmod(2.0, 1.0)\nanswer\n"""	FLOAT-BINARY;PROMOTION;LAYOUT;TURN;VISIBILITY	per-operation independent scalar oracle lifted elementwise	scheme.rs:1426; numeric.rs floating binary dispatch	MECH_AUDIT_CASE=catalog-math-fmod ./docs/design/grammar-audit/s8-replacement-audit/run-probes.sh semantic_replacement_witnesses	specified; candidate-specific execution not yet recorded; discovery command is export sample only
math/fmod	5	C07	inputs: Fixed([Matrix { element: K0, dimensions: [D0, D1] }, Matrix { element: K1, dimensions: [1, D2] }]), outputs: [Matrix { element: K2, dimensions: [D0, D1] }]	FloatingPoint,Number	f32,f64	f64 B10; f32 scalar/scalar or matrix/matrix with identical schema keys; f32 broadcasts=target-rejection admission obligation	ModuleOnly	named-call	"""+> math\nanswer := math/fmod(2.0, 1.0)\nanswer\n"""	FLOAT-BINARY;PROMOTION;LAYOUT;TURN;VISIBILITY	per-operation independent scalar oracle lifted elementwise	scheme.rs:1426; numeric.rs floating binary dispatch	MECH_AUDIT_CASE=catalog-math-fmod ./docs/design/grammar-audit/s8-replacement-audit/run-probes.sh semantic_replacement_witnesses	specified; candidate-specific execution not yet recorded; discovery command is export sample only
math/fmod	6	C07	inputs: Fixed([Matrix { element: K0, dimensions: [D2, 1] }, Matrix { element: K1, dimensions: [D0, D1] }]), outputs: [Matrix { element: K2, dimensions: [D0, D1] }]	FloatingPoint,Number	f32,f64	f64 B10; f32 scalar/scalar or matrix/matrix with identical schema keys; f32 broadcasts=target-rejection admission obligation	ModuleOnly	named-call	"""+> math\nanswer := math/fmod(2.0, 1.0)\nanswer\n"""	FLOAT-BINARY;PROMOTION;LAYOUT;TURN;VISIBILITY	per-operation independent scalar oracle lifted elementwise	scheme.rs:1426; numeric.rs floating binary dispatch	MECH_AUDIT_CASE=catalog-math-fmod ./docs/design/grammar-audit/s8-replacement-audit/run-probes.sh semantic_replacement_witnesses	specified; candidate-specific execution not yet recorded; discovery command is export sample only
math/fmod	7	C07	inputs: Fixed([Matrix { element: K0, dimensions: [1, D2] }, Matrix { element: K1, dimensions: [D0, D1] }]), outputs: [Matrix { element: K2, dimensions: [D0, D1] }]	FloatingPoint,Number	f32,f64	f64 B10; f32 scalar/scalar or matrix/matrix with identical schema keys; f32 broadcasts=target-rejection admission obligation	ModuleOnly	named-call	"""+> math\nanswer := math/fmod(2.0, 1.0)\nanswer\n"""	FLOAT-BINARY;PROMOTION;LAYOUT;TURN;VISIBILITY	per-operation independent scalar oracle lifted elementwise	scheme.rs:1426; numeric.rs floating binary dispatch	MECH_AUDIT_CASE=catalog-math-fmod ./docs/design/grammar-audit/s8-replacement-audit/run-probes.sh semantic_replacement_witnesses	specified; candidate-specific execution not yet recorded; discovery command is export sample only
math/fmod	8	C07	inputs: Fixed([Matrix { element: K0, dimensions: [D0, D1] }, Matrix { element: K1, dimensions: [D2, D3] }]), outputs: [Matrix { element: K2, dimensions: [D0, D1] }]	FloatingPoint,Number	f32,f64	f64 B10; f32 scalar/scalar or matrix/matrix with identical schema keys; f32 broadcasts=target-rejection admission obligation	ModuleOnly	named-call	"""+> math\nanswer := math/fmod(2.0, 1.0)\nanswer\n"""	FLOAT-BINARY;PROMOTION;LAYOUT;TURN;VISIBILITY	per-operation independent scalar oracle lifted elementwise	scheme.rs:1426; numeric.rs floating binary dispatch	MECH_AUDIT_CASE=catalog-math-fmod ./docs/design/grammar-audit/s8-replacement-audit/run-probes.sh semantic_replacement_witnesses	specified; candidate-specific execution not yet recorded; discovery command is export sample only
math/fmod	9	C07	inputs: Fixed([Matrix { element: K0, dimensions: [D0, D1] }, Matrix { element: K1, dimensions: [D2, D3] }]), outputs: [Matrix { element: K2, dimensions: [D2, D3] }]	FloatingPoint,Number	f32,f64	f64 B10; f32 scalar/scalar or matrix/matrix with identical schema keys; f32 broadcasts=target-rejection admission obligation	ModuleOnly	named-call	"""+> math\nanswer := math/fmod(2.0, 1.0)\nanswer\n"""	FLOAT-BINARY;PROMOTION;LAYOUT;TURN;VISIBILITY	per-operation independent scalar oracle lifted elementwise	scheme.rs:1426; numeric.rs floating binary dispatch	MECH_AUDIT_CASE=catalog-math-fmod ./docs/design/grammar-audit/s8-replacement-audit/run-probes.sh semantic_replacement_witnesses	specified; candidate-specific execution not yet recorded; discovery command is export sample only
math/lgamma	0	C06	inputs: Fixed([K0]), outputs: [K0]	FloatingPoint	f32,f64	f32,f64	ModuleOnly	named-call	"""+> math\nanswer := math/lgamma(2.0)\nanswer\n"""	FLOAT-UNARY;LAYOUT;TURN;VISIBILITY	per-operation exact anchors and independent high-precision reference, IEEE class checks	scheme.rs:1427; numeric.rs floating unary dispatch	MECH_AUDIT_CASE=catalog-math-lgamma ./docs/design/grammar-audit/s8-replacement-audit/run-probes.sh semantic_replacement_witnesses	specified; candidate-specific execution not yet recorded; discovery command is export sample only
math/lgamma	1	C06	inputs: Fixed([Matrix { element: K0, dimensions: [D0, D1] }]), outputs: [Matrix { element: K0, dimensions: [D0, D1] }]	FloatingPoint	f32,f64	f32,f64	ModuleOnly	named-call	"""+> math\nanswer := math/lgamma(2.0)\nanswer\n"""	FLOAT-UNARY;LAYOUT;TURN;VISIBILITY	per-operation exact anchors and independent high-precision reference, IEEE class checks	scheme.rs:1427; numeric.rs floating unary dispatch	MECH_AUDIT_CASE=catalog-math-lgamma ./docs/design/grammar-audit/s8-replacement-audit/run-probes.sh semantic_replacement_witnesses	specified; candidate-specific execution not yet recorded; discovery command is export sample only
math/log	0	C06	inputs: Fixed([K0]), outputs: [K0]	FloatingPoint	f32,f64	f32,f64	ModuleOnly	named-call	"""+> math\nanswer := math/log(2.0)\nanswer\n"""	FLOAT-UNARY;LAYOUT;TURN;VISIBILITY	per-operation exact anchors and independent high-precision reference, IEEE class checks	scheme.rs:1427; numeric.rs floating unary dispatch	MECH_AUDIT_CASE=catalog-math-log ./docs/design/grammar-audit/s8-replacement-audit/run-probes.sh semantic_replacement_witnesses	specified; candidate-specific execution not yet recorded; discovery command is export sample only
math/log	1	C06	inputs: Fixed([Matrix { element: K0, dimensions: [D0, D1] }]), outputs: [Matrix { element: K0, dimensions: [D0, D1] }]	FloatingPoint	f32,f64	f32,f64	ModuleOnly	named-call	"""+> math\nanswer := math/log(2.0)\nanswer\n"""	FLOAT-UNARY;LAYOUT;TURN;VISIBILITY	per-operation exact anchors and independent high-precision reference, IEEE class checks	scheme.rs:1427; numeric.rs floating unary dispatch	MECH_AUDIT_CASE=catalog-math-log ./docs/design/grammar-audit/s8-replacement-audit/run-probes.sh semantic_replacement_witnesses	specified; candidate-specific execution not yet recorded; discovery command is export sample only
math/log10	0	C06	inputs: Fixed([K0]), outputs: [K0]	FloatingPoint	f32,f64	f32,f64	ModuleOnly	named-call	"""+> math\nanswer := math/log10(2.0)\nanswer\n"""	FLOAT-UNARY;LAYOUT;TURN;VISIBILITY	per-operation exact anchors and independent high-precision reference, IEEE class checks	scheme.rs:1427; numeric.rs floating unary dispatch	MECH_AUDIT_CASE=catalog-math-log10 ./docs/design/grammar-audit/s8-replacement-audit/run-probes.sh semantic_replacement_witnesses	specified; candidate-specific execution not yet recorded; discovery command is export sample only
math/log10	1	C06	inputs: Fixed([Matrix { element: K0, dimensions: [D0, D1] }]), outputs: [Matrix { element: K0, dimensions: [D0, D1] }]	FloatingPoint	f32,f64	f32,f64	ModuleOnly	named-call	"""+> math\nanswer := math/log10(2.0)\nanswer\n"""	FLOAT-UNARY;LAYOUT;TURN;VISIBILITY	per-operation exact anchors and independent high-precision reference, IEEE class checks	scheme.rs:1427; numeric.rs floating unary dispatch	MECH_AUDIT_CASE=catalog-math-log10 ./docs/design/grammar-audit/s8-replacement-audit/run-probes.sh semantic_replacement_witnesses	specified; candidate-specific execution not yet recorded; discovery command is export sample only
math/log1p	0	C06	inputs: Fixed([K0]), outputs: [K0]	FloatingPoint	f32,f64	f32,f64	ModuleOnly	named-call	"""+> math\nanswer := math/log1p(2.0)\nanswer\n"""	FLOAT-UNARY;LAYOUT;TURN;VISIBILITY	per-operation exact anchors and independent high-precision reference, IEEE class checks	scheme.rs:1427; numeric.rs floating unary dispatch	MECH_AUDIT_CASE=catalog-math-log1p ./docs/design/grammar-audit/s8-replacement-audit/run-probes.sh semantic_replacement_witnesses	specified; candidate-specific execution not yet recorded; discovery command is export sample only
math/log1p	1	C06	inputs: Fixed([Matrix { element: K0, dimensions: [D0, D1] }]), outputs: [Matrix { element: K0, dimensions: [D0, D1] }]	FloatingPoint	f32,f64	f32,f64	ModuleOnly	named-call	"""+> math\nanswer := math/log1p(2.0)\nanswer\n"""	FLOAT-UNARY;LAYOUT;TURN;VISIBILITY	per-operation exact anchors and independent high-precision reference, IEEE class checks	scheme.rs:1427; numeric.rs floating unary dispatch	MECH_AUDIT_CASE=catalog-math-log1p ./docs/design/grammar-audit/s8-replacement-audit/run-probes.sh semantic_replacement_witnesses	specified; candidate-specific execution not yet recorded; discovery command is export sample only
math/log2	0	C06	inputs: Fixed([K0]), outputs: [K0]	FloatingPoint	f32,f64	f32,f64	ModuleOnly	named-call	"""+> math\nanswer := math/log2(2.0)\nanswer\n"""	FLOAT-UNARY;LAYOUT;TURN;VISIBILITY	per-operation exact anchors and independent high-precision reference, IEEE class checks	scheme.rs:1427; numeric.rs floating unary dispatch	MECH_AUDIT_CASE=catalog-math-log2 ./docs/design/grammar-audit/s8-replacement-audit/run-probes.sh semantic_replacement_witnesses	specified; candidate-specific execution not yet recorded; discovery command is export sample only
math/log2	1	C06	inputs: Fixed([Matrix { element: K0, dimensions: [D0, D1] }]), outputs: [Matrix { element: K0, dimensions: [D0, D1] }]	FloatingPoint	f32,f64	f32,f64	ModuleOnly	named-call	"""+> math\nanswer := math/log2(2.0)\nanswer\n"""	FLOAT-UNARY;LAYOUT;TURN;VISIBILITY	per-operation exact anchors and independent high-precision reference, IEEE class checks	scheme.rs:1427; numeric.rs floating unary dispatch	MECH_AUDIT_CASE=catalog-math-log2 ./docs/design/grammar-audit/s8-replacement-audit/run-probes.sh semantic_replacement_witnesses	specified; candidate-specific execution not yet recorded; discovery command is export sample only
math/mod	0	C03	inputs: Fixed([K0, K1]), outputs: [K2]	Integer,Number	u8,u16,u32,u64,u128,i8,i16,i32,i64,i128	u8,u16,u32,u64,u128,i8,i16,i32,i64,i128,f32,f64	Prelude	named-call	"""answer := math/mod(2.0, 1.0)\nanswer\n"""	MOD;PROMOTION;LAYOUT;TURN;VISIBILITY	truncation remainder a-trunc(a/b)*b, checked zero and integer min/-1	scheme.rs:1418; numeric.rs:2341	MECH_AUDIT_CASE=catalog-math-mod ./docs/design/grammar-audit/s8-replacement-audit/run-probes.sh semantic_replacement_witnesses	specified; candidate-specific execution not yet recorded; discovery command is export sample only
math/mod	1	C03	inputs: Fixed([Matrix { element: K0, dimensions: [D0, D1] }, Matrix { element: K1, dimensions: [D0, D1] }]), outputs: [Matrix { element: K2, dimensions: [D0, D1] }]	Integer,Number	u8,u16,u32,u64,u128,i8,i16,i32,i64,i128	u8,u16,u32,u64,u128,i8,i16,i32,i64,i128,f32,f64	Prelude	named-call	"""answer := math/mod(2.0, 1.0)\nanswer\n"""	MOD;PROMOTION;LAYOUT;TURN;VISIBILITY	truncation remainder a-trunc(a/b)*b, checked zero and integer min/-1	scheme.rs:1418; numeric.rs:2341	MECH_AUDIT_CASE=catalog-math-mod ./docs/design/grammar-audit/s8-replacement-audit/run-probes.sh semantic_replacement_witnesses	specified; candidate-specific execution not yet recorded; discovery command is export sample only
math/mod	2	C03	inputs: Fixed([Matrix { element: K0, dimensions: [D0, D1] }, K1]), outputs: [Matrix { element: K2, dimensions: [D0, D1] }]	Integer,Number	u8,u16,u32,u64,u128,i8,i16,i32,i64,i128	u8,u16,u32,u64,u128,i8,i16,i32,i64,i128,f32,f64	Prelude	named-call	"""answer := math/mod(2.0, 1.0)\nanswer\n"""	MOD;PROMOTION;LAYOUT;TURN;VISIBILITY	truncation remainder a-trunc(a/b)*b, checked zero and integer min/-1	scheme.rs:1418; numeric.rs:2341	MECH_AUDIT_CASE=catalog-math-mod ./docs/design/grammar-audit/s8-replacement-audit/run-probes.sh semantic_replacement_witnesses	specified; candidate-specific execution not yet recorded; discovery command is export sample only
math/mod	3	C03	inputs: Fixed([K0, Matrix { element: K1, dimensions: [D0, D1] }]), outputs: [Matrix { element: K2, dimensions: [D0, D1] }]	Integer,Number	u8,u16,u32,u64,u128,i8,i16,i32,i64,i128	u8,u16,u32,u64,u128,i8,i16,i32,i64,i128,f32,f64	Prelude	named-call	"""answer := math/mod(2.0, 1.0)\nanswer\n"""	MOD;PROMOTION;LAYOUT;TURN;VISIBILITY	truncation remainder a-trunc(a/b)*b, checked zero and integer min/-1	scheme.rs:1418; numeric.rs:2341	MECH_AUDIT_CASE=catalog-math-mod ./docs/design/grammar-audit/s8-replacement-audit/run-probes.sh semantic_replacement_witnesses	specified; candidate-specific execution not yet recorded; discovery command is export sample only
math/mod	4	C03	inputs: Fixed([Matrix { element: K0, dimensions: [D0, D1] }, Matrix { element: K1, dimensions: [D2, 1] }]), outputs: [Matrix { element: K2, dimensions: [D0, D1] }]	Integer,Number	u8,u16,u32,u64,u128,i8,i16,i32,i64,i128	u8,u16,u32,u64,u128,i8,i16,i32,i64,i128,f32,f64	Prelude	named-call	"""answer := math/mod(2.0, 1.0)\nanswer\n"""	MOD;PROMOTION;LAYOUT;TURN;VISIBILITY	truncation remainder a-trunc(a/b)*b, checked zero and integer min/-1	scheme.rs:1418; numeric.rs:2341	MECH_AUDIT_CASE=catalog-math-mod ./docs/design/grammar-audit/s8-replacement-audit/run-probes.sh semantic_replacement_witnesses	specified; candidate-specific execution not yet recorded; discovery command is export sample only
math/mod	5	C03	inputs: Fixed([Matrix { element: K0, dimensions: [D0, D1] }, Matrix { element: K1, dimensions: [1, D2] }]), outputs: [Matrix { element: K2, dimensions: [D0, D1] }]	Integer,Number	u8,u16,u32,u64,u128,i8,i16,i32,i64,i128	u8,u16,u32,u64,u128,i8,i16,i32,i64,i128,f32,f64	Prelude	named-call	"""answer := math/mod(2.0, 1.0)\nanswer\n"""	MOD;PROMOTION;LAYOUT;TURN;VISIBILITY	truncation remainder a-trunc(a/b)*b, checked zero and integer min/-1	scheme.rs:1418; numeric.rs:2341	MECH_AUDIT_CASE=catalog-math-mod ./docs/design/grammar-audit/s8-replacement-audit/run-probes.sh semantic_replacement_witnesses	specified; candidate-specific execution not yet recorded; discovery command is export sample only
math/mod	6	C03	inputs: Fixed([Matrix { element: K0, dimensions: [D2, 1] }, Matrix { element: K1, dimensions: [D0, D1] }]), outputs: [Matrix { element: K2, dimensions: [D0, D1] }]	Integer,Number	u8,u16,u32,u64,u128,i8,i16,i32,i64,i128	u8,u16,u32,u64,u128,i8,i16,i32,i64,i128,f32,f64	Prelude	named-call	"""answer := math/mod(2.0, 1.0)\nanswer\n"""	MOD;PROMOTION;LAYOUT;TURN;VISIBILITY	truncation remainder a-trunc(a/b)*b, checked zero and integer min/-1	scheme.rs:1418; numeric.rs:2341	MECH_AUDIT_CASE=catalog-math-mod ./docs/design/grammar-audit/s8-replacement-audit/run-probes.sh semantic_replacement_witnesses	specified; candidate-specific execution not yet recorded; discovery command is export sample only
math/mod	7	C03	inputs: Fixed([Matrix { element: K0, dimensions: [1, D2] }, Matrix { element: K1, dimensions: [D0, D1] }]), outputs: [Matrix { element: K2, dimensions: [D0, D1] }]	Integer,Number	u8,u16,u32,u64,u128,i8,i16,i32,i64,i128	u8,u16,u32,u64,u128,i8,i16,i32,i64,i128,f32,f64	Prelude	named-call	"""answer := math/mod(2.0, 1.0)\nanswer\n"""	MOD;PROMOTION;LAYOUT;TURN;VISIBILITY	truncation remainder a-trunc(a/b)*b, checked zero and integer min/-1	scheme.rs:1418; numeric.rs:2341	MECH_AUDIT_CASE=catalog-math-mod ./docs/design/grammar-audit/s8-replacement-audit/run-probes.sh semantic_replacement_witnesses	specified; candidate-specific execution not yet recorded; discovery command is export sample only
math/mod	8	C03	inputs: Fixed([Matrix { element: K0, dimensions: [D0, D1] }, Matrix { element: K1, dimensions: [D2, D3] }]), outputs: [Matrix { element: K2, dimensions: [D0, D1] }]	Integer,Number	u8,u16,u32,u64,u128,i8,i16,i32,i64,i128	u8,u16,u32,u64,u128,i8,i16,i32,i64,i128,f32,f64	Prelude	named-call	"""answer := math/mod(2.0, 1.0)\nanswer\n"""	MOD;PROMOTION;LAYOUT;TURN;VISIBILITY	truncation remainder a-trunc(a/b)*b, checked zero and integer min/-1	scheme.rs:1418; numeric.rs:2341	MECH_AUDIT_CASE=catalog-math-mod ./docs/design/grammar-audit/s8-replacement-audit/run-probes.sh semantic_replacement_witnesses	specified; candidate-specific execution not yet recorded; discovery command is export sample only
math/mod	9	C03	inputs: Fixed([Matrix { element: K0, dimensions: [D0, D1] }, Matrix { element: K1, dimensions: [D2, D3] }]), outputs: [Matrix { element: K2, dimensions: [D2, D3] }]	Integer,Number	u8,u16,u32,u64,u128,i8,i16,i32,i64,i128	u8,u16,u32,u64,u128,i8,i16,i32,i64,i128,f32,f64	Prelude	named-call	"""answer := math/mod(2.0, 1.0)\nanswer\n"""	MOD;PROMOTION;LAYOUT;TURN;VISIBILITY	truncation remainder a-trunc(a/b)*b, checked zero and integer min/-1	scheme.rs:1418; numeric.rs:2341	MECH_AUDIT_CASE=catalog-math-mod ./docs/design/grammar-audit/s8-replacement-audit/run-probes.sh semantic_replacement_witnesses	specified; candidate-specific execution not yet recorded; discovery command is export sample only
math/mod	10	C03	inputs: Fixed([K0, K1]), outputs: [K2]	FloatingPoint,Number	f32,f64	u8,u16,u32,u64,u128,i8,i16,i32,i64,i128,f32,f64	Prelude	named-call	"""answer := math/mod(2.0, 1.0)\nanswer\n"""	MOD;PROMOTION;LAYOUT;TURN;VISIBILITY	truncation remainder a-trunc(a/b)*b, checked zero and integer min/-1	scheme.rs:1418; numeric.rs:2341	MECH_AUDIT_CASE=catalog-math-mod ./docs/design/grammar-audit/s8-replacement-audit/run-probes.sh semantic_replacement_witnesses	specified; candidate-specific execution not yet recorded; discovery command is export sample only
math/mod	11	C03	inputs: Fixed([Matrix { element: K0, dimensions: [D0, D1] }, Matrix { element: K1, dimensions: [D0, D1] }]), outputs: [Matrix { element: K2, dimensions: [D0, D1] }]	FloatingPoint,Number	f32,f64	u8,u16,u32,u64,u128,i8,i16,i32,i64,i128,f32,f64	Prelude	named-call	"""answer := math/mod(2.0, 1.0)\nanswer\n"""	MOD;PROMOTION;LAYOUT;TURN;VISIBILITY	truncation remainder a-trunc(a/b)*b, checked zero and integer min/-1	scheme.rs:1418; numeric.rs:2341	MECH_AUDIT_CASE=catalog-math-mod ./docs/design/grammar-audit/s8-replacement-audit/run-probes.sh semantic_replacement_witnesses	specified; candidate-specific execution not yet recorded; discovery command is export sample only
math/mod	12	C03	inputs: Fixed([Matrix { element: K0, dimensions: [D0, D1] }, K1]), outputs: [Matrix { element: K2, dimensions: [D0, D1] }]	FloatingPoint,Number	f32,f64	u8,u16,u32,u64,u128,i8,i16,i32,i64,i128,f32,f64	Prelude	named-call	"""answer := math/mod(2.0, 1.0)\nanswer\n"""	MOD;PROMOTION;LAYOUT;TURN;VISIBILITY	truncation remainder a-trunc(a/b)*b, checked zero and integer min/-1	scheme.rs:1418; numeric.rs:2341	MECH_AUDIT_CASE=catalog-math-mod ./docs/design/grammar-audit/s8-replacement-audit/run-probes.sh semantic_replacement_witnesses	specified; candidate-specific execution not yet recorded; discovery command is export sample only
math/mod	13	C03	inputs: Fixed([K0, Matrix { element: K1, dimensions: [D0, D1] }]), outputs: [Matrix { element: K2, dimensions: [D0, D1] }]	FloatingPoint,Number	f32,f64	u8,u16,u32,u64,u128,i8,i16,i32,i64,i128,f32,f64	Prelude	named-call	"""answer := math/mod(2.0, 1.0)\nanswer\n"""	MOD;PROMOTION;LAYOUT;TURN;VISIBILITY	truncation remainder a-trunc(a/b)*b, checked zero and integer min/-1	scheme.rs:1418; numeric.rs:2341	MECH_AUDIT_CASE=catalog-math-mod ./docs/design/grammar-audit/s8-replacement-audit/run-probes.sh semantic_replacement_witnesses	specified; candidate-specific execution not yet recorded; discovery command is export sample only
math/mod	14	C03	inputs: Fixed([Matrix { element: K0, dimensions: [D0, D1] }, Matrix { element: K1, dimensions: [D2, 1] }]), outputs: [Matrix { element: K2, dimensions: [D0, D1] }]	FloatingPoint,Number	f32,f64	u8,u16,u32,u64,u128,i8,i16,i32,i64,i128,f32,f64	Prelude	named-call	"""answer := math/mod(2.0, 1.0)\nanswer\n"""	MOD;PROMOTION;LAYOUT;TURN;VISIBILITY	truncation remainder a-trunc(a/b)*b, checked zero and integer min/-1	scheme.rs:1418; numeric.rs:2341	MECH_AUDIT_CASE=catalog-math-mod ./docs/design/grammar-audit/s8-replacement-audit/run-probes.sh semantic_replacement_witnesses	specified; candidate-specific execution not yet recorded; discovery command is export sample only
math/mod	15	C03	inputs: Fixed([Matrix { element: K0, dimensions: [D0, D1] }, Matrix { element: K1, dimensions: [1, D2] }]), outputs: [Matrix { element: K2, dimensions: [D0, D1] }]	FloatingPoint,Number	f32,f64	u8,u16,u32,u64,u128,i8,i16,i32,i64,i128,f32,f64	Prelude	named-call	"""answer := math/mod(2.0, 1.0)\nanswer\n"""	MOD;PROMOTION;LAYOUT;TURN;VISIBILITY	truncation remainder a-trunc(a/b)*b, checked zero and integer min/-1	scheme.rs:1418; numeric.rs:2341	MECH_AUDIT_CASE=catalog-math-mod ./docs/design/grammar-audit/s8-replacement-audit/run-probes.sh semantic_replacement_witnesses	specified; candidate-specific execution not yet recorded; discovery command is export sample only
math/mod	16	C03	inputs: Fixed([Matrix { element: K0, dimensions: [D2, 1] }, Matrix { element: K1, dimensions: [D0, D1] }]), outputs: [Matrix { element: K2, dimensions: [D0, D1] }]	FloatingPoint,Number	f32,f64	u8,u16,u32,u64,u128,i8,i16,i32,i64,i128,f32,f64	Prelude	named-call	"""answer := math/mod(2.0, 1.0)\nanswer\n"""	MOD;PROMOTION;LAYOUT;TURN;VISIBILITY	truncation remainder a-trunc(a/b)*b, checked zero and integer min/-1	scheme.rs:1418; numeric.rs:2341	MECH_AUDIT_CASE=catalog-math-mod ./docs/design/grammar-audit/s8-replacement-audit/run-probes.sh semantic_replacement_witnesses	specified; candidate-specific execution not yet recorded; discovery command is export sample only
math/mod	17	C03	inputs: Fixed([Matrix { element: K0, dimensions: [1, D2] }, Matrix { element: K1, dimensions: [D0, D1] }]), outputs: [Matrix { element: K2, dimensions: [D0, D1] }]	FloatingPoint,Number	f32,f64	u8,u16,u32,u64,u128,i8,i16,i32,i64,i128,f32,f64	Prelude	named-call	"""answer := math/mod(2.0, 1.0)\nanswer\n"""	MOD;PROMOTION;LAYOUT;TURN;VISIBILITY	truncation remainder a-trunc(a/b)*b, checked zero and integer min/-1	scheme.rs:1418; numeric.rs:2341	MECH_AUDIT_CASE=catalog-math-mod ./docs/design/grammar-audit/s8-replacement-audit/run-probes.sh semantic_replacement_witnesses	specified; candidate-specific execution not yet recorded; discovery command is export sample only
math/mod	18	C03	inputs: Fixed([Matrix { element: K0, dimensions: [D0, D1] }, Matrix { element: K1, dimensions: [D2, D3] }]), outputs: [Matrix { element: K2, dimensions: [D0, D1] }]	FloatingPoint,Number	f32,f64	u8,u16,u32,u64,u128,i8,i16,i32,i64,i128,f32,f64	Prelude	named-call	"""answer := math/mod(2.0, 1.0)\nanswer\n"""	MOD;PROMOTION;LAYOUT;TURN;VISIBILITY	truncation remainder a-trunc(a/b)*b, checked zero and integer min/-1	scheme.rs:1418; numeric.rs:2341	MECH_AUDIT_CASE=catalog-math-mod ./docs/design/grammar-audit/s8-replacement-audit/run-probes.sh semantic_replacement_witnesses	specified; candidate-specific execution not yet recorded; discovery command is export sample only
math/mod	19	C03	inputs: Fixed([Matrix { element: K0, dimensions: [D0, D1] }, Matrix { element: K1, dimensions: [D2, D3] }]), outputs: [Matrix { element: K2, dimensions: [D2, D3] }]	FloatingPoint,Number	f32,f64	u8,u16,u32,u64,u128,i8,i16,i32,i64,i128,f32,f64	Prelude	named-call	"""answer := math/mod(2.0, 1.0)\nanswer\n"""	MOD;PROMOTION;LAYOUT;TURN;VISIBILITY	truncation remainder a-trunc(a/b)*b, checked zero and integer min/-1	scheme.rs:1418; numeric.rs:2341	MECH_AUDIT_CASE=catalog-math-mod ./docs/design/grammar-audit/s8-replacement-audit/run-probes.sh semantic_replacement_witnesses	specified; candidate-specific execution not yet recorded; discovery command is export sample only
math/mul	0	C01	inputs: Fixed([K0, K1]), outputs: [K2]	Number	u8,u16,u32,u64,u128,i8,i16,i32,i64,i128,f32,f64,c32,c64,r64	u8,u16,u32,u64,u128,i8,i16,i32,i64,i128,f32,f64,c64,r64; c32=G02	Prelude	named-call	"""answer := math/mul(2.0, 1.0)\nanswer\n"""	ARITH;PROMOTION;LAYOUT;TURN;VISIBILITY	checked integer/Fraction/complex component arithmetic; elementwise broadcasting	scheme.rs:219; numeric.rs:2323,2390	MECH_AUDIT_CASE=catalog-math-mul ./docs/design/grammar-audit/s8-replacement-audit/run-probes.sh semantic_replacement_witnesses	specified; candidate-specific execution not yet recorded; discovery command is export sample only
math/mul	1	C01	inputs: Fixed([Matrix { element: K0, dimensions: [D0, D1] }, Matrix { element: K1, dimensions: [D0, D1] }]), outputs: [Matrix { element: K2, dimensions: [D0, D1] }]	Number	u8,u16,u32,u64,u128,i8,i16,i32,i64,i128,f32,f64,c32,c64,r64	u8,u16,u32,u64,u128,i8,i16,i32,i64,i128,f32,f64,c64,r64; c32=G02	Prelude	named-call	"""answer := math/mul(2.0, 1.0)\nanswer\n"""	ARITH;PROMOTION;LAYOUT;TURN;VISIBILITY	checked integer/Fraction/complex component arithmetic; elementwise broadcasting	scheme.rs:219; numeric.rs:2323,2390	MECH_AUDIT_CASE=catalog-math-mul ./docs/design/grammar-audit/s8-replacement-audit/run-probes.sh semantic_replacement_witnesses	specified; candidate-specific execution not yet recorded; discovery command is export sample only
math/mul	2	C01	inputs: Fixed([Matrix { element: K0, dimensions: [D0, D1] }, K1]), outputs: [Matrix { element: K2, dimensions: [D0, D1] }]	Number	u8,u16,u32,u64,u128,i8,i16,i32,i64,i128,f32,f64,c32,c64,r64	u8,u16,u32,u64,u128,i8,i16,i32,i64,i128,f32,f64,c64,r64; c32=G02	Prelude	named-call	"""answer := math/mul(2.0, 1.0)\nanswer\n"""	ARITH;PROMOTION;LAYOUT;TURN;VISIBILITY	checked integer/Fraction/complex component arithmetic; elementwise broadcasting	scheme.rs:219; numeric.rs:2323,2390	MECH_AUDIT_CASE=catalog-math-mul ./docs/design/grammar-audit/s8-replacement-audit/run-probes.sh semantic_replacement_witnesses	specified; candidate-specific execution not yet recorded; discovery command is export sample only
math/mul	3	C01	inputs: Fixed([K0, Matrix { element: K1, dimensions: [D0, D1] }]), outputs: [Matrix { element: K2, dimensions: [D0, D1] }]	Number	u8,u16,u32,u64,u128,i8,i16,i32,i64,i128,f32,f64,c32,c64,r64	u8,u16,u32,u64,u128,i8,i16,i32,i64,i128,f32,f64,c64,r64; c32=G02	Prelude	named-call	"""answer := math/mul(2.0, 1.0)\nanswer\n"""	ARITH;PROMOTION;LAYOUT;TURN;VISIBILITY	checked integer/Fraction/complex component arithmetic; elementwise broadcasting	scheme.rs:219; numeric.rs:2323,2390	MECH_AUDIT_CASE=catalog-math-mul ./docs/design/grammar-audit/s8-replacement-audit/run-probes.sh semantic_replacement_witnesses	specified; candidate-specific execution not yet recorded; discovery command is export sample only
math/mul	4	C01	inputs: Fixed([Matrix { element: K0, dimensions: [D0, D1] }, Matrix { element: K1, dimensions: [D2, 1] }]), outputs: [Matrix { element: K2, dimensions: [D0, D1] }]	Number	u8,u16,u32,u64,u128,i8,i16,i32,i64,i128,f32,f64,c32,c64,r64	u8,u16,u32,u64,u128,i8,i16,i32,i64,i128,f32,f64,c64,r64; c32=G02	Prelude	named-call	"""answer := math/mul(2.0, 1.0)\nanswer\n"""	ARITH;PROMOTION;LAYOUT;TURN;VISIBILITY	checked integer/Fraction/complex component arithmetic; elementwise broadcasting	scheme.rs:219; numeric.rs:2323,2390	MECH_AUDIT_CASE=catalog-math-mul ./docs/design/grammar-audit/s8-replacement-audit/run-probes.sh semantic_replacement_witnesses	specified; candidate-specific execution not yet recorded; discovery command is export sample only
math/mul	5	C01	inputs: Fixed([Matrix { element: K0, dimensions: [D0, D1] }, Matrix { element: K1, dimensions: [1, D2] }]), outputs: [Matrix { element: K2, dimensions: [D0, D1] }]	Number	u8,u16,u32,u64,u128,i8,i16,i32,i64,i128,f32,f64,c32,c64,r64	u8,u16,u32,u64,u128,i8,i16,i32,i64,i128,f32,f64,c64,r64; c32=G02	Prelude	named-call	"""answer := math/mul(2.0, 1.0)\nanswer\n"""	ARITH;PROMOTION;LAYOUT;TURN;VISIBILITY	checked integer/Fraction/complex component arithmetic; elementwise broadcasting	scheme.rs:219; numeric.rs:2323,2390	MECH_AUDIT_CASE=catalog-math-mul ./docs/design/grammar-audit/s8-replacement-audit/run-probes.sh semantic_replacement_witnesses	specified; candidate-specific execution not yet recorded; discovery command is export sample only
math/mul	6	C01	inputs: Fixed([Matrix { element: K0, dimensions: [D2, 1] }, Matrix { element: K1, dimensions: [D0, D1] }]), outputs: [Matrix { element: K2, dimensions: [D0, D1] }]	Number	u8,u16,u32,u64,u128,i8,i16,i32,i64,i128,f32,f64,c32,c64,r64	u8,u16,u32,u64,u128,i8,i16,i32,i64,i128,f32,f64,c64,r64; c32=G02	Prelude	named-call	"""answer := math/mul(2.0, 1.0)\nanswer\n"""	ARITH;PROMOTION;LAYOUT;TURN;VISIBILITY	checked integer/Fraction/complex component arithmetic; elementwise broadcasting	scheme.rs:219; numeric.rs:2323,2390	MECH_AUDIT_CASE=catalog-math-mul ./docs/design/grammar-audit/s8-replacement-audit/run-probes.sh semantic_replacement_witnesses	specified; candidate-specific execution not yet recorded; discovery command is export sample only
math/mul	7	C01	inputs: Fixed([Matrix { element: K0, dimensions: [1, D2] }, Matrix { element: K1, dimensions: [D0, D1] }]), outputs: [Matrix { element: K2, dimensions: [D0, D1] }]	Number	u8,u16,u32,u64,u128,i8,i16,i32,i64,i128,f32,f64,c32,c64,r64	u8,u16,u32,u64,u128,i8,i16,i32,i64,i128,f32,f64,c64,r64; c32=G02	Prelude	named-call	"""answer := math/mul(2.0, 1.0)\nanswer\n"""	ARITH;PROMOTION;LAYOUT;TURN;VISIBILITY	checked integer/Fraction/complex component arithmetic; elementwise broadcasting	scheme.rs:219; numeric.rs:2323,2390	MECH_AUDIT_CASE=catalog-math-mul ./docs/design/grammar-audit/s8-replacement-audit/run-probes.sh semantic_replacement_witnesses	specified; candidate-specific execution not yet recorded; discovery command is export sample only
math/mul	8	C01	inputs: Fixed([Matrix { element: K0, dimensions: [D0, D1] }, Matrix { element: K1, dimensions: [D2, D3] }]), outputs: [Matrix { element: K2, dimensions: [D0, D1] }]	Number	u8,u16,u32,u64,u128,i8,i16,i32,i64,i128,f32,f64,c32,c64,r64	u8,u16,u32,u64,u128,i8,i16,i32,i64,i128,f32,f64,c64,r64; c32=G02	Prelude	named-call	"""answer := math/mul(2.0, 1.0)\nanswer\n"""	ARITH;PROMOTION;LAYOUT;TURN;VISIBILITY	checked integer/Fraction/complex component arithmetic; elementwise broadcasting	scheme.rs:219; numeric.rs:2323,2390	MECH_AUDIT_CASE=catalog-math-mul ./docs/design/grammar-audit/s8-replacement-audit/run-probes.sh semantic_replacement_witnesses	specified; candidate-specific execution not yet recorded; discovery command is export sample only
math/mul	9	C01	inputs: Fixed([Matrix { element: K0, dimensions: [D0, D1] }, Matrix { element: K1, dimensions: [D2, D3] }]), outputs: [Matrix { element: K2, dimensions: [D2, D3] }]	Number	u8,u16,u32,u64,u128,i8,i16,i32,i64,i128,f32,f64,c32,c64,r64	u8,u16,u32,u64,u128,i8,i16,i32,i64,i128,f32,f64,c64,r64; c32=G02	Prelude	named-call	"""answer := math/mul(2.0, 1.0)\nanswer\n"""	ARITH;PROMOTION;LAYOUT;TURN;VISIBILITY	checked integer/Fraction/complex component arithmetic; elementwise broadcasting	scheme.rs:219; numeric.rs:2323,2390	MECH_AUDIT_CASE=catalog-math-mul ./docs/design/grammar-audit/s8-replacement-audit/run-probes.sh semantic_replacement_witnesses	specified; candidate-specific execution not yet recorded; discovery command is export sample only
math/mul-assign/range	0	C14	inputs: Fixed([K0, K0, K1]), outputs: [K0]	Number	u8,u16,u32,u64,u128,i8,i16,i32,i64,i128,f32,f64,c32,c64,r64	u8,u16,u32,u64,u128,i8,i16,i32,i64,i128,f32,f64,c64,r64; c32=G02; mixed/nested repeats=G04	Prelude	intrinsic-operator	"""~a := [2 4; 6 8]\na[1] *= 2\na\n"""	RMW;PROMOTION;TURN;VISIBILITY	occurrence-ordered fold over selected addresses with staged atomic commit	scheme.rs exact_assignment; document_assignment.rs; numeric.rs selected update binding	MECH_AUDIT_CASE=catalog-math-mul-assign-range ./docs/design/grammar-audit/s8-replacement-audit/run-probes.sh semantic_replacement_witnesses	specified; candidate-specific execution not yet recorded; discovery command is export sample only
math/mul-assign/range	1	C14	inputs: Fixed([Matrix { element: K0, dimensions: [D0, D1] }, K0, K1]), outputs: [Matrix { element: K0, dimensions: [D0, D1] }]	Number	u8,u16,u32,u64,u128,i8,i16,i32,i64,i128,f32,f64,c32,c64,r64	u8,u16,u32,u64,u128,i8,i16,i32,i64,i128,f32,f64,c64,r64; c32=G02; mixed/nested repeats=G04	Prelude	intrinsic-operator	"""~a := [2 4; 6 8]\na[1] *= 2\na\n"""	RMW;PROMOTION;TURN;VISIBILITY	occurrence-ordered fold over selected addresses with staged atomic commit	scheme.rs exact_assignment; document_assignment.rs; numeric.rs selected update binding	MECH_AUDIT_CASE=catalog-math-mul-assign-range ./docs/design/grammar-audit/s8-replacement-audit/run-probes.sh semantic_replacement_witnesses	specified; candidate-specific execution not yet recorded; discovery command is export sample only
math/mul-assign/range	2	C14	inputs: Fixed([Matrix { element: K0, dimensions: [D0, D1] }, Matrix { element: K0, dimensions: [D2, D3] }, K1]), outputs: [Matrix { element: K0, dimensions: [D0, D1] }]	Number	u8,u16,u32,u64,u128,i8,i16,i32,i64,i128,f32,f64,c32,c64,r64	u8,u16,u32,u64,u128,i8,i16,i32,i64,i128,f32,f64,c64,r64; c32=G02; mixed/nested repeats=G04	Prelude	intrinsic-operator	"""~a := [2 4; 6 8]\na[1] *= 2\na\n"""	RMW;PROMOTION;TURN;VISIBILITY	occurrence-ordered fold over selected addresses with staged atomic commit	scheme.rs exact_assignment; document_assignment.rs; numeric.rs selected update binding	MECH_AUDIT_CASE=catalog-math-mul-assign-range ./docs/design/grammar-audit/s8-replacement-audit/run-probes.sh semantic_replacement_witnesses	specified; candidate-specific execution not yet recorded; discovery command is export sample only
math/mul-assign/range-all	0	C14	inputs: Fixed([K0, K0, K1]), outputs: [K0]	Number	u8,u16,u32,u64,u128,i8,i16,i32,i64,i128,f32,f64,c32,c64,r64	u8,u16,u32,u64,u128,i8,i16,i32,i64,i128,f32,f64,c64,r64; c32=G02; mixed/nested repeats=G04	Prelude	intrinsic-operator	"""~a := [2 4; 6 8]\na[1,:] *= 2\na\n"""	RMW;PROMOTION;TURN;VISIBILITY	occurrence-ordered fold over selected addresses with staged atomic commit	scheme.rs exact_assignment; document_assignment.rs; numeric.rs selected update binding	MECH_AUDIT_CASE=catalog-math-mul-assign-range-all ./docs/design/grammar-audit/s8-replacement-audit/run-probes.sh semantic_replacement_witnesses	specified; candidate-specific execution not yet recorded; discovery command is export sample only
math/mul-assign/range-all	1	C14	inputs: Fixed([Matrix { element: K0, dimensions: [D0, D1] }, K0, K1]), outputs: [Matrix { element: K0, dimensions: [D0, D1] }]	Number	u8,u16,u32,u64,u128,i8,i16,i32,i64,i128,f32,f64,c32,c64,r64	u8,u16,u32,u64,u128,i8,i16,i32,i64,i128,f32,f64,c64,r64; c32=G02; mixed/nested repeats=G04	Prelude	intrinsic-operator	"""~a := [2 4; 6 8]\na[1,:] *= 2\na\n"""	RMW;PROMOTION;TURN;VISIBILITY	occurrence-ordered fold over selected addresses with staged atomic commit	scheme.rs exact_assignment; document_assignment.rs; numeric.rs selected update binding	MECH_AUDIT_CASE=catalog-math-mul-assign-range-all ./docs/design/grammar-audit/s8-replacement-audit/run-probes.sh semantic_replacement_witnesses	specified; candidate-specific execution not yet recorded; discovery command is export sample only
math/mul-assign/range-all	2	C14	inputs: Fixed([Matrix { element: K0, dimensions: [D0, D1] }, Matrix { element: K0, dimensions: [D2, D3] }, K1]), outputs: [Matrix { element: K0, dimensions: [D0, D1] }]	Number	u8,u16,u32,u64,u128,i8,i16,i32,i64,i128,f32,f64,c32,c64,r64	u8,u16,u32,u64,u128,i8,i16,i32,i64,i128,f32,f64,c64,r64; c32=G02; mixed/nested repeats=G04	Prelude	intrinsic-operator	"""~a := [2 4; 6 8]\na[1,:] *= 2\na\n"""	RMW;PROMOTION;TURN;VISIBILITY	occurrence-ordered fold over selected addresses with staged atomic commit	scheme.rs exact_assignment; document_assignment.rs; numeric.rs selected update binding	MECH_AUDIT_CASE=catalog-math-mul-assign-range-all ./docs/design/grammar-audit/s8-replacement-audit/run-probes.sh semantic_replacement_witnesses	specified; candidate-specific execution not yet recorded; discovery command is export sample only
math/neg	0	C04	inputs: Fixed([K0]), outputs: [K0]	Negatable	i8,i16,i32,i64,i128,f32,f64,c32,c64,r64	i8,i16,i32,i64,i128,f32,f64,c64,r64; c32=G02	Prelude	named-call	"""answer := math/neg(2.0)\nanswer\n"""	NEG;LAYOUT;TURN;VISIBILITY	exact sign inversion; integer MIN overflow; signed-zero sign bit	scheme.rs:1424; numeric.rs:2356	MECH_AUDIT_CASE=catalog-math-neg ./docs/design/grammar-audit/s8-replacement-audit/run-probes.sh semantic_replacement_witnesses	specified; candidate-specific execution not yet recorded; discovery command is export sample only
math/neg	1	C04	inputs: Fixed([Matrix { element: K0, dimensions: [D0, D1] }]), outputs: [Matrix { element: K0, dimensions: [D0, D1] }]	Negatable	i8,i16,i32,i64,i128,f32,f64,c32,c64,r64	i8,i16,i32,i64,i128,f32,f64,c64,r64; c32=G02	Prelude	named-call	"""answer := math/neg(2.0)\nanswer\n"""	NEG;LAYOUT;TURN;VISIBILITY	exact sign inversion; integer MIN overflow; signed-zero sign bit	scheme.rs:1424; numeric.rs:2356	MECH_AUDIT_CASE=catalog-math-neg ./docs/design/grammar-audit/s8-replacement-audit/run-probes.sh semantic_replacement_witnesses	specified; candidate-specific execution not yet recorded; discovery command is export sample only
math/nextafter	0	C07	inputs: Fixed([K0, K1]), outputs: [K2]	FloatingPoint,Number	f32,f64	f64 B10; f32 scalar/scalar or matrix/matrix with identical schema keys; f32 broadcasts=target-rejection admission obligation	ModuleOnly	named-call	"""+> math\nanswer := math/nextafter(2.0, 1.0)\nanswer\n"""	FLOAT-BINARY;PROMOTION;LAYOUT;TURN;VISIBILITY	per-operation independent scalar oracle lifted elementwise	scheme.rs:1426; numeric.rs floating binary dispatch	MECH_AUDIT_CASE=catalog-math-nextafter ./docs/design/grammar-audit/s8-replacement-audit/run-probes.sh semantic_replacement_witnesses	specified; candidate-specific execution not yet recorded; discovery command is export sample only
math/nextafter	1	C07	inputs: Fixed([Matrix { element: K0, dimensions: [D0, D1] }, Matrix { element: K1, dimensions: [D0, D1] }]), outputs: [Matrix { element: K2, dimensions: [D0, D1] }]	FloatingPoint,Number	f32,f64	f64 B10; f32 scalar/scalar or matrix/matrix with identical schema keys; f32 broadcasts=target-rejection admission obligation	ModuleOnly	named-call	"""+> math\nanswer := math/nextafter(2.0, 1.0)\nanswer\n"""	FLOAT-BINARY;PROMOTION;LAYOUT;TURN;VISIBILITY	per-operation independent scalar oracle lifted elementwise	scheme.rs:1426; numeric.rs floating binary dispatch	MECH_AUDIT_CASE=catalog-math-nextafter ./docs/design/grammar-audit/s8-replacement-audit/run-probes.sh semantic_replacement_witnesses	specified; candidate-specific execution not yet recorded; discovery command is export sample only
math/nextafter	2	C07	inputs: Fixed([Matrix { element: K0, dimensions: [D0, D1] }, K1]), outputs: [Matrix { element: K2, dimensions: [D0, D1] }]	FloatingPoint,Number	f32,f64	f64 B10; f32 scalar/scalar or matrix/matrix with identical schema keys; f32 broadcasts=target-rejection admission obligation	ModuleOnly	named-call	"""+> math\nanswer := math/nextafter(2.0, 1.0)\nanswer\n"""	FLOAT-BINARY;PROMOTION;LAYOUT;TURN;VISIBILITY	per-operation independent scalar oracle lifted elementwise	scheme.rs:1426; numeric.rs floating binary dispatch	MECH_AUDIT_CASE=catalog-math-nextafter ./docs/design/grammar-audit/s8-replacement-audit/run-probes.sh semantic_replacement_witnesses	specified; candidate-specific execution not yet recorded; discovery command is export sample only
math/nextafter	3	C07	inputs: Fixed([K0, Matrix { element: K1, dimensions: [D0, D1] }]), outputs: [Matrix { element: K2, dimensions: [D0, D1] }]	FloatingPoint,Number	f32,f64	f64 B10; f32 scalar/scalar or matrix/matrix with identical schema keys; f32 broadcasts=target-rejection admission obligation	ModuleOnly	named-call	"""+> math\nanswer := math/nextafter(2.0, 1.0)\nanswer\n"""	FLOAT-BINARY;PROMOTION;LAYOUT;TURN;VISIBILITY	per-operation independent scalar oracle lifted elementwise	scheme.rs:1426; numeric.rs floating binary dispatch	MECH_AUDIT_CASE=catalog-math-nextafter ./docs/design/grammar-audit/s8-replacement-audit/run-probes.sh semantic_replacement_witnesses	specified; candidate-specific execution not yet recorded; discovery command is export sample only
math/nextafter	4	C07	inputs: Fixed([Matrix { element: K0, dimensions: [D0, D1] }, Matrix { element: K1, dimensions: [D2, 1] }]), outputs: [Matrix { element: K2, dimensions: [D0, D1] }]	FloatingPoint,Number	f32,f64	f64 B10; f32 scalar/scalar or matrix/matrix with identical schema keys; f32 broadcasts=target-rejection admission obligation	ModuleOnly	named-call	"""+> math\nanswer := math/nextafter(2.0, 1.0)\nanswer\n"""	FLOAT-BINARY;PROMOTION;LAYOUT;TURN;VISIBILITY	per-operation independent scalar oracle lifted elementwise	scheme.rs:1426; numeric.rs floating binary dispatch	MECH_AUDIT_CASE=catalog-math-nextafter ./docs/design/grammar-audit/s8-replacement-audit/run-probes.sh semantic_replacement_witnesses	specified; candidate-specific execution not yet recorded; discovery command is export sample only
math/nextafter	5	C07	inputs: Fixed([Matrix { element: K0, dimensions: [D0, D1] }, Matrix { element: K1, dimensions: [1, D2] }]), outputs: [Matrix { element: K2, dimensions: [D0, D1] }]	FloatingPoint,Number	f32,f64	f64 B10; f32 scalar/scalar or matrix/matrix with identical schema keys; f32 broadcasts=target-rejection admission obligation	ModuleOnly	named-call	"""+> math\nanswer := math/nextafter(2.0, 1.0)\nanswer\n"""	FLOAT-BINARY;PROMOTION;LAYOUT;TURN;VISIBILITY	per-operation independent scalar oracle lifted elementwise	scheme.rs:1426; numeric.rs floating binary dispatch	MECH_AUDIT_CASE=catalog-math-nextafter ./docs/design/grammar-audit/s8-replacement-audit/run-probes.sh semantic_replacement_witnesses	specified; candidate-specific execution not yet recorded; discovery command is export sample only
math/nextafter	6	C07	inputs: Fixed([Matrix { element: K0, dimensions: [D2, 1] }, Matrix { element: K1, dimensions: [D0, D1] }]), outputs: [Matrix { element: K2, dimensions: [D0, D1] }]	FloatingPoint,Number	f32,f64	f64 B10; f32 scalar/scalar or matrix/matrix with identical schema keys; f32 broadcasts=target-rejection admission obligation	ModuleOnly	named-call	"""+> math\nanswer := math/nextafter(2.0, 1.0)\nanswer\n"""	FLOAT-BINARY;PROMOTION;LAYOUT;TURN;VISIBILITY	per-operation independent scalar oracle lifted elementwise	scheme.rs:1426; numeric.rs floating binary dispatch	MECH_AUDIT_CASE=catalog-math-nextafter ./docs/design/grammar-audit/s8-replacement-audit/run-probes.sh semantic_replacement_witnesses	specified; candidate-specific execution not yet recorded; discovery command is export sample only
math/nextafter	7	C07	inputs: Fixed([Matrix { element: K0, dimensions: [1, D2] }, Matrix { element: K1, dimensions: [D0, D1] }]), outputs: [Matrix { element: K2, dimensions: [D0, D1] }]	FloatingPoint,Number	f32,f64	f64 B10; f32 scalar/scalar or matrix/matrix with identical schema keys; f32 broadcasts=target-rejection admission obligation	ModuleOnly	named-call	"""+> math\nanswer := math/nextafter(2.0, 1.0)\nanswer\n"""	FLOAT-BINARY;PROMOTION;LAYOUT;TURN;VISIBILITY	per-operation independent scalar oracle lifted elementwise	scheme.rs:1426; numeric.rs floating binary dispatch	MECH_AUDIT_CASE=catalog-math-nextafter ./docs/design/grammar-audit/s8-replacement-audit/run-probes.sh semantic_replacement_witnesses	specified; candidate-specific execution not yet recorded; discovery command is export sample only
math/nextafter	8	C07	inputs: Fixed([Matrix { element: K0, dimensions: [D0, D1] }, Matrix { element: K1, dimensions: [D2, D3] }]), outputs: [Matrix { element: K2, dimensions: [D0, D1] }]	FloatingPoint,Number	f32,f64	f64 B10; f32 scalar/scalar or matrix/matrix with identical schema keys; f32 broadcasts=target-rejection admission obligation	ModuleOnly	named-call	"""+> math\nanswer := math/nextafter(2.0, 1.0)\nanswer\n"""	FLOAT-BINARY;PROMOTION;LAYOUT;TURN;VISIBILITY	per-operation independent scalar oracle lifted elementwise	scheme.rs:1426; numeric.rs floating binary dispatch	MECH_AUDIT_CASE=catalog-math-nextafter ./docs/design/grammar-audit/s8-replacement-audit/run-probes.sh semantic_replacement_witnesses	specified; candidate-specific execution not yet recorded; discovery command is export sample only
math/nextafter	9	C07	inputs: Fixed([Matrix { element: K0, dimensions: [D0, D1] }, Matrix { element: K1, dimensions: [D2, D3] }]), outputs: [Matrix { element: K2, dimensions: [D2, D3] }]	FloatingPoint,Number	f32,f64	f64 B10; f32 scalar/scalar or matrix/matrix with identical schema keys; f32 broadcasts=target-rejection admission obligation	ModuleOnly	named-call	"""+> math\nanswer := math/nextafter(2.0, 1.0)\nanswer\n"""	FLOAT-BINARY;PROMOTION;LAYOUT;TURN;VISIBILITY	per-operation independent scalar oracle lifted elementwise	scheme.rs:1426; numeric.rs floating binary dispatch	MECH_AUDIT_CASE=catalog-math-nextafter ./docs/design/grammar-audit/s8-replacement-audit/run-probes.sh semantic_replacement_witnesses	specified; candidate-specific execution not yet recorded; discovery command is export sample only
math/pow	0	C02	inputs: Fixed([K0, K1]), outputs: [K2]	Number	u8,u16,u32,u64,u128,i8,i16,i32,i64,i128,f32,f64,c32,c64,r64	u8,u16,u32,f32,f64; r64^i32 scalar separately; other resolved kinds=G02	Prelude	named-call	"""answer := math/pow(2.0, 1.0)\nanswer\n"""	POWER;PROMOTION;LAYOUT;TURN;VISIBILITY	integer checked pow; high-precision real power; exact Fraction integral powers	scheme.rs:1406; numeric.rs:2348,2427	MECH_AUDIT_CASE=catalog-math-pow ./docs/design/grammar-audit/s8-replacement-audit/run-probes.sh semantic_replacement_witnesses	specified; candidate-specific execution not yet recorded; discovery command is export sample only
math/pow	1	C02	inputs: Fixed([Matrix { element: K0, dimensions: [D0, D1] }, Matrix { element: K1, dimensions: [D0, D1] }]), outputs: [Matrix { element: K2, dimensions: [D0, D1] }]	Number	u8,u16,u32,u64,u128,i8,i16,i32,i64,i128,f32,f64,c32,c64,r64	u8,u16,u32,f32,f64; r64^i32 scalar separately; other resolved kinds=G02	Prelude	named-call	"""answer := math/pow(2.0, 1.0)\nanswer\n"""	POWER;PROMOTION;LAYOUT;TURN;VISIBILITY	integer checked pow; high-precision real power; exact Fraction integral powers	scheme.rs:1406; numeric.rs:2348,2427	MECH_AUDIT_CASE=catalog-math-pow ./docs/design/grammar-audit/s8-replacement-audit/run-probes.sh semantic_replacement_witnesses	specified; candidate-specific execution not yet recorded; discovery command is export sample only
math/pow	2	C02	inputs: Fixed([Matrix { element: K0, dimensions: [D0, D1] }, K1]), outputs: [Matrix { element: K2, dimensions: [D0, D1] }]	Number	u8,u16,u32,u64,u128,i8,i16,i32,i64,i128,f32,f64,c32,c64,r64	u8,u16,u32,f32,f64; r64^i32 scalar separately; other resolved kinds=G02	Prelude	named-call	"""answer := math/pow(2.0, 1.0)\nanswer\n"""	POWER;PROMOTION;LAYOUT;TURN;VISIBILITY	integer checked pow; high-precision real power; exact Fraction integral powers	scheme.rs:1406; numeric.rs:2348,2427	MECH_AUDIT_CASE=catalog-math-pow ./docs/design/grammar-audit/s8-replacement-audit/run-probes.sh semantic_replacement_witnesses	specified; candidate-specific execution not yet recorded; discovery command is export sample only
math/pow	3	C02	inputs: Fixed([K0, Matrix { element: K1, dimensions: [D0, D1] }]), outputs: [Matrix { element: K2, dimensions: [D0, D1] }]	Number	u8,u16,u32,u64,u128,i8,i16,i32,i64,i128,f32,f64,c32,c64,r64	u8,u16,u32,f32,f64; r64^i32 scalar separately; other resolved kinds=G02	Prelude	named-call	"""answer := math/pow(2.0, 1.0)\nanswer\n"""	POWER;PROMOTION;LAYOUT;TURN;VISIBILITY	integer checked pow; high-precision real power; exact Fraction integral powers	scheme.rs:1406; numeric.rs:2348,2427	MECH_AUDIT_CASE=catalog-math-pow ./docs/design/grammar-audit/s8-replacement-audit/run-probes.sh semantic_replacement_witnesses	specified; candidate-specific execution not yet recorded; discovery command is export sample only
math/pow	4	C02	inputs: Fixed([Matrix { element: K0, dimensions: [D0, D1] }, Matrix { element: K1, dimensions: [D2, 1] }]), outputs: [Matrix { element: K2, dimensions: [D0, D1] }]	Number	u8,u16,u32,u64,u128,i8,i16,i32,i64,i128,f32,f64,c32,c64,r64	u8,u16,u32,f32,f64; r64^i32 scalar separately; other resolved kinds=G02	Prelude	named-call	"""answer := math/pow(2.0, 1.0)\nanswer\n"""	POWER;PROMOTION;LAYOUT;TURN;VISIBILITY	integer checked pow; high-precision real power; exact Fraction integral powers	scheme.rs:1406; numeric.rs:2348,2427	MECH_AUDIT_CASE=catalog-math-pow ./docs/design/grammar-audit/s8-replacement-audit/run-probes.sh semantic_replacement_witnesses	specified; candidate-specific execution not yet recorded; discovery command is export sample only
math/pow	5	C02	inputs: Fixed([Matrix { element: K0, dimensions: [D0, D1] }, Matrix { element: K1, dimensions: [1, D2] }]), outputs: [Matrix { element: K2, dimensions: [D0, D1] }]	Number	u8,u16,u32,u64,u128,i8,i16,i32,i64,i128,f32,f64,c32,c64,r64	u8,u16,u32,f32,f64; r64^i32 scalar separately; other resolved kinds=G02	Prelude	named-call	"""answer := math/pow(2.0, 1.0)\nanswer\n"""	POWER;PROMOTION;LAYOUT;TURN;VISIBILITY	integer checked pow; high-precision real power; exact Fraction integral powers	scheme.rs:1406; numeric.rs:2348,2427	MECH_AUDIT_CASE=catalog-math-pow ./docs/design/grammar-audit/s8-replacement-audit/run-probes.sh semantic_replacement_witnesses	specified; candidate-specific execution not yet recorded; discovery command is export sample only
math/pow	6	C02	inputs: Fixed([Matrix { element: K0, dimensions: [D2, 1] }, Matrix { element: K1, dimensions: [D0, D1] }]), outputs: [Matrix { element: K2, dimensions: [D0, D1] }]	Number	u8,u16,u32,u64,u128,i8,i16,i32,i64,i128,f32,f64,c32,c64,r64	u8,u16,u32,f32,f64; r64^i32 scalar separately; other resolved kinds=G02	Prelude	named-call	"""answer := math/pow(2.0, 1.0)\nanswer\n"""	POWER;PROMOTION;LAYOUT;TURN;VISIBILITY	integer checked pow; high-precision real power; exact Fraction integral powers	scheme.rs:1406; numeric.rs:2348,2427	MECH_AUDIT_CASE=catalog-math-pow ./docs/design/grammar-audit/s8-replacement-audit/run-probes.sh semantic_replacement_witnesses	specified; candidate-specific execution not yet recorded; discovery command is export sample only
math/pow	7	C02	inputs: Fixed([Matrix { element: K0, dimensions: [1, D2] }, Matrix { element: K1, dimensions: [D0, D1] }]), outputs: [Matrix { element: K2, dimensions: [D0, D1] }]	Number	u8,u16,u32,u64,u128,i8,i16,i32,i64,i128,f32,f64,c32,c64,r64	u8,u16,u32,f32,f64; r64^i32 scalar separately; other resolved kinds=G02	Prelude	named-call	"""answer := math/pow(2.0, 1.0)\nanswer\n"""	POWER;PROMOTION;LAYOUT;TURN;VISIBILITY	integer checked pow; high-precision real power; exact Fraction integral powers	scheme.rs:1406; numeric.rs:2348,2427	MECH_AUDIT_CASE=catalog-math-pow ./docs/design/grammar-audit/s8-replacement-audit/run-probes.sh semantic_replacement_witnesses	specified; candidate-specific execution not yet recorded; discovery command is export sample only
math/pow	8	C02	inputs: Fixed([Matrix { element: K0, dimensions: [D0, D1] }, Matrix { element: K1, dimensions: [D2, D3] }]), outputs: [Matrix { element: K2, dimensions: [D0, D1] }]	Number	u8,u16,u32,u64,u128,i8,i16,i32,i64,i128,f32,f64,c32,c64,r64	u8,u16,u32,f32,f64; r64^i32 scalar separately; other resolved kinds=G02	Prelude	named-call	"""answer := math/pow(2.0, 1.0)\nanswer\n"""	POWER;PROMOTION;LAYOUT;TURN;VISIBILITY	integer checked pow; high-precision real power; exact Fraction integral powers	scheme.rs:1406; numeric.rs:2348,2427	MECH_AUDIT_CASE=catalog-math-pow ./docs/design/grammar-audit/s8-replacement-audit/run-probes.sh semantic_replacement_witnesses	specified; candidate-specific execution not yet recorded; discovery command is export sample only
math/pow	9	C02	inputs: Fixed([Matrix { element: K0, dimensions: [D0, D1] }, Matrix { element: K1, dimensions: [D2, D3] }]), outputs: [Matrix { element: K2, dimensions: [D2, D3] }]	Number	u8,u16,u32,u64,u128,i8,i16,i32,i64,i128,f32,f64,c32,c64,r64	u8,u16,u32,f32,f64; r64^i32 scalar separately; other resolved kinds=G02	Prelude	named-call	"""answer := math/pow(2.0, 1.0)\nanswer\n"""	POWER;PROMOTION;LAYOUT;TURN;VISIBILITY	integer checked pow; high-precision real power; exact Fraction integral powers	scheme.rs:1406; numeric.rs:2348,2427	MECH_AUDIT_CASE=catalog-math-pow ./docs/design/grammar-audit/s8-replacement-audit/run-probes.sh semantic_replacement_witnesses	specified; candidate-specific execution not yet recorded; discovery command is export sample only
math/pow	10	C02	inputs: Fixed([r64, i32]), outputs: [r64]	exact/template	r64 base,i32 exponent	u8,u16,u32,f32,f64; r64^i32 scalar separately; other resolved kinds=G02	Prelude	named-call	"""answer := math/pow(2.0, 1.0)\nanswer\n"""	POWER;PROMOTION;LAYOUT;TURN;VISIBILITY	integer checked pow; high-precision real power; exact Fraction integral powers	scheme.rs:1406; numeric.rs:2348,2427	MECH_AUDIT_CASE=catalog-math-pow ./docs/design/grammar-audit/s8-replacement-audit/run-probes.sh semantic_replacement_witnesses	specified; candidate-specific execution not yet recorded; discovery command is export sample only
math/remainder	0	C07	inputs: Fixed([K0, K1]), outputs: [K2]	FloatingPoint,Number	f32,f64	f64 B10; f32 scalar/scalar or matrix/matrix with identical schema keys; f32 broadcasts=target-rejection admission obligation	ModuleOnly	named-call	"""+> math\nanswer := math/remainder(2.0, 1.0)\nanswer\n"""	FLOAT-BINARY;PROMOTION;LAYOUT;TURN;VISIBILITY	per-operation independent scalar oracle lifted elementwise	scheme.rs:1426; numeric.rs floating binary dispatch	MECH_AUDIT_CASE=catalog-math-remainder ./docs/design/grammar-audit/s8-replacement-audit/run-probes.sh semantic_replacement_witnesses	specified; candidate-specific execution not yet recorded; discovery command is export sample only
math/remainder	1	C07	inputs: Fixed([Matrix { element: K0, dimensions: [D0, D1] }, Matrix { element: K1, dimensions: [D0, D1] }]), outputs: [Matrix { element: K2, dimensions: [D0, D1] }]	FloatingPoint,Number	f32,f64	f64 B10; f32 scalar/scalar or matrix/matrix with identical schema keys; f32 broadcasts=target-rejection admission obligation	ModuleOnly	named-call	"""+> math\nanswer := math/remainder(2.0, 1.0)\nanswer\n"""	FLOAT-BINARY;PROMOTION;LAYOUT;TURN;VISIBILITY	per-operation independent scalar oracle lifted elementwise	scheme.rs:1426; numeric.rs floating binary dispatch	MECH_AUDIT_CASE=catalog-math-remainder ./docs/design/grammar-audit/s8-replacement-audit/run-probes.sh semantic_replacement_witnesses	specified; candidate-specific execution not yet recorded; discovery command is export sample only
math/remainder	2	C07	inputs: Fixed([Matrix { element: K0, dimensions: [D0, D1] }, K1]), outputs: [Matrix { element: K2, dimensions: [D0, D1] }]	FloatingPoint,Number	f32,f64	f64 B10; f32 scalar/scalar or matrix/matrix with identical schema keys; f32 broadcasts=target-rejection admission obligation	ModuleOnly	named-call	"""+> math\nanswer := math/remainder(2.0, 1.0)\nanswer\n"""	FLOAT-BINARY;PROMOTION;LAYOUT;TURN;VISIBILITY	per-operation independent scalar oracle lifted elementwise	scheme.rs:1426; numeric.rs floating binary dispatch	MECH_AUDIT_CASE=catalog-math-remainder ./docs/design/grammar-audit/s8-replacement-audit/run-probes.sh semantic_replacement_witnesses	specified; candidate-specific execution not yet recorded; discovery command is export sample only
math/remainder	3	C07	inputs: Fixed([K0, Matrix { element: K1, dimensions: [D0, D1] }]), outputs: [Matrix { element: K2, dimensions: [D0, D1] }]	FloatingPoint,Number	f32,f64	f64 B10; f32 scalar/scalar or matrix/matrix with identical schema keys; f32 broadcasts=target-rejection admission obligation	ModuleOnly	named-call	"""+> math\nanswer := math/remainder(2.0, 1.0)\nanswer\n"""	FLOAT-BINARY;PROMOTION;LAYOUT;TURN;VISIBILITY	per-operation independent scalar oracle lifted elementwise	scheme.rs:1426; numeric.rs floating binary dispatch	MECH_AUDIT_CASE=catalog-math-remainder ./docs/design/grammar-audit/s8-replacement-audit/run-probes.sh semantic_replacement_witnesses	specified; candidate-specific execution not yet recorded; discovery command is export sample only
math/remainder	4	C07	inputs: Fixed([Matrix { element: K0, dimensions: [D0, D1] }, Matrix { element: K1, dimensions: [D2, 1] }]), outputs: [Matrix { element: K2, dimensions: [D0, D1] }]	FloatingPoint,Number	f32,f64	f64 B10; f32 scalar/scalar or matrix/matrix with identical schema keys; f32 broadcasts=target-rejection admission obligation	ModuleOnly	named-call	"""+> math\nanswer := math/remainder(2.0, 1.0)\nanswer\n"""	FLOAT-BINARY;PROMOTION;LAYOUT;TURN;VISIBILITY	per-operation independent scalar oracle lifted elementwise	scheme.rs:1426; numeric.rs floating binary dispatch	MECH_AUDIT_CASE=catalog-math-remainder ./docs/design/grammar-audit/s8-replacement-audit/run-probes.sh semantic_replacement_witnesses	specified; candidate-specific execution not yet recorded; discovery command is export sample only
math/remainder	5	C07	inputs: Fixed([Matrix { element: K0, dimensions: [D0, D1] }, Matrix { element: K1, dimensions: [1, D2] }]), outputs: [Matrix { element: K2, dimensions: [D0, D1] }]	FloatingPoint,Number	f32,f64	f64 B10; f32 scalar/scalar or matrix/matrix with identical schema keys; f32 broadcasts=target-rejection admission obligation	ModuleOnly	named-call	"""+> math\nanswer := math/remainder(2.0, 1.0)\nanswer\n"""	FLOAT-BINARY;PROMOTION;LAYOUT;TURN;VISIBILITY	per-operation independent scalar oracle lifted elementwise	scheme.rs:1426; numeric.rs floating binary dispatch	MECH_AUDIT_CASE=catalog-math-remainder ./docs/design/grammar-audit/s8-replacement-audit/run-probes.sh semantic_replacement_witnesses	specified; candidate-specific execution not yet recorded; discovery command is export sample only
math/remainder	6	C07	inputs: Fixed([Matrix { element: K0, dimensions: [D2, 1] }, Matrix { element: K1, dimensions: [D0, D1] }]), outputs: [Matrix { element: K2, dimensions: [D0, D1] }]	FloatingPoint,Number	f32,f64	f64 B10; f32 scalar/scalar or matrix/matrix with identical schema keys; f32 broadcasts=target-rejection admission obligation	ModuleOnly	named-call	"""+> math\nanswer := math/remainder(2.0, 1.0)\nanswer\n"""	FLOAT-BINARY;PROMOTION;LAYOUT;TURN;VISIBILITY	per-operation independent scalar oracle lifted elementwise	scheme.rs:1426; numeric.rs floating binary dispatch	MECH_AUDIT_CASE=catalog-math-remainder ./docs/design/grammar-audit/s8-replacement-audit/run-probes.sh semantic_replacement_witnesses	specified; candidate-specific execution not yet recorded; discovery command is export sample only
math/remainder	7	C07	inputs: Fixed([Matrix { element: K0, dimensions: [1, D2] }, Matrix { element: K1, dimensions: [D0, D1] }]), outputs: [Matrix { element: K2, dimensions: [D0, D1] }]	FloatingPoint,Number	f32,f64	f64 B10; f32 scalar/scalar or matrix/matrix with identical schema keys; f32 broadcasts=target-rejection admission obligation	ModuleOnly	named-call	"""+> math\nanswer := math/remainder(2.0, 1.0)\nanswer\n"""	FLOAT-BINARY;PROMOTION;LAYOUT;TURN;VISIBILITY	per-operation independent scalar oracle lifted elementwise	scheme.rs:1426; numeric.rs floating binary dispatch	MECH_AUDIT_CASE=catalog-math-remainder ./docs/design/grammar-audit/s8-replacement-audit/run-probes.sh semantic_replacement_witnesses	specified; candidate-specific execution not yet recorded; discovery command is export sample only
math/remainder	8	C07	inputs: Fixed([Matrix { element: K0, dimensions: [D0, D1] }, Matrix { element: K1, dimensions: [D2, D3] }]), outputs: [Matrix { element: K2, dimensions: [D0, D1] }]	FloatingPoint,Number	f32,f64	f64 B10; f32 scalar/scalar or matrix/matrix with identical schema keys; f32 broadcasts=target-rejection admission obligation	ModuleOnly	named-call	"""+> math\nanswer := math/remainder(2.0, 1.0)\nanswer\n"""	FLOAT-BINARY;PROMOTION;LAYOUT;TURN;VISIBILITY	per-operation independent scalar oracle lifted elementwise	scheme.rs:1426; numeric.rs floating binary dispatch	MECH_AUDIT_CASE=catalog-math-remainder ./docs/design/grammar-audit/s8-replacement-audit/run-probes.sh semantic_replacement_witnesses	specified; candidate-specific execution not yet recorded; discovery command is export sample only
math/remainder	9	C07	inputs: Fixed([Matrix { element: K0, dimensions: [D0, D1] }, Matrix { element: K1, dimensions: [D2, D3] }]), outputs: [Matrix { element: K2, dimensions: [D2, D3] }]	FloatingPoint,Number	f32,f64	f64 B10; f32 scalar/scalar or matrix/matrix with identical schema keys; f32 broadcasts=target-rejection admission obligation	ModuleOnly	named-call	"""+> math\nanswer := math/remainder(2.0, 1.0)\nanswer\n"""	FLOAT-BINARY;PROMOTION;LAYOUT;TURN;VISIBILITY	per-operation independent scalar oracle lifted elementwise	scheme.rs:1426; numeric.rs floating binary dispatch	MECH_AUDIT_CASE=catalog-math-remainder ./docs/design/grammar-audit/s8-replacement-audit/run-probes.sh semantic_replacement_witnesses	specified; candidate-specific execution not yet recorded; discovery command is export sample only
math/rint	0	C06	inputs: Fixed([K0]), outputs: [K0]	FloatingPoint	f32,f64	f32,f64	ModuleOnly	named-call	"""+> math\nanswer := math/rint(2.0)\nanswer\n"""	FLOAT-UNARY;LAYOUT;TURN;VISIBILITY	per-operation exact anchors and independent high-precision reference, IEEE class checks	scheme.rs:1427; numeric.rs floating unary dispatch	MECH_AUDIT_CASE=catalog-math-rint ./docs/design/grammar-audit/s8-replacement-audit/run-probes.sh semantic_replacement_witnesses	specified; candidate-specific execution not yet recorded; discovery command is export sample only
math/rint	1	C06	inputs: Fixed([Matrix { element: K0, dimensions: [D0, D1] }]), outputs: [Matrix { element: K0, dimensions: [D0, D1] }]	FloatingPoint	f32,f64	f32,f64	ModuleOnly	named-call	"""+> math\nanswer := math/rint(2.0)\nanswer\n"""	FLOAT-UNARY;LAYOUT;TURN;VISIBILITY	per-operation exact anchors and independent high-precision reference, IEEE class checks	scheme.rs:1427; numeric.rs floating unary dispatch	MECH_AUDIT_CASE=catalog-math-rint ./docs/design/grammar-audit/s8-replacement-audit/run-probes.sh semantic_replacement_witnesses	specified; candidate-specific execution not yet recorded; discovery command is export sample only
math/round	0	C06	inputs: Fixed([K0]), outputs: [K0]	FloatingPoint	f32,f64	f32,f64	ModuleOnly	named-call	"""+> math\nanswer := math/round(2.0)\nanswer\n"""	FLOAT-UNARY;LAYOUT;TURN;VISIBILITY	per-operation exact anchors and independent high-precision reference, IEEE class checks	scheme.rs:1427; numeric.rs floating unary dispatch	MECH_AUDIT_CASE=catalog-math-round ./docs/design/grammar-audit/s8-replacement-audit/run-probes.sh semantic_replacement_witnesses	specified; candidate-specific execution not yet recorded; discovery command is export sample only
math/round	1	C06	inputs: Fixed([Matrix { element: K0, dimensions: [D0, D1] }]), outputs: [Matrix { element: K0, dimensions: [D0, D1] }]	FloatingPoint	f32,f64	f32,f64	ModuleOnly	named-call	"""+> math\nanswer := math/round(2.0)\nanswer\n"""	FLOAT-UNARY;LAYOUT;TURN;VISIBILITY	per-operation exact anchors and independent high-precision reference, IEEE class checks	scheme.rs:1427; numeric.rs floating unary dispatch	MECH_AUDIT_CASE=catalog-math-round ./docs/design/grammar-audit/s8-replacement-audit/run-probes.sh semantic_replacement_witnesses	specified; candidate-specific execution not yet recorded; discovery command is export sample only
math/roundeven	0	C06	inputs: Fixed([K0]), outputs: [K0]	FloatingPoint	f32,f64	f32,f64	ModuleOnly	named-call	"""+> math\nanswer := math/roundeven(2.0)\nanswer\n"""	FLOAT-UNARY;LAYOUT;TURN;VISIBILITY	per-operation exact anchors and independent high-precision reference, IEEE class checks	scheme.rs:1427; numeric.rs floating unary dispatch	MECH_AUDIT_CASE=catalog-math-roundeven ./docs/design/grammar-audit/s8-replacement-audit/run-probes.sh semantic_replacement_witnesses	specified; candidate-specific execution not yet recorded; discovery command is export sample only
math/roundeven	1	C06	inputs: Fixed([Matrix { element: K0, dimensions: [D0, D1] }]), outputs: [Matrix { element: K0, dimensions: [D0, D1] }]	FloatingPoint	f32,f64	f32,f64	ModuleOnly	named-call	"""+> math\nanswer := math/roundeven(2.0)\nanswer\n"""	FLOAT-UNARY;LAYOUT;TURN;VISIBILITY	per-operation exact anchors and independent high-precision reference, IEEE class checks	scheme.rs:1427; numeric.rs floating unary dispatch	MECH_AUDIT_CASE=catalog-math-roundeven ./docs/design/grammar-audit/s8-replacement-audit/run-probes.sh semantic_replacement_witnesses	specified; candidate-specific execution not yet recorded; discovery command is export sample only
math/sec	0	C06	inputs: Fixed([K0]), outputs: [K0]	FloatingPoint	f32,f64	f32,f64	ModuleOnly	named-call	"""+> math\nanswer := math/sec(2.0)\nanswer\n"""	FLOAT-UNARY;LAYOUT;TURN;VISIBILITY	per-operation exact anchors and independent high-precision reference, IEEE class checks	scheme.rs:1427; numeric.rs floating unary dispatch	MECH_AUDIT_CASE=catalog-math-sec ./docs/design/grammar-audit/s8-replacement-audit/run-probes.sh semantic_replacement_witnesses	specified; candidate-specific execution not yet recorded; discovery command is export sample only
math/sec	1	C06	inputs: Fixed([Matrix { element: K0, dimensions: [D0, D1] }]), outputs: [Matrix { element: K0, dimensions: [D0, D1] }]	FloatingPoint	f32,f64	f32,f64	ModuleOnly	named-call	"""+> math\nanswer := math/sec(2.0)\nanswer\n"""	FLOAT-UNARY;LAYOUT;TURN;VISIBILITY	per-operation exact anchors and independent high-precision reference, IEEE class checks	scheme.rs:1427; numeric.rs floating unary dispatch	MECH_AUDIT_CASE=catalog-math-sec ./docs/design/grammar-audit/s8-replacement-audit/run-probes.sh semantic_replacement_witnesses	specified; candidate-specific execution not yet recorded; discovery command is export sample only
math/sin	0	C06	inputs: Fixed([K0]), outputs: [K0]	FloatingPoint	f32,f64	f32,f64	ModuleOnly	named-call	"""+> math\nanswer := math/sin(2.0)\nanswer\n"""	FLOAT-UNARY;LAYOUT;TURN;VISIBILITY	per-operation exact anchors and independent high-precision reference, IEEE class checks	scheme.rs:1427; numeric.rs floating unary dispatch	MECH_AUDIT_CASE=catalog-math-sin ./docs/design/grammar-audit/s8-replacement-audit/run-probes.sh semantic_replacement_witnesses	specified; candidate-specific execution not yet recorded; discovery command is export sample only
math/sin	1	C06	inputs: Fixed([Matrix { element: K0, dimensions: [D0, D1] }]), outputs: [Matrix { element: K0, dimensions: [D0, D1] }]	FloatingPoint	f32,f64	f32,f64	ModuleOnly	named-call	"""+> math\nanswer := math/sin(2.0)\nanswer\n"""	FLOAT-UNARY;LAYOUT;TURN;VISIBILITY	per-operation exact anchors and independent high-precision reference, IEEE class checks	scheme.rs:1427; numeric.rs floating unary dispatch	MECH_AUDIT_CASE=catalog-math-sin ./docs/design/grammar-audit/s8-replacement-audit/run-probes.sh semantic_replacement_witnesses	specified; candidate-specific execution not yet recorded; discovery command is export sample only
math/sinh	0	C06	inputs: Fixed([K0]), outputs: [K0]	FloatingPoint	f32,f64	f32,f64	ModuleOnly	named-call	"""+> math\nanswer := math/sinh(2.0)\nanswer\n"""	FLOAT-UNARY;LAYOUT;TURN;VISIBILITY	per-operation exact anchors and independent high-precision reference, IEEE class checks	scheme.rs:1427; numeric.rs floating unary dispatch	MECH_AUDIT_CASE=catalog-math-sinh ./docs/design/grammar-audit/s8-replacement-audit/run-probes.sh semantic_replacement_witnesses	specified; candidate-specific execution not yet recorded; discovery command is export sample only
math/sinh	1	C06	inputs: Fixed([Matrix { element: K0, dimensions: [D0, D1] }]), outputs: [Matrix { element: K0, dimensions: [D0, D1] }]	FloatingPoint	f32,f64	f32,f64	ModuleOnly	named-call	"""+> math\nanswer := math/sinh(2.0)\nanswer\n"""	FLOAT-UNARY;LAYOUT;TURN;VISIBILITY	per-operation exact anchors and independent high-precision reference, IEEE class checks	scheme.rs:1427; numeric.rs floating unary dispatch	MECH_AUDIT_CASE=catalog-math-sinh ./docs/design/grammar-audit/s8-replacement-audit/run-probes.sh semantic_replacement_witnesses	specified; candidate-specific execution not yet recorded; discovery command is export sample only
math/sqrt	0	C06	inputs: Fixed([K0]), outputs: [K0]	FloatingPoint	f32,f64	f32,f64	ModuleOnly	named-call	"""+> math\nanswer := math/sqrt(2.0)\nanswer\n"""	FLOAT-UNARY;LAYOUT;TURN;VISIBILITY	per-operation exact anchors and independent high-precision reference, IEEE class checks	scheme.rs:1427; numeric.rs floating unary dispatch	MECH_AUDIT_CASE=catalog-math-sqrt ./docs/design/grammar-audit/s8-replacement-audit/run-probes.sh semantic_replacement_witnesses	specified; candidate-specific execution not yet recorded; discovery command is export sample only
math/sqrt	1	C06	inputs: Fixed([Matrix { element: K0, dimensions: [D0, D1] }]), outputs: [Matrix { element: K0, dimensions: [D0, D1] }]	FloatingPoint	f32,f64	f32,f64	ModuleOnly	named-call	"""+> math\nanswer := math/sqrt(2.0)\nanswer\n"""	FLOAT-UNARY;LAYOUT;TURN;VISIBILITY	per-operation exact anchors and independent high-precision reference, IEEE class checks	scheme.rs:1427; numeric.rs floating unary dispatch	MECH_AUDIT_CASE=catalog-math-sqrt ./docs/design/grammar-audit/s8-replacement-audit/run-probes.sh semantic_replacement_witnesses	specified; candidate-specific execution not yet recorded; discovery command is export sample only
math/sub	0	C01	inputs: Fixed([K0, K1]), outputs: [K2]	Number	u8,u16,u32,u64,u128,i8,i16,i32,i64,i128,f32,f64,c32,c64,r64	u8,u16,u32,u64,u128,i8,i16,i32,i64,i128,f32,f64,c64,r64; c32=G02	Prelude	named-call	"""answer := math/sub(2.0, 1.0)\nanswer\n"""	ARITH;PROMOTION;LAYOUT;TURN;VISIBILITY	checked integer/Fraction/complex component arithmetic; elementwise broadcasting	scheme.rs:219; numeric.rs:2323,2390	MECH_AUDIT_CASE=catalog-math-sub ./docs/design/grammar-audit/s8-replacement-audit/run-probes.sh semantic_replacement_witnesses	specified; candidate-specific execution not yet recorded; discovery command is export sample only
math/sub	1	C01	inputs: Fixed([Matrix { element: K0, dimensions: [D0, D1] }, Matrix { element: K1, dimensions: [D0, D1] }]), outputs: [Matrix { element: K2, dimensions: [D0, D1] }]	Number	u8,u16,u32,u64,u128,i8,i16,i32,i64,i128,f32,f64,c32,c64,r64	u8,u16,u32,u64,u128,i8,i16,i32,i64,i128,f32,f64,c64,r64; c32=G02	Prelude	named-call	"""answer := math/sub(2.0, 1.0)\nanswer\n"""	ARITH;PROMOTION;LAYOUT;TURN;VISIBILITY	checked integer/Fraction/complex component arithmetic; elementwise broadcasting	scheme.rs:219; numeric.rs:2323,2390	MECH_AUDIT_CASE=catalog-math-sub ./docs/design/grammar-audit/s8-replacement-audit/run-probes.sh semantic_replacement_witnesses	specified; candidate-specific execution not yet recorded; discovery command is export sample only
math/sub	2	C01	inputs: Fixed([Matrix { element: K0, dimensions: [D0, D1] }, K1]), outputs: [Matrix { element: K2, dimensions: [D0, D1] }]	Number	u8,u16,u32,u64,u128,i8,i16,i32,i64,i128,f32,f64,c32,c64,r64	u8,u16,u32,u64,u128,i8,i16,i32,i64,i128,f32,f64,c64,r64; c32=G02	Prelude	named-call	"""answer := math/sub(2.0, 1.0)\nanswer\n"""	ARITH;PROMOTION;LAYOUT;TURN;VISIBILITY	checked integer/Fraction/complex component arithmetic; elementwise broadcasting	scheme.rs:219; numeric.rs:2323,2390	MECH_AUDIT_CASE=catalog-math-sub ./docs/design/grammar-audit/s8-replacement-audit/run-probes.sh semantic_replacement_witnesses	specified; candidate-specific execution not yet recorded; discovery command is export sample only
math/sub	3	C01	inputs: Fixed([K0, Matrix { element: K1, dimensions: [D0, D1] }]), outputs: [Matrix { element: K2, dimensions: [D0, D1] }]	Number	u8,u16,u32,u64,u128,i8,i16,i32,i64,i128,f32,f64,c32,c64,r64	u8,u16,u32,u64,u128,i8,i16,i32,i64,i128,f32,f64,c64,r64; c32=G02	Prelude	named-call	"""answer := math/sub(2.0, 1.0)\nanswer\n"""	ARITH;PROMOTION;LAYOUT;TURN;VISIBILITY	checked integer/Fraction/complex component arithmetic; elementwise broadcasting	scheme.rs:219; numeric.rs:2323,2390	MECH_AUDIT_CASE=catalog-math-sub ./docs/design/grammar-audit/s8-replacement-audit/run-probes.sh semantic_replacement_witnesses	specified; candidate-specific execution not yet recorded; discovery command is export sample only
math/sub	4	C01	inputs: Fixed([Matrix { element: K0, dimensions: [D0, D1] }, Matrix { element: K1, dimensions: [D2, 1] }]), outputs: [Matrix { element: K2, dimensions: [D0, D1] }]	Number	u8,u16,u32,u64,u128,i8,i16,i32,i64,i128,f32,f64,c32,c64,r64	u8,u16,u32,u64,u128,i8,i16,i32,i64,i128,f32,f64,c64,r64; c32=G02	Prelude	named-call	"""answer := math/sub(2.0, 1.0)\nanswer\n"""	ARITH;PROMOTION;LAYOUT;TURN;VISIBILITY	checked integer/Fraction/complex component arithmetic; elementwise broadcasting	scheme.rs:219; numeric.rs:2323,2390	MECH_AUDIT_CASE=catalog-math-sub ./docs/design/grammar-audit/s8-replacement-audit/run-probes.sh semantic_replacement_witnesses	specified; candidate-specific execution not yet recorded; discovery command is export sample only
math/sub	5	C01	inputs: Fixed([Matrix { element: K0, dimensions: [D0, D1] }, Matrix { element: K1, dimensions: [1, D2] }]), outputs: [Matrix { element: K2, dimensions: [D0, D1] }]	Number	u8,u16,u32,u64,u128,i8,i16,i32,i64,i128,f32,f64,c32,c64,r64	u8,u16,u32,u64,u128,i8,i16,i32,i64,i128,f32,f64,c64,r64; c32=G02	Prelude	named-call	"""answer := math/sub(2.0, 1.0)\nanswer\n"""	ARITH;PROMOTION;LAYOUT;TURN;VISIBILITY	checked integer/Fraction/complex component arithmetic; elementwise broadcasting	scheme.rs:219; numeric.rs:2323,2390	MECH_AUDIT_CASE=catalog-math-sub ./docs/design/grammar-audit/s8-replacement-audit/run-probes.sh semantic_replacement_witnesses	specified; candidate-specific execution not yet recorded; discovery command is export sample only
math/sub	6	C01	inputs: Fixed([Matrix { element: K0, dimensions: [D2, 1] }, Matrix { element: K1, dimensions: [D0, D1] }]), outputs: [Matrix { element: K2, dimensions: [D0, D1] }]	Number	u8,u16,u32,u64,u128,i8,i16,i32,i64,i128,f32,f64,c32,c64,r64	u8,u16,u32,u64,u128,i8,i16,i32,i64,i128,f32,f64,c64,r64; c32=G02	Prelude	named-call	"""answer := math/sub(2.0, 1.0)\nanswer\n"""	ARITH;PROMOTION;LAYOUT;TURN;VISIBILITY	checked integer/Fraction/complex component arithmetic; elementwise broadcasting	scheme.rs:219; numeric.rs:2323,2390	MECH_AUDIT_CASE=catalog-math-sub ./docs/design/grammar-audit/s8-replacement-audit/run-probes.sh semantic_replacement_witnesses	specified; candidate-specific execution not yet recorded; discovery command is export sample only
math/sub	7	C01	inputs: Fixed([Matrix { element: K0, dimensions: [1, D2] }, Matrix { element: K1, dimensions: [D0, D1] }]), outputs: [Matrix { element: K2, dimensions: [D0, D1] }]	Number	u8,u16,u32,u64,u128,i8,i16,i32,i64,i128,f32,f64,c32,c64,r64	u8,u16,u32,u64,u128,i8,i16,i32,i64,i128,f32,f64,c64,r64; c32=G02	Prelude	named-call	"""answer := math/sub(2.0, 1.0)\nanswer\n"""	ARITH;PROMOTION;LAYOUT;TURN;VISIBILITY	checked integer/Fraction/complex component arithmetic; elementwise broadcasting	scheme.rs:219; numeric.rs:2323,2390	MECH_AUDIT_CASE=catalog-math-sub ./docs/design/grammar-audit/s8-replacement-audit/run-probes.sh semantic_replacement_witnesses	specified; candidate-specific execution not yet recorded; discovery command is export sample only
math/sub	8	C01	inputs: Fixed([Matrix { element: K0, dimensions: [D0, D1] }, Matrix { element: K1, dimensions: [D2, D3] }]), outputs: [Matrix { element: K2, dimensions: [D0, D1] }]	Number	u8,u16,u32,u64,u128,i8,i16,i32,i64,i128,f32,f64,c32,c64,r64	u8,u16,u32,u64,u128,i8,i16,i32,i64,i128,f32,f64,c64,r64; c32=G02	Prelude	named-call	"""answer := math/sub(2.0, 1.0)\nanswer\n"""	ARITH;PROMOTION;LAYOUT;TURN;VISIBILITY	checked integer/Fraction/complex component arithmetic; elementwise broadcasting	scheme.rs:219; numeric.rs:2323,2390	MECH_AUDIT_CASE=catalog-math-sub ./docs/design/grammar-audit/s8-replacement-audit/run-probes.sh semantic_replacement_witnesses	specified; candidate-specific execution not yet recorded; discovery command is export sample only
math/sub	9	C01	inputs: Fixed([Matrix { element: K0, dimensions: [D0, D1] }, Matrix { element: K1, dimensions: [D2, D3] }]), outputs: [Matrix { element: K2, dimensions: [D2, D3] }]	Number	u8,u16,u32,u64,u128,i8,i16,i32,i64,i128,f32,f64,c32,c64,r64	u8,u16,u32,u64,u128,i8,i16,i32,i64,i128,f32,f64,c64,r64; c32=G02	Prelude	named-call	"""answer := math/sub(2.0, 1.0)\nanswer\n"""	ARITH;PROMOTION;LAYOUT;TURN;VISIBILITY	checked integer/Fraction/complex component arithmetic; elementwise broadcasting	scheme.rs:219; numeric.rs:2323,2390	MECH_AUDIT_CASE=catalog-math-sub ./docs/design/grammar-audit/s8-replacement-audit/run-probes.sh semantic_replacement_witnesses	specified; candidate-specific execution not yet recorded; discovery command is export sample only
math/sub-assign	0	C14	inputs: Fixed([K0, K0]), outputs: [K0]	Number	u8,u16,u32,u64,u128,i8,i16,i32,i64,i128,f32,f64,c32,c64,r64	u8,u16,u32,u64,u128,i8,i16,i32,i64,i128,f32,f64,c64,r64; c32=G02; mixed/nested repeats=G04	Prelude	intrinsic-operator	"""~a := [2 4; 6 8]\na -= 2\na\n"""	RMW;PROMOTION;TURN;VISIBILITY	occurrence-ordered fold over selected addresses with staged atomic commit	scheme.rs exact_assignment; document_assignment.rs; numeric.rs selected update binding	MECH_AUDIT_CASE=catalog-math-sub-assign ./docs/design/grammar-audit/s8-replacement-audit/run-probes.sh semantic_replacement_witnesses	specified; candidate-specific execution not yet recorded; discovery command is export sample only
math/sub-assign	1	C14	inputs: Fixed([Matrix { element: K0, dimensions: [D0, D1] }, K0]), outputs: [Matrix { element: K0, dimensions: [D0, D1] }]	Number	u8,u16,u32,u64,u128,i8,i16,i32,i64,i128,f32,f64,c32,c64,r64	u8,u16,u32,u64,u128,i8,i16,i32,i64,i128,f32,f64,c64,r64; c32=G02; mixed/nested repeats=G04	Prelude	intrinsic-operator	"""~a := [2 4; 6 8]\na -= 2\na\n"""	RMW;PROMOTION;TURN;VISIBILITY	occurrence-ordered fold over selected addresses with staged atomic commit	scheme.rs exact_assignment; document_assignment.rs; numeric.rs selected update binding	MECH_AUDIT_CASE=catalog-math-sub-assign ./docs/design/grammar-audit/s8-replacement-audit/run-probes.sh semantic_replacement_witnesses	specified; candidate-specific execution not yet recorded; discovery command is export sample only
math/sub-assign	2	C14	inputs: Fixed([Matrix { element: K0, dimensions: [D0, D1] }, Matrix { element: K0, dimensions: [D2, D3] }]), outputs: [Matrix { element: K0, dimensions: [D0, D1] }]	Number	u8,u16,u32,u64,u128,i8,i16,i32,i64,i128,f32,f64,c32,c64,r64	u8,u16,u32,u64,u128,i8,i16,i32,i64,i128,f32,f64,c64,r64; c32=G02; mixed/nested repeats=G04	Prelude	intrinsic-operator	"""~a := [2 4; 6 8]\na -= 2\na\n"""	RMW;PROMOTION;TURN;VISIBILITY	occurrence-ordered fold over selected addresses with staged atomic commit	scheme.rs exact_assignment; document_assignment.rs; numeric.rs selected update binding	MECH_AUDIT_CASE=catalog-math-sub-assign ./docs/design/grammar-audit/s8-replacement-audit/run-probes.sh semantic_replacement_witnesses	specified; candidate-specific execution not yet recorded; discovery command is export sample only
math/sub-assign/range	0	C14	inputs: Fixed([K0, K0, K1]), outputs: [K0]	Number	u8,u16,u32,u64,u128,i8,i16,i32,i64,i128,f32,f64,c32,c64,r64	u8,u16,u32,u64,u128,i8,i16,i32,i64,i128,f32,f64,c64,r64; c32=G02; mixed/nested repeats=G04	Prelude	intrinsic-operator	"""~a := [2 4; 6 8]\na[1] -= 2\na\n"""	RMW;PROMOTION;TURN;VISIBILITY	occurrence-ordered fold over selected addresses with staged atomic commit	scheme.rs exact_assignment; document_assignment.rs; numeric.rs selected update binding	MECH_AUDIT_CASE=catalog-math-sub-assign-range ./docs/design/grammar-audit/s8-replacement-audit/run-probes.sh semantic_replacement_witnesses	specified; candidate-specific execution not yet recorded; discovery command is export sample only
math/sub-assign/range	1	C14	inputs: Fixed([Matrix { element: K0, dimensions: [D0, D1] }, K0, K1]), outputs: [Matrix { element: K0, dimensions: [D0, D1] }]	Number	u8,u16,u32,u64,u128,i8,i16,i32,i64,i128,f32,f64,c32,c64,r64	u8,u16,u32,u64,u128,i8,i16,i32,i64,i128,f32,f64,c64,r64; c32=G02; mixed/nested repeats=G04	Prelude	intrinsic-operator	"""~a := [2 4; 6 8]\na[1] -= 2\na\n"""	RMW;PROMOTION;TURN;VISIBILITY	occurrence-ordered fold over selected addresses with staged atomic commit	scheme.rs exact_assignment; document_assignment.rs; numeric.rs selected update binding	MECH_AUDIT_CASE=catalog-math-sub-assign-range ./docs/design/grammar-audit/s8-replacement-audit/run-probes.sh semantic_replacement_witnesses	specified; candidate-specific execution not yet recorded; discovery command is export sample only
math/sub-assign/range	2	C14	inputs: Fixed([Matrix { element: K0, dimensions: [D0, D1] }, Matrix { element: K0, dimensions: [D2, D3] }, K1]), outputs: [Matrix { element: K0, dimensions: [D0, D1] }]	Number	u8,u16,u32,u64,u128,i8,i16,i32,i64,i128,f32,f64,c32,c64,r64	u8,u16,u32,u64,u128,i8,i16,i32,i64,i128,f32,f64,c64,r64; c32=G02; mixed/nested repeats=G04	Prelude	intrinsic-operator	"""~a := [2 4; 6 8]\na[1] -= 2\na\n"""	RMW;PROMOTION;TURN;VISIBILITY	occurrence-ordered fold over selected addresses with staged atomic commit	scheme.rs exact_assignment; document_assignment.rs; numeric.rs selected update binding	MECH_AUDIT_CASE=catalog-math-sub-assign-range ./docs/design/grammar-audit/s8-replacement-audit/run-probes.sh semantic_replacement_witnesses	specified; candidate-specific execution not yet recorded; discovery command is export sample only
math/sub-assign/range-all	0	C14	inputs: Fixed([K0, K0, K1]), outputs: [K0]	Number	u8,u16,u32,u64,u128,i8,i16,i32,i64,i128,f32,f64,c32,c64,r64	u8,u16,u32,u64,u128,i8,i16,i32,i64,i128,f32,f64,c64,r64; c32=G02; mixed/nested repeats=G04	Prelude	intrinsic-operator	"""~a := [2 4; 6 8]\na[1,:] -= 2\na\n"""	RMW;PROMOTION;TURN;VISIBILITY	occurrence-ordered fold over selected addresses with staged atomic commit	scheme.rs exact_assignment; document_assignment.rs; numeric.rs selected update binding	MECH_AUDIT_CASE=catalog-math-sub-assign-range-all ./docs/design/grammar-audit/s8-replacement-audit/run-probes.sh semantic_replacement_witnesses	specified; candidate-specific execution not yet recorded; discovery command is export sample only
math/sub-assign/range-all	1	C14	inputs: Fixed([Matrix { element: K0, dimensions: [D0, D1] }, K0, K1]), outputs: [Matrix { element: K0, dimensions: [D0, D1] }]	Number	u8,u16,u32,u64,u128,i8,i16,i32,i64,i128,f32,f64,c32,c64,r64	u8,u16,u32,u64,u128,i8,i16,i32,i64,i128,f32,f64,c64,r64; c32=G02; mixed/nested repeats=G04	Prelude	intrinsic-operator	"""~a := [2 4; 6 8]\na[1,:] -= 2\na\n"""	RMW;PROMOTION;TURN;VISIBILITY	occurrence-ordered fold over selected addresses with staged atomic commit	scheme.rs exact_assignment; document_assignment.rs; numeric.rs selected update binding	MECH_AUDIT_CASE=catalog-math-sub-assign-range-all ./docs/design/grammar-audit/s8-replacement-audit/run-probes.sh semantic_replacement_witnesses	specified; candidate-specific execution not yet recorded; discovery command is export sample only
math/sub-assign/range-all	2	C14	inputs: Fixed([Matrix { element: K0, dimensions: [D0, D1] }, Matrix { element: K0, dimensions: [D2, D3] }, K1]), outputs: [Matrix { element: K0, dimensions: [D0, D1] }]	Number	u8,u16,u32,u64,u128,i8,i16,i32,i64,i128,f32,f64,c32,c64,r64	u8,u16,u32,u64,u128,i8,i16,i32,i64,i128,f32,f64,c64,r64; c32=G02; mixed/nested repeats=G04	Prelude	intrinsic-operator	"""~a := [2 4; 6 8]\na[1,:] -= 2\na\n"""	RMW;PROMOTION;TURN;VISIBILITY	occurrence-ordered fold over selected addresses with staged atomic commit	scheme.rs exact_assignment; document_assignment.rs; numeric.rs selected update binding	MECH_AUDIT_CASE=catalog-math-sub-assign-range-all ./docs/design/grammar-audit/s8-replacement-audit/run-probes.sh semantic_replacement_witnesses	specified; candidate-specific execution not yet recorded; discovery command is export sample only
math/tan	0	C06	inputs: Fixed([K0]), outputs: [K0]	FloatingPoint	f32,f64	f32,f64	ModuleOnly	named-call	"""+> math\nanswer := math/tan(2.0)\nanswer\n"""	FLOAT-UNARY;LAYOUT;TURN;VISIBILITY	per-operation exact anchors and independent high-precision reference, IEEE class checks	scheme.rs:1427; numeric.rs floating unary dispatch	MECH_AUDIT_CASE=catalog-math-tan ./docs/design/grammar-audit/s8-replacement-audit/run-probes.sh semantic_replacement_witnesses	specified; candidate-specific execution not yet recorded; discovery command is export sample only
math/tan	1	C06	inputs: Fixed([Matrix { element: K0, dimensions: [D0, D1] }]), outputs: [Matrix { element: K0, dimensions: [D0, D1] }]	FloatingPoint	f32,f64	f32,f64	ModuleOnly	named-call	"""+> math\nanswer := math/tan(2.0)\nanswer\n"""	FLOAT-UNARY;LAYOUT;TURN;VISIBILITY	per-operation exact anchors and independent high-precision reference, IEEE class checks	scheme.rs:1427; numeric.rs floating unary dispatch	MECH_AUDIT_CASE=catalog-math-tan ./docs/design/grammar-audit/s8-replacement-audit/run-probes.sh semantic_replacement_witnesses	specified; candidate-specific execution not yet recorded; discovery command is export sample only
math/tanh	0	C06	inputs: Fixed([K0]), outputs: [K0]	FloatingPoint	f32,f64	f32,f64	ModuleOnly	named-call	"""+> math\nanswer := math/tanh(2.0)\nanswer\n"""	FLOAT-UNARY;LAYOUT;TURN;VISIBILITY	per-operation exact anchors and independent high-precision reference, IEEE class checks	scheme.rs:1427; numeric.rs floating unary dispatch	MECH_AUDIT_CASE=catalog-math-tanh ./docs/design/grammar-audit/s8-replacement-audit/run-probes.sh semantic_replacement_witnesses	specified; candidate-specific execution not yet recorded; discovery command is export sample only
math/tanh	1	C06	inputs: Fixed([Matrix { element: K0, dimensions: [D0, D1] }]), outputs: [Matrix { element: K0, dimensions: [D0, D1] }]	FloatingPoint	f32,f64	f32,f64	ModuleOnly	named-call	"""+> math\nanswer := math/tanh(2.0)\nanswer\n"""	FLOAT-UNARY;LAYOUT;TURN;VISIBILITY	per-operation exact anchors and independent high-precision reference, IEEE class checks	scheme.rs:1427; numeric.rs floating unary dispatch	MECH_AUDIT_CASE=catalog-math-tanh ./docs/design/grammar-audit/s8-replacement-audit/run-probes.sh semantic_replacement_witnesses	specified; candidate-specific execution not yet recorded; discovery command is export sample only
math/tgamma	0	C06	inputs: Fixed([K0]), outputs: [K0]	FloatingPoint	f32,f64	f32,f64	ModuleOnly	named-call	"""+> math\nanswer := math/tgamma(2.0)\nanswer\n"""	FLOAT-UNARY;LAYOUT;TURN;VISIBILITY	per-operation exact anchors and independent high-precision reference, IEEE class checks	scheme.rs:1427; numeric.rs floating unary dispatch	MECH_AUDIT_CASE=catalog-math-tgamma ./docs/design/grammar-audit/s8-replacement-audit/run-probes.sh semantic_replacement_witnesses	specified; candidate-specific execution not yet recorded; discovery command is export sample only
math/tgamma	1	C06	inputs: Fixed([Matrix { element: K0, dimensions: [D0, D1] }]), outputs: [Matrix { element: K0, dimensions: [D0, D1] }]	FloatingPoint	f32,f64	f32,f64	ModuleOnly	named-call	"""+> math\nanswer := math/tgamma(2.0)\nanswer\n"""	FLOAT-UNARY;LAYOUT;TURN;VISIBILITY	per-operation exact anchors and independent high-precision reference, IEEE class checks	scheme.rs:1427; numeric.rs floating unary dispatch	MECH_AUDIT_CASE=catalog-math-tgamma ./docs/design/grammar-audit/s8-replacement-audit/run-probes.sh semantic_replacement_witnesses	specified; candidate-specific execution not yet recorded; discovery command is export sample only
math/trunc	0	C06	inputs: Fixed([K0]), outputs: [K0]	FloatingPoint	f32,f64	f32,f64	ModuleOnly	named-call	"""+> math\nanswer := math/trunc(2.0)\nanswer\n"""	FLOAT-UNARY;LAYOUT;TURN;VISIBILITY	per-operation exact anchors and independent high-precision reference, IEEE class checks	scheme.rs:1427; numeric.rs floating unary dispatch	MECH_AUDIT_CASE=catalog-math-trunc ./docs/design/grammar-audit/s8-replacement-audit/run-probes.sh semantic_replacement_witnesses	specified; candidate-specific execution not yet recorded; discovery command is export sample only
math/trunc	1	C06	inputs: Fixed([Matrix { element: K0, dimensions: [D0, D1] }]), outputs: [Matrix { element: K0, dimensions: [D0, D1] }]	FloatingPoint	f32,f64	f32,f64	ModuleOnly	named-call	"""+> math\nanswer := math/trunc(2.0)\nanswer\n"""	FLOAT-UNARY;LAYOUT;TURN;VISIBILITY	per-operation exact anchors and independent high-precision reference, IEEE class checks	scheme.rs:1427; numeric.rs floating unary dispatch	MECH_AUDIT_CASE=catalog-math-trunc ./docs/design/grammar-audit/s8-replacement-audit/run-probes.sh semantic_replacement_witnesses	specified; candidate-specific execution not yet recorded; discovery command is export sample only
matrix/comprehension	0	C21	inputs: Variadic { prefix: [], repeated: K0, min_repetitions: 0 }, outputs: [Matrix { element: K0, dimensions: [D0, D1] }]	exact/template	u8,u16,u32,u64,u128,i8,i16,i32,i64,i128,f32,f64,c32,c64,r64,string,bool,id,index,atom; V-STRUCT	resident lexical bindings/yields currently Bool,Index,F64; missing families G06; composition G07/G08	Prelude	intrinsic-operator	"""answer := [x + 1 | x <- [1 2]]\nanswer\n"""	COMP;TURN;VISIBILITY	ordered generator/filter reference list; exact yielded schema and cardinality	scheme.rs:1463; comprehension.rs; resident/general control	MECH_AUDIT_CASE=catalog-matrix-comprehension ./docs/design/grammar-audit/s8-replacement-audit/run-probes.sh semantic_replacement_witnesses	specified; candidate-specific execution not yet recorded; discovery command is export sample only
matrix/dot	0	C17	inputs: Fixed([Matrix { element: K0, dimensions: [D0, D1] }, Matrix { element: K1, dimensions: [D0, D1] }]), outputs: [K2]	Number	u8,u16,u32,u64,u128,i8,i16,i32,i64,i128,f32,f64,c32,c64,r64	u8,u16,u32,u64,u128,i8,i16,i32,i64,i128,f32,f64; c32,c64,r64=target-rejection G02	Prelude	named-call	"""answer := matrix/dot([1 2], [3 4])\nanswer\n"""	DOT;PROMOTION;LAYOUT;TURN;VISIBILITY	sum over same-shape column-major paired entries; scalar result	scheme.rs matrix_dot,dynamic_matrix_dot; numeric.rs:4995,5004	MECH_AUDIT_CASE=catalog-matrix-dot ./docs/design/grammar-audit/s8-replacement-audit/run-probes.sh semantic_replacement_witnesses	specified; candidate-specific execution not yet recorded; discovery command is export sample only
matrix/dot	1	C17	inputs: Fixed([Matrix { element: K0, dimensions: [D0, D1] }, Matrix { element: K1, dimensions: [D2, D3] }]), outputs: [K2]	Number	u8,u16,u32,u64,u128,i8,i16,i32,i64,i128,f32,f64,c32,c64,r64	u8,u16,u32,u64,u128,i8,i16,i32,i64,i128,f32,f64; c32,c64,r64=target-rejection G02	Prelude	named-call	"""answer := matrix/dot([1 2], [3 4])\nanswer\n"""	DOT;PROMOTION;LAYOUT;TURN;VISIBILITY	sum over same-shape column-major paired entries; scalar result	scheme.rs matrix_dot,dynamic_matrix_dot; numeric.rs:4995,5004	MECH_AUDIT_CASE=catalog-matrix-dot ./docs/design/grammar-audit/s8-replacement-audit/run-probes.sh semantic_replacement_witnesses	specified; candidate-specific execution not yet recorded; discovery command is export sample only
matrix/horzcat	syntax-directed	C19	Some(FunctionTypeDeclaration { overloads: [], template: Some(HorizontalConcatenation), parameter_names: None })	exact/template	u8,u16,u32,u64,u128,i8,i16,i32,i64,i128,f32,f64,c32,c64,r64,string,bool,id,index,atom; V-STRUCT	snapshot structural transport; dynamic downstream layout G18	Prelude	named-call	"""answer := matrix/horzcat([1 2; 3 4], [1 2; 3 4])\nanswer\n"""	CONCAT;LAYOUT;TURN;VISIBILITY	append columns/rows in column-major logical order; keep element schemas	scheme.rs:788-847; resident matrix construction/concat	MECH_AUDIT_CASE=catalog-matrix-horzcat ./docs/design/grammar-audit/s8-replacement-audit/run-probes.sh semantic_replacement_witnesses	specified; candidate-specific execution not yet recorded; discovery command is export sample only
matrix/matmul	0	C16	inputs: Fixed([Matrix { element: K0, dimensions: [D0, D1] }, Matrix { element: K1, dimensions: [D1, D2] }]), outputs: [Matrix { element: K2, dimensions: [D0, D2] }]	Number	u8,u16,u32,u64,u128,i8,i16,i32,i64,i128,f32,f64,c32,c64,r64	u8,u16,u32,u64,u128,i8,i16,i32,i64,i128,f32,f64; c32,c64,r64=G02	Prelude	named-call	"""answer := matrix/matmul([1 2; 3 4], [1 2; 3 4])\nanswer\n"""	PRODUCT;PROMOTION;LAYOUT;TURN;VISIBILITY	column-major schoolbook dot products over inner axis, checked integer arithmetic	scheme.rs:640-695; numeric.rs:4899-5001	MECH_AUDIT_CASE=catalog-matrix-matmul ./docs/design/grammar-audit/s8-replacement-audit/run-probes.sh semantic_replacement_witnesses	specified; candidate-specific execution not yet recorded; discovery command is export sample only
matrix/matmul	1	C16	inputs: Fixed([Matrix { element: K0, dimensions: [D0, D1] }, Matrix { element: K1, dimensions: [D2, D3] }]), outputs: [Matrix { element: K2, dimensions: [D0, D3] }]	Number	u8,u16,u32,u64,u128,i8,i16,i32,i64,i128,f32,f64,c32,c64,r64	u8,u16,u32,u64,u128,i8,i16,i32,i64,i128,f32,f64; c32,c64,r64=G02	Prelude	named-call	"""answer := matrix/matmul([1 2; 3 4], [1 2; 3 4])\nanswer\n"""	PRODUCT;PROMOTION;LAYOUT;TURN;VISIBILITY	column-major schoolbook dot products over inner axis, checked integer arithmetic	scheme.rs:640-695; numeric.rs:4899-5001	MECH_AUDIT_CASE=catalog-matrix-matmul ./docs/design/grammar-audit/s8-replacement-audit/run-probes.sh semantic_replacement_witnesses	specified; candidate-specific execution not yet recorded; discovery command is export sample only
matrix/solve	0	C18	inputs: Fixed([Matrix { element: K0, dimensions: [D0, D0] }, Matrix { element: K0, dimensions: [D0, D1] }]), outputs: [Matrix { element: K0, dimensions: [D0, D1] }]	FloatingPoint	f32,f64	f32,f64	Prelude	named-call	"""answer := matrix/solve([1 0; 0 1], [1; 2])\nanswer\n"""	SOLVE;LAYOUT;TURN;VISIBILITY	known exact diagonal/permutation solutions plus residual and singular rejection	scheme.rs:752-785; numeric.rs:5156	MECH_AUDIT_CASE=catalog-matrix-solve ./docs/design/grammar-audit/s8-replacement-audit/run-probes.sh semantic_replacement_witnesses	specified; candidate-specific execution not yet recorded; discovery command is export sample only
matrix/solve	1	C18	inputs: Fixed([Matrix { element: K0, dimensions: [D0, D1] }, Matrix { element: K0, dimensions: [D2, D3] }]), outputs: [Matrix { element: K0, dimensions: [D2, D3] }]	FloatingPoint	f32,f64	f32,f64	Prelude	named-call	"""answer := matrix/solve([1 0; 0 1], [1; 2])\nanswer\n"""	SOLVE;LAYOUT;TURN;VISIBILITY	known exact diagonal/permutation solutions plus residual and singular rejection	scheme.rs:752-785; numeric.rs:5156	MECH_AUDIT_CASE=catalog-matrix-solve ./docs/design/grammar-audit/s8-replacement-audit/run-probes.sh semantic_replacement_witnesses	specified; candidate-specific execution not yet recorded; discovery command is export sample only
matrix/transpose	0	C20	inputs: Fixed([Matrix { element: K0, dimensions: [D0, D1] }]), outputs: [Matrix { element: K0, dimensions: [D1, D0] }]	exact/template	u8,u16,u32,u64,u128,i8,i16,i32,i64,i128,f32,f64,c32,c64,r64,string,bool,id,index,atom; V-STRUCT	snapshot structural transport; dynamic downstream layout G18	Prelude	named-call	"""answer := [1 2; 3 4]'\nanswer\n"""	TRANSPOSE;LAYOUT;TURN;VISIBILITY	B[c,r]=A[r,c], output axes swapped, transpose twice identity	scheme.rs:627-638; resident transpose binding	MECH_AUDIT_CASE=catalog-matrix-transpose ./docs/design/grammar-audit/s8-replacement-audit/run-probes.sh semantic_replacement_witnesses	specified; candidate-specific execution not yet recorded; discovery command is export sample only
matrix/vertcat	syntax-directed	C19	Some(FunctionTypeDeclaration { overloads: [], template: Some(VerticalConcatenation), parameter_names: None })	exact/template	u8,u16,u32,u64,u128,i8,i16,i32,i64,i128,f32,f64,c32,c64,r64,string,bool,id,index,atom; V-STRUCT	snapshot structural transport; dynamic downstream layout G18	Prelude	named-call	"""answer := matrix/vertcat([1 2; 3 4], [1 2; 3 4])\nanswer\n"""	CONCAT;LAYOUT;TURN;VISIBILITY	append columns/rows in column-major logical order; keep element schemas	scheme.rs:788-847; resident matrix construction/concat	MECH_AUDIT_CASE=catalog-matrix-vertcat ./docs/design/grammar-audit/s8-replacement-audit/run-probes.sh semantic_replacement_witnesses	specified; candidate-specific execution not yet recorded; discovery command is export sample only
range/exclusive	0	C15	inputs: Fixed([K0, K1]), outputs: [Matrix { element: K2, dimensions: [1, D0] }]	RangeEndpoint	u8,u16,u32,u64,u128,i8,i16,i32,i64,i128,f32,f64,index	u8,u16,u32,u64,u128,i8,i16,i32,i64,i128,f32,f64; index handled by Index source ownership (must execute dedicated witness)	Prelude	named-call	"""answer := range/exclusive(1.0, 3.0)\nanswer\n"""	RANGE;PROMOTION;TURN;VISIBILITY	finite sequence start+i*step, inclusive/exclusive bound; exact cardinality and row order	scheme.rs:567-623; frontend.rs range; numeric.rs:3962-4132	MECH_AUDIT_CASE=catalog-range-exclusive ./docs/design/grammar-audit/s8-replacement-audit/run-probes.sh semantic_replacement_witnesses	specified; candidate-specific execution not yet recorded; discovery command is export sample only
range/exclusive-increment	0	C15	inputs: Fixed([K0, K1, K2]), outputs: [Matrix { element: K4, dimensions: [1, D0] }]	RangeEndpoint	u8,u16,u32,u64,u128,i8,i16,i32,i64,i128,f32,f64,index	u8,u16,u32,u64,u128,i8,i16,i32,i64,i128,f32,f64; index handled by Index source ownership (must execute dedicated witness)	Internal	intrinsic-operator	"""answer := 1..1..3\nanswer\n"""	RANGE;PROMOTION;TURN;VISIBILITY	finite sequence start+i*step, inclusive/exclusive bound; exact cardinality and row order	scheme.rs:567-623; frontend.rs range; numeric.rs:3962-4132	MECH_AUDIT_CASE=catalog-range-exclusive-increment ./docs/design/grammar-audit/s8-replacement-audit/run-probes.sh semantic_replacement_witnesses	specified; candidate-specific execution not yet recorded; discovery command is export sample only
range/inclusive	0	C15	inputs: Fixed([K0, K1]), outputs: [Matrix { element: K2, dimensions: [1, D0] }]	RangeEndpoint	u8,u16,u32,u64,u128,i8,i16,i32,i64,i128,f32,f64,index	u8,u16,u32,u64,u128,i8,i16,i32,i64,i128,f32,f64; index handled by Index source ownership (must execute dedicated witness)	Prelude	named-call	"""answer := range/inclusive(1.0, 3.0)\nanswer\n"""	RANGE;PROMOTION;TURN;VISIBILITY	finite sequence start+i*step, inclusive/exclusive bound; exact cardinality and row order	scheme.rs:567-623; frontend.rs range; numeric.rs:3962-4132	MECH_AUDIT_CASE=catalog-range-inclusive ./docs/design/grammar-audit/s8-replacement-audit/run-probes.sh semantic_replacement_witnesses	specified; candidate-specific execution not yet recorded; discovery command is export sample only
range/inclusive-increment	0	C15	inputs: Fixed([K0, K1, K2]), outputs: [Matrix { element: K4, dimensions: [1, D0] }]	RangeEndpoint	u8,u16,u32,u64,u128,i8,i16,i32,i64,i128,f32,f64,index	u8,u16,u32,u64,u128,i8,i16,i32,i64,i128,f32,f64; index handled by Index source ownership (must execute dedicated witness)	Internal	intrinsic-operator	"""answer := 1..1..=3\nanswer\n"""	RANGE;PROMOTION;TURN;VISIBILITY	finite sequence start+i*step, inclusive/exclusive bound; exact cardinality and row order	scheme.rs:567-623; frontend.rs range; numeric.rs:3962-4132	MECH_AUDIT_CASE=catalog-range-inclusive-increment ./docs/design/grammar-audit/s8-replacement-audit/run-probes.sh semantic_replacement_witnesses	specified; candidate-specific execution not yet recorded; discovery command is export sample only
set/cartesian-product	0	C28	inputs: Fixed([Set { element: K0, cardinality: D0 }, Set { element: K1, cardinality: D1 }]), outputs: [Set { element: Tuple([K0, K1]), cardinality: D2 }]	exact/template	u8,u16,u32,u64,u128,i8,i16,i32,i64,i128,f32,f64,r64,string,bool,id,index,atom; K-STRUCT on each side	no named source binding; operator mapping not present in canonical frontend; direct artifact contract requires product snapshots	Internal	negative-named-call	"""answer := set/cartesian-product({1,2},{2,3})\nanswer\n"""	VISIBILITY;CARTESIAN;KEY;VISIBILITY	direct source rejects Internal; artifact result reference ordered pairs as canonical set	set/catalog.rs:97-102; scheme.rs:925-944; resident/set.rs	MECH_AUDIT_CASE=catalog-set-cartesian-product ./docs/design/grammar-audit/s8-replacement-audit/run-probes.sh semantic_replacement_witnesses	specified; candidate-specific execution not yet recorded; discovery command is export sample only
set/comprehension	0	C22	inputs: Fixed([]), outputs: [Set { element: Tuple([]), cardinality: D0 }]	Keyable	u8,u16,u32,u64,u128,i8,i16,i32,i64,i128,f32,f64,r64,string,bool,id,index,atom; K-STRUCT	keyable snapshots; lexical control storage G06; composition G07/G08	Prelude	intrinsic-operator	"""answer := {x + 1 | x <- [1 2]}\nanswer\n"""	COMP;KEY;TURN;VISIBILITY	reference set of yielded values, duplicate elimination and canonical key identity	scheme.rs:1020-1045; resident/set.rs; comprehension.rs	MECH_AUDIT_CASE=catalog-set-comprehension ./docs/design/grammar-audit/s8-replacement-audit/run-probes.sh semantic_replacement_witnesses	specified; candidate-specific execution not yet recorded; discovery command is export sample only
set/comprehension	1	C22	inputs: Variadic { prefix: [], repeated: K0, min_repetitions: 1 }, outputs: [Set { element: K0, cardinality: D0 }]	Keyable	u8,u16,u32,u64,u128,i8,i16,i32,i64,i128,f32,f64,r64,string,bool,id,index,atom; K-STRUCT	keyable snapshots; lexical control storage G06; composition G07/G08	Prelude	intrinsic-operator	"""answer := {x + 1 | x <- [1 2]}\nanswer\n"""	COMP;KEY;TURN;VISIBILITY	reference set of yielded values, duplicate elimination and canonical key identity	scheme.rs:1020-1045; resident/set.rs; comprehension.rs	MECH_AUDIT_CASE=catalog-set-comprehension ./docs/design/grammar-audit/s8-replacement-audit/run-probes.sh semantic_replacement_witnesses	specified; candidate-specific execution not yet recorded; discovery command is export sample only
set/define	syntax-directed	C23	Some(FunctionTypeDeclaration { overloads: [], template: Some(SetDefinition), parameter_names: None })	exact/template	u8,u16,u32,u64,u128,i8,i16,i32,i64,i128,f32,f64,r64,string,bool,id,index,atom; K-STRUCT	keyable snapshot construction	Prelude	intrinsic-operator	"""answer := {1,2}\nanswer\n"""	SET-DEFINE;KEY;TURN;VISIBILITY	canonical set uniqueness independent of source order	catalog.rs source template SetDefinition; resident/set.rs	MECH_AUDIT_CASE=catalog-set-define ./docs/design/grammar-audit/s8-replacement-audit/run-probes.sh semantic_replacement_witnesses	specified; candidate-specific execution not yet recorded; discovery command is export sample only
set/difference	0	C26	inputs: Fixed([Set { element: K0, cardinality: D0 }, Set { element: K0, cardinality: D1 }]), outputs: [Set { element: K0, cardinality: D2 }]	Keyable	u8,u16,u32,u64,u128,i8,i16,i32,i64,i128,f32,f64,r64,string,bool,id,index,atom; K-STRUCT	keyable snapshots	Prelude	named-call	"""answer := set/difference({1,2},{2,3})\nanswer\n"""	SET-BINARY;KEY;TURN;VISIBILITY	reference union/intersection/difference/symmetric difference	scheme.rs:892-925; resident/set.rs	MECH_AUDIT_CASE=catalog-set-difference ./docs/design/grammar-audit/s8-replacement-audit/run-probes.sh semantic_replacement_witnesses	specified; candidate-specific execution not yet recorded; discovery command is export sample only
set/disjoint	0	C27	inputs: Fixed([Set { element: K0, cardinality: D0 }, Set { element: K0, cardinality: D1 }]), outputs: [bool]	Keyable	u8,u16,u32,u64,u128,i8,i16,i32,i64,i128,f32,f64,r64,string,bool,id,index,atom; K-STRUCT	keyable snapshots	Prelude	named-call	"""answer := set/disjoint({1,2},{2,3})\nanswer\n"""	SET-RELATION;KEY;TURN;VISIBILITY	finite mathematical equality/subset/proper/disjoint relations	scheme.rs:966-977; resident/set.rs	MECH_AUDIT_CASE=catalog-set-disjoint ./docs/design/grammar-audit/s8-replacement-audit/run-probes.sh semantic_replacement_witnesses	specified; candidate-specific execution not yet recorded; discovery command is export sample only
set/element-of	0	C24	inputs: Fixed([K0, Set { element: K1, cardinality: D0 }]), outputs: [bool]	Keyable	u8,u16,u32,u64,u128,i8,i16,i32,i64,i128,f32,f64,r64,string,bool,id,index,atom; K-STRUCT; sought value independently typed; keyability applies to set element	keyable set domain; member-kind mismatch uses declared membership semantics	Internal	intrinsic-operator	"""answer := 1 ∈ {1,2}\nanswer\n"""	MEMBERSHIP;KEY;TURN;VISIBILITY	reference membership of exact canonical key, no accidental numeric coercion	scheme.rs:850; resident/set.rs	MECH_AUDIT_CASE=catalog-set-element-of ./docs/design/grammar-audit/s8-replacement-audit/run-probes.sh semantic_replacement_witnesses	specified; candidate-specific execution not yet recorded; discovery command is export sample only
set/equals	0	C27	inputs: Fixed([Set { element: K0, cardinality: D0 }, Set { element: K0, cardinality: D1 }]), outputs: [bool]	Keyable	u8,u16,u32,u64,u128,i8,i16,i32,i64,i128,f32,f64,r64,string,bool,id,index,atom; K-STRUCT	keyable snapshots	Prelude	named-call	"""answer := set/equals({1,2},{2,3})\nanswer\n"""	SET-RELATION;KEY;TURN;VISIBILITY	finite mathematical equality/subset/proper/disjoint relations	scheme.rs:966-977; resident/set.rs	MECH_AUDIT_CASE=catalog-set-equals ./docs/design/grammar-audit/s8-replacement-audit/run-probes.sh semantic_replacement_witnesses	specified; candidate-specific execution not yet recorded; discovery command is export sample only
set/insert	0	C25	inputs: Fixed([Set { element: K0, cardinality: D0 }, K0]), outputs: [Set { element: K0, cardinality: D1 }]	Keyable	u8,u16,u32,u64,u128,i8,i16,i32,i64,i128,f32,f64,r64,string,bool,id,index,atom; K-STRUCT	keyable snapshot construction	Prelude	named-call	"""answer := set/insert({1,2}, 3)\nanswer\n"""	SET-UPDATE;KEY;TURN;VISIBILITY	insert union singleton/remove exact key; cardinality bound and preserved original	scheme.rs set_insert,set_remove; resident/set.rs	MECH_AUDIT_CASE=catalog-set-insert ./docs/design/grammar-audit/s8-replacement-audit/run-probes.sh semantic_replacement_witnesses	specified; candidate-specific execution not yet recorded; discovery command is export sample only
set/intersection	0	C26	inputs: Fixed([Set { element: K0, cardinality: D0 }, Set { element: K0, cardinality: D1 }]), outputs: [Set { element: K0, cardinality: D2 }]	Keyable	u8,u16,u32,u64,u128,i8,i16,i32,i64,i128,f32,f64,r64,string,bool,id,index,atom; K-STRUCT	keyable snapshots	Prelude	named-call	"""answer := set/intersection({1,2},{2,3})\nanswer\n"""	SET-BINARY;KEY;TURN;VISIBILITY	reference union/intersection/difference/symmetric difference	scheme.rs:892-925; resident/set.rs	MECH_AUDIT_CASE=catalog-set-intersection ./docs/design/grammar-audit/s8-replacement-audit/run-probes.sh semantic_replacement_witnesses	specified; candidate-specific execution not yet recorded; discovery command is export sample only
set/not-element-of	0	C24	inputs: Fixed([K0, Set { element: K1, cardinality: D0 }]), outputs: [bool]	Keyable	u8,u16,u32,u64,u128,i8,i16,i32,i64,i128,f32,f64,r64,string,bool,id,index,atom; K-STRUCT; sought value independently typed; keyability applies to set element	keyable set domain; member-kind mismatch uses declared membership semantics	Internal	intrinsic-operator	"""answer := 1 ∉ {1,2}\nanswer\n"""	MEMBERSHIP;KEY;TURN;VISIBILITY	reference membership of exact canonical key, no accidental numeric coercion	scheme.rs:850; resident/set.rs	MECH_AUDIT_CASE=catalog-set-not-element-of ./docs/design/grammar-audit/s8-replacement-audit/run-probes.sh semantic_replacement_witnesses	specified; candidate-specific execution not yet recorded; discovery command is export sample only
set/not_equals	0	C27	inputs: Fixed([Set { element: K0, cardinality: D0 }, Set { element: K0, cardinality: D1 }]), outputs: [bool]	Keyable	u8,u16,u32,u64,u128,i8,i16,i32,i64,i128,f32,f64,r64,string,bool,id,index,atom; K-STRUCT	keyable snapshots	Prelude	intrinsic-operator	"""answer := {1,2} ≠ {2,3}\nanswer\n"""	SET-RELATION;KEY;TURN;VISIBILITY	finite mathematical equality/subset/proper/disjoint relations	scheme.rs:966-977; resident/set.rs	MECH_AUDIT_CASE=catalog-set-not_equals ./docs/design/grammar-audit/s8-replacement-audit/run-probes.sh semantic_replacement_witnesses	specified; candidate-specific execution not yet recorded; discovery command is export sample only
set/powerset	0	C29	inputs: Fixed([Set { element: K0, cardinality: D0 }]), outputs: [Set { element: Set { element: K0, cardinality: D1 }, cardinality: D2 }]	exact/template	u8,u16,u32,u64,u128,i8,i16,i32,i64,i128,f32,f64,r64,string,bool,id,index,atom; K-STRUCT	keyable snapshot sets of sets	Prelude	named-call	"""answer := set/powerset({1,2})\nanswer\n"""	POWERSET;KEY;VISIBILITY	reference 2^n subsets for n=0,1,3; canonical duplicate/order invariance; budget boundary	scheme.rs:946-964; resident/set.rs	MECH_AUDIT_CASE=catalog-set-powerset ./docs/design/grammar-audit/s8-replacement-audit/run-probes.sh semantic_replacement_witnesses	specified; candidate-specific execution not yet recorded; discovery command is export sample only
set/proper-superset	0	C27	inputs: Fixed([Set { element: K0, cardinality: D0 }, Set { element: K0, cardinality: D1 }]), outputs: [bool]	Keyable	u8,u16,u32,u64,u128,i8,i16,i32,i64,i128,f32,f64,r64,string,bool,id,index,atom; K-STRUCT	keyable snapshots	Internal	intrinsic-operator	"""answer := {1,2} ⊃ {1}\nanswer\n"""	SET-RELATION;KEY;TURN;VISIBILITY	finite mathematical equality/subset/proper/disjoint relations	scheme.rs:966-977; resident/set.rs	MECH_AUDIT_CASE=catalog-set-proper-superset ./docs/design/grammar-audit/s8-replacement-audit/run-probes.sh semantic_replacement_witnesses	specified; candidate-specific execution not yet recorded; discovery command is export sample only
set/proper_subset	0	C27	inputs: Fixed([Set { element: K0, cardinality: D0 }, Set { element: K0, cardinality: D1 }]), outputs: [bool]	Keyable	u8,u16,u32,u64,u128,i8,i16,i32,i64,i128,f32,f64,r64,string,bool,id,index,atom; K-STRUCT	keyable snapshots	Prelude	intrinsic-operator	"""answer := {1} ⊂ {1,2}\nanswer\n"""	SET-RELATION;KEY;TURN;VISIBILITY	finite mathematical equality/subset/proper/disjoint relations	scheme.rs:966-977; resident/set.rs	MECH_AUDIT_CASE=catalog-set-proper_subset ./docs/design/grammar-audit/s8-replacement-audit/run-probes.sh semantic_replacement_witnesses	specified; candidate-specific execution not yet recorded; discovery command is export sample only
set/remove	0	C25	inputs: Fixed([Set { element: K0, cardinality: D0 }, K0]), outputs: [Set { element: K0, cardinality: D1 }]	Keyable	u8,u16,u32,u64,u128,i8,i16,i32,i64,i128,f32,f64,r64,string,bool,id,index,atom; K-STRUCT	keyable snapshot construction	Prelude	named-call	"""answer := set/remove({1,2}, 3)\nanswer\n"""	SET-UPDATE;KEY;TURN;VISIBILITY	insert union singleton/remove exact key; cardinality bound and preserved original	scheme.rs set_insert,set_remove; resident/set.rs	MECH_AUDIT_CASE=catalog-set-remove ./docs/design/grammar-audit/s8-replacement-audit/run-probes.sh semantic_replacement_witnesses	specified; candidate-specific execution not yet recorded; discovery command is export sample only
set/size	0	C30	inputs: Fixed([Set { element: K0, cardinality: D0 }]), outputs: [u64]	exact/template	u8,u16,u32,u64,u128,i8,i16,i32,i64,i128,f32,f64,r64,string,bool,id,index,atom; K-STRUCT	u64 result from keyable set	Prelude	named-call	"""answer := set/size({1,2})\nanswer\n"""	SET-SIZE;KEY;VISIBILITY	distinct canonical key count, u64 kind	scheme.rs:1496; resident/set.rs	MECH_AUDIT_CASE=catalog-set-size ./docs/design/grammar-audit/s8-replacement-audit/run-probes.sh semantic_replacement_witnesses	specified; candidate-specific execution not yet recorded; discovery command is export sample only
set/subset	0	C27	inputs: Fixed([Set { element: K0, cardinality: D0 }, Set { element: K0, cardinality: D1 }]), outputs: [bool]	Keyable	u8,u16,u32,u64,u128,i8,i16,i32,i64,i128,f32,f64,r64,string,bool,id,index,atom; K-STRUCT	keyable snapshots	Prelude	named-call	"""answer := set/subset({1,2},{2,3})\nanswer\n"""	SET-RELATION;KEY;TURN;VISIBILITY	finite mathematical equality/subset/proper/disjoint relations	scheme.rs:966-977; resident/set.rs	MECH_AUDIT_CASE=catalog-set-subset ./docs/design/grammar-audit/s8-replacement-audit/run-probes.sh semantic_replacement_witnesses	specified; candidate-specific execution not yet recorded; discovery command is export sample only
set/superset	0	C27	inputs: Fixed([Set { element: K0, cardinality: D0 }, Set { element: K0, cardinality: D1 }]), outputs: [bool]	Keyable	u8,u16,u32,u64,u128,i8,i16,i32,i64,i128,f32,f64,r64,string,bool,id,index,atom; K-STRUCT	keyable snapshots	Prelude	named-call	"""answer := set/superset({1,2},{2,3})\nanswer\n"""	SET-RELATION;KEY;TURN;VISIBILITY	finite mathematical equality/subset/proper/disjoint relations	scheme.rs:966-977; resident/set.rs	MECH_AUDIT_CASE=catalog-set-superset ./docs/design/grammar-audit/s8-replacement-audit/run-probes.sh semantic_replacement_witnesses	specified; candidate-specific execution not yet recorded; discovery command is export sample only
set/symmetric-difference	0	C26	inputs: Fixed([Set { element: K0, cardinality: D0 }, Set { element: K0, cardinality: D1 }]), outputs: [Set { element: K0, cardinality: D2 }]	Keyable	u8,u16,u32,u64,u128,i8,i16,i32,i64,i128,f32,f64,r64,string,bool,id,index,atom; K-STRUCT	keyable snapshots	Internal	intrinsic-operator	"""answer := {1,2} Δ {2,3}\nanswer\n"""	SET-BINARY;KEY;TURN;VISIBILITY	reference union/intersection/difference/symmetric difference	scheme.rs:892-925; resident/set.rs	MECH_AUDIT_CASE=catalog-set-symmetric-difference ./docs/design/grammar-audit/s8-replacement-audit/run-probes.sh semantic_replacement_witnesses	specified; candidate-specific execution not yet recorded; discovery command is export sample only
set/union	0	C26	inputs: Fixed([Set { element: K0, cardinality: D0 }, Set { element: K0, cardinality: D1 }]), outputs: [Set { element: K0, cardinality: D2 }]	Keyable	u8,u16,u32,u64,u128,i8,i16,i32,i64,i128,f32,f64,r64,string,bool,id,index,atom; K-STRUCT	keyable snapshots	Prelude	named-call	"""answer := set/union({1,2},{2,3})\nanswer\n"""	SET-BINARY;KEY;TURN;VISIBILITY	reference union/intersection/difference/symmetric difference	scheme.rs:892-925; resident/set.rs	MECH_AUDIT_CASE=catalog-set-union ./docs/design/grammar-audit/s8-replacement-audit/run-probes.sh semantic_replacement_witnesses	specified; candidate-specific execution not yet recorded; discovery command is export sample only
stats/sum/column	0	C31	inputs: Fixed([Matrix { element: K0, dimensions: [D0, D1] }]), outputs: [Matrix { element: K0, dimensions: [D0, 1] }]	Number	u8,u16,u32,u64,u128,i8,i16,i32,i64,i128,f32,f64,c32,c64,r64	u8,u16,u32,u64,u128,i8,i16,i32,i64,i128,f32,f64,c64,r64; c32=G02	ModuleOnly	named-call	"""+> stats\nanswer := stats/sum/column([1 2; 3 4])\nanswer\n"""	SUM;LAYOUT;TURN;VISIBILITY	sum/row [1 2;3 4]->[4 6]; sum/column->[3;7]; checked accumulation	scheme.rs:1048; numeric.rs:2783-2895	MECH_AUDIT_CASE=catalog-stats-sum-column ./docs/design/grammar-audit/s8-replacement-audit/run-probes.sh semantic_replacement_witnesses	specified; candidate-specific execution not yet recorded; discovery command is export sample only
stats/sum/row	0	C31	inputs: Fixed([Matrix { element: K0, dimensions: [D0, D1] }]), outputs: [Matrix { element: K0, dimensions: [1, D1] }]	Number	u8,u16,u32,u64,u128,i8,i16,i32,i64,i128,f32,f64,c32,c64,r64	u8,u16,u32,u64,u128,i8,i16,i32,i64,i128,f32,f64,c64,r64; c32=G02	ModuleOnly	named-call	"""+> stats\nanswer := stats/sum/row([1 2; 3 4])\nanswer\n"""	SUM;LAYOUT;TURN;VISIBILITY	sum/row [1 2;3 4]->[4 6]; sum/column->[3;7]; checked accumulation	scheme.rs:1048; numeric.rs:2783-2895	MECH_AUDIT_CASE=catalog-stats-sum-row ./docs/design/grammar-audit/s8-replacement-audit/run-probes.sh semantic_replacement_witnesses	specified; candidate-specific execution not yet recorded; discovery command is export sample only
string/concat	0	C32	inputs: Fixed([string, string]), outputs: [string]	exact/template	string	string; ModuleOnly + Internal dual export	ModuleOnly+Internal	named-call	"""+> string\nanswer := string/concat(\""a\"", \""b\"")\nanswer\n"""	STRING;TURN;VISIBILITY	Unicode string byte concatenation without normalization or truncation	string/catalog.rs:12-35; scheme.rs:1075	MECH_AUDIT_CASE=catalog-string-concat ./docs/design/grammar-audit/s8-replacement-audit/run-probes.sh semantic_replacement_witnesses	specified; candidate-specific execution not yet recorded; discovery command is export sample only
table/full-outer-join	syntax-directed	C33	Some(FunctionTypeDeclaration { overloads: [], template: Some(TableJoin(FullOuter)), parameter_names: None })	exact/template	u8,u16,u32,u64,u128,i8,i16,i32,i64,i128,f32,f64,r64,string,bool,id,index,atom; K-STRUCT common keys; payload V-STRUCT	keyable common columns; structural snapshot payload	Internal	intrinsic-operator	"""answer := (|x<u8> y<u8>|1u8 2u8|) ⟗ (|x<u8> z<u8>|1u8 3u8|)\nanswer\n"""	JOIN;KEY;TURN;VISIBILITY	reference nested-loop relational join with duplicate multiplicity, outer Option payloads	scheme.rs instantiate_table_join_scheme; resident/table.rs; intrinsics/catalog.rs:249-292	MECH_AUDIT_CASE=catalog-table-full-outer-join ./docs/design/grammar-audit/s8-replacement-audit/run-probes.sh semantic_replacement_witnesses	specified; candidate-specific execution not yet recorded; discovery command is export sample only
table/join	syntax-directed	C33	Some(FunctionTypeDeclaration { overloads: [], template: Some(TableJoin(Inner)), parameter_names: None })	exact/template	u8,u16,u32,u64,u128,i8,i16,i32,i64,i128,f32,f64,r64,string,bool,id,index,atom; K-STRUCT common keys; payload V-STRUCT	keyable common columns; structural snapshot payload	Internal	intrinsic-operator	"""answer := (|x<u8> y<u8>|1u8 2u8|) ⋈ (|x<u8> z<u8>|1u8 3u8|)\nanswer\n"""	JOIN;KEY;TURN;VISIBILITY	reference nested-loop relational join with duplicate multiplicity, outer Option payloads	scheme.rs instantiate_table_join_scheme; resident/table.rs; intrinsics/catalog.rs:249-292	MECH_AUDIT_CASE=catalog-table-join ./docs/design/grammar-audit/s8-replacement-audit/run-probes.sh semantic_replacement_witnesses	specified; candidate-specific execution not yet recorded; discovery command is export sample only
table/left-anti-join	syntax-directed	C33	Some(FunctionTypeDeclaration { overloads: [], template: Some(TableJoin(LeftAnti)), parameter_names: None })	exact/template	u8,u16,u32,u64,u128,i8,i16,i32,i64,i128,f32,f64,r64,string,bool,id,index,atom; K-STRUCT common keys; payload V-STRUCT	keyable common columns; structural snapshot payload	Internal	intrinsic-operator	"""answer := (|x<u8> y<u8>|1u8 2u8|) ▷ (|x<u8> z<u8>|1u8 3u8|)\nanswer\n"""	JOIN;KEY;TURN;VISIBILITY	reference nested-loop relational join with duplicate multiplicity, outer Option payloads	scheme.rs instantiate_table_join_scheme; resident/table.rs; intrinsics/catalog.rs:249-292	MECH_AUDIT_CASE=catalog-table-left-anti-join ./docs/design/grammar-audit/s8-replacement-audit/run-probes.sh semantic_replacement_witnesses	specified; candidate-specific execution not yet recorded; discovery command is export sample only
table/left-outer-join	syntax-directed	C33	Some(FunctionTypeDeclaration { overloads: [], template: Some(TableJoin(LeftOuter)), parameter_names: None })	exact/template	u8,u16,u32,u64,u128,i8,i16,i32,i64,i128,f32,f64,r64,string,bool,id,index,atom; K-STRUCT common keys; payload V-STRUCT	keyable common columns; structural snapshot payload	Internal	intrinsic-operator	"""answer := (|x<u8> y<u8>|1u8 2u8|) ⟕ (|x<u8> z<u8>|1u8 3u8|)\nanswer\n"""	JOIN;KEY;TURN;VISIBILITY	reference nested-loop relational join with duplicate multiplicity, outer Option payloads	scheme.rs instantiate_table_join_scheme; resident/table.rs; intrinsics/catalog.rs:249-292	MECH_AUDIT_CASE=catalog-table-left-outer-join ./docs/design/grammar-audit/s8-replacement-audit/run-probes.sh semantic_replacement_witnesses	specified; candidate-specific execution not yet recorded; discovery command is export sample only
table/left-semi-join	syntax-directed	C33	Some(FunctionTypeDeclaration { overloads: [], template: Some(TableJoin(LeftSemi)), parameter_names: None })	exact/template	u8,u16,u32,u64,u128,i8,i16,i32,i64,i128,f32,f64,r64,string,bool,id,index,atom; K-STRUCT common keys; payload V-STRUCT	keyable common columns; structural snapshot payload	Internal	intrinsic-operator	"""answer := (|x<u8> y<u8>|1u8 2u8|) ⋉ (|x<u8> z<u8>|1u8 3u8|)\nanswer\n"""	JOIN;KEY;TURN;VISIBILITY	reference nested-loop relational join with duplicate multiplicity, outer Option payloads	scheme.rs instantiate_table_join_scheme; resident/table.rs; intrinsics/catalog.rs:249-292	MECH_AUDIT_CASE=catalog-table-left-semi-join ./docs/design/grammar-audit/s8-replacement-audit/run-probes.sh semantic_replacement_witnesses	specified; candidate-specific execution not yet recorded; discovery command is export sample only
table/right-outer-join	syntax-directed	C33	Some(FunctionTypeDeclaration { overloads: [], template: Some(TableJoin(RightOuter)), parameter_names: None })	exact/template	u8,u16,u32,u64,u128,i8,i16,i32,i64,i128,f32,f64,r64,string,bool,id,index,atom; K-STRUCT common keys; payload V-STRUCT	keyable common columns; structural snapshot payload	Internal	intrinsic-operator	"""answer := (|x<u8> y<u8>|1u8 2u8|) ⟖ (|x<u8> z<u8>|1u8 3u8|)\nanswer\n"""	JOIN;KEY;TURN;VISIBILITY	reference nested-loop relational join with duplicate multiplicity, outer Option payloads	scheme.rs instantiate_table_join_scheme; resident/table.rs; intrinsics/catalog.rs:249-292	MECH_AUDIT_CASE=catalog-table-right-outer-join ./docs/design/grammar-audit/s8-replacement-audit/run-probes.sh semantic_replacement_witnesses	specified; candidate-specific execution not yet recorded; discovery command is export sample only
