inventory	rule	declared-disposition	witness	behavior-evidence	related-gaps	open-obligation	acceptance-boundary	acceptance-cells	responsibility-class	owning-layer
phase-2i	argument-list	structural	canonical_phase_2i_certification::certification_table_executes_every_direct_accept_reject_and_recovery_case	structural/syntax inventory only	G19	O06	The accepted/rejected/recovery fragments certify direct grammar and typed access. This helper has no independent evaluator; listed parent cells own its value/error behavior.	rule:R17;compiler:F01;control:FUN02	structural-call-arguments	canonical function/named-call environment
phase-2i	binding	structural	canonical_phase_2i_certification::certification_table_executes_every_direct_accept_reject_and_recovery_case	structural/syntax inventory only		O06	The accepted/rejected/recovery fragments certify direct grammar and typed access. This helper has no independent evaluator; listed parent cells own its value/error behavior.	rule:R31;schema:Q04;schema:Q06;schema:Q08	structural-record-field-binding	canonical Record field schema and constructor owner
phase-2i	brace-subscript	structural	canonical_phase_2i_certification::certification_table_executes_every_direct_accept_reject_and_recovery_case	structural/syntax inventory only	G17	O06	The accepted/rejected/recovery fragments certify direct grammar and typed access. This helper has no independent evaluator; listed parent cells own its value/error behavior.	rule:R31;schema:Q09;schema:Q10;schema:Q14;catalog:C15	structural-selector	canonical selection lowering and resident selection contracts
phase-2i	bracket-subscript	structural	canonical_phase_2i_certification::certification_table_executes_every_direct_accept_reject_and_recovery_case	structural/syntax inventory only	G17	O06	The accepted/rejected/recovery fragments certify direct grammar and typed access. This helper has no independent evaluator; listed parent cells own its value/error behavior.	rule:R31;schema:Q09;schema:Q10;schema:Q14;catalog:C15	structural-selector	canonical selection lowering and resident selection contracts
phase-2i	call-arg	structural	canonical_phase_2i_certification::certification_table_executes_every_direct_accept_reject_and_recovery_case	structural/syntax inventory only	G19	O06	The accepted/rejected/recovery fragments certify direct grammar and typed access. This helper has no independent evaluator; listed parent cells own its value/error behavior.	rule:R17;compiler:F01;control:FUN02	structural-call-arguments	canonical function/named-call environment
phase-2i	call-arg-with-binding	structural	canonical_phase_2i_certification::certification_table_executes_every_direct_accept_reject_and_recovery_case	structural/syntax inventory only	G19	O06	The accepted/rejected/recovery fragments certify direct grammar and typed access. This helper has no independent evaluator; listed parent cells own its value/error behavior.	rule:R17;compiler:F01;control:FUN02	structural-call-arguments	canonical function/named-call environment
phase-2i	comprehension-qualifier	structural	canonical_phase_2i_certification::certification_table_executes_every_direct_accept_reject_and_recovery_case	structural/syntax inventory only	G06;G07;G08;G18	O06	The accepted/rejected/recovery fragments certify direct grammar and typed access. This helper has no independent evaluator; listed parent cells own its value/error behavior.	rule:R07;rule:R08;rule:R09;rule:R10	structural-control-qualifier	canonical comprehension lowering and resident control
phase-2i	expression	executable	canonical_phase_2i_certification::certification_table_executes_every_direct_accept_reject_and_recovery_case	canonical_phase_2i_semantic_certification::every_semantic_rule_meets_its_required_witness_outcome (artifact construction, not resident execution)	G09	O06	The accepted/rejected/recovery fragments certify direct grammar and typed access. Executable or compile-time behavior is separately owned by the named cells; the certification semantic outcome alone is not a value oracle.	compiler:F01;rule:R11;rule:R05;rule:R06	expression-dispatch	canonical expression lowering; reached variants keep their named owners
phase-2i	factor	executable	canonical_phase_2i_certification::certification_table_executes_every_direct_accept_reject_and_recovery_case	canonical_phase_2i_semantic_certification::every_semantic_rule_meets_its_required_witness_outcome (artifact construction, not resident execution)		O06	The accepted/rejected/recovery fragments certify direct grammar and typed access. Executable or compile-time behavior is separately owned by the named cells; the certification semantic outcome alone is not a value oracle.	rule:R05;catalog:C20	expression-wrapper/postfix	canonical expression lowering and matrix transpose contract
phase-2i	fancy-table	executable	canonical_phase_2i_certification::certification_table_executes_every_direct_accept_reject_and_recovery_case	canonical_phase_2i_semantic_certification::every_semantic_rule_meets_its_required_witness_outcome (artifact construction, not resident execution)		O06	The accepted/rejected/recovery fragments certify direct grammar and typed access. Executable or compile-time behavior is separately owned by the named cells; the certification semantic outcome alone is not a value oracle.	rule:R31;schema:Q04;schema:Q12;schema:Q13;catalog:C33	executable-table-constructor	canonical Table schema and constructor owner
phase-2i	fancy-table-header	structural	canonical_phase_2i_certification::certification_table_executes_every_direct_accept_reject_and_recovery_case	structural/syntax inventory only		O06	The accepted/rejected/recovery fragments certify direct grammar and typed access. This helper has no independent evaluator; listed parent cells own its value/error behavior.	rule:R31;schema:Q04;schema:Q12	structural-table-syntax	canonical Table schema and constructor owner
phase-2i	field	compile-time	canonical_phase_2i_certification::certification_table_executes_every_direct_accept_reject_and_recovery_case	canonical_phase_2i_semantic_certification::every_semantic_rule_meets_its_required_witness_outcome (artifact construction, not resident execution)		O06	The accepted/rejected/recovery fragments certify direct grammar and typed access. Executable or compile-time behavior is separately owned by the named cells; the certification semantic outcome alone is not a value oracle.	schema:Q04;schema:Q06;schema:Q08	compile-time-field-schema	canonical record/table schema admission
phase-2i	formula	executable	canonical_phase_2i_certification::certification_table_executes_every_direct_accept_reject_and_recovery_case	canonical_phase_2i_semantic_certification::every_semantic_rule_meets_its_required_witness_outcome (artifact construction, not resident execution)		O06	The accepted/rejected/recovery fragments certify direct grammar and typed access. Executable or compile-time behavior is separately owned by the named cells; the certification semantic outcome alone is not a value oracle.	rule:R05;compiler:F01	expression-grouping	canonical precedence lowering; operand operation owns execution
phase-2i	formula-subscript	structural	canonical_phase_2i_certification::certification_table_executes_every_direct_accept_reject_and_recovery_case	structural/syntax inventory only	G17	O06	The accepted/rejected/recovery fragments certify direct grammar and typed access. This helper has no independent evaluator; listed parent cells own its value/error behavior.	rule:R31;schema:Q09;schema:Q10;schema:Q14;catalog:C15	structural-selector	canonical selection lowering and resident selection contracts
phase-2i	fsm-args	structural	canonical_phase_2i_certification::certification_table_executes_every_direct_accept_reject_and_recovery_case	structural/syntax inventory only	G14	O06	The accepted/rejected/recovery fragments certify direct grammar and typed access. This helper has no independent evaluator; listed parent cells own its value/error behavior.	control:FSM01	control-structure	canonical FSM declaration/continuation owner
phase-2i	fsm-async-transition	structural	canonical_phase_2i_certification::certification_table_executes_every_direct_accept_reject_and_recovery_case	structural/syntax inventory only	G14	O06	The accepted/rejected/recovery fragments certify direct grammar and typed access. This helper has no independent evaluator; listed parent cells own its value/error behavior.	control:FSM04;control:FSM05;control:FSM06;control:FSM07;control:FSM08;control:FSM09;control:FSM10;control:FSM11;control:FSM12	control-structure	canonical FSM declaration/continuation owner
phase-2i	fsm-instance	structural	canonical_phase_2i_certification::certification_table_executes_every_direct_accept_reject_and_recovery_case	structural/syntax inventory only	G14	O06	The accepted/rejected/recovery fragments certify direct grammar and typed access. This helper has no independent evaluator; listed parent cells own its value/error behavior.	control:FSM01;control:FSM08;control:FSM09;control:FSM10	control-structure	canonical FSM declaration/continuation owner
phase-2i	fsm-output	structural	canonical_phase_2i_certification::certification_table_executes_every_direct_accept_reject_and_recovery_case	structural/syntax inventory only	G14	O06	The accepted/rejected/recovery fragments certify direct grammar and typed access. This helper has no independent evaluator; listed parent cells own its value/error behavior.	control:FSM02;control:FSM03;control:FSM10	control-structure	canonical FSM declaration/continuation owner
phase-2i	fsm-pipe	executable	canonical_phase_2i_certification::certification_table_executes_every_direct_accept_reject_and_recovery_case	canonical_phase_2i_semantic_certification::every_semantic_rule_meets_its_required_witness_outcome (artifact construction, not resident execution)	G14	O06	The accepted/rejected/recovery fragments certify direct grammar and typed access. Executable or compile-time behavior is separately owned by the named cells; the certification semantic outcome alone is not a value oracle.	control:FSM01;control:FSM02;control:FSM04;control:FSM05;control:FSM06;control:FSM07;control:FSM08;control:FSM09;control:FSM10;control:FSM11;control:FSM12;control:FSM13	control-structure	canonical FSM declaration/continuation owner
phase-2i	fsm-state-transition	structural	canonical_phase_2i_certification::certification_table_executes_every_direct_accept_reject_and_recovery_case	structural/syntax inventory only	G14	O06	The accepted/rejected/recovery fragments certify direct grammar and typed access. This helper has no independent evaluator; listed parent cells own its value/error behavior.	control:FSM01;control:FSM02;control:FSM03	control-structure	canonical FSM declaration/continuation owner
phase-2i	fsm-value	structural	canonical_phase_2i_certification::certification_table_executes_every_direct_accept_reject_and_recovery_case	structural/syntax inventory only	G14	O06	The accepted/rejected/recovery fragments certify direct grammar and typed access. This helper has no independent evaluator; listed parent cells own its value/error behavior.	control:FSM01;control:FSM09;control:FSM13	control-structure	canonical FSM declaration/continuation owner
phase-2i	function-call	executable	canonical_phase_2i_certification::certification_table_executes_every_direct_accept_reject_and_recovery_case	canonical_phase_2i_semantic_certification::every_semantic_rule_meets_its_required_witness_outcome (artifact construction, not resident execution)	G19;G20	O06	The accepted/rejected/recovery fragments certify direct grammar and typed access. Executable or compile-time behavior is separately owned by the named cells; the certification semantic outcome alone is not a value oracle.	rule:R06;rule:R17;catalog:C01;catalog:C02;catalog:C03;catalog:C04;catalog:C05;catalog:C06;catalog:C07;catalog:C08;catalog:C09;catalog:C10;catalog:C11;catalog:C12;catalog:C13;catalog:C14;catalog:C15;catalog:C16;catalog:C17;catalog:C18;catalog:C19;catalog:C20;catalog:C21;catalog:C22;catalog:C23;catalog:C24;catalog:C25;catalog:C26;catalog:C27;catalog:C28;catalog:C29;catalog:C30;catalog:C31;catalog:C32;catalog:C33;catalog:C34;control:FUN01;control:FUN02;control:FUN04;control:FUN05;control:FUN07;control:FUN08;control:FUN09;control:FUN10	executable-call-dispatch	canonical function environment, user-function body and configured catalog admission
phase-2i	generator	structural	canonical_phase_2i_certification::certification_table_executes_every_direct_accept_reject_and_recovery_case	structural/syntax inventory only	G06;G07;G08;G18	O06	The accepted/rejected/recovery fragments certify direct grammar and typed access. This helper has no independent evaluator; listed parent cells own its value/error behavior.	rule:R07;rule:R08;rule:R09;rule:R10	structural-control-qualifier	canonical comprehension lowering and resident control
phase-2i	header-field	compile-time	canonical_phase_2i_certification::certification_table_executes_every_direct_accept_reject_and_recovery_case	canonical_phase_2i_semantic_certification::every_semantic_rule_meets_its_required_witness_outcome (artifact construction, not resident execution)		O06	The accepted/rejected/recovery fragments certify direct grammar and typed access. Executable or compile-time behavior is separately owned by the named cells; the certification semantic outcome alone is not a value oracle.	schema:Q04;schema:Q06;schema:Q08	compile-time-field-schema	canonical record/table schema admission
phase-2i	inline-table	executable	canonical_phase_2i_certification::certification_table_executes_every_direct_accept_reject_and_recovery_case	canonical_phase_2i_semantic_certification::every_semantic_rule_meets_its_required_witness_outcome (artifact construction, not resident execution)		O06	The accepted/rejected/recovery fragments certify direct grammar and typed access. Executable or compile-time behavior is separately owned by the named cells; the certification semantic outcome alone is not a value oracle.	rule:R31;schema:Q04;schema:Q12;schema:Q13;catalog:C33	executable-table-constructor	canonical Table schema and constructor owner
phase-2i	inline-table-header	structural	canonical_phase_2i_certification::certification_table_executes_every_direct_accept_reject_and_recovery_case	structural/syntax inventory only		O06	The accepted/rejected/recovery fragments certify direct grammar and typed access. This helper has no independent evaluator; listed parent cells own its value/error behavior.	rule:R31;schema:Q04;schema:Q12	structural-table-syntax	canonical Table schema and constructor owner
phase-2i	inline-table-row	structural	canonical_phase_2i_certification::certification_table_executes_every_direct_accept_reject_and_recovery_case	structural/syntax inventory only		O06	The accepted/rejected/recovery fragments certify direct grammar and typed access. This helper has no independent evaluator; listed parent cells own its value/error behavior.	rule:R31;schema:Q04;schema:Q12	structural-table-syntax	canonical Table schema and constructor owner
phase-2i	kind	compile-time	canonical_phase_2i_certification::certification_table_executes_every_direct_accept_reject_and_recovery_case	canonical_phase_2i_semantic_certification::every_semantic_rule_meets_its_required_witness_outcome (artifact construction, not resident execution)	G12;G13	O06	The accepted/rejected/recovery fragments certify direct grammar and typed access. Executable or compile-time behavior is separately owned by the named cells; the certification semantic outcome alone is not a value oracle.	schema:Q06;schema:Q21;schema:Q28;schema:Q02;schema:Q03;schema:Q29;rule:R13	compile-time-type-environment	canonical schema admission and explicit G12 prerequisite
phase-2i	kind-annotation	compile-time	canonical_phase_2i_certification::certification_table_executes_every_direct_accept_reject_and_recovery_case	canonical_phase_2i_semantic_certification::every_semantic_rule_meets_its_required_witness_outcome (artifact construction, not resident execution)	G12;G13	O06	The accepted/rejected/recovery fragments certify direct grammar and typed access. Executable or compile-time behavior is separately owned by the named cells; the certification semantic outcome alone is not a value oracle.	schema:Q06;schema:Q21;schema:Q28;schema:Q02;schema:Q03;schema:Q29;rule:R13	compile-time-type-environment	canonical schema admission and explicit G12 prerequisite
phase-2i	kind-kind	compile-time	canonical_phase_2i_certification::certification_table_executes_every_direct_accept_reject_and_recovery_case	canonical_phase_2i_semantic_certification::every_semantic_rule_meets_its_required_witness_outcome (artifact construction, not resident execution)	G13	O06	The accepted/rejected/recovery fragments certify direct grammar and typed access. Executable or compile-time behavior is separately owned by the named cells; the certification semantic outcome alone is not a value oracle.	schema:Q28;schema:Q33	compile-time-reified-type	canonical reified type representation
phase-2i	kind-map	compile-time	canonical_phase_2i_certification::certification_table_executes_every_direct_accept_reject_and_recovery_case	canonical_phase_2i_semantic_certification::every_semantic_rule_meets_its_required_witness_outcome (artifact construction, not resident execution)	G25	O06	The accepted/rejected/recovery fragments certify direct grammar and typed access. Executable or compile-time behavior is separately owned by the named cells; the certification semantic outcome alone is not a value oracle.	schema:Q22;schema:Q24;schema:Q08;schema:QG-Map	compile-time-map-schema	canonical Map schema/keyability owner
phase-2i	kind-matrix	compile-time	canonical_phase_2i_certification::certification_table_executes_every_direct_accept_reject_and_recovery_case	canonical_phase_2i_semantic_certification::every_semantic_rule_meets_its_required_witness_outcome (artifact construction, not resident execution)	G13;G25	O06	The accepted/rejected/recovery fragments certify direct grammar and typed access. Executable or compile-time behavior is separately owned by the named cells; the certification semantic outcome alone is not a value oracle.	schema:Q06;schema:Q28;compiler:F13;schema:QG-Matrix	compile-time-matrix-schema	canonical independent dimension parameters and shape binding
phase-2i	kind-record	compile-time	canonical_phase_2i_certification::certification_table_executes_every_direct_accept_reject_and_recovery_case	canonical_phase_2i_semantic_certification::every_semantic_rule_meets_its_required_witness_outcome (artifact construction, not resident execution)	G25	O06	The accepted/rejected/recovery fragments certify direct grammar and typed access. Executable or compile-time behavior is separately owned by the named cells; the certification semantic outcome alone is not a value oracle.	schema:Q06;schema:Q08;schema:QG-Record	compile-time-record-schema	canonical Record field schema owner
phase-2i	kind-scalar	compile-time	canonical_phase_2i_certification::certification_table_executes_every_direct_accept_reject_and_recovery_case	canonical_phase_2i_semantic_certification::every_semantic_rule_meets_its_required_witness_outcome (artifact construction, not resident execution)	G12;G25	O06	The accepted/rejected/recovery fragments certify direct grammar and typed access. Executable or compile-time behavior is separately owned by the named cells; the certification semantic outcome alone is not a value oracle.	schema:Q17;schema:Q18;schema:Q19;schema:Q20;schema:Q21;rule:R13;schema:QT-u8;schema:QT-u16;schema:QT-u32;schema:QT-u64;schema:QT-u128;schema:QT-i8;schema:QT-i16;schema:QT-i32;schema:QT-i64;schema:QT-i128;schema:QT-f32;schema:QT-f64;schema:QT-c32;schema:QT-c64;schema:QT-r64;schema:QT-bool;schema:QT-string	compile-time-scalar-schema	canonical primitive/nominal schemas; constrained-kind decision separate
phase-2i	kind-set	compile-time	canonical_phase_2i_certification::certification_table_executes_every_direct_accept_reject_and_recovery_case	canonical_phase_2i_semantic_certification::every_semantic_rule_meets_its_required_witness_outcome (artifact construction, not resident execution)	G25	O06	The accepted/rejected/recovery fragments certify direct grammar and typed access. Executable or compile-time behavior is separately owned by the named cells; the certification semantic outcome alone is not a value oracle.	schema:Q23;schema:Q11;schema:QG-Set	compile-time-set-schema	canonical Set keyability and size parameters
phase-2i	kind-table	compile-time	canonical_phase_2i_certification::certification_table_executes_every_direct_accept_reject_and_recovery_case	canonical_phase_2i_semantic_certification::every_semantic_rule_meets_its_required_witness_outcome (artifact construction, not resident execution)	G25	O06	The accepted/rejected/recovery fragments certify direct grammar and typed access. Executable or compile-time behavior is separately owned by the named cells; the certification semantic outcome alone is not a value oracle.	schema:Q06;schema:Q12;schema:Q13;schema:QG-Table	compile-time-table-schema	canonical Table columns and row parameters
phase-2i	kind-tuple	compile-time	canonical_phase_2i_certification::certification_table_executes_every_direct_accept_reject_and_recovery_case	canonical_phase_2i_semantic_certification::every_semantic_rule_meets_its_required_witness_outcome (artifact construction, not resident execution)	G25	O06	The accepted/rejected/recovery fragments certify direct grammar and typed access. Executable or compile-time behavior is separately owned by the named cells; the certification semantic outcome alone is not a value oracle.	schema:Q07;schema:Q08;schema:QG-Tuple	compile-time-tuple-schema	canonical positional Tuple schema owner
phase-2i	kind-with-option	compile-time	canonical_phase_2i_certification::certification_table_executes_every_direct_accept_reject_and_recovery_case	canonical_phase_2i_semantic_certification::every_semantic_rule_meets_its_required_witness_outcome (artifact construction, not resident execution)	G25	O06	The accepted/rejected/recovery fragments certify direct grammar and typed access. Executable or compile-time behavior is separately owned by the named cells; the certification semantic outcome alone is not a value oracle.	schema:Q02;schema:Q08;schema:Q21;schema:QG-Option	compile-time-optional-schema	canonical Option payload/absence owner
phase-2i	l1	executable	canonical_phase_2i_certification::certification_table_executes_every_direct_accept_reject_and_recovery_case	canonical_phase_2i_semantic_certification::every_semantic_rule_meets_its_required_witness_outcome (artifact construction, not resident execution)		O06	The accepted/rejected/recovery fragments certify direct grammar and typed access. Executable or compile-time behavior is separately owned by the named cells; the certification semantic outcome alone is not a value oracle.	rule:R05;catalog:C08	operator-precedence	canonical logic operation scheme and configured target
phase-2i	l2	executable	canonical_phase_2i_certification::certification_table_executes_every_direct_accept_reject_and_recovery_case	canonical_phase_2i_semantic_certification::every_semantic_rule_meets_its_required_witness_outcome (artifact construction, not resident execution)		O06	The accepted/rejected/recovery fragments certify direct grammar and typed access. Executable or compile-time behavior is separately owned by the named cells; the certification semantic outcome alone is not a value oracle.	rule:R05;catalog:C10;catalog:C11;catalog:C12	operator-precedence	canonical comparison operation schemes and configured target
phase-2i	l3	executable	canonical_phase_2i_certification::certification_table_executes_every_direct_accept_reject_and_recovery_case	canonical_phase_2i_semantic_certification::every_semantic_rule_meets_its_required_witness_outcome (artifact construction, not resident execution)		O06	The accepted/rejected/recovery fragments certify direct grammar and typed access. Executable or compile-time behavior is separately owned by the named cells; the certification semantic outcome alone is not a value oracle.	rule:R05;catalog:C01	operator-precedence	canonical add/sub operation schemes and configured target
phase-2i	l4	executable	canonical_phase_2i_certification::certification_table_executes_every_direct_accept_reject_and_recovery_case	canonical_phase_2i_semantic_certification::every_semantic_rule_meets_its_required_witness_outcome (artifact construction, not resident execution)		O06	The accepted/rejected/recovery fragments certify direct grammar and typed access. Executable or compile-time behavior is separately owned by the named cells; the certification semantic outcome alone is not a value oracle.	rule:R05;catalog:C01;catalog:C03;catalog:C16;catalog:C17;catalog:C18	operator-precedence	canonical multiplication/division/matrix operation schemes and configured target
phase-2i	l5	executable	canonical_phase_2i_certification::certification_table_executes_every_direct_accept_reject_and_recovery_case	canonical_phase_2i_semantic_certification::every_semantic_rule_meets_its_required_witness_outcome (artifact construction, not resident execution)		O06	The accepted/rejected/recovery fragments certify direct grammar and typed access. Executable or compile-time behavior is separately owned by the named cells; the certification semantic outcome alone is not a value oracle.	rule:R05;catalog:C02	operator-precedence	canonical power scheme and configured target admission
phase-2i	l6	executable	canonical_phase_2i_certification::certification_table_executes_every_direct_accept_reject_and_recovery_case	canonical_phase_2i_semantic_certification::every_semantic_rule_meets_its_required_witness_outcome (artifact construction, not resident execution)		O06	The accepted/rejected/recovery fragments certify direct grammar and typed access. Executable or compile-time behavior is separately owned by the named cells; the certification semantic outcome alone is not a value oracle.	rule:R05;catalog:C33;schema:Q12	operator-precedence	canonical table operation and join contracts
phase-2i	l7	executable	canonical_phase_2i_certification::certification_table_executes_every_direct_accept_reject_and_recovery_case	canonical_phase_2i_semantic_certification::every_semantic_rule_meets_its_required_witness_outcome (artifact construction, not resident execution)		O06	The accepted/rejected/recovery fragments certify direct grammar and typed access. Executable or compile-time behavior is separately owned by the named cells; the certification semantic outcome alone is not a value oracle.	rule:R05;catalog:C24;catalog:C25;catalog:C26;catalog:C27;catalog:C28;catalog:C29	operator-precedence	canonical set operation schemes and configured target
phase-2i	literal	executable	canonical_phase_2i_certification::certification_table_executes_every_direct_accept_reject_and_recovery_case	canonical_phase_2i_semantic_certification::every_semantic_rule_meets_its_required_witness_outcome (artifact construction, not resident execution)	G02;G13	O06	The accepted/rejected/recovery fragments certify direct grammar and typed access. Executable or compile-time behavior is separately owned by the named cells; the certification semantic outcome alone is not a value oracle.	rule:R06;schema:Q16;schema:Q17;schema:Q18;schema:Q19;schema:Q20;schema:Q21;schema:Q28	literal-admission	canonical primitive/nominal/reified value construction
phase-2i	map	executable	canonical_phase_2i_certification::certification_table_executes_every_direct_accept_reject_and_recovery_case	canonical_phase_2i_semantic_certification::every_semantic_rule_meets_its_required_witness_outcome (artifact construction, not resident execution)		O06	The accepted/rejected/recovery fragments certify direct grammar and typed access. Executable or compile-time behavior is separately owned by the named cells; the certification semantic outcome alone is not a value oracle.	rule:R31;schema:Q04;schema:Q05;schema:Q22;schema:Q24	executable-map-constructor	canonical Map schema/key ordering owner
phase-2i	mapping	structural	canonical_phase_2i_certification::certification_table_executes_every_direct_accept_reject_and_recovery_case	structural/syntax inventory only		O06	The accepted/rejected/recovery fragments certify direct grammar and typed access. This helper has no independent evaluator; listed parent cells own its value/error behavior.	rule:R31;schema:Q04;schema:Q05	structural-map-entry	canonical Map schema/key ordering owner
phase-2i	match-arm	structural	canonical_phase_2i_certification::certification_table_executes_every_direct_accept_reject_and_recovery_case	structural/syntax inventory only	G09;G15;G19	O06	The accepted/rejected/recovery fragments certify direct grammar and typed access. This helper has no independent evaluator; listed parent cells own its value/error behavior.	rule:R11;control:FUN01;control:FUN06;control:ACT05;control:ACT08	structural-match-arm	canonical control branch selection and lexical bindings
phase-2i	matrix	executable	canonical_phase_2i_certification::certification_table_executes_every_direct_accept_reject_and_recovery_case	canonical_phase_2i_semantic_certification::every_semantic_rule_meets_its_required_witness_outcome (artifact construction, not resident execution)	G18	O06	The accepted/rejected/recovery fragments certify direct grammar and typed access. Executable or compile-time behavior is separately owned by the named cells; the certification semantic outcome alone is not a value oracle.	rule:R31;schema:Q06;catalog:C19;rule:R15	executable-matrix-constructor	canonical matrix geometry and runtime shape owner
phase-2i	matrix-column	structural	canonical_phase_2i_certification::certification_table_executes_every_direct_accept_reject_and_recovery_case	structural/syntax inventory only		O06	The accepted/rejected/recovery fragments certify direct grammar and typed access. This helper has no independent evaluator; listed parent cells own its value/error behavior.	rule:R31;schema:Q06;catalog:C19	structural-matrix-entry	canonical row-major matrix geometry owner
phase-2i	matrix-comprehension	executable	canonical_phase_2i_certification::certification_table_executes_every_direct_accept_reject_and_recovery_case	canonical_phase_2i_semantic_certification::every_semantic_rule_meets_its_required_witness_outcome (artifact construction, not resident execution)	G06;G07;G08;G18	O06	The accepted/rejected/recovery fragments certify direct grammar and typed access. Executable or compile-time behavior is separately owned by the named cells; the certification semantic outcome alone is not a value oracle.	rule:R07;rule:R08;rule:R09;rule:R10;rule:R15;catalog:C21	executable-comprehension	canonical control graph, retained storage and downstream layout
phase-2i	matrix-row	structural	canonical_phase_2i_certification::certification_table_executes_every_direct_accept_reject_and_recovery_case	structural/syntax inventory only		O06	The accepted/rejected/recovery fragments certify direct grammar and typed access. This helper has no independent evaluator; listed parent cells own its value/error behavior.	rule:R31;schema:Q06;catalog:C19	structural-matrix-entry	canonical row-major matrix geometry owner
phase-2i	negate-factor	executable	canonical_phase_2i_certification::certification_table_executes_every_direct_accept_reject_and_recovery_case	canonical_phase_2i_semantic_certification::every_semantic_rule_meets_its_required_witness_outcome (artifact construction, not resident execution)		O06	The accepted/rejected/recovery fragments certify direct grammar and typed access. Executable or compile-time behavior is separately owned by the named cells; the certification semantic outcome alone is not a value oracle.	catalog:C04;rule:R05	executable-prefix	canonical numeric negation scheme
phase-2i	not-factor	executable	canonical_phase_2i_certification::certification_table_executes_every_direct_accept_reject_and_recovery_case	canonical_phase_2i_semantic_certification::every_semantic_rule_meets_its_required_witness_outcome (artifact construction, not resident execution)		O06	The accepted/rejected/recovery fragments certify direct grammar and typed access. Executable or compile-time behavior is separately owned by the named cells; the certification semantic outcome alone is not a value oracle.	catalog:C09;rule:R05	executable-prefix	canonical Boolean negation scheme
phase-2i	parenthetical-term	executable	canonical_phase_2i_certification::certification_table_executes_every_direct_accept_reject_and_recovery_case	canonical_phase_2i_semantic_certification::every_semantic_rule_meets_its_required_witness_outcome (artifact construction, not resident execution)		O06	The accepted/rejected/recovery fragments certify direct grammar and typed access. Executable or compile-time behavior is separately owned by the named cells; the certification semantic outcome alone is not a value oracle.	rule:R05;compiler:F01	expression-grouping	canonical precedence lowering; operand operation owns execution
phase-2i	pattern	compile-time	canonical_phase_2i_certification::certification_table_executes_every_direct_accept_reject_and_recovery_case	canonical_phase_2i_semantic_certification::every_semantic_rule_meets_its_required_witness_outcome (artifact construction, not resident execution)	G06;G08;G09;G14;G15;G19	O06	The accepted/rejected/recovery fragments certify direct grammar and typed access. Executable or compile-time behavior is separately owned by the named cells; the certification semantic outcome alone is not a value oracle.	rule:R07;rule:R08;rule:R10;rule:R11;schema:Q25;control:FUN03;control:ACT06;control:ACT07;control:ACT08;control:FSM02	compile-time-pattern-binding	canonical pattern representation; consumer selects filtering/exhaustiveness contract
phase-2i	pattern-array	compile-time	canonical_phase_2i_certification::certification_table_executes_every_direct_accept_reject_and_recovery_case	canonical_phase_2i_semantic_certification::every_semantic_rule_meets_its_required_witness_outcome (artifact construction, not resident execution)	G06;G08;G09;G15;G19	O06	The accepted/rejected/recovery fragments certify direct grammar and typed access. Executable or compile-time behavior is separately owned by the named cells; the certification semantic outcome alone is not a value oracle.	rule:R07;rule:R08;rule:R10;rule:R11;schema:Q25;control:FUN03;control:ACT06	compile-time-pattern-binding	canonical pattern representation; consumer selects filtering/exhaustiveness contract
phase-2i	pattern-array-item	compile-time	canonical_phase_2i_certification::certification_table_executes_every_direct_accept_reject_and_recovery_case	canonical_phase_2i_semantic_certification::every_semantic_rule_meets_its_required_witness_outcome (artifact construction, not resident execution)	G06;G08;G09;G15;G19	O06	The accepted/rejected/recovery fragments certify direct grammar and typed access. Executable or compile-time behavior is separately owned by the named cells; the certification semantic outcome alone is not a value oracle.	rule:R07;rule:R08;rule:R10;rule:R11;schema:Q25;control:FUN03;control:ACT06	compile-time-pattern-binding	canonical pattern representation; consumer selects filtering/exhaustiveness contract
phase-2i	pattern-array-token	compile-time	canonical_phase_2i_certification::certification_table_executes_every_direct_accept_reject_and_recovery_case	canonical_phase_2i_semantic_certification::every_semantic_rule_meets_its_required_witness_outcome (artifact construction, not resident execution)	G06;G08;G09;G15;G19	O06	The accepted/rejected/recovery fragments certify direct grammar and typed access. Executable or compile-time behavior is separately owned by the named cells; the certification semantic outcome alone is not a value oracle.	rule:R07;rule:R08;rule:R10;rule:R11;schema:Q25;control:FUN03;control:ACT06	compile-time-pattern-binding	canonical pattern representation; consumer selects filtering/exhaustiveness contract
phase-2i	pattern-atom-struct	compile-time	canonical_phase_2i_certification::certification_table_executes_every_direct_accept_reject_and_recovery_case	canonical_phase_2i_semantic_certification::every_semantic_rule_meets_its_required_witness_outcome (artifact construction, not resident execution)	G06;G08;G09;G14;G15;G19	O06	The accepted/rejected/recovery fragments certify direct grammar and typed access. Executable or compile-time behavior is separately owned by the named cells; the certification semantic outcome alone is not a value oracle.	rule:R07;rule:R08;rule:R10;rule:R11;schema:Q25;control:FUN03;control:ACT06;control:FSM02	compile-time-pattern-binding	canonical pattern representation; consumer selects filtering/exhaustiveness contract
phase-2i	pattern-tuple	compile-time	canonical_phase_2i_certification::certification_table_executes_every_direct_accept_reject_and_recovery_case	canonical_phase_2i_semantic_certification::every_semantic_rule_meets_its_required_witness_outcome (artifact construction, not resident execution)	G06;G08;G09;G14;G15;G19	O06	The accepted/rejected/recovery fragments certify direct grammar and typed access. Executable or compile-time behavior is separately owned by the named cells; the certification semantic outcome alone is not a value oracle.	rule:R07;rule:R08;rule:R10;rule:R11;schema:Q25;control:FUN03;control:ACT06;control:FSM02	compile-time-pattern-binding	canonical pattern representation; consumer selects filtering/exhaustiveness contract
phase-2i	pattern-tuple-struct	compile-time	canonical_phase_2i_certification::certification_table_executes_every_direct_accept_reject_and_recovery_case	canonical_phase_2i_semantic_certification::every_semantic_rule_meets_its_required_witness_outcome (artifact construction, not resident execution)	G06;G08;G09;G14;G15;G19	O06	The accepted/rejected/recovery fragments certify direct grammar and typed access. Executable or compile-time behavior is separately owned by the named cells; the certification semantic outcome alone is not a value oracle.	rule:R07;rule:R08;rule:R10;rule:R11;schema:Q25;control:FUN03;control:ACT06;control:FSM02	compile-time-pattern-binding	canonical pattern representation; consumer selects filtering/exhaustiveness contract
phase-2i	range-expression	executable	canonical_phase_2i_certification::certification_table_executes_every_direct_accept_reject_and_recovery_case	canonical_phase_2i_semantic_certification::every_semantic_rule_meets_its_required_witness_outcome (artifact construction, not resident execution)	G24	O06	The accepted/rejected/recovery fragments certify direct grammar and typed access. Executable or compile-time behavior is separately owned by the named cells; the certification semantic outcome alone is not a value oracle.	catalog:C15;schema:Q20;rule:R04	executable-range	canonical range/index schema and resident cardinality owner
phase-2i	range-subscript	structural	canonical_phase_2i_certification::certification_table_executes_every_direct_accept_reject_and_recovery_case	structural/syntax inventory only	G17	O06	The accepted/rejected/recovery fragments certify direct grammar and typed access. This helper has no independent evaluator; listed parent cells own its value/error behavior.	rule:R31;schema:Q09;schema:Q10;schema:Q14;catalog:C15	structural-selector	canonical selection lowering and resident selection contracts
phase-2i	record	executable	canonical_phase_2i_certification::certification_table_executes_every_direct_accept_reject_and_recovery_case	canonical_phase_2i_semantic_certification::every_semantic_rule_meets_its_required_witness_outcome (artifact construction, not resident execution)		O06	The accepted/rejected/recovery fragments certify direct grammar and typed access. Executable or compile-time behavior is separately owned by the named cells; the certification semantic outcome alone is not a value oracle.	rule:R31;schema:Q04;schema:Q08	executable-record-constructor	canonical ordered Record schema owner
phase-2i	regular-table	executable	canonical_phase_2i_certification::certification_table_executes_every_direct_accept_reject_and_recovery_case	canonical_phase_2i_semantic_certification::every_semantic_rule_meets_its_required_witness_outcome (artifact construction, not resident execution)		O06	The accepted/rejected/recovery fragments certify direct grammar and typed access. Executable or compile-time behavior is separately owned by the named cells; the certification semantic outcome alone is not a value oracle.	rule:R31;schema:Q04;schema:Q12;schema:Q13;catalog:C33	executable-table-constructor	canonical Table schema and constructor owner
phase-2i	set	executable	canonical_phase_2i_certification::certification_table_executes_every_direct_accept_reject_and_recovery_case	canonical_phase_2i_semantic_certification::every_semantic_rule_meets_its_required_witness_outcome (artifact construction, not resident execution)		O06	The accepted/rejected/recovery fragments certify direct grammar and typed access. Executable or compile-time behavior is separately owned by the named cells; the certification semantic outcome alone is not a value oracle.	catalog:C23;schema:Q23;schema:Q11	executable-set-constructor	canonical Set keyability and cardinality owner
phase-2i	set-comprehension	executable	canonical_phase_2i_certification::certification_table_executes_every_direct_accept_reject_and_recovery_case	canonical_phase_2i_semantic_certification::every_semantic_rule_meets_its_required_witness_outcome (artifact construction, not resident execution)	G06;G07;G08;G18	O06	The accepted/rejected/recovery fragments certify direct grammar and typed access. Executable or compile-time behavior is separately owned by the named cells; the certification semantic outcome alone is not a value oracle.	rule:R07;rule:R08;rule:R09;rule:R10;catalog:C22;schema:Q23	executable-comprehension	canonical control graph and Set keyability/storage
phase-2i	slice	executable	canonical_phase_2i_certification::certification_table_executes_every_direct_accept_reject_and_recovery_case	canonical_phase_2i_semantic_certification::every_semantic_rule_meets_its_required_witness_outcome (artifact construction, not resident execution)	G17;G24	O06	The accepted/rejected/recovery fragments certify direct grammar and typed access. Executable or compile-time behavior is separately owned by the named cells; the certification semantic outcome alone is not a value oracle.	rule:R31;schema:Q09;schema:Q10;schema:Q14;rule:R04	executable-selection	canonical projection and resident selection ownership
phase-2i	structure	executable	canonical_phase_2i_certification::certification_table_executes_every_direct_accept_reject_and_recovery_case	canonical_phase_2i_semantic_certification::every_semantic_rule_meets_its_required_witness_outcome (artifact construction, not resident execution)		O06	The accepted/rejected/recovery fragments certify direct grammar and typed access. This helper has no independent evaluator; listed parent cells own its value/error behavior.	rule:R31;schema:Q04;schema:Q07	structural-constructor-dispatch	selected canonical composite schema/constructor owner
phase-2i	subscript	structural	canonical_phase_2i_certification::certification_table_executes_every_direct_accept_reject_and_recovery_case	structural/syntax inventory only	G17	O06	The accepted/rejected/recovery fragments certify direct grammar and typed access. This helper has no independent evaluator; listed parent cells own its value/error behavior.	rule:R31;schema:Q09;schema:Q10;schema:Q14;catalog:C15	structural-selector	canonical selection lowering and resident selection contracts
phase-2i	table	executable	canonical_phase_2i_certification::certification_table_executes_every_direct_accept_reject_and_recovery_case	canonical_phase_2i_semantic_certification::every_semantic_rule_meets_its_required_witness_outcome (artifact construction, not resident execution)		O06	The accepted/rejected/recovery fragments certify direct grammar and typed access. Executable or compile-time behavior is separately owned by the named cells; the certification semantic outcome alone is not a value oracle.	rule:R31;schema:Q04;schema:Q12;schema:Q13;catalog:C33	executable-table-constructor	canonical Table schema and constructor owner
phase-2i	table-header	structural	canonical_phase_2i_certification::certification_table_executes_every_direct_accept_reject_and_recovery_case	structural/syntax inventory only		O06	The accepted/rejected/recovery fragments certify direct grammar and typed access. This helper has no independent evaluator; listed parent cells own its value/error behavior.	rule:R31;schema:Q04;schema:Q12	structural-table-syntax	canonical Table schema and constructor owner
phase-2i	table-row	structural	canonical_phase_2i_certification::certification_table_executes_every_direct_accept_reject_and_recovery_case	structural/syntax inventory only		O06	The accepted/rejected/recovery fragments certify direct grammar and typed access. This helper has no independent evaluator; listed parent cells own its value/error behavior.	rule:R31;schema:Q04;schema:Q12	structural-table-syntax	canonical Table schema and constructor owner
phase-2i	table-row2	structural	canonical_phase_2i_certification::certification_table_executes_every_direct_accept_reject_and_recovery_case	structural/syntax inventory only		O06	The accepted/rejected/recovery fragments certify direct grammar and typed access. This helper has no independent evaluator; listed parent cells own its value/error behavior.	rule:R31;schema:Q04;schema:Q12	structural-table-syntax	canonical Table schema and constructor owner
phase-2i	tuple	executable	canonical_phase_2i_certification::certification_table_executes_every_direct_accept_reject_and_recovery_case	canonical_phase_2i_semantic_certification::every_semantic_rule_meets_its_required_witness_outcome (artifact construction, not resident execution)		O06	The accepted/rejected/recovery fragments certify direct grammar and typed access. Executable or compile-time behavior is separately owned by the named cells; the certification semantic outcome alone is not a value oracle.	rule:R31;schema:Q04;schema:Q07	executable-tuple-constructor	canonical positional Tuple schema owner
phase-2i	tuple-struct	executable	canonical_phase_2i_certification::certification_table_executes_every_direct_accept_reject_and_recovery_case	canonical_phase_2i_semantic_certification::every_semantic_rule_meets_its_required_witness_outcome (artifact construction, not resident execution)	G09;G11	O06	The accepted/rejected/recovery fragments certify direct grammar and typed access. Executable or compile-time behavior is separately owned by the named cells; the certification semantic outcome alone is not a value oracle.	schema:Q21;schema:Q27;rule:R11	executable-nominal-constructor	canonical nominal Atom/Enum schema and payload owner
phase-2i	var	executable	canonical_phase_2i_certification::certification_table_executes_every_direct_accept_reject_and_recovery_case	canonical_phase_2i_semantic_certification::every_semantic_rule_meets_its_required_witness_outcome (artifact construction, not resident execution)		O06	The accepted/rejected/recovery fragments certify direct grammar and typed access. Executable or compile-time behavior is separately owned by the named cells; the certification semantic outcome alone is not a value oracle.	compiler:F11;compiler:F12;compiler:F14;compiler:P05;compiler:P06;rule:R30	executable-variable-or-resource-read	canonical lexical/input environment and configured resource planner
phase-2i	variable-define	executable	canonical_phase_2i_certification::certification_table_executes_every_direct_accept_reject_and_recovery_case	canonical_phase_2i_semantic_certification::every_semantic_rule_meets_its_required_witness_outcome (artifact construction, not resident execution)	G04	O06	The accepted/rejected/recovery fragments certify direct grammar and typed access. Executable or compile-time behavior is separately owned by the named cells; the certification semantic outcome alone is not a value oracle.	compiler:F02;compiler:F20;compiler:P23;compiler:P25;rule:R14	executable-definition/state-initialization	canonical definition schema and resident activation dependency owner
s7	abstract-el	document-dependency	canonical_s7_document_certification::s7_dispositions_cover_the_exact_remaining_inventory	structural/syntax inventory only		O06	Typed document dependency has presentation/ownership behavior, not a standalone ProgramCompiler numeric evaluator. Named renderer/result tests and consumer boundaries provide its oracle.	rule:R22	presentation-block	canonical retained document renderer
s7	activation-arm	document-dependency	canonical_s7_document_certification::s7_dispositions_cover_the_exact_remaining_inventory	structural/syntax inventory only	G15	O06	S7 direct sample proves syntax only and may be semantically incomplete. Listed whole-document/runtime cells own legal execution and rejection; no empty/undeclared sample certifies runtime success.	control:ACT05;control:ACT06;control:ACT07;control:ACT08;control:ACT09	control-structure	canonical activation edge/arm/lifecycle owner
s7	activation-scope	document-dependency	canonical_s7_document_certification::s7_dispositions_cover_the_exact_remaining_inventory	structural/syntax inventory only	G15	O06	S7 direct sample proves syntax only and may be semantically incomplete. Listed whole-document/runtime cells own legal execution and rejection; no empty/undeclared sample certifies runtime success.	control:ACT01;control:ACT02;control:ACT03;control:ACT04;control:ACT09;control:ACT10	control-structure	canonical activation edge/arm/lifecycle owner
s7	alignment-separator	document-dependency	canonical_s7_document_certification::s7_dispositions_cover_the_exact_remaining_inventory	structural/syntax inventory only		O06	Typed document dependency has presentation/ownership behavior, not a standalone ProgramCompiler numeric evaluator. Named renderer/result tests and consumer boundaries provide its oracle.	rule:R24	presentation-table/structural-alignment	canonical retained document renderer; no engine Table value
s7	body	document-dependency	canonical_s7_document_certification::s7_dispositions_cover_the_exact_remaining_inventory	structural/syntax inventory only		O06	Typed document dependency has presentation/ownership behavior, not a standalone ProgramCompiler numeric evaluator. Named renderer/result tests and consumer boundaries provide its oracle.	rule:R19;rule:R18	presentation-document-structure	canonical document scope collector and retained renderer
s7	cd-rpl	historical-command	canonical_s7_document_certification::s7_dispositions_cover_the_exact_remaining_inventory	structural/syntax inventory only			Historical grammar is absent from the canonical document closure. Exact current runtime request pair below is authoritative; the old command name does not imply its old spelling remains supported.	rule:R03	excluded-document-command;runtime-request-owned	runtime typed REPL command registry and request parser
s7	center-alignment	document-dependency	canonical_s7_document_certification::s7_dispositions_cover_the_exact_remaining_inventory	structural/syntax inventory only		O06	Typed document dependency has presentation/ownership behavior, not a standalone ProgramCompiler numeric evaluator. Named renderer/result tests and consumer boundaries provide its oracle.	rule:R24	presentation-table/structural-alignment	canonical retained document renderer; no engine Table value
s7	check-list	document-dependency	canonical_s7_document_certification::s7_dispositions_cover_the_exact_remaining_inventory	structural/syntax inventory only		O06	Typed document dependency has presentation/ownership behavior, not a standalone ProgramCompiler numeric evaluator. Named renderer/result tests and consumer boundaries provide its oracle.	rule:R23	presentation-list/structural-item	canonical retained list renderer
s7	check-list-item	document-dependency	canonical_s7_document_certification::s7_dispositions_cover_the_exact_remaining_inventory	structural/syntax inventory only		O06	Typed document dependency has presentation/ownership behavior, not a standalone ProgramCompiler numeric evaluator. Named renderer/result tests and consumer boundaries provide its oracle.	rule:R23	presentation-list/structural-item	canonical retained list renderer
s7	checked-item	document-dependency	canonical_s7_document_certification::s7_dispositions_cover_the_exact_remaining_inventory	structural/syntax inventory only		O06	Typed document dependency has presentation/ownership behavior, not a standalone ProgramCompiler numeric evaluator. Named renderer/result tests and consumer boundaries provide its oracle.	rule:R23	presentation-list/structural-item	canonical retained list renderer
s7	citation	document-dependency	canonical_s7_document_certification::s7_dispositions_cover_the_exact_remaining_inventory	structural/syntax inventory only		O06	Typed document dependency has presentation/ownership behavior, not a standalone ProgramCompiler numeric evaluator. Named renderer/result tests and consumer boundaries provide its oracle.	rule:R26	presentation-reference	canonical retained references/backmatter renderer
s7	clc-rpl	historical-command	canonical_s7_document_certification::s7_dispositions_cover_the_exact_remaining_inventory	structural/syntax inventory only			Historical grammar is absent from the canonical document closure. Exact current runtime request pair below is authoritative; the old command name does not imply its old spelling remains supported.	rule:R03	excluded-document-command;runtime-request-owned	runtime typed REPL command registry and request parser
s7	clear-rpl	historical-command	canonical_s7_document_certification::s7_dispositions_cover_the_exact_remaining_inventory	structural/syntax inventory only			Historical grammar is absent from the canonical document closure. Exact current runtime request pair below is authoritative; the old command name does not imply its old spelling remains supported.	rule:R03	excluded-document-command;runtime-request-owned	runtime typed REPL command registry and request parser
s7	code-block	document-dependency	canonical_s7_document_certification::s7_dispositions_cover_the_exact_remaining_inventory	structural/syntax inventory only		O06	S7 direct sample proves syntax only and may be semantically incomplete. Listed whole-document/runtime cells own legal execution and rejection; no empty/undeclared sample certifies runtime success.	rule:R29;rule:R18	executable-or-inert-fence	canonical scope collector and retained fence renderer
s7	code-rpl	historical-command	canonical_s7_document_certification::s7_dispositions_cover_the_exact_remaining_inventory	structural/syntax inventory only			Historical grammar is absent from the canonical document closure. Exact current runtime request pair below is authoritative; the old command name does not imply its old spelling remains supported.	rule:R03	excluded-document-command;runtime-request-owned	runtime typed REPL command registry and request parser
s7	code-terminal	document-dependency	canonical_s7_document_certification::s7_dispositions_cover_the_exact_remaining_inventory	structural/syntax inventory only		O06	S7 direct sample proves syntax only and may be semantically incomplete. Listed whole-document/runtime cells own legal execution and rejection; no empty/undeclared sample certifies runtime success.	rule:R29;compiler:F03	structural-code-boundary	canonical syntax boundary; enclosing document scope owns code execution
s7	context-send	document-dependency	canonical_s7_document_certification::s7_dispositions_cover_the_exact_remaining_inventory	structural/syntax inventory only		O06	S7 direct sample proves syntax only and may be semantically incomplete. Listed whole-document/runtime cells own legal execution and rejection; no empty/undeclared sample certifies runtime success.	rule:R30;compiler:P04;compiler:P08;compiler:P29	executable-resource-send	canonical resource planning and resident host effect owner
s7	docs-rpl	historical-command	canonical_s7_document_certification::s7_dispositions_cover_the_exact_remaining_inventory	structural/syntax inventory only			Historical grammar is absent from the canonical document closure. Exact current runtime request pair below is authoritative; the old command name does not imply its old spelling remains supported.	rule:R03	excluded-document-command;runtime-request-owned	runtime typed REPL command registry and request parser
s7	emphasis	document-dependency	canonical_s7_document_certification::s7_dispositions_cover_the_exact_remaining_inventory	structural/syntax inventory only		O06	Typed document dependency has presentation/ownership behavior, not a standalone ProgramCompiler numeric evaluator. Named renderer/result tests and consumer boundaries provide its oracle.	rule:R21	presentation-inline	canonical retained inline renderer
s7	empty-paragraph	document-dependency	canonical_s7_document_certification::s7_dispositions_cover_the_exact_remaining_inventory	structural/syntax inventory only		O06	Typed document dependency has presentation/ownership behavior, not a standalone ProgramCompiler numeric evaluator. Named renderer/result tests and consumer boundaries provide its oracle.	rule:R19;rule:R18	presentation-document-structure	canonical document scope collector and retained renderer
s7	enum-define	document-dependency	canonical_s7_document_certification::s7_dispositions_cover_the_exact_remaining_inventory	structural/syntax inventory only	G09;G11	O06	S7 direct sample proves syntax only and may be semantically incomplete. Listed whole-document/runtime cells own legal execution and rejection; no empty/undeclared sample certifies runtime success.	schema:Q27;rule:R11	compile-time-enum-declaration	canonical nominal type environment and pattern payload owner
s7	enum-variant	document-dependency	canonical_s7_document_certification::s7_dispositions_cover_the_exact_remaining_inventory	structural/syntax inventory only	G09;G11	O06	S7 direct sample proves syntax only and may be semantically incomplete. Listed whole-document/runtime cells own legal execution and rejection; no empty/undeclared sample certifies runtime success.	schema:Q27;rule:R11	compile-time-enum-declaration	canonical nominal type environment and pattern payload owner
s7	enum-variant-inline-kind	document-dependency	canonical_s7_document_certification::s7_dispositions_cover_the_exact_remaining_inventory	structural/syntax inventory only	G09;G11	O06	S7 direct sample proves syntax only and may be semantically incomplete. Listed whole-document/runtime cells own legal execution and rejection; no empty/undeclared sample certifies runtime success.	schema:Q27;rule:R11	compile-time-enum-declaration	canonical nominal type environment and pattern payload owner
s7	enum-variant-kind	document-dependency	canonical_s7_document_certification::s7_dispositions_cover_the_exact_remaining_inventory	structural/syntax inventory only	G09;G11	O06	S7 direct sample proves syntax only and may be semantically incomplete. Listed whole-document/runtime cells own legal execution and rejection; no empty/undeclared sample certifies runtime success.	schema:Q27;rule:R11	compile-time-enum-declaration	canonical nominal type environment and pattern payload owner
s7	error-block	document-dependency	canonical_s7_document_certification::s7_dispositions_cover_the_exact_remaining_inventory	structural/syntax inventory only		O06	Typed document dependency has presentation/ownership behavior, not a standalone ProgramCompiler numeric evaluator. Named renderer/result tests and consumer boundaries provide its oracle.	rule:R22	presentation-block	canonical retained document renderer
s7	eval-inline-mech-code	document-dependency	canonical_s7_document_certification::s7_dispositions_cover_the_exact_remaining_inventory	structural/syntax inventory only		O06	S7 direct sample proves syntax only and may be semantically incomplete. Listed whole-document/runtime cells own legal execution and rejection; no empty/undeclared sample certifies runtime success.	rule:R18;rule:R20;compiler:F04	executable-inline-expression	canonical source-ordered presentation slot and scope owner
s7	figure-item	document-dependency	canonical_s7_document_certification::s7_dispositions_cover_the_exact_remaining_inventory	structural/syntax inventory only		O06	Typed document dependency has presentation/ownership behavior, not a standalone ProgramCompiler numeric evaluator. Named renderer/result tests and consumer boundaries provide its oracle.	rule:R25;rule:R29	presentation-image/option-syntax	canonical retained renderer with explicit option whitelist
s7	figures	document-dependency	canonical_s7_document_certification::s7_dispositions_cover_the_exact_remaining_inventory	structural/syntax inventory only		O06	Typed document dependency has presentation/ownership behavior, not a standalone ProgramCompiler numeric evaluator. Named renderer/result tests and consumer boundaries provide its oracle.	rule:R25;rule:R29	presentation-image/option-syntax	canonical retained renderer with explicit option whitelist
s7	figures-row	document-dependency	canonical_s7_document_certification::s7_dispositions_cover_the_exact_remaining_inventory	structural/syntax inventory only		O06	Typed document dependency has presentation/ownership behavior, not a standalone ProgramCompiler numeric evaluator. Named renderer/result tests and consumer boundaries provide its oracle.	rule:R25;rule:R29	presentation-image/option-syntax	canonical retained renderer with explicit option whitelist
s7	float	document-dependency	canonical_s7_document_certification::s7_dispositions_cover_the_exact_remaining_inventory	structural/syntax inventory only		O06	Typed document dependency has presentation/ownership behavior, not a standalone ProgramCompiler numeric evaluator. Named renderer/result tests and consumer boundaries provide its oracle.	rule:R27	presentation-float	canonical retained float renderer
s7	float-sigil	document-dependency	canonical_s7_document_certification::s7_dispositions_cover_the_exact_remaining_inventory	structural/syntax inventory only		O06	Typed document dependency has presentation/ownership behavior, not a standalone ProgramCompiler numeric evaluator. Named renderer/result tests and consumer boundaries provide its oracle.	rule:R27	presentation-float	canonical retained float renderer
s7	footnote	document-dependency	canonical_s7_document_certification::s7_dispositions_cover_the_exact_remaining_inventory	structural/syntax inventory only		O06	Typed document dependency has presentation/ownership behavior, not a standalone ProgramCompiler numeric evaluator. Named renderer/result tests and consumer boundaries provide its oracle.	rule:R26	presentation-reference	canonical retained references/backmatter renderer
s7	fsm	document-dependency	canonical_s7_document_certification::s7_dispositions_cover_the_exact_remaining_inventory	structural/syntax inventory only	G14	O06	S7 direct sample proves syntax only and may be semantically incomplete. Listed whole-document/runtime cells own legal execution and rejection; no empty/undeclared sample certifies runtime success.	control:FSM01	control-structure	canonical FSM declaration/continuation owner
s7	fsm-arm	document-dependency	canonical_s7_document_certification::s7_dispositions_cover_the_exact_remaining_inventory	structural/syntax inventory only	G14	O06	S7 direct sample proves syntax only and may be semantically incomplete. Listed whole-document/runtime cells own legal execution and rejection; no empty/undeclared sample certifies runtime success.	control:FSM02;control:FSM03	control-structure	canonical FSM declaration/continuation owner
s7	fsm-block-transition	document-dependency	canonical_s7_document_certification::s7_dispositions_cover_the_exact_remaining_inventory	structural/syntax inventory only	G14	O06	S7 direct sample proves syntax only and may be semantically incomplete. Listed whole-document/runtime cells own legal execution and rejection; no empty/undeclared sample certifies runtime success.	control:FSM03;control:FSM06;control:FSM13	control-structure	canonical FSM declaration/continuation owner
s7	fsm-comment-arm	document-dependency	canonical_s7_document_certification::s7_dispositions_cover_the_exact_remaining_inventory	structural/syntax inventory only	G14	O06	S7 direct sample proves syntax only and may be semantically incomplete. Listed whole-document/runtime cells own legal execution and rejection; no empty/undeclared sample certifies runtime success.	control:FSM02	control-structure	canonical FSM declaration/continuation owner
s7	fsm-declare	document-dependency	canonical_s7_document_certification::s7_dispositions_cover_the_exact_remaining_inventory	structural/syntax inventory only	G14	O06	S7 direct sample proves syntax only and may be semantically incomplete. Listed whole-document/runtime cells own legal execution and rejection; no empty/undeclared sample certifies runtime success.	control:FSM01;control:FSM08	control-structure	canonical FSM declaration/continuation owner
s7	fsm-guard	document-dependency	canonical_s7_document_certification::s7_dispositions_cover_the_exact_remaining_inventory	structural/syntax inventory only	G14	O06	S7 direct sample proves syntax only and may be semantically incomplete. Listed whole-document/runtime cells own legal execution and rejection; no empty/undeclared sample certifies runtime success.	control:FSM02;control:FSM03	control-structure	canonical FSM declaration/continuation owner
s7	fsm-guard-arm	document-dependency	canonical_s7_document_certification::s7_dispositions_cover_the_exact_remaining_inventory	structural/syntax inventory only	G14	O06	S7 direct sample proves syntax only and may be semantically incomplete. Listed whole-document/runtime cells own legal execution and rejection; no empty/undeclared sample certifies runtime success.	control:FSM02;control:FSM03	control-structure	canonical FSM declaration/continuation owner
s7	fsm-implementation	document-dependency	canonical_s7_document_certification::s7_dispositions_cover_the_exact_remaining_inventory	structural/syntax inventory only	G14	O06	S7 direct sample proves syntax only and may be semantically incomplete. Listed whole-document/runtime cells own legal execution and rejection; no empty/undeclared sample certifies runtime success.	control:FSM01;control:FSM02;control:FSM03;control:FSM04;control:FSM05;control:FSM06;control:FSM07;control:FSM08;control:FSM09;control:FSM10;control:FSM11;control:FSM12;control:FSM13	control-structure	canonical FSM declaration/continuation owner
s7	fsm-specification	document-dependency	canonical_s7_document_certification::s7_dispositions_cover_the_exact_remaining_inventory	structural/syntax inventory only	G14	O06	S7 direct sample proves syntax only and may be semantically incomplete. Listed whole-document/runtime cells own legal execution and rejection; no empty/undeclared sample certifies runtime success.	control:FSM01;control:FSM02	control-structure	canonical FSM declaration/continuation owner
s7	fsm-state-definition	document-dependency	canonical_s7_document_certification::s7_dispositions_cover_the_exact_remaining_inventory	structural/syntax inventory only	G14	O06	S7 direct sample proves syntax only and may be semantically incomplete. Listed whole-document/runtime cells own legal execution and rejection; no empty/undeclared sample certifies runtime success.	control:FSM01;control:FSM02	control-structure	canonical FSM declaration/continuation owner
s7	fsm-state-definition-variables	document-dependency	canonical_s7_document_certification::s7_dispositions_cover_the_exact_remaining_inventory	structural/syntax inventory only	G14	O06	S7 direct sample proves syntax only and may be semantically incomplete. Listed whole-document/runtime cells own legal execution and rejection; no empty/undeclared sample certifies runtime success.	control:FSM01;control:FSM09	control-structure	canonical FSM declaration/continuation owner
s7	fsm-statement-transition	document-dependency	canonical_s7_document_certification::s7_dispositions_cover_the_exact_remaining_inventory	structural/syntax inventory only	G14	O06	S7 direct sample proves syntax only and may be semantically incomplete. Listed whole-document/runtime cells own legal execution and rejection; no empty/undeclared sample certifies runtime success.	control:FSM03;control:FSM06	control-structure	canonical FSM declaration/continuation owner
s7	fsm-transition	document-dependency	canonical_s7_document_certification::s7_dispositions_cover_the_exact_remaining_inventory	structural/syntax inventory only	G14	O06	S7 direct sample proves syntax only and may be semantically incomplete. Listed whole-document/runtime cells own legal execution and rejection; no empty/undeclared sample certifies runtime success.	control:FSM01;control:FSM02;control:FSM03	control-structure	canonical FSM declaration/continuation owner
s7	function-arg	document-dependency	canonical_s7_document_certification::s7_dispositions_cover_the_exact_remaining_inventory	structural/syntax inventory only	G19	O06	S7 direct sample proves syntax only and may be semantically incomplete. Listed whole-document/runtime cells own legal execution and rejection; no empty/undeclared sample certifies runtime success.	rule:R17;control:FUN02;control:FUN03	control-function-definition	canonical user-function environment/body/call execution owner
s7	function-define	document-dependency	canonical_s7_document_certification::s7_dispositions_cover_the_exact_remaining_inventory	structural/syntax inventory only	G19;G20	O06	S7 direct sample proves syntax only and may be semantically incomplete. Listed whole-document/runtime cells own legal execution and rejection; no empty/undeclared sample certifies runtime success.	rule:R17;control:FUN01;control:FUN02;control:FUN03;control:FUN04;control:FUN05;control:FUN06;control:FUN07;control:FUN08;control:FUN09;control:FUN10	control-function-definition	canonical user-function environment/body/call execution owner
s7	function-define-match-arms	document-dependency	canonical_s7_document_certification::s7_dispositions_cover_the_exact_remaining_inventory	structural/syntax inventory only	G19;G20	O06	S7 direct sample proves syntax only and may be semantically incomplete. Listed whole-document/runtime cells own legal execution and rejection; no empty/undeclared sample certifies runtime success.	rule:R17;control:FUN01;control:FUN03;control:FUN06;control:FUN07;control:FUN08	control-function-definition	canonical user-function environment/body/call execution owner
s7	function-define-statements	document-dependency	canonical_s7_document_certification::s7_dispositions_cover_the_exact_remaining_inventory	structural/syntax inventory only	G19;G20	O06	S7 direct sample proves syntax only and may be semantically incomplete. Listed whole-document/runtime cells own legal execution and rejection; no empty/undeclared sample certifies runtime success.	rule:R17;control:FUN02;control:FUN04;control:FUN07;control:FUN09;control:FUN10	control-function-definition	canonical user-function environment/body/call execution owner
s7	function-match-arm	document-dependency	canonical_s7_document_certification::s7_dispositions_cover_the_exact_remaining_inventory	structural/syntax inventory only	G19;G20	O06	S7 direct sample proves syntax only and may be semantically incomplete. Listed whole-document/runtime cells own legal execution and rejection; no empty/undeclared sample certifies runtime success.	rule:R17;control:FUN01;control:FUN03;control:FUN06	control-function-definition	canonical user-function environment/body/call execution owner
s7	function-out-arg	document-dependency	canonical_s7_document_certification::s7_dispositions_cover_the_exact_remaining_inventory	structural/syntax inventory only	G19;G20	O06	S7 direct sample proves syntax only and may be semantically incomplete. Listed whole-document/runtime cells own legal execution and rejection; no empty/undeclared sample certifies runtime success.	rule:R17;control:FUN02;control:FUN10	control-function-definition	canonical user-function environment/body/call execution owner
s7	function-out-args	document-dependency	canonical_s7_document_certification::s7_dispositions_cover_the_exact_remaining_inventory	structural/syntax inventory only	G19;G20	O06	S7 direct sample proves syntax only and may be semantically incomplete. Listed whole-document/runtime cells own legal execution and rejection; no empty/undeclared sample certifies runtime success.	rule:R17;control:FUN02;control:FUN10	control-function-definition	canonical user-function environment/body/call execution owner
s7	help-rpl	historical-command	canonical_s7_document_certification::s7_dispositions_cover_the_exact_remaining_inventory	structural/syntax inventory only			Historical grammar is absent from the canonical document closure. Exact current runtime request pair below is authoritative; the old command name does not imply its old spelling remains supported.	rule:R03	excluded-document-command;runtime-request-owned	runtime typed REPL command registry and request parser
s7	highlight	document-dependency	canonical_s7_document_certification::s7_dispositions_cover_the_exact_remaining_inventory	structural/syntax inventory only		O06	Typed document dependency has presentation/ownership behavior, not a standalone ProgramCompiler numeric evaluator. Named renderer/result tests and consumer boundaries provide its oracle.	rule:R32	presentation-inline	canonical retained inline renderer
s7	hyperlink	document-dependency	canonical_s7_document_certification::s7_dispositions_cover_the_exact_remaining_inventory	structural/syntax inventory only		O06	Typed document dependency has presentation/ownership behavior, not a standalone ProgramCompiler numeric evaluator. Named renderer/result tests and consumer boundaries provide its oracle.	rule:R21	presentation-inline	canonical retained inline renderer
s7	idea-block	document-dependency	canonical_s7_document_certification::s7_dispositions_cover_the_exact_remaining_inventory	structural/syntax inventory only		O06	Typed document dependency has presentation/ownership behavior, not a standalone ProgramCompiler numeric evaluator. Named renderer/result tests and consumer boundaries provide its oracle.	rule:R22	presentation-block	canonical retained document renderer
s7	img	document-dependency	canonical_s7_document_certification::s7_dispositions_cover_the_exact_remaining_inventory	structural/syntax inventory only		O06	Typed document dependency has presentation/ownership behavior, not a standalone ProgramCompiler numeric evaluator. Named renderer/result tests and consumer boundaries provide its oracle.	rule:R25;rule:R29	presentation-image/option-syntax	canonical retained renderer with explicit option whitelist
s7	info-block	document-dependency	canonical_s7_document_certification::s7_dispositions_cover_the_exact_remaining_inventory	structural/syntax inventory only		O06	Typed document dependency has presentation/ownership behavior, not a standalone ProgramCompiler numeric evaluator. Named renderer/result tests and consumer boundaries provide its oracle.	rule:R22	presentation-block	canonical retained document renderer
s7	inline-mech-code	document-dependency	canonical_s7_document_certification::s7_dispositions_cover_the_exact_remaining_inventory	structural/syntax inventory only		O06	Typed document dependency has presentation/ownership behavior, not a standalone ProgramCompiler numeric evaluator. Named renderer/result tests and consumer boundaries provide its oracle.	rule:R21	presentation-inline	canonical retained inline renderer
s7	inline-paragraph	document-dependency	canonical_s7_document_certification::s7_dispositions_cover_the_exact_remaining_inventory	structural/syntax inventory only		O06	Typed document dependency has presentation/ownership behavior, not a standalone ProgramCompiler numeric evaluator. Named renderer/result tests and consumer boundaries provide its oracle.	rule:R19;rule:R18	presentation-document-structure	canonical document scope collector and retained renderer
s7	invariant-define	document-dependency	canonical_s7_document_certification::s7_dispositions_cover_the_exact_remaining_inventory	structural/syntax inventory only		O06	S7 direct sample proves syntax only and may be semantically incomplete. Listed whole-document/runtime cells own legal execution and rejection; no empty/undeclared sample certifies runtime success.	rule:R30;compiler:P11;compiler:P12;compiler:F20	executable-integrity-constraint	canonical invariant schema/value anchors and resident integrity owner
s7	kind-define	document-dependency	canonical_s7_document_certification::s7_dispositions_cover_the_exact_remaining_inventory	structural/syntax inventory only	G10	O06	S7 direct sample proves syntax only and may be semantically incomplete. Listed whole-document/runtime cells own legal execution and rejection; no empty/undeclared sample certifies runtime success.	rule:R12	compile-time-alias-declaration	canonical type environment
s7	left-alignment	document-dependency	canonical_s7_document_certification::s7_dispositions_cover_the_exact_remaining_inventory	structural/syntax inventory only		O06	Typed document dependency has presentation/ownership behavior, not a standalone ProgramCompiler numeric evaluator. Named renderer/result tests and consumer boundaries provide its oracle.	rule:R24	presentation-table/structural-alignment	canonical retained document renderer; no engine Table value
s7	load-rpl	historical-command	canonical_s7_document_certification::s7_dispositions_cover_the_exact_remaining_inventory	structural/syntax inventory only			Historical grammar is absent from the canonical document closure. Exact current runtime request pair below is authoritative; the old command name does not imply its old spelling remains supported.	rule:R03	excluded-document-command;runtime-request-owned	runtime typed REPL command registry and request parser
s7	ls-rpl	historical-command	canonical_s7_document_certification::s7_dispositions_cover_the_exact_remaining_inventory	structural/syntax inventory only			Historical grammar is absent from the canonical document closure. Exact current runtime request pair below is authoritative; the old command name does not imply its old spelling remains supported.	rule:R03	excluded-document-command;runtime-request-owned	runtime typed REPL command registry and request parser
s7	match-expression	outside-document-closure	canonical_s7_document_certification::s7_dispositions_cover_the_exact_remaining_inventory	structural/syntax inventory only	G09;G15;G19		Only this direct grammar entry is excluded. Reachable language behavior remains required through the named canonical owners; this exclusion is not permission to remove match or Table capabilities.	rule:R11;control:FUN01;control:FUN06;control:ACT05	excluded-direct-entry;reachable-match-semantics-delegated	direct historical grammar rule excluded; expression match semantics owned by canonical expression/control
s7	mech-code	document-dependency	canonical_s7_document_certification::s7_dispositions_cover_the_exact_remaining_inventory	structural/syntax inventory only		O06	S7 direct sample proves syntax only and may be semantically incomplete. Listed whole-document/runtime cells own legal execution and rejection; no empty/undeclared sample certifies runtime success.	compiler:F04;compiler:F09;compiler:F10;rule:R30;rule:R18	executable-unit-dispatch	canonical document collector; each reached statement keeps its own semantic owner
s7	mech-code-alt	document-dependency	canonical_s7_document_certification::s7_dispositions_cover_the_exact_remaining_inventory	structural/syntax inventory only		O06	S7 direct sample proves syntax only and may be semantically incomplete. Listed whole-document/runtime cells own legal execution and rejection; no empty/undeclared sample certifies runtime success.	compiler:F04;compiler:F09;compiler:F10;rule:R30;rule:R18	executable-unit-dispatch	canonical document collector; each reached statement keeps its own semantic owner
s7	mechdown-list	document-dependency	canonical_s7_document_certification::s7_dispositions_cover_the_exact_remaining_inventory	structural/syntax inventory only		O06	Typed document dependency has presentation/ownership behavior, not a standalone ProgramCompiler numeric evaluator. Named renderer/result tests and consumer boundaries provide its oracle.	rule:R23	presentation-list/structural-item	canonical retained list renderer
s7	mechdown-table	document-dependency	canonical_s7_document_certification::s7_dispositions_cover_the_exact_remaining_inventory	structural/syntax inventory only		O06	Typed document dependency has presentation/ownership behavior, not a standalone ProgramCompiler numeric evaluator. Named renderer/result tests and consumer boundaries provide its oracle.	rule:R24	presentation-table/structural-alignment	canonical retained document renderer; no engine Table value
s7	mechdown-table-header	document-dependency	canonical_s7_document_certification::s7_dispositions_cover_the_exact_remaining_inventory	structural/syntax inventory only		O06	Typed document dependency has presentation/ownership behavior, not a standalone ProgramCompiler numeric evaluator. Named renderer/result tests and consumer boundaries provide its oracle.	rule:R24	presentation-table/structural-alignment	canonical retained document renderer; no engine Table value
s7	mechdown-table-no-header	document-dependency	canonical_s7_document_certification::s7_dispositions_cover_the_exact_remaining_inventory	structural/syntax inventory only		O06	Typed document dependency has presentation/ownership behavior, not a standalone ProgramCompiler numeric evaluator. Named renderer/result tests and consumer boundaries provide its oracle.	rule:R24	presentation-table/structural-alignment	canonical retained document renderer; no engine Table value
s7	mechdown-table-row	document-dependency	canonical_s7_document_certification::s7_dispositions_cover_the_exact_remaining_inventory	structural/syntax inventory only		O06	Typed document dependency has presentation/ownership behavior, not a standalone ProgramCompiler numeric evaluator. Named renderer/result tests and consumer boundaries provide its oracle.	rule:R24	presentation-table/structural-alignment	canonical retained document renderer; no engine Table value
s7	mechdown-table-with-header	document-dependency	canonical_s7_document_certification::s7_dispositions_cover_the_exact_remaining_inventory	structural/syntax inventory only		O06	Typed document dependency has presentation/ownership behavior, not a standalone ProgramCompiler numeric evaluator. Named renderer/result tests and consumer boundaries provide its oracle.	rule:R24	presentation-table/structural-alignment	canonical retained document renderer; no engine Table value
s7	micro-mika	document-dependency	canonical_s7_document_certification::s7_dispositions_cover_the_exact_remaining_inventory	structural/syntax inventory only		O06	Typed document dependency has presentation/ownership behavior, not a standalone ProgramCompiler numeric evaluator. Named renderer/result tests and consumer boundaries provide its oracle.	rule:R28;compiler:F07;compiler:F08	Mika-registry/structural-local-owner	canonical Mika registry, document namespace and renderer
s7	mika	document-dependency	canonical_s7_document_certification::s7_dispositions_cover_the_exact_remaining_inventory	structural/syntax inventory only		O06	Typed document dependency has presentation/ownership behavior, not a standalone ProgramCompiler numeric evaluator. Named renderer/result tests and consumer boundaries provide its oracle.	rule:R28;compiler:F07;compiler:F08	Mika-registry/structural-local-owner	canonical Mika registry, document namespace and renderer
s7	mika-arm-left	document-dependency	canonical_s7_document_certification::s7_dispositions_cover_the_exact_remaining_inventory	structural/syntax inventory only		O06	Typed document dependency has presentation/ownership behavior, not a standalone ProgramCompiler numeric evaluator. Named renderer/result tests and consumer boundaries provide its oracle.	rule:R28;compiler:F07;compiler:F08	Mika-registry/structural-local-owner	canonical Mika registry, document namespace and renderer
s7	mika-arm-right	document-dependency	canonical_s7_document_certification::s7_dispositions_cover_the_exact_remaining_inventory	structural/syntax inventory only		O06	Typed document dependency has presentation/ownership behavior, not a standalone ProgramCompiler numeric evaluator. Named renderer/result tests and consumer boundaries provide its oracle.	rule:R28;compiler:F07;compiler:F08	Mika-registry/structural-local-owner	canonical Mika registry, document namespace and renderer
s7	mika-expression-inner	document-dependency	canonical_s7_document_certification::s7_dispositions_cover_the_exact_remaining_inventory	structural/syntax inventory only		O06	Typed document dependency has presentation/ownership behavior, not a standalone ProgramCompiler numeric evaluator. Named renderer/result tests and consumer boundaries provide its oracle.	rule:R28;compiler:F07;compiler:F08	Mika-registry/structural-local-owner	canonical Mika registry, document namespace and renderer
s7	mika-eye-left	document-dependency	canonical_s7_document_certification::s7_dispositions_cover_the_exact_remaining_inventory	structural/syntax inventory only		O06	Typed document dependency has presentation/ownership behavior, not a standalone ProgramCompiler numeric evaluator. Named renderer/result tests and consumer boundaries provide its oracle.	rule:R28;compiler:F07;compiler:F08	Mika-registry/structural-local-owner	canonical Mika registry, document namespace and renderer
s7	mika-eye-right	document-dependency	canonical_s7_document_certification::s7_dispositions_cover_the_exact_remaining_inventory	structural/syntax inventory only		O06	Typed document dependency has presentation/ownership behavior, not a standalone ProgramCompiler numeric evaluator. Named renderer/result tests and consumer boundaries provide its oracle.	rule:R28;compiler:F07;compiler:F08	Mika-registry/structural-local-owner	canonical Mika registry, document namespace and renderer
s7	mika-nose	document-dependency	canonical_s7_document_certification::s7_dispositions_cover_the_exact_remaining_inventory	structural/syntax inventory only		O06	Typed document dependency has presentation/ownership behavior, not a standalone ProgramCompiler numeric evaluator. Named renderer/result tests and consumer boundaries provide its oracle.	rule:R28;compiler:F07;compiler:F08	Mika-registry/structural-local-owner	canonical Mika registry, document namespace and renderer
s7	mika-section	document-dependency	canonical_s7_document_certification::s7_dispositions_cover_the_exact_remaining_inventory	structural/syntax inventory only		O06	Typed document dependency has presentation/ownership behavior, not a standalone ProgramCompiler numeric evaluator. Named renderer/result tests and consumer boundaries provide its oracle.	rule:R28;compiler:F07;compiler:F08	Mika-registry/structural-local-owner	canonical Mika registry, document namespace and renderer
s7	mini-mika	document-dependency	canonical_s7_document_certification::s7_dispositions_cover_the_exact_remaining_inventory	structural/syntax inventory only		O06	Typed document dependency has presentation/ownership behavior, not a standalone ProgramCompiler numeric evaluator. Named renderer/result tests and consumer boundaries provide its oracle.	rule:R28;compiler:F07;compiler:F08	Mika-registry/structural-local-owner	canonical Mika registry, document namespace and renderer
s7	no-alignment	document-dependency	canonical_s7_document_certification::s7_dispositions_cover_the_exact_remaining_inventory	structural/syntax inventory only		O06	Typed document dependency has presentation/ownership behavior, not a standalone ProgramCompiler numeric evaluator. Named renderer/result tests and consumer boundaries provide its oracle.	rule:R24	presentation-table/structural-alignment	canonical retained document renderer; no engine Table value
s7	not-mech-code	document-dependency	canonical_s7_document_certification::s7_dispositions_cover_the_exact_remaining_inventory	structural/syntax inventory only		O06	S7 direct sample proves syntax only and may be semantically incomplete. Listed whole-document/runtime cells own legal execution and rejection; no empty/undeclared sample certifies runtime success.	rule:R29;compiler:F03	structural-code-boundary	canonical syntax boundary; enclosing document scope owns code execution
s7	op-assign	document-dependency	canonical_s7_document_certification::s7_dispositions_cover_the_exact_remaining_inventory	structural/syntax inventory only	G04	O06	S7 direct sample proves syntax only and may be semantically incomplete. Listed whole-document/runtime cells own legal execution and rejection; no empty/undeclared sample certifies runtime success.	rule:R14;catalog:C14;compiler:F02	executable-state-update/structural-target	canonical selected assignment and resident atomic state owner
s7	option-map	document-dependency	canonical_s7_document_certification::s7_dispositions_cover_the_exact_remaining_inventory	structural/syntax inventory only		O06	Typed document dependency has presentation/ownership behavior, not a standalone ProgramCompiler numeric evaluator. Named renderer/result tests and consumer boundaries provide its oracle.	rule:R25;rule:R29	presentation-image/option-syntax	canonical retained renderer with explicit option whitelist
s7	option-mapping	document-dependency	canonical_s7_document_certification::s7_dispositions_cover_the_exact_remaining_inventory	structural/syntax inventory only		O06	Typed document dependency has presentation/ownership behavior, not a standalone ProgramCompiler numeric evaluator. Named renderer/result tests and consumer boundaries provide its oracle.	rule:R25;rule:R29	presentation-image/option-syntax	canonical retained renderer with explicit option whitelist
s7	option-value	document-dependency	canonical_s7_document_certification::s7_dispositions_cover_the_exact_remaining_inventory	structural/syntax inventory only		O06	Typed document dependency has presentation/ownership behavior, not a standalone ProgramCompiler numeric evaluator. Named renderer/result tests and consumer boundaries provide its oracle.	rule:R25;rule:R29	presentation-image/option-syntax	canonical retained renderer with explicit option whitelist
s7	ordered-list	document-dependency	canonical_s7_document_certification::s7_dispositions_cover_the_exact_remaining_inventory	structural/syntax inventory only		O06	Typed document dependency has presentation/ownership behavior, not a standalone ProgramCompiler numeric evaluator. Named renderer/result tests and consumer boundaries provide its oracle.	rule:R23	presentation-list/structural-item	canonical retained list renderer
s7	ordered-list-item	document-dependency	canonical_s7_document_certification::s7_dispositions_cover_the_exact_remaining_inventory	structural/syntax inventory only		O06	Typed document dependency has presentation/ownership behavior, not a standalone ProgramCompiler numeric evaluator. Named renderer/result tests and consumer boundaries provide its oracle.	rule:R23	presentation-list/structural-item	canonical retained list renderer
s7	paragraph	document-dependency	canonical_s7_document_certification::s7_dispositions_cover_the_exact_remaining_inventory	structural/syntax inventory only		O06	Typed document dependency has presentation/ownership behavior, not a standalone ProgramCompiler numeric evaluator. Named renderer/result tests and consumer boundaries provide its oracle.	rule:R19;rule:R18	presentation-document-structure	canonical document scope collector and retained renderer
s7	paragraph-element	document-dependency	canonical_s7_document_certification::s7_dispositions_cover_the_exact_remaining_inventory	structural/syntax inventory only		O06	Typed document dependency has presentation/ownership behavior, not a standalone ProgramCompiler numeric evaluator. Named renderer/result tests and consumer boundaries provide its oracle.	rule:R19;rule:R18	presentation-document-structure	canonical document scope collector and retained renderer
s7	paragraph-newline	document-dependency	canonical_s7_document_certification::s7_dispositions_cover_the_exact_remaining_inventory	structural/syntax inventory only		O06	Typed document dependency has presentation/ownership behavior, not a standalone ProgramCompiler numeric evaluator. Named renderer/result tests and consumer boundaries provide its oracle.	rule:R19;rule:R18	presentation-document-structure	canonical document scope collector and retained renderer
s7	parse	maintained-root	canonical_s7_document_certification::s7_dispositions_cover_the_exact_remaining_inventory	structural/syntax inventory only		O06	S7 direct sample proves syntax only and may be semantically incomplete. Listed whole-document/runtime cells own legal execution and rejection; no empty/undeclared sample certifies runtime success.	compiler:P01;compiler:F03;compiler:F04;rule:R18	maintained-document-root	canonical retained document admission and root scope collector
s7	parse-mech	maintained-root	canonical_s7_document_certification::s7_dispositions_cover_the_exact_remaining_inventory	structural/syntax inventory only		O06	S7 direct sample proves syntax only and may be semantically incomplete. Listed whole-document/runtime cells own legal execution and rejection; no empty/undeclared sample certifies runtime success.	compiler:P01;compiler:F03;compiler:F04;rule:R18	maintained-document-root	canonical retained document admission and root scope collector
s7	parse-repl-command	historical-command	canonical_s7_document_certification::s7_dispositions_cover_the_exact_remaining_inventory	structural/syntax inventory only			Historical grammar is absent from the canonical document closure. Exact current runtime request pair below is authoritative; the old command name does not imply its old spelling remains supported.	rule:R03	excluded-document-command;runtime-request-owned	runtime typed REPL command registry and request parser
s7	plan-rpl	historical-command	canonical_s7_document_certification::s7_dispositions_cover_the_exact_remaining_inventory	structural/syntax inventory only			Historical grammar is absent from the canonical document closure. Exact current runtime request pair below is authoritative; the old command name does not imply its old spelling remains supported.	rule:R03	excluded-document-command;runtime-request-owned	runtime typed REPL command registry and request parser
s7	profile-rpl	historical-command	canonical_s7_document_certification::s7_dispositions_cover_the_exact_remaining_inventory	structural/syntax inventory only			Historical grammar is absent from the canonical document closure. Exact current runtime request pair below is authoritative; the old command name does not imply its old spelling remains supported.	rule:R03	excluded-document-command;runtime-request-owned	runtime typed REPL command registry and request parser
s7	program	document-dependency	canonical_s7_document_certification::s7_dispositions_cover_the_exact_remaining_inventory	structural/syntax inventory only		O06	S7 direct sample proves syntax only and may be semantically incomplete. Listed whole-document/runtime cells own legal execution and rejection; no empty/undeclared sample certifies runtime success.	compiler:F04;compiler:F09;compiler:F10;rule:R30;rule:R18	executable-unit-dispatch	canonical document collector; each reached statement keeps its own semantic owner
s7	prompt	document-dependency	canonical_s7_document_certification::s7_dispositions_cover_the_exact_remaining_inventory	structural/syntax inventory only		O06	Typed document dependency has presentation/ownership behavior, not a standalone ProgramCompiler numeric evaluator. Named renderer/result tests and consumer boundaries provide its oracle.	rule:R22	presentation-block	canonical retained document renderer
s7	question-block	document-dependency	canonical_s7_document_certification::s7_dispositions_cover_the_exact_remaining_inventory	structural/syntax inventory only		O06	Typed document dependency has presentation/ownership behavior, not a standalone ProgramCompiler numeric evaluator. Named renderer/result tests and consumer boundaries provide its oracle.	rule:R22	presentation-block	canonical retained document renderer
s7	quit-rpl	historical-command	canonical_s7_document_certification::s7_dispositions_cover_the_exact_remaining_inventory	structural/syntax inventory only			Historical grammar is absent from the canonical document closure. Exact current runtime request pair below is authoritative; the old command name does not imply its old spelling remains supported.	rule:R03	excluded-document-command;runtime-request-owned	runtime typed REPL command registry and request parser
s7	quote-block	document-dependency	canonical_s7_document_certification::s7_dispositions_cover_the_exact_remaining_inventory	structural/syntax inventory only		O06	Typed document dependency has presentation/ownership behavior, not a standalone ProgramCompiler numeric evaluator. Named renderer/result tests and consumer boundaries provide its oracle.	rule:R22	presentation-block	canonical retained document renderer
s7	repl-identifier	historical-command	canonical_s7_document_certification::s7_dispositions_cover_the_exact_remaining_inventory	structural/syntax inventory only			Historical grammar is absent from the canonical document closure. Exact current runtime request pair below is authoritative; the old command name does not imply its old spelling remains supported.	rule:R03	excluded-document-command;runtime-request-owned	runtime typed REPL command registry and request parser
s7	right-alignment	document-dependency	canonical_s7_document_certification::s7_dispositions_cover_the_exact_remaining_inventory	structural/syntax inventory only		O06	Typed document dependency has presentation/ownership behavior, not a standalone ProgramCompiler numeric evaluator. Named renderer/result tests and consumer boundaries provide its oracle.	rule:R24	presentation-table/structural-alignment	canonical retained document renderer; no engine Table value
s7	save-rpl	historical-command	canonical_s7_document_certification::s7_dispositions_cover_the_exact_remaining_inventory	structural/syntax inventory only			Historical grammar is absent from the canonical document closure. Exact current runtime request pair below is authoritative; the old command name does not imply its old spelling remains supported.	rule:R03	excluded-document-command;runtime-request-owned	runtime typed REPL command registry and request parser
s7	section	document-dependency	canonical_s7_document_certification::s7_dispositions_cover_the_exact_remaining_inventory	structural/syntax inventory only		O06	Typed document dependency has presentation/ownership behavior, not a standalone ProgramCompiler numeric evaluator. Named renderer/result tests and consumer boundaries provide its oracle.	rule:R19;rule:R18	presentation-document-structure	canonical document scope collector and retained renderer
s7	section-element	document-dependency	canonical_s7_document_certification::s7_dispositions_cover_the_exact_remaining_inventory	structural/syntax inventory only		O06	Typed document dependency has presentation/ownership behavior, not a standalone ProgramCompiler numeric evaluator. Named renderer/result tests and consumer boundaries provide its oracle.	rule:R19;rule:R18	presentation-document-structure	canonical document scope collector and retained renderer
s7	slice-ref	document-dependency	canonical_s7_document_certification::s7_dispositions_cover_the_exact_remaining_inventory	structural/syntax inventory only	G04	O06	S7 direct sample proves syntax only and may be semantically incomplete. Listed whole-document/runtime cells own legal execution and rejection; no empty/undeclared sample certifies runtime success.	rule:R14;catalog:C14;compiler:F02	executable-state-update/structural-target	canonical selected assignment and resident atomic state owner
s7	statement	document-dependency	canonical_s7_document_certification::s7_dispositions_cover_the_exact_remaining_inventory	structural/syntax inventory only		O06	S7 direct sample proves syntax only and may be semantically incomplete. Listed whole-document/runtime cells own legal execution and rejection; no empty/undeclared sample certifies runtime success.	compiler:F04;compiler:F09;compiler:F10;rule:R30;rule:R18	executable-unit-dispatch	canonical document collector; each reached statement keeps its own semantic owner
s7	step-rpl	historical-command	canonical_s7_document_certification::s7_dispositions_cover_the_exact_remaining_inventory	structural/syntax inventory only			Historical grammar is absent from the canonical document closure. Exact current runtime request pair below is authoritative; the old command name does not imply its old spelling remains supported.	rule:R03	excluded-document-command;runtime-request-owned	runtime typed REPL command registry and request parser
s7	strikethrough	document-dependency	canonical_s7_document_certification::s7_dispositions_cover_the_exact_remaining_inventory	structural/syntax inventory only		O06	Typed document dependency has presentation/ownership behavior, not a standalone ProgramCompiler numeric evaluator. Named renderer/result tests and consumer boundaries provide its oracle.	rule:R21	presentation-inline	canonical retained inline renderer
s7	strong	document-dependency	canonical_s7_document_certification::s7_dispositions_cover_the_exact_remaining_inventory	structural/syntax inventory only		O06	Typed document dependency has presentation/ownership behavior, not a standalone ProgramCompiler numeric evaluator. Named renderer/result tests and consumer boundaries provide its oracle.	rule:R21	presentation-inline	canonical retained inline renderer
s7	sublist	document-dependency	canonical_s7_document_certification::s7_dispositions_cover_the_exact_remaining_inventory	structural/syntax inventory only		O06	Typed document dependency has presentation/ownership behavior, not a standalone ProgramCompiler numeric evaluator. Named renderer/result tests and consumer boundaries provide its oracle.	rule:R23	presentation-list/structural-item	canonical retained list renderer
s7	subtitle	document-dependency	canonical_s7_document_certification::s7_dispositions_cover_the_exact_remaining_inventory	structural/syntax inventory only		O06	Typed document dependency has presentation/ownership behavior, not a standalone ProgramCompiler numeric evaluator. Named renderer/result tests and consumer boundaries provide its oracle.	rule:R19;rule:R18	presentation-document-structure	canonical document scope collector and retained renderer
s7	success-block	document-dependency	canonical_s7_document_certification::s7_dispositions_cover_the_exact_remaining_inventory	structural/syntax inventory only		O06	Typed document dependency has presentation/ownership behavior, not a standalone ProgramCompiler numeric evaluator. Named renderer/result tests and consumer boundaries provide its oracle.	rule:R22	presentation-block	canonical retained document renderer
s7	symbols-rpl	historical-command	canonical_s7_document_certification::s7_dispositions_cover_the_exact_remaining_inventory	structural/syntax inventory only			Historical grammar is absent from the canonical document closure. Exact current runtime request pair below is authoritative; the old command name does not imply its old spelling remains supported.	rule:R03	excluded-document-command;runtime-request-owned	runtime typed REPL command registry and request parser
s7	table-column	outside-document-closure	canonical_s7_document_certification::s7_dispositions_cover_the_exact_remaining_inventory	structural/syntax inventory only			Only this direct grammar entry is excluded. Reachable language behavior remains required through the named canonical owners; this exclusion is not permission to remove match or Table capabilities.	rule:R31;schema:Q04;schema:Q12	excluded-direct-entry;active-table-semantics-delegated	unused direct grammar rule excluded; active header/row constructors own Table schemas
s7	title	document-dependency	canonical_s7_document_certification::s7_dispositions_cover_the_exact_remaining_inventory	structural/syntax inventory only		O06	Typed document dependency has presentation/ownership behavior, not a standalone ProgramCompiler numeric evaluator. Named renderer/result tests and consumer boundaries provide its oracle.	rule:R19;rule:R18	presentation-document-structure	canonical document scope collector and retained renderer
s7	title-front-matter	document-dependency	canonical_s7_document_certification::s7_dispositions_cover_the_exact_remaining_inventory	structural/syntax inventory only		O06	Typed document dependency has presentation/ownership behavior, not a standalone ProgramCompiler numeric evaluator. Named renderer/result tests and consumer boundaries provide its oracle.	rule:R20	presentation-metadata-with-inline-values	canonical retained document renderer and inline result owner
s7	tuple-destructure	document-dependency	canonical_s7_document_certification::s7_dispositions_cover_the_exact_remaining_inventory	structural/syntax inventory only		O06	S7 direct sample proves syntax only and may be semantically incomplete. Listed whole-document/runtime cells own legal execution and rejection; no empty/undeclared sample certifies runtime success.	rule:R16	executable-destructuring	canonical typed local binding environment
s7	ul-subtitle	document-dependency	canonical_s7_document_certification::s7_dispositions_cover_the_exact_remaining_inventory	structural/syntax inventory only		O06	Typed document dependency has presentation/ownership behavior, not a standalone ProgramCompiler numeric evaluator. Named renderer/result tests and consumer boundaries provide its oracle.	rule:R19;rule:R18	presentation-document-structure	canonical document scope collector and retained renderer
s7	unchecked-item	document-dependency	canonical_s7_document_certification::s7_dispositions_cover_the_exact_remaining_inventory	structural/syntax inventory only		O06	Typed document dependency has presentation/ownership behavior, not a standalone ProgramCompiler numeric evaluator. Named renderer/result tests and consumer boundaries provide its oracle.	rule:R23	presentation-list/structural-item	canonical retained list renderer
s7	underline	document-dependency	canonical_s7_document_certification::s7_dispositions_cover_the_exact_remaining_inventory	structural/syntax inventory only		O06	Typed document dependency has presentation/ownership behavior, not a standalone ProgramCompiler numeric evaluator. Named renderer/result tests and consumer boundaries provide its oracle.	rule:R21	presentation-inline	canonical retained inline renderer
s7	unordered-list	document-dependency	canonical_s7_document_certification::s7_dispositions_cover_the_exact_remaining_inventory	structural/syntax inventory only		O06	Typed document dependency has presentation/ownership behavior, not a standalone ProgramCompiler numeric evaluator. Named renderer/result tests and consumer boundaries provide its oracle.	rule:R23	presentation-list/structural-item	canonical retained list renderer
s7	unordered-list-item	document-dependency	canonical_s7_document_certification::s7_dispositions_cover_the_exact_remaining_inventory	structural/syntax inventory only		O06	Typed document dependency has presentation/ownership behavior, not a standalone ProgramCompiler numeric evaluator. Named renderer/result tests and consumer boundaries provide its oracle.	rule:R23	presentation-list/structural-item	canonical retained list renderer
s7	variable-assign	document-dependency	canonical_s7_document_certification::s7_dispositions_cover_the_exact_remaining_inventory	structural/syntax inventory only	G04	O06	S7 direct sample proves syntax only and may be semantically incomplete. Listed whole-document/runtime cells own legal execution and rejection; no empty/undeclared sample certifies runtime success.	rule:R14;catalog:C14;compiler:F02	executable-state-update/structural-target	canonical selected assignment and resident atomic state owner
s7	warning-block	document-dependency	canonical_s7_document_certification::s7_dispositions_cover_the_exact_remaining_inventory	structural/syntax inventory only		O06	Typed document dependency has presentation/ownership behavior, not a standalone ProgramCompiler numeric evaluator. Named renderer/result tests and consumer boundaries provide its oracle.	rule:R22	presentation-block	canonical retained document renderer
s7	whos-rpl	historical-command	canonical_s7_document_certification::s7_dispositions_cover_the_exact_remaining_inventory	structural/syntax inventory only			Historical grammar is absent from the canonical document closure. Exact current runtime request pair below is authoritative; the old command name does not imply its old spelling remains supported.	rule:R03	excluded-document-command;runtime-request-owned	runtime typed REPL command registry and request parser
