inventory	rule	declared-disposition	control-acceptance-cells	acceptance-cells	responsibility-class	owning-layer	related-gaps	current-control-status	syntax-evidence	accepted-source-json	rejected-source-json	recovery-source-json	semantic-certification-outcome	command-positive-json	command-negative-json	coverage-boundary
phase-2i	argument-list	structural	FUN02	rule:R17;compiler:F01;control:FUN02	structural-call-arguments	canonical function/named-call environment	G19	blocked	rule:R01	"""(1, x: 2)"""	""")(1, x: 2)"""	"""(1"""	structural			The accepted/rejected/recovery fragments certify direct grammar and typed access. This helper has no independent evaluator; listed parent cells own its value/error behavior.
phase-2i	binding	structural		rule:R31;schema:Q04;schema:Q06;schema:Q08	structural-record-field-binding	canonical Record field schema and constructor owner		not-a-control-qualification-row	rule:R01	"""a<u8>: 1"""	"""]a<u8>: 1"""	"""a:"""	structural			The accepted/rejected/recovery fragments certify direct grammar and typed access. This helper has no independent evaluator; listed parent cells own its value/error behavior.
phase-2i	brace-subscript	structural		rule:R31;schema:Q09;schema:Q10;schema:Q14;catalog:C15	structural-selector	canonical selection lowering and resident selection contracts	G17	not-a-control-qualification-row	rule:R01	"""{1}"""	"""}{1}"""	"""{1"""	structural			The accepted/rejected/recovery fragments certify direct grammar and typed access. This helper has no independent evaluator; listed parent cells own its value/error behavior.
phase-2i	bracket-subscript	structural		rule:R31;schema:Q09;schema:Q10;schema:Q14;catalog:C15	structural-selector	canonical selection lowering and resident selection contracts	G17	not-a-control-qualification-row	rule:R01	"""[1]"""	""")[1]"""	"""[1"""	structural			The accepted/rejected/recovery fragments certify direct grammar and typed access. This helper has no independent evaluator; listed parent cells own its value/error behavior.
phase-2i	call-arg	structural	FUN02	rule:R17;compiler:F01;control:FUN02	structural-call-arguments	canonical function/named-call environment	G19	blocked	rule:R01	"""1"""	"""]1"""	"""\""unterminated"""	structural			The accepted/rejected/recovery fragments certify direct grammar and typed access. This helper has no independent evaluator; listed parent cells own its value/error behavior.
phase-2i	call-arg-with-binding	structural	FUN02	rule:R17;compiler:F01;control:FUN02	structural-call-arguments	canonical function/named-call environment	G19	blocked	rule:R01	"""x: 1"""	"""}x: 1"""	"""x:"""	structural			The accepted/rejected/recovery fragments certify direct grammar and typed access. This helper has no independent evaluator; listed parent cells own its value/error behavior.
phase-2i	comprehension-qualifier	structural		rule:R07;rule:R08;rule:R09;rule:R10	structural-control-qualifier	canonical comprehension lowering and resident control	G06;G07;G08;G18	not-a-control-qualification-row	rule:R01	"""x <- xs"""	""")x <- xs"""	"""x <-"""	structural			The accepted/rejected/recovery fragments certify direct grammar and typed access. This helper has no independent evaluator; listed parent cells own its value/error behavior.
phase-2i	expression	executable		compiler:F01;rule:R11;rule:R05;rule:R06	expression-dispatch	canonical expression lowering; reached variants keep their named owners	G09	not-a-control-qualification-row	rule:R01	"""1 + 2"""	"""]1 + 2"""	"""1 +"""	executable			The accepted/rejected/recovery fragments certify direct grammar and typed access. Executable or compile-time behavior is separately owned by the named cells; the certification semantic outcome alone is not a value oracle.
phase-2i	factor	executable		rule:R05;catalog:C20	expression-wrapper/postfix	canonical expression lowering and matrix transpose contract		not-a-control-qualification-row	rule:R01	"""1'"""	"""}1'"""	"""\""unterminated"""	executable			The accepted/rejected/recovery fragments certify direct grammar and typed access. Executable or compile-time behavior is separately owned by the named cells; the certification semantic outcome alone is not a value oracle.
phase-2i	fancy-table	executable		rule:R31;schema:Q04;schema:Q12;schema:Q13;catalog:C33	executable-table-constructor	canonical Table schema and constructor owner		not-a-control-qualification-row	rule:R01	"""╭─\n│a│\n│1│"""	""")╭─\n│a│\n│1│"""	"""╭─\n│a│"""	executable			The accepted/rejected/recovery fragments certify direct grammar and typed access. Executable or compile-time behavior is separately owned by the named cells; the certification semantic outcome alone is not a value oracle.
phase-2i	fancy-table-header	structural		rule:R31;schema:Q04;schema:Q12	structural-table-syntax	canonical Table schema and constructor owner		not-a-control-qualification-row	rule:R01	"""a│"""	"""]a│"""	"""a"""	structural			The accepted/rejected/recovery fragments certify direct grammar and typed access. This helper has no independent evaluator; listed parent cells own its value/error behavior.
phase-2i	field	compile-time		schema:Q04;schema:Q06;schema:Q08	compile-time-field-schema	canonical record/table schema admission		not-a-control-qualification-row	rule:R01	"""a<u8>"""	"""}a<u8>"""	"""a<u8"""	compile-time			The accepted/rejected/recovery fragments certify direct grammar and typed access. Executable or compile-time behavior is separately owned by the named cells; the certification semantic outcome alone is not a value oracle.
phase-2i	formula	executable		rule:R05;compiler:F01	expression-grouping	canonical precedence lowering; operand operation owns execution		not-a-control-qualification-row	rule:R01	"""1 + 2"""	""")1 + 2"""	"""1 +"""	executable			The accepted/rejected/recovery fragments certify direct grammar and typed access. Executable or compile-time behavior is separately owned by the named cells; the certification semantic outcome alone is not a value oracle.
phase-2i	formula-subscript	structural		rule:R31;schema:Q09;schema:Q10;schema:Q14;catalog:C15	structural-selector	canonical selection lowering and resident selection contracts	G17	not-a-control-qualification-row	rule:R01	"""1 + 2"""	"""]1 + 2"""	"""1 +"""	structural			The accepted/rejected/recovery fragments certify direct grammar and typed access. This helper has no independent evaluator; listed parent cells own its value/error behavior.
phase-2i	fsm-args	structural	FSM01	control:FSM01	control-structure	canonical FSM declaration/continuation owner	G14	blocked	rule:R01	"""(1, x: 2)"""	"""}(1, x: 2)"""	"""(1"""	structural			The accepted/rejected/recovery fragments certify direct grammar and typed access. This helper has no independent evaluator; listed parent cells own its value/error behavior.
phase-2i	fsm-async-transition	structural	FSM04;FSM05;FSM06;FSM07;FSM08;FSM09;FSM10;FSM11;FSM12	control:FSM04;control:FSM05;control:FSM06;control:FSM07;control:FSM08;control:FSM09;control:FSM10;control:FSM11;control:FSM12	control-structure	canonical FSM declaration/continuation owner	G14	blocked	rule:R01	"""~> :next"""	""")~> :next"""	"""~>"""	structural			The accepted/rejected/recovery fragments certify direct grammar and typed access. This helper has no independent evaluator; listed parent cells own its value/error behavior.
phase-2i	fsm-instance	structural	FSM01;FSM08;FSM09;FSM10	control:FSM01;control:FSM08;control:FSM09;control:FSM10	control-structure	canonical FSM declaration/continuation owner	G14	blocked	rule:R01	"""#machine(1)"""	"""]#machine(1)"""	"""#machine("""	structural			The accepted/rejected/recovery fragments certify direct grammar and typed access. This helper has no independent evaluator; listed parent cells own its value/error behavior.
phase-2i	fsm-output	structural	FSM02;FSM03;FSM10	control:FSM02;control:FSM03;control:FSM10	control-structure	canonical FSM declaration/continuation owner	G14	blocked	rule:R01	"""=> :value"""	"""}=> :value"""	"""=>"""	structural			The accepted/rejected/recovery fragments certify direct grammar and typed access. This helper has no independent evaluator; listed parent cells own its value/error behavior.
phase-2i	fsm-pipe	executable	FSM01;FSM02;FSM04;FSM05;FSM06;FSM07;FSM08;FSM09;FSM10;FSM11;FSM12;FSM13	control:FSM01;control:FSM02;control:FSM04;control:FSM05;control:FSM06;control:FSM07;control:FSM08;control:FSM09;control:FSM10;control:FSM11;control:FSM12;control:FSM13	control-structure	canonical FSM declaration/continuation owner	G14	blocked	rule:R01	"""#machine -> :next => :value"""	""")#machine -> :next => :value"""	"""#machine ->"""	executable			The accepted/rejected/recovery fragments certify direct grammar and typed access. Executable or compile-time behavior is separately owned by the named cells; the certification semantic outcome alone is not a value oracle.
phase-2i	fsm-state-transition	structural	FSM01;FSM02;FSM03	control:FSM01;control:FSM02;control:FSM03	control-structure	canonical FSM declaration/continuation owner	G14	blocked	rule:R01	"""-> :next"""	"""]-> :next"""	"""->"""	structural			The accepted/rejected/recovery fragments certify direct grammar and typed access. This helper has no independent evaluator; listed parent cells own its value/error behavior.
phase-2i	fsm-value	structural	FSM01;FSM09;FSM13	control:FSM01;control:FSM09;control:FSM13	control-structure	canonical FSM declaration/continuation owner	G14	blocked	rule:R01	""":value"""	"""}:value"""	"""\""unterminated"""	structural			The accepted/rejected/recovery fragments certify direct grammar and typed access. This helper has no independent evaluator; listed parent cells own its value/error behavior.
phase-2i	function-call	executable	FUN01;FUN02;FUN04;FUN05;FUN07;FUN08;FUN09;FUN10	rule:R06;rule:R17;catalog:C01;catalog:C02;catalog:C03;catalog:C04;catalog:C05;catalog:C06;catalog:C07;catalog:C08;catalog:C09;catalog:C10;catalog:C11;catalog:C12;catalog:C13;catalog:C14;catalog:C15;catalog:C16;catalog:C17;catalog:C18;catalog:C19;catalog:C20;catalog:C21;catalog:C22;catalog:C23;catalog:C24;catalog:C25;catalog:C26;catalog:C27;catalog:C28;catalog:C29;catalog:C30;catalog:C31;catalog:C32;catalog:C33;catalog:C34;control:FUN01;control:FUN02;control:FUN04;control:FUN05;control:FUN07;control:FUN08;control:FUN09;control:FUN10	executable-call-dispatch	canonical function environment, user-function body and configured catalog admission	G19;G20	blocked	rule:R01	"""foo(1)"""	""")foo(1)"""	"""foo("""	expected-user-error:source-semantics/unknown-function			The accepted/rejected/recovery fragments certify direct grammar and typed access. Executable or compile-time behavior is separately owned by the named cells; the certification semantic outcome alone is not a value oracle.
phase-2i	generator	structural		rule:R07;rule:R08;rule:R09;rule:R10	structural-control-qualifier	canonical comprehension lowering and resident control	G06;G07;G08;G18	not-a-control-qualification-row	rule:R01	"""x <- xs"""	"""]x <- xs"""	"""x <-"""	structural			The accepted/rejected/recovery fragments certify direct grammar and typed access. This helper has no independent evaluator; listed parent cells own its value/error behavior.
phase-2i	header-field	compile-time		schema:Q04;schema:Q06;schema:Q08	compile-time-field-schema	canonical record/table schema admission		not-a-control-qualification-row	rule:R01	"""a<u8>"""	"""}a<u8>"""	"""a<u8"""	compile-time			The accepted/rejected/recovery fragments certify direct grammar and typed access. Executable or compile-time behavior is separately owned by the named cells; the certification semantic outcome alone is not a value oracle.
phase-2i	inline-table	executable		rule:R31;schema:Q04;schema:Q12;schema:Q13;catalog:C33	executable-table-constructor	canonical Table schema and constructor owner		not-a-control-qualification-row	rule:R01	"""|a<u8>|1|"""	""")|a<u8>|1|"""	"""|a<u8>|"""	executable			The accepted/rejected/recovery fragments certify direct grammar and typed access. Executable or compile-time behavior is separately owned by the named cells; the certification semantic outcome alone is not a value oracle.
phase-2i	inline-table-header	structural		rule:R31;schema:Q04;schema:Q12	structural-table-syntax	canonical Table schema and constructor owner		not-a-control-qualification-row	rule:R01	"""a<u8>|"""	"""]a<u8>|"""	"""a<u8>"""	structural			The accepted/rejected/recovery fragments certify direct grammar and typed access. This helper has no independent evaluator; listed parent cells own its value/error behavior.
phase-2i	inline-table-row	structural		rule:R31;schema:Q04;schema:Q12	structural-table-syntax	canonical Table schema and constructor owner		not-a-control-qualification-row	rule:R01	"""1|"""	"""}1|"""	"""1"""	structural			The accepted/rejected/recovery fragments certify direct grammar and typed access. This helper has no independent evaluator; listed parent cells own its value/error behavior.
phase-2i	kind	compile-time		schema:Q06;schema:Q21;schema:Q28;schema:Q02;schema:Q03;schema:Q29;rule:R13	compile-time-type-environment	canonical schema admission and explicit G12 prerequisite	G12;G13	not-a-control-qualification-row	rule:R01	"""*"""	""")*"""	"""<u8"""	compile-time			The accepted/rejected/recovery fragments certify direct grammar and typed access. Executable or compile-time behavior is separately owned by the named cells; the certification semantic outcome alone is not a value oracle.
phase-2i	kind-annotation	compile-time		schema:Q06;schema:Q21;schema:Q28;schema:Q02;schema:Q03;schema:Q29;rule:R13	compile-time-type-environment	canonical schema admission and explicit G12 prerequisite	G12;G13	not-a-control-qualification-row	rule:R01	"""<u8>"""	"""]<u8>"""	"""<u8"""	compile-time			The accepted/rejected/recovery fragments certify direct grammar and typed access. Executable or compile-time behavior is separately owned by the named cells; the certification semantic outcome alone is not a value oracle.
phase-2i	kind-kind	compile-time		schema:Q28;schema:Q33	compile-time-reified-type	canonical reified type representation	G13	not-a-control-qualification-row	rule:R01	"""<u8>"""	"""}<u8>"""	"""<u8"""	compile-time			The accepted/rejected/recovery fragments certify direct grammar and typed access. Executable or compile-time behavior is separately owned by the named cells; the certification semantic outcome alone is not a value oracle.
phase-2i	kind-map	compile-time		schema:Q22;schema:Q24;schema:Q08;schema:QG-Map	compile-time-map-schema	canonical Map schema/keyability owner	G25	not-a-control-qualification-row	rule:R01	"""{u8:f64}"""	"""){u8:f64}"""	"""{u8:"""	compile-time			The accepted/rejected/recovery fragments certify direct grammar and typed access. Executable or compile-time behavior is separately owned by the named cells; the certification semantic outcome alone is not a value oracle.
phase-2i	kind-matrix	compile-time		schema:Q06;schema:Q28;compiler:F13;schema:QG-Matrix	compile-time-matrix-schema	canonical independent dimension parameters and shape binding	G13;G25	not-a-control-qualification-row	rule:R01	"""[u8]:1,2"""	"""][u8]:1,2"""	"""[u8"""	compile-time			The accepted/rejected/recovery fragments certify direct grammar and typed access. Executable or compile-time behavior is separately owned by the named cells; the certification semantic outcome alone is not a value oracle.
phase-2i	kind-record	compile-time		schema:Q06;schema:Q08;schema:QG-Record	compile-time-record-schema	canonical Record field schema owner	G25	not-a-control-qualification-row	rule:R01	"""{a<u8>}"""	"""}{a<u8>}"""	"""{a<u8>"""	compile-time			The accepted/rejected/recovery fragments certify direct grammar and typed access. Executable or compile-time behavior is separately owned by the named cells; the certification semantic outcome alone is not a value oracle.
phase-2i	kind-scalar	compile-time		schema:Q17;schema:Q18;schema:Q19;schema:Q20;schema:Q21;rule:R13;schema:QT-u8;schema:QT-u16;schema:QT-u32;schema:QT-u64;schema:QT-u128;schema:QT-i8;schema:QT-i16;schema:QT-i32;schema:QT-i64;schema:QT-i128;schema:QT-f32;schema:QT-f64;schema:QT-c32;schema:QT-c64;schema:QT-r64;schema:QT-bool;schema:QT-string	compile-time-scalar-schema	canonical primitive/nominal schemas; constrained-kind decision separate	G12;G25	not-a-control-qualification-row	rule:R01	"""u8:1..10"""	""")u8:1..10"""	"""u8:1.."""	compile-time			The accepted/rejected/recovery fragments certify direct grammar and typed access. Executable or compile-time behavior is separately owned by the named cells; the certification semantic outcome alone is not a value oracle.
phase-2i	kind-set	compile-time		schema:Q23;schema:Q11;schema:QG-Set	compile-time-set-schema	canonical Set keyability and size parameters	G25	not-a-control-qualification-row	rule:R01	"""{u8}:10"""	"""]{u8}:10"""	"""{u8"""	compile-time			The accepted/rejected/recovery fragments certify direct grammar and typed access. Executable or compile-time behavior is separately owned by the named cells; the certification semantic outcome alone is not a value oracle.
phase-2i	kind-table	compile-time		schema:Q06;schema:Q12;schema:Q13;schema:QG-Table	compile-time-table-schema	canonical Table columns and row parameters	G25	not-a-control-qualification-row	rule:R01	"""|a<u8>|:10"""	"""}|a<u8>|:10"""	"""|a<u8>"""	compile-time			The accepted/rejected/recovery fragments certify direct grammar and typed access. Executable or compile-time behavior is separately owned by the named cells; the certification semantic outcome alone is not a value oracle.
phase-2i	kind-tuple	compile-time		schema:Q07;schema:Q08;schema:QG-Tuple	compile-time-tuple-schema	canonical positional Tuple schema owner	G25	not-a-control-qualification-row	rule:R01	"""(u8,f64)"""	""")(u8,f64)"""	"""(u8"""	compile-time			The accepted/rejected/recovery fragments certify direct grammar and typed access. Executable or compile-time behavior is separately owned by the named cells; the certification semantic outcome alone is not a value oracle.
phase-2i	kind-with-option	compile-time		schema:Q02;schema:Q08;schema:Q21;schema:QG-Option	compile-time-optional-schema	canonical Option payload/absence owner	G25	not-a-control-qualification-row	rule:R01	"""u8?"""	"""]u8?"""	"""<u8"""	compile-time			The accepted/rejected/recovery fragments certify direct grammar and typed access. Executable or compile-time behavior is separately owned by the named cells; the certification semantic outcome alone is not a value oracle.
phase-2i	l1	executable		rule:R05;catalog:C08	operator-precedence	canonical logic operation scheme and configured target		not-a-control-qualification-row	rule:R01	"""true && false"""	"""}true && false"""	"""true &&"""	executable			The accepted/rejected/recovery fragments certify direct grammar and typed access. Executable or compile-time behavior is separately owned by the named cells; the certification semantic outcome alone is not a value oracle.
phase-2i	l2	executable		rule:R05;catalog:C10;catalog:C11;catalog:C12	operator-precedence	canonical comparison operation schemes and configured target		not-a-control-qualification-row	rule:R01	"""1 == 2"""	""")1 == 2"""	"""1 =="""	executable			The accepted/rejected/recovery fragments certify direct grammar and typed access. Executable or compile-time behavior is separately owned by the named cells; the certification semantic outcome alone is not a value oracle.
phase-2i	l3	executable		rule:R05;catalog:C01	operator-precedence	canonical add/sub operation schemes and configured target		not-a-control-qualification-row	rule:R01	"""1 + 2"""	"""]1 + 2"""	"""1 +"""	executable			The accepted/rejected/recovery fragments certify direct grammar and typed access. Executable or compile-time behavior is separately owned by the named cells; the certification semantic outcome alone is not a value oracle.
phase-2i	l4	executable		rule:R05;catalog:C01;catalog:C03;catalog:C16;catalog:C17;catalog:C18	operator-precedence	canonical multiplication/division/matrix operation schemes and configured target		not-a-control-qualification-row	rule:R01	"""1**2"""	"""}1**2"""	"""2 *"""	executable			The accepted/rejected/recovery fragments certify direct grammar and typed access. Executable or compile-time behavior is separately owned by the named cells; the certification semantic outcome alone is not a value oracle.
phase-2i	l5	executable		rule:R05;catalog:C02	operator-precedence	canonical power scheme and configured target admission		not-a-control-qualification-row	rule:R01	"""2 ^ 3"""	""")2 ^ 3"""	"""2 ^"""	executable			The accepted/rejected/recovery fragments certify direct grammar and typed access. Executable or compile-time behavior is separately owned by the named cells; the certification semantic outcome alone is not a value oracle.
phase-2i	l6	executable		rule:R05;catalog:C33;schema:Q12	operator-precedence	canonical table operation and join contracts		not-a-control-qualification-row	rule:R01	"""a ⋈ b"""	"""]a ⋈ b"""	"""a ⋈"""	executable			The accepted/rejected/recovery fragments certify direct grammar and typed access. Executable or compile-time behavior is separately owned by the named cells; the certification semantic outcome alone is not a value oracle.
phase-2i	l7	executable		rule:R05;catalog:C24;catalog:C25;catalog:C26;catalog:C27;catalog:C28;catalog:C29	operator-precedence	canonical set operation schemes and configured target		not-a-control-qualification-row	rule:R01	"""{1} ∪ {2}"""	"""}{1} ∪ {2}"""	"""{1} ∪"""	executable			The accepted/rejected/recovery fragments certify direct grammar and typed access. Executable or compile-time behavior is separately owned by the named cells; the certification semantic outcome alone is not a value oracle.
phase-2i	literal	executable		rule:R06;schema:Q16;schema:Q17;schema:Q18;schema:Q19;schema:Q20;schema:Q21;schema:Q28	literal-admission	canonical primitive/nominal/reified value construction	G02;G13	not-a-control-qualification-row	rule:R01	"""_"""	""")_"""	"""\""unterminated"""	expected-user-error:source-semantics/unresolved-empty-expression			The accepted/rejected/recovery fragments certify direct grammar and typed access. Executable or compile-time behavior is separately owned by the named cells; the certification semantic outcome alone is not a value oracle.
phase-2i	map	executable		rule:R31;schema:Q04;schema:Q05;schema:Q22;schema:Q24	executable-map-constructor	canonical Map schema/key ordering owner		not-a-control-qualification-row	rule:R01	"""{1:2}"""	"""]{1:2}"""	"""{1:"""	executable			The accepted/rejected/recovery fragments certify direct grammar and typed access. Executable or compile-time behavior is separately owned by the named cells; the certification semantic outcome alone is not a value oracle.
phase-2i	mapping	structural		rule:R31;schema:Q04;schema:Q05	structural-map-entry	canonical Map schema/key ordering owner		not-a-control-qualification-row	rule:R01	"""1:2"""	"""}1:2"""	"""1:"""	structural			The accepted/rejected/recovery fragments certify direct grammar and typed access. This helper has no independent evaluator; listed parent cells own its value/error behavior.
phase-2i	match-arm	structural	FUN01;FUN06;ACT05;ACT08	rule:R11;control:FUN01;control:FUN06;control:ACT05;control:ACT08	structural-match-arm	canonical control branch selection and lexical bindings	G09;G15;G19	blocked	rule:R01	"""| * => 1"""	""")| * => 1"""	"""| * =>"""	structural			The accepted/rejected/recovery fragments certify direct grammar and typed access. This helper has no independent evaluator; listed parent cells own its value/error behavior.
phase-2i	matrix	executable		rule:R31;schema:Q06;catalog:C19;rule:R15	executable-matrix-constructor	canonical matrix geometry and runtime shape owner	G18	not-a-control-qualification-row	rule:R01	"""[1 2]"""	"""][1 2]"""	"""[1"""	executable			The accepted/rejected/recovery fragments certify direct grammar and typed access. Executable or compile-time behavior is separately owned by the named cells; the certification semantic outcome alone is not a value oracle.
phase-2i	matrix-column	structural		rule:R31;schema:Q06;catalog:C19	structural-matrix-entry	canonical row-major matrix geometry owner		not-a-control-qualification-row	rule:R01	"""1,"""	"""}1,"""	"""\""unterminated"""	structural			The accepted/rejected/recovery fragments certify direct grammar and typed access. This helper has no independent evaluator; listed parent cells own its value/error behavior.
phase-2i	matrix-comprehension	executable		rule:R07;rule:R08;rule:R09;rule:R10;rule:R15;catalog:C21	executable-comprehension	canonical control graph, retained storage and downstream layout	G06;G07;G08;G18	not-a-control-qualification-row	rule:R01	"""[x | x <- xs]"""	""")[x | x <- xs]"""	"""[x | x <-"""	executable			The accepted/rejected/recovery fragments certify direct grammar and typed access. Executable or compile-time behavior is separately owned by the named cells; the certification semantic outcome alone is not a value oracle.
phase-2i	matrix-row	structural		rule:R31;schema:Q06;catalog:C19	structural-matrix-entry	canonical row-major matrix geometry owner		not-a-control-qualification-row	rule:R01	"""1 2;"""	"""]1 2;"""	"""\""unterminated"""	structural			The accepted/rejected/recovery fragments certify direct grammar and typed access. This helper has no independent evaluator; listed parent cells own its value/error behavior.
phase-2i	negate-factor	executable		catalog:C04;rule:R05	executable-prefix	canonical numeric negation scheme		not-a-control-qualification-row	rule:R01	"""-1"""	"""}-1"""	"""-"""	executable			The accepted/rejected/recovery fragments certify direct grammar and typed access. Executable or compile-time behavior is separately owned by the named cells; the certification semantic outcome alone is not a value oracle.
phase-2i	not-factor	executable		catalog:C09;rule:R05	executable-prefix	canonical Boolean negation scheme		not-a-control-qualification-row	rule:R01	"""!true"""	""")!true"""	"""!"""	executable			The accepted/rejected/recovery fragments certify direct grammar and typed access. Executable or compile-time behavior is separately owned by the named cells; the certification semantic outcome alone is not a value oracle.
phase-2i	parenthetical-term	executable		rule:R05;compiler:F01	expression-grouping	canonical precedence lowering; operand operation owns execution		not-a-control-qualification-row	rule:R01	"""(1 + 2)"""	"""](1 + 2)"""	"""(1"""	executable			The accepted/rejected/recovery fragments certify direct grammar and typed access. Executable or compile-time behavior is separately owned by the named cells; the certification semantic outcome alone is not a value oracle.
phase-2i	pattern	compile-time	FUN03;ACT06;ACT07;ACT08;FSM02	rule:R07;rule:R08;rule:R10;rule:R11;schema:Q25;control:FUN03;control:ACT06;control:ACT07;control:ACT08;control:FSM02	compile-time-pattern-binding	canonical pattern representation; consumer selects filtering/exhaustiveness contract	G06;G08;G09;G14;G15;G19	blocked	rule:R01	"""42"""	"""}42"""	"""\""unterminated"""	compile-time			The accepted/rejected/recovery fragments certify direct grammar and typed access. Executable or compile-time behavior is separately owned by the named cells; the certification semantic outcome alone is not a value oracle.
phase-2i	pattern-array	compile-time	FUN03;ACT06	rule:R07;rule:R08;rule:R10;rule:R11;schema:Q25;control:FUN03;control:ACT06	compile-time-pattern-binding	canonical pattern representation; consumer selects filtering/exhaustiveness contract	G06;G08;G09;G15;G19	blocked	rule:R01	"""[head, ..., tail]"""	""")[head, ..., tail]"""	"""[head"""	compile-time			The accepted/rejected/recovery fragments certify direct grammar and typed access. Executable or compile-time behavior is separately owned by the named cells; the certification semantic outcome alone is not a value oracle.
phase-2i	pattern-array-item	compile-time	FUN03;ACT06	rule:R07;rule:R08;rule:R10;rule:R11;schema:Q25;control:FUN03;control:ACT06	compile-time-pattern-binding	canonical pattern representation; consumer selects filtering/exhaustiveness contract	G06;G08;G09;G15;G19	blocked	rule:R01	"""x"""	"""]x"""	"""\""unterminated"""	compile-time			The accepted/rejected/recovery fragments certify direct grammar and typed access. Executable or compile-time behavior is separately owned by the named cells; the certification semantic outcome alone is not a value oracle.
phase-2i	pattern-array-token	compile-time	FUN03;ACT06	rule:R07;rule:R08;rule:R10;rule:R11;schema:Q25;control:FUN03;control:ACT06	compile-time-pattern-binding	canonical pattern representation; consumer selects filtering/exhaustiveness contract	G06;G08;G09;G15;G19	blocked	rule:R01	"""head"""	"""}head"""	"""\""unterminated"""	compile-time			The accepted/rejected/recovery fragments certify direct grammar and typed access. Executable or compile-time behavior is separately owned by the named cells; the certification semantic outcome alone is not a value oracle.
phase-2i	pattern-atom-struct	compile-time	FUN03;ACT06;FSM02	rule:R07;rule:R08;rule:R10;rule:R11;schema:Q25;control:FUN03;control:ACT06;control:FSM02	compile-time-pattern-binding	canonical pattern representation; consumer selects filtering/exhaustiveness contract	G06;G08;G09;G14;G15;G19	blocked	rule:R01	""":some(x)"""	"""):some(x)"""	""":some(\""unterminated"""	compile-time			The accepted/rejected/recovery fragments certify direct grammar and typed access. Executable or compile-time behavior is separately owned by the named cells; the certification semantic outcome alone is not a value oracle.
phase-2i	pattern-tuple	compile-time	FUN03;ACT06;FSM02	rule:R07;rule:R08;rule:R10;rule:R11;schema:Q25;control:FUN03;control:ACT06;control:FSM02	compile-time-pattern-binding	canonical pattern representation; consumer selects filtering/exhaustiveness contract	G06;G08;G09;G14;G15;G19	blocked	rule:R01	"""(x,y)"""	"""](x,y)"""	"""(\""unterminated"""	compile-time			The accepted/rejected/recovery fragments certify direct grammar and typed access. Executable or compile-time behavior is separately owned by the named cells; the certification semantic outcome alone is not a value oracle.
phase-2i	pattern-tuple-struct	compile-time	FUN03;ACT06;FSM02	rule:R07;rule:R08;rule:R10;rule:R11;schema:Q25;control:FUN03;control:ACT06;control:FSM02	compile-time-pattern-binding	canonical pattern representation; consumer selects filtering/exhaustiveness contract	G06;G08;G09;G14;G15;G19	blocked	rule:R01	"""`some(x)"""	"""}`some(x)"""	"""`some(\""unterminated"""	compile-time			The accepted/rejected/recovery fragments certify direct grammar and typed access. Executable or compile-time behavior is separately owned by the named cells; the certification semantic outcome alone is not a value oracle.
phase-2i	range-expression	executable		catalog:C15;schema:Q20;rule:R04	executable-range	canonical range/index schema and resident cardinality owner	G24	not-a-control-qualification-row	rule:R01	"""1..=10"""	""")1..=10"""	"""1..="""	executable			The accepted/rejected/recovery fragments certify direct grammar and typed access. Executable or compile-time behavior is separately owned by the named cells; the certification semantic outcome alone is not a value oracle.
phase-2i	range-subscript	structural		rule:R31;schema:Q09;schema:Q10;schema:Q14;catalog:C15	structural-selector	canonical selection lowering and resident selection contracts	G17	not-a-control-qualification-row	rule:R01	"""1..10"""	"""]1..10"""	"""1.."""	structural			The accepted/rejected/recovery fragments certify direct grammar and typed access. This helper has no independent evaluator; listed parent cells own its value/error behavior.
phase-2i	record	executable		rule:R31;schema:Q04;schema:Q08	executable-record-constructor	canonical ordered Record schema owner		not-a-control-qualification-row	rule:R01	"""{a:1}"""	"""}{a:1}"""	"""{a:"""	executable			The accepted/rejected/recovery fragments certify direct grammar and typed access. Executable or compile-time behavior is separately owned by the named cells; the certification semantic outcome alone is not a value oracle.
phase-2i	regular-table	executable		rule:R31;schema:Q04;schema:Q12;schema:Q13;catalog:C33	executable-table-constructor	canonical Table schema and constructor owner		not-a-control-qualification-row	rule:R01	"""|a<u8>|\n|1|"""	""")|a<u8>|\n|1|"""	"""|a<u8>|"""	executable			The accepted/rejected/recovery fragments certify direct grammar and typed access. Executable or compile-time behavior is separately owned by the named cells; the certification semantic outcome alone is not a value oracle.
phase-2i	set	executable		catalog:C23;schema:Q23;schema:Q11	executable-set-constructor	canonical Set keyability and cardinality owner		not-a-control-qualification-row	rule:R01	"""{1,2}"""	"""]{1,2}"""	"""{1"""	executable			The accepted/rejected/recovery fragments certify direct grammar and typed access. Executable or compile-time behavior is separately owned by the named cells; the certification semantic outcome alone is not a value oracle.
phase-2i	set-comprehension	executable		rule:R07;rule:R08;rule:R09;rule:R10;catalog:C22;schema:Q23	executable-comprehension	canonical control graph and Set keyability/storage	G06;G07;G08;G18	not-a-control-qualification-row	rule:R01	"""{x | x <- xs}"""	"""}{x | x <- xs}"""	"""{x | x <-"""	executable			The accepted/rejected/recovery fragments certify direct grammar and typed access. Executable or compile-time behavior is separately owned by the named cells; the certification semantic outcome alone is not a value oracle.
phase-2i	slice	executable		rule:R31;schema:Q09;schema:Q10;schema:Q14;rule:R04	executable-selection	canonical projection and resident selection ownership	G17;G24	not-a-control-qualification-row	rule:R01	"""x[1]"""	""")x[1]"""	"""x[1"""	executable			The accepted/rejected/recovery fragments certify direct grammar and typed access. Executable or compile-time behavior is separately owned by the named cells; the certification semantic outcome alone is not a value oracle.
phase-2i	structure	executable		rule:R31;schema:Q04;schema:Q07	structural-constructor-dispatch	selected canonical composite schema/constructor owner		not-a-control-qualification-row	rule:R01	"""[1]"""	"""][1]"""	"""(1"""	executable			The accepted/rejected/recovery fragments certify direct grammar and typed access. This helper has no independent evaluator; listed parent cells own its value/error behavior.
phase-2i	subscript	structural		rule:R31;schema:Q09;schema:Q10;schema:Q14;catalog:C15	structural-selector	canonical selection lowering and resident selection contracts	G17	not-a-control-qualification-row	rule:R01	"""[1].field"""	"""}[1].field"""	"""[1"""	structural			The accepted/rejected/recovery fragments certify direct grammar and typed access. This helper has no independent evaluator; listed parent cells own its value/error behavior.
phase-2i	table	executable		rule:R31;schema:Q04;schema:Q12;schema:Q13;catalog:C33	executable-table-constructor	canonical Table schema and constructor owner		not-a-control-qualification-row	rule:R01	"""|a<u8>|1|"""	""")|a<u8>|1|"""	"""|a<u8>|"""	executable			The accepted/rejected/recovery fragments certify direct grammar and typed access. Executable or compile-time behavior is separately owned by the named cells; the certification semantic outcome alone is not a value oracle.
phase-2i	table-header	structural		rule:R31;schema:Q04;schema:Q12	structural-table-syntax	canonical Table schema and constructor owner		not-a-control-qualification-row	rule:R01	"""a<u8>|"""	"""]a<u8>|"""	"""a<u8>"""	structural			The accepted/rejected/recovery fragments certify direct grammar and typed access. This helper has no independent evaluator; listed parent cells own its value/error behavior.
phase-2i	table-row	structural		rule:R31;schema:Q04;schema:Q12	structural-table-syntax	canonical Table schema and constructor owner		not-a-control-qualification-row	rule:R01	"""|1 2|"""	"""}|1 2|"""	"""|1"""	structural			The accepted/rejected/recovery fragments certify direct grammar and typed access. This helper has no independent evaluator; listed parent cells own its value/error behavior.
phase-2i	table-row2	structural		rule:R31;schema:Q04;schema:Q12	structural-table-syntax	canonical Table schema and constructor owner		not-a-control-qualification-row	rule:R01	"""|1|2|"""	""")|1|2|"""	"""|1"""	structural			The accepted/rejected/recovery fragments certify direct grammar and typed access. This helper has no independent evaluator; listed parent cells own its value/error behavior.
phase-2i	tuple	executable		rule:R31;schema:Q04;schema:Q07	executable-tuple-constructor	canonical positional Tuple schema owner		not-a-control-qualification-row	rule:R01	"""(1,2)"""	"""](1,2)"""	"""(1"""	executable			The accepted/rejected/recovery fragments certify direct grammar and typed access. Executable or compile-time behavior is separately owned by the named cells; the certification semantic outcome alone is not a value oracle.
phase-2i	tuple-struct	executable		schema:Q21;schema:Q27;rule:R11	executable-nominal-constructor	canonical nominal Atom/Enum schema and payload owner	G09;G11	not-a-control-qualification-row	rule:R01	""":some(1)"""	"""}:some(1)"""	""":some(1"""	executable			The accepted/rejected/recovery fragments certify direct grammar and typed access. Executable or compile-time behavior is separately owned by the named cells; the certification semantic outcome alone is not a value oracle.
phase-2i	var	executable		compiler:F11;compiler:F12;compiler:F14;compiler:P05;compiler:P06;rule:R30	executable-variable-or-resource-read	canonical lexical/input environment and configured resource planner		not-a-control-qualification-row	rule:R01	"""@ctx/path"""	""")@ctx/path"""	"""x<u8"""	executable			The accepted/rejected/recovery fragments certify direct grammar and typed access. Executable or compile-time behavior is separately owned by the named cells; the certification semantic outcome alone is not a value oracle.
phase-2i	variable-define	executable		compiler:F02;compiler:F20;compiler:P23;compiler:P25;rule:R14	executable-definition/state-initialization	canonical definition schema and resident activation dependency owner	G04	not-a-control-qualification-row	rule:R01	"""~state<u8> := 1"""	"""]~state<u8> := 1"""	"""x :="""	executable			The accepted/rejected/recovery fragments certify direct grammar and typed access. Executable or compile-time behavior is separately owned by the named cells; the certification semantic outcome alone is not a value oracle.
s7	abstract-el	document-dependency		rule:R22	presentation-block	canonical retained document renderer		not-a-control-qualification-row	rule:R02	"""%%x\n"""	no-per-rule-rejection-case-in-S7-table	no-per-rule-recovery-case-in-S7-table	syntax-only			Typed document dependency has presentation/ownership behavior, not a standalone ProgramCompiler numeric evaluator. Named renderer/result tests and consumer boundaries provide its oracle.
s7	activation-arm	document-dependency	ACT05;ACT06;ACT07;ACT08;ACT09	control:ACT05;control:ACT06;control:ACT07;control:ACT08;control:ACT09	control-structure	canonical activation edge/arm/lifecycle owner	G15	blocked	rule:R02	"""|42=>{}"""	no-per-rule-rejection-case-in-S7-table	no-per-rule-recovery-case-in-S7-table	syntax-only			S7 direct sample proves syntax only and may be semantically incomplete. Listed whole-document/runtime cells own legal execution and rejection; no empty/undeclared sample certifies runtime success.
s7	activation-scope	document-dependency	ACT01;ACT02;ACT03;ACT04;ACT09;ACT10	control:ACT01;control:ACT02;control:ACT03;control:ACT04;control:ACT09;control:ACT10	control-structure	canonical activation edge/arm/lifecycle owner	G15	blocked	rule:R02	"""~>1 + 2{}"""	no-per-rule-rejection-case-in-S7-table	no-per-rule-recovery-case-in-S7-table	syntax-only			S7 direct sample proves syntax only and may be semantically incomplete. Listed whole-document/runtime cells own legal execution and rejection; no empty/undeclared sample certifies runtime success.
s7	alignment-separator	document-dependency		rule:R24	presentation-table/structural-alignment	canonical retained document renderer; no engine Table value		not-a-control-qualification-row	rule:R02	"""-"""	no-per-rule-rejection-case-in-S7-table	no-per-rule-recovery-case-in-S7-table	syntax-only			Typed document dependency has presentation/ownership behavior, not a standalone ProgramCompiler numeric evaluator. Named renderer/result tests and consumer boundaries provide its oracle.
s7	body	document-dependency		rule:R19;rule:R18	presentation-document-structure	canonical document scope collector and retained renderer		not-a-control-qualification-row	rule:R02	""""""	no-per-rule-rejection-case-in-S7-table	no-per-rule-recovery-case-in-S7-table	syntax-only			Typed document dependency has presentation/ownership behavior, not a standalone ProgramCompiler numeric evaluator. Named renderer/result tests and consumer boundaries provide its oracle.
s7	cd-rpl	historical-command		rule:R03	excluded-document-command;runtime-request-owned	runtime typed REPL command registry and request parser		not-a-control-qualification-row	rule:R03	not-an-active-certified-document-entry	not-an-active-certified-document-entry	not-an-active-certified-document-entry	not-an-active-certified-document-entry	"{""source"":"":cd path"",""expected"":""Cd(path)""}"	"{""source"":"":cd"",""expected"":""Usage: :cd <path>""}"	Historical grammar is absent from the canonical document closure. Exact current runtime request pair below is authoritative; the old command name does not imply its old spelling remains supported.
s7	center-alignment	document-dependency		rule:R24	presentation-table/structural-alignment	canonical retained document renderer; no engine Table value		not-a-control-qualification-row	rule:R02	""":-:"""	no-per-rule-rejection-case-in-S7-table	no-per-rule-recovery-case-in-S7-table	syntax-only			Typed document dependency has presentation/ownership behavior, not a standalone ProgramCompiler numeric evaluator. Named renderer/result tests and consumer boundaries provide its oracle.
s7	check-list	document-dependency		rule:R23	presentation-list/structural-item	canonical retained list renderer		not-a-control-qualification-row	rule:R02	"""-[]x\n"""	no-per-rule-rejection-case-in-S7-table	no-per-rule-recovery-case-in-S7-table	syntax-only			Typed document dependency has presentation/ownership behavior, not a standalone ProgramCompiler numeric evaluator. Named renderer/result tests and consumer boundaries provide its oracle.
s7	check-list-item	document-dependency		rule:R23	presentation-list/structural-item	canonical retained list renderer		not-a-control-qualification-row	rule:R02	"""-[]x\n"""	no-per-rule-rejection-case-in-S7-table	no-per-rule-recovery-case-in-S7-table	syntax-only			Typed document dependency has presentation/ownership behavior, not a standalone ProgramCompiler numeric evaluator. Named renderer/result tests and consumer boundaries provide its oracle.
s7	checked-item	document-dependency		rule:R23	presentation-list/structural-item	canonical retained list renderer		not-a-control-qualification-row	rule:R02	"""-[x]x\nx\n"""	no-per-rule-rejection-case-in-S7-table	no-per-rule-recovery-case-in-S7-table	syntax-only			Typed document dependency has presentation/ownership behavior, not a standalone ProgramCompiler numeric evaluator. Named renderer/result tests and consumer boundaries provide its oracle.
s7	citation	document-dependency		rule:R26	presentation-reference	canonical retained references/backmatter renderer		not-a-control-qualification-row	rule:R02	"""[a]:x"""	no-per-rule-rejection-case-in-S7-table	no-per-rule-recovery-case-in-S7-table	syntax-only			Typed document dependency has presentation/ownership behavior, not a standalone ProgramCompiler numeric evaluator. Named renderer/result tests and consumer boundaries provide its oracle.
s7	clc-rpl	historical-command		rule:R03	excluded-document-command;runtime-request-owned	runtime typed REPL command registry and request parser		not-a-control-qualification-row	rule:R03	not-an-active-certified-document-entry	not-an-active-certified-document-entry	not-an-active-certified-document-entry	not-an-active-certified-document-entry	"{""source"":"":clc"",""expected"":""Clc""}"	"{""source"":"":clc extra"",""expected"":""Usage: :clc""}"	Historical grammar is absent from the canonical document closure. Exact current runtime request pair below is authoritative; the old command name does not imply its old spelling remains supported.
s7	clear-rpl	historical-command		rule:R03	excluded-document-command;runtime-request-owned	runtime typed REPL command registry and request parser		not-a-control-qualification-row	rule:R03	not-an-active-certified-document-entry	not-an-active-certified-document-entry	not-an-active-certified-document-entry	not-an-active-certified-document-entry	"{""source"":"":clear x"",""expected"":""Clear([x])""}"	"{""source"":"":clear \""unterminated"",""expected"":""Unclosed double quote in command arguments.""}"	Historical grammar is absent from the canonical document closure. Exact current runtime request pair below is authoritative; the old command name does not imply its old spelling remains supported.
s7	code-block	document-dependency		rule:R29;rule:R18	executable-or-inert-fence	canonical scope collector and retained fence renderer		not-a-control-qualification-row	rule:R02	"""```\n```"""	no-per-rule-rejection-case-in-S7-table	no-per-rule-recovery-case-in-S7-table	syntax-only			S7 direct sample proves syntax only and may be semantically incomplete. Listed whole-document/runtime cells own legal execution and rejection; no empty/undeclared sample certifies runtime success.
s7	code-rpl	historical-command		rule:R03	excluded-document-command;runtime-request-owned	runtime typed REPL command registry and request parser		not-a-control-qualification-row	rule:R03	not-an-active-certified-document-entry	not-an-active-certified-document-entry	not-an-active-certified-document-entry	not-an-active-certified-document-entry	"{""source"":"":code 1 + 1"",""expected"":""Code(1 + 1)""}"	"{""source"":"":code"",""expected"":""Usage: :code <source>""}"	Historical grammar is absent from the canonical document closure. Exact current runtime request pair below is authoritative; the old command name does not imply its old spelling remains supported.
s7	code-terminal	document-dependency		rule:R29;compiler:F03	structural-code-boundary	canonical syntax boundary; enclosing document scope owns code execution		not-a-control-qualification-row	rule:R02	""""""	no-per-rule-rejection-case-in-S7-table	no-per-rule-recovery-case-in-S7-table	syntax-only			S7 direct sample proves syntax only and may be semantically incomplete. Listed whole-document/runtime cells own legal execution and rejection; no empty/undeclared sample certifies runtime success.
s7	context-send	document-dependency		rule:R30;compiler:P04;compiler:P08;compiler:P29	executable-resource-send	canonical resource planning and resident host effect owner		not-a-control-qualification-row	rule:R02	"""x<u8><-1 + 2"""	no-per-rule-rejection-case-in-S7-table	no-per-rule-recovery-case-in-S7-table	syntax-only			S7 direct sample proves syntax only and may be semantically incomplete. Listed whole-document/runtime cells own legal execution and rejection; no empty/undeclared sample certifies runtime success.
s7	docs-rpl	historical-command		rule:R03	excluded-document-command;runtime-request-owned	runtime typed REPL command registry and request parser		not-a-control-qualification-row	rule:R03	not-an-active-certified-document-entry	not-an-active-certified-document-entry	not-an-active-certified-document-entry	not-an-active-certified-document-entry	"{""source"":"":docs syntax"",""expected"":""Docs(Some(syntax))""}"	"{""source"":"":docs \""unterminated"",""expected"":""Unclosed double quote in command arguments.""}"	Historical grammar is absent from the canonical document closure. Exact current runtime request pair below is authoritative; the old command name does not imply its old spelling remains supported.
s7	emphasis	document-dependency		rule:R21	presentation-inline	canonical retained inline renderer		not-a-control-qualification-row	rule:R02	"""*x*"""	no-per-rule-rejection-case-in-S7-table	no-per-rule-recovery-case-in-S7-table	syntax-only			Typed document dependency has presentation/ownership behavior, not a standalone ProgramCompiler numeric evaluator. Named renderer/result tests and consumer boundaries provide its oracle.
s7	empty-paragraph	document-dependency		rule:R19;rule:R18	presentation-document-structure	canonical document scope collector and retained renderer		not-a-control-qualification-row	rule:R02	""""""	no-per-rule-rejection-case-in-S7-table	no-per-rule-recovery-case-in-S7-table	syntax-only			Typed document dependency has presentation/ownership behavior, not a standalone ProgramCompiler numeric evaluator. Named renderer/result tests and consumer boundaries provide its oracle.
s7	enum-define	document-dependency		schema:Q27;rule:R11	compile-time-enum-declaration	canonical nominal type environment and pattern payload owner	G09;G11	not-a-control-qualification-row	rule:R02	"""<x>:=x"""	no-per-rule-rejection-case-in-S7-table	no-per-rule-recovery-case-in-S7-table	syntax-only			S7 direct sample proves syntax only and may be semantically incomplete. Listed whole-document/runtime cells own legal execution and rejection; no empty/undeclared sample certifies runtime success.
s7	enum-variant	document-dependency		schema:Q27;rule:R11	compile-time-enum-declaration	canonical nominal type environment and pattern payload owner	G09;G11	not-a-control-qualification-row	rule:R02	"""x"""	no-per-rule-rejection-case-in-S7-table	no-per-rule-recovery-case-in-S7-table	syntax-only			S7 direct sample proves syntax only and may be semantically incomplete. Listed whole-document/runtime cells own legal execution and rejection; no empty/undeclared sample certifies runtime success.
s7	enum-variant-inline-kind	document-dependency		schema:Q27;rule:R11	compile-time-enum-declaration	canonical nominal type environment and pattern payload owner	G09;G11	not-a-control-qualification-row	rule:R02	"""<u8>"""	no-per-rule-rejection-case-in-S7-table	no-per-rule-recovery-case-in-S7-table	syntax-only			S7 direct sample proves syntax only and may be semantically incomplete. Listed whole-document/runtime cells own legal execution and rejection; no empty/undeclared sample certifies runtime success.
s7	enum-variant-kind	document-dependency		schema:Q27;rule:R11	compile-time-enum-declaration	canonical nominal type environment and pattern payload owner	G09;G11	not-a-control-qualification-row	rule:R02	"""(<u8>)"""	no-per-rule-rejection-case-in-S7-table	no-per-rule-recovery-case-in-S7-table	syntax-only			S7 direct sample proves syntax only and may be semantically incomplete. Listed whole-document/runtime cells own legal execution and rejection; no empty/undeclared sample certifies runtime success.
s7	error-block	document-dependency		rule:R22	presentation-block	canonical retained document renderer		not-a-control-qualification-row	rule:R02	"""(x)>x\n"""	no-per-rule-rejection-case-in-S7-table	no-per-rule-recovery-case-in-S7-table	syntax-only			Typed document dependency has presentation/ownership behavior, not a standalone ProgramCompiler numeric evaluator. Named renderer/result tests and consumer boundaries provide its oracle.
s7	eval-inline-mech-code	document-dependency		rule:R18;rule:R20;compiler:F04	executable-inline-expression	canonical source-ordered presentation slot and scope owner		not-a-control-qualification-row	rule:R02	"""{1 + 2}"""	no-per-rule-rejection-case-in-S7-table	no-per-rule-recovery-case-in-S7-table	syntax-only			S7 direct sample proves syntax only and may be semantically incomplete. Listed whole-document/runtime cells own legal execution and rejection; no empty/undeclared sample certifies runtime success.
s7	figure-item	document-dependency		rule:R25;rule:R29	presentation-image/option-syntax	canonical retained renderer with explicit option whitelist		not-a-control-qualification-row	rule:R02	"""![](x)"""	no-per-rule-rejection-case-in-S7-table	no-per-rule-recovery-case-in-S7-table	syntax-only			Typed document dependency has presentation/ownership behavior, not a standalone ProgramCompiler numeric evaluator. Named renderer/result tests and consumer boundaries provide its oracle.
s7	figures	document-dependency		rule:R25;rule:R29	presentation-image/option-syntax	canonical retained renderer with explicit option whitelist		not-a-control-qualification-row	rule:R02	"""|![](x)|"""	no-per-rule-rejection-case-in-S7-table	no-per-rule-recovery-case-in-S7-table	syntax-only			Typed document dependency has presentation/ownership behavior, not a standalone ProgramCompiler numeric evaluator. Named renderer/result tests and consumer boundaries provide its oracle.
s7	figures-row	document-dependency		rule:R25;rule:R29	presentation-image/option-syntax	canonical retained renderer with explicit option whitelist		not-a-control-qualification-row	rule:R02	"""|![](x)|"""	no-per-rule-rejection-case-in-S7-table	no-per-rule-recovery-case-in-S7-table	syntax-only			Typed document dependency has presentation/ownership behavior, not a standalone ProgramCompiler numeric evaluator. Named renderer/result tests and consumer boundaries provide its oracle.
s7	float	document-dependency		rule:R27	presentation-float	canonical retained float renderer		not-a-control-qualification-row	rule:R02	""":>>x"""	no-per-rule-rejection-case-in-S7-table	no-per-rule-recovery-case-in-S7-table	syntax-only			Typed document dependency has presentation/ownership behavior, not a standalone ProgramCompiler numeric evaluator. Named renderer/result tests and consumer boundaries provide its oracle.
s7	float-sigil	document-dependency		rule:R27	presentation-float	canonical retained float renderer		not-a-control-qualification-row	rule:R02	""":>>"""	no-per-rule-rejection-case-in-S7-table	no-per-rule-recovery-case-in-S7-table	syntax-only			Typed document dependency has presentation/ownership behavior, not a standalone ProgramCompiler numeric evaluator. Named renderer/result tests and consumer boundaries provide its oracle.
s7	footnote	document-dependency		rule:R26	presentation-reference	canonical retained references/backmatter renderer		not-a-control-qualification-row	rule:R02	"""[^x]:x\n"""	no-per-rule-rejection-case-in-S7-table	no-per-rule-recovery-case-in-S7-table	syntax-only			Typed document dependency has presentation/ownership behavior, not a standalone ProgramCompiler numeric evaluator. Named renderer/result tests and consumer boundaries provide its oracle.
s7	fsm	document-dependency	FSM01	control:FSM01	control-structure	canonical FSM declaration/continuation owner	G14	blocked	rule:R02	"""#x"""	no-per-rule-rejection-case-in-S7-table	no-per-rule-recovery-case-in-S7-table	syntax-only			S7 direct sample proves syntax only and may be semantically incomplete. Listed whole-document/runtime cells own legal execution and rejection; no empty/undeclared sample certifies runtime success.
s7	fsm-arm	document-dependency	FSM02;FSM03	control:FSM02;control:FSM03	control-structure	canonical FSM declaration/continuation owner	G14	blocked	rule:R02	"""42 |42 ->+> x"""	no-per-rule-rejection-case-in-S7-table	no-per-rule-recovery-case-in-S7-table	syntax-only			S7 direct sample proves syntax only and may be semantically incomplete. Listed whole-document/runtime cells own legal execution and rejection; no empty/undeclared sample certifies runtime success.
s7	fsm-block-transition	document-dependency	FSM03;FSM06;FSM13	control:FSM03;control:FSM06;control:FSM13	control-structure	canonical FSM declaration/continuation owner	G14	blocked	rule:R02	"""->{}"""	no-per-rule-rejection-case-in-S7-table	no-per-rule-recovery-case-in-S7-table	syntax-only			S7 direct sample proves syntax only and may be semantically incomplete. Listed whole-document/runtime cells own legal execution and rejection; no empty/undeclared sample certifies runtime success.
s7	fsm-comment-arm	document-dependency	FSM02	control:FSM02	control-structure	canonical FSM declaration/continuation owner	G14	blocked	rule:R02	"""--"""	no-per-rule-rejection-case-in-S7-table	no-per-rule-recovery-case-in-S7-table	syntax-only			S7 direct sample proves syntax only and may be semantically incomplete. Listed whole-document/runtime cells own legal execution and rejection; no empty/undeclared sample certifies runtime success.
s7	fsm-declare	document-dependency	FSM01;FSM08	control:FSM01;control:FSM08	control-structure	canonical FSM declaration/continuation owner	G14	blocked	rule:R02	"""#x:=#machine -> :next => :value"""	no-per-rule-rejection-case-in-S7-table	no-per-rule-recovery-case-in-S7-table	syntax-only			S7 direct sample proves syntax only and may be semantically incomplete. Listed whole-document/runtime cells own legal execution and rejection; no empty/undeclared sample certifies runtime success.
s7	fsm-guard	document-dependency	FSM02;FSM03	control:FSM02;control:FSM03	control-structure	canonical FSM declaration/continuation owner	G14	blocked	rule:R02	"""|42 ->+> x"""	no-per-rule-rejection-case-in-S7-table	no-per-rule-recovery-case-in-S7-table	syntax-only			S7 direct sample proves syntax only and may be semantically incomplete. Listed whole-document/runtime cells own legal execution and rejection; no empty/undeclared sample certifies runtime success.
s7	fsm-guard-arm	document-dependency	FSM02;FSM03	control:FSM02;control:FSM03	control-structure	canonical FSM declaration/continuation owner	G14	blocked	rule:R02	"""42|42 ->+> x"""	no-per-rule-rejection-case-in-S7-table	no-per-rule-recovery-case-in-S7-table	syntax-only			S7 direct sample proves syntax only and may be semantically incomplete. Listed whole-document/runtime cells own legal execution and rejection; no empty/undeclared sample certifies runtime success.
s7	fsm-implementation	document-dependency	FSM01;FSM02;FSM03;FSM04;FSM05;FSM06;FSM07;FSM08;FSM09;FSM10;FSM11;FSM12;FSM13	control:FSM01;control:FSM02;control:FSM03;control:FSM04;control:FSM05;control:FSM06;control:FSM07;control:FSM08;control:FSM09;control:FSM10;control:FSM11;control:FSM12;control:FSM13	control-structure	canonical FSM declaration/continuation owner	G14	blocked	rule:R02	"""#machine(x) -> :start\n:start |42 ->+> x\n."""	no-per-rule-rejection-case-in-S7-table	no-per-rule-recovery-case-in-S7-table	syntax-only			S7 direct sample proves syntax only and may be semantically incomplete. Listed whole-document/runtime cells own legal execution and rejection; no empty/undeclared sample certifies runtime success.
s7	fsm-specification	document-dependency	FSM01;FSM02	control:FSM01;control:FSM02	control-structure	canonical FSM declaration/continuation owner	G14	blocked	rule:R02	"""#x()|:state."""	no-per-rule-rejection-case-in-S7-table	no-per-rule-recovery-case-in-S7-table	syntax-only			S7 direct sample proves syntax only and may be semantically incomplete. Listed whole-document/runtime cells own legal execution and rejection; no empty/undeclared sample certifies runtime success.
s7	fsm-state-definition	document-dependency	FSM01;FSM02	control:FSM01;control:FSM02	control-structure	canonical FSM declaration/continuation owner	G14	blocked	rule:R02	"""|:state"""	no-per-rule-rejection-case-in-S7-table	no-per-rule-recovery-case-in-S7-table	syntax-only			S7 direct sample proves syntax only and may be semantically incomplete. Listed whole-document/runtime cells own legal execution and rejection; no empty/undeclared sample certifies runtime success.
s7	fsm-state-definition-variables	document-dependency	FSM01;FSM09	control:FSM01;control:FSM09	control-structure	canonical FSM declaration/continuation owner	G14	blocked	rule:R02	"""(x<u8>)"""	no-per-rule-rejection-case-in-S7-table	no-per-rule-recovery-case-in-S7-table	syntax-only			S7 direct sample proves syntax only and may be semantically incomplete. Listed whole-document/runtime cells own legal execution and rejection; no empty/undeclared sample certifies runtime success.
s7	fsm-statement-transition	document-dependency	FSM03;FSM06	control:FSM03;control:FSM06	control-structure	canonical FSM declaration/continuation owner	G14	blocked	rule:R02	"""->+> x"""	no-per-rule-rejection-case-in-S7-table	no-per-rule-recovery-case-in-S7-table	syntax-only			S7 direct sample proves syntax only and may be semantically incomplete. Listed whole-document/runtime cells own legal execution and rejection; no empty/undeclared sample certifies runtime success.
s7	fsm-transition	document-dependency	FSM01;FSM02;FSM03	control:FSM01;control:FSM02;control:FSM03	control-structure	canonical FSM declaration/continuation owner	G14	blocked	rule:R02	"""42 ->{}"""	no-per-rule-rejection-case-in-S7-table	no-per-rule-recovery-case-in-S7-table	syntax-only			S7 direct sample proves syntax only and may be semantically incomplete. Listed whole-document/runtime cells own legal execution and rejection; no empty/undeclared sample certifies runtime success.
s7	function-arg	document-dependency	FUN02;FUN03	rule:R17;control:FUN02;control:FUN03	control-function-definition	canonical user-function environment/body/call execution owner	G19	blocked	rule:R02	"""x<u8>"""	no-per-rule-rejection-case-in-S7-table	no-per-rule-recovery-case-in-S7-table	syntax-only			S7 direct sample proves syntax only and may be semantically incomplete. Listed whole-document/runtime cells own legal execution and rejection; no empty/undeclared sample certifies runtime success.
s7	function-define	document-dependency	FUN01;FUN02;FUN03;FUN04;FUN05;FUN06;FUN07;FUN08;FUN09;FUN10	rule:R17;control:FUN01;control:FUN02;control:FUN03;control:FUN04;control:FUN05;control:FUN06;control:FUN07;control:FUN08;control:FUN09;control:FUN10	control-function-definition	canonical user-function environment/body/call execution owner	G19;G20	blocked	rule:R02	"""x()=><u8> |1 + 2"""	no-per-rule-rejection-case-in-S7-table	no-per-rule-recovery-case-in-S7-table	syntax-only			S7 direct sample proves syntax only and may be semantically incomplete. Listed whole-document/runtime cells own legal execution and rejection; no empty/undeclared sample certifies runtime success.
s7	function-define-match-arms	document-dependency	FUN01;FUN03;FUN06;FUN07;FUN08	rule:R17;control:FUN01;control:FUN03;control:FUN06;control:FUN07;control:FUN08	control-function-definition	canonical user-function environment/body/call execution owner	G19;G20	blocked	rule:R02	"""=><u8> |1 + 2"""	no-per-rule-rejection-case-in-S7-table	no-per-rule-recovery-case-in-S7-table	syntax-only			S7 direct sample proves syntax only and may be semantically incomplete. Listed whole-document/runtime cells own legal execution and rejection; no empty/undeclared sample certifies runtime success.
s7	function-define-statements	document-dependency	FUN02;FUN04;FUN07;FUN09;FUN10	rule:R17;control:FUN02;control:FUN04;control:FUN07;control:FUN09;control:FUN10	control-function-definition	canonical user-function environment/body/call execution owner	G19;G20	blocked	rule:R02	"""=out<u8>:=value:=1."""	no-per-rule-rejection-case-in-S7-table	no-per-rule-recovery-case-in-S7-table	syntax-only			S7 direct sample proves syntax only and may be semantically incomplete. Listed whole-document/runtime cells own legal execution and rejection; no empty/undeclared sample certifies runtime success.
s7	function-match-arm	document-dependency	FUN01;FUN03;FUN06	rule:R17;control:FUN01;control:FUN03;control:FUN06	control-function-definition	canonical user-function environment/body/call execution owner	G19;G20	blocked	rule:R02	"""|1 + 2"""	no-per-rule-rejection-case-in-S7-table	no-per-rule-recovery-case-in-S7-table	syntax-only			S7 direct sample proves syntax only and may be semantically incomplete. Listed whole-document/runtime cells own legal execution and rejection; no empty/undeclared sample certifies runtime success.
s7	function-out-arg	document-dependency	FUN02;FUN10	rule:R17;control:FUN02;control:FUN10	control-function-definition	canonical user-function environment/body/call execution owner	G19;G20	blocked	rule:R02	"""x<u8>"""	no-per-rule-rejection-case-in-S7-table	no-per-rule-recovery-case-in-S7-table	syntax-only			S7 direct sample proves syntax only and may be semantically incomplete. Listed whole-document/runtime cells own legal execution and rejection; no empty/undeclared sample certifies runtime success.
s7	function-out-args	document-dependency	FUN02;FUN10	rule:R17;control:FUN02;control:FUN10	control-function-definition	canonical user-function environment/body/call execution owner	G19;G20	blocked	rule:R02	"""(x<u8>)"""	no-per-rule-rejection-case-in-S7-table	no-per-rule-recovery-case-in-S7-table	syntax-only			S7 direct sample proves syntax only and may be semantically incomplete. Listed whole-document/runtime cells own legal execution and rejection; no empty/undeclared sample certifies runtime success.
s7	help-rpl	historical-command		rule:R03	excluded-document-command;runtime-request-owned	runtime typed REPL command registry and request parser		not-a-control-qualification-row	rule:R03	not-an-active-certified-document-entry	not-an-active-certified-document-entry	not-an-active-certified-document-entry	not-an-active-certified-document-entry	"{""source"":"":help"",""expected"":""Help""}"	"{""source"":"":help extra"",""expected"":""Usage: :help""}"	Historical grammar is absent from the canonical document closure. Exact current runtime request pair below is authoritative; the old command name does not imply its old spelling remains supported.
s7	highlight	document-dependency		rule:R32	presentation-inline	canonical retained inline renderer		not-a-control-qualification-row	rule:R02	"""!!x!!"""	no-per-rule-rejection-case-in-S7-table	no-per-rule-recovery-case-in-S7-table	syntax-only			Typed document dependency has presentation/ownership behavior, not a standalone ProgramCompiler numeric evaluator. Named renderer/result tests and consumer boundaries provide its oracle.
s7	hyperlink	document-dependency		rule:R21	presentation-inline	canonical retained inline renderer		not-a-control-qualification-row	rule:R02	"""[x](x)"""	no-per-rule-rejection-case-in-S7-table	no-per-rule-recovery-case-in-S7-table	syntax-only			Typed document dependency has presentation/ownership behavior, not a standalone ProgramCompiler numeric evaluator. Named renderer/result tests and consumer boundaries provide its oracle.
s7	idea-block	document-dependency		rule:R22	presentation-block	canonical retained document renderer		not-a-control-qualification-row	rule:R02	"""(*)>x\n"""	no-per-rule-rejection-case-in-S7-table	no-per-rule-recovery-case-in-S7-table	syntax-only			Typed document dependency has presentation/ownership behavior, not a standalone ProgramCompiler numeric evaluator. Named renderer/result tests and consumer boundaries provide its oracle.
s7	img	document-dependency		rule:R25;rule:R29	presentation-image/option-syntax	canonical retained renderer with explicit option whitelist		not-a-control-qualification-row	rule:R02	"""![](x)"""	no-per-rule-rejection-case-in-S7-table	no-per-rule-recovery-case-in-S7-table	syntax-only			Typed document dependency has presentation/ownership behavior, not a standalone ProgramCompiler numeric evaluator. Named renderer/result tests and consumer boundaries provide its oracle.
s7	info-block	document-dependency		rule:R22	presentation-block	canonical retained document renderer		not-a-control-qualification-row	rule:R02	"""(i)>x\n"""	no-per-rule-rejection-case-in-S7-table	no-per-rule-recovery-case-in-S7-table	syntax-only			Typed document dependency has presentation/ownership behavior, not a standalone ProgramCompiler numeric evaluator. Named renderer/result tests and consumer boundaries provide its oracle.
s7	inline-mech-code	document-dependency		rule:R21	presentation-inline	canonical retained inline renderer		not-a-control-qualification-row	rule:R02	"""{{1}}"""	no-per-rule-rejection-case-in-S7-table	no-per-rule-recovery-case-in-S7-table	syntax-only			Typed document dependency has presentation/ownership behavior, not a standalone ProgramCompiler numeric evaluator. Named renderer/result tests and consumer boundaries provide its oracle.
s7	inline-paragraph	document-dependency		rule:R19;rule:R18	presentation-document-structure	canonical document scope collector and retained renderer		not-a-control-qualification-row	rule:R02	"""x"""	no-per-rule-rejection-case-in-S7-table	no-per-rule-recovery-case-in-S7-table	syntax-only			Typed document dependency has presentation/ownership behavior, not a standalone ProgramCompiler numeric evaluator. Named renderer/result tests and consumer boundaries provide its oracle.
s7	invariant-define	document-dependency		rule:R30;compiler:P11;compiler:P12;compiler:F20	executable-integrity-constraint	canonical invariant schema/value anchors and resident integrity owner		not-a-control-qualification-row	rule:R02	"""x!:=1 + 2"""	no-per-rule-rejection-case-in-S7-table	no-per-rule-recovery-case-in-S7-table	syntax-only			S7 direct sample proves syntax only and may be semantically incomplete. Listed whole-document/runtime cells own legal execution and rejection; no empty/undeclared sample certifies runtime success.
s7	kind-define	document-dependency		rule:R12	compile-time-alias-declaration	canonical type environment	G10	not-a-control-qualification-row	rule:R02	"""<x>:=<u8>"""	no-per-rule-rejection-case-in-S7-table	no-per-rule-recovery-case-in-S7-table	syntax-only			S7 direct sample proves syntax only and may be semantically incomplete. Listed whole-document/runtime cells own legal execution and rejection; no empty/undeclared sample certifies runtime success.
s7	left-alignment	document-dependency		rule:R24	presentation-table/structural-alignment	canonical retained document renderer; no engine Table value		not-a-control-qualification-row	rule:R02	""":-"""	no-per-rule-rejection-case-in-S7-table	no-per-rule-recovery-case-in-S7-table	syntax-only			Typed document dependency has presentation/ownership behavior, not a standalone ProgramCompiler numeric evaluator. Named renderer/result tests and consumer boundaries provide its oracle.
s7	load-rpl	historical-command		rule:R03	excluded-document-command;runtime-request-owned	runtime typed REPL command registry and request parser		not-a-control-qualification-row	rule:R03	not-an-active-certified-document-entry	not-an-active-certified-document-entry	not-an-active-certified-document-entry	not-an-active-certified-document-entry	"{""source"":"":load file.mec"",""expected"":""Load([file.mec])""}"	"{""source"":"":load"",""expected"":""Usage: :load <paths...>""}"	Historical grammar is absent from the canonical document closure. Exact current runtime request pair below is authoritative; the old command name does not imply its old spelling remains supported.
s7	ls-rpl	historical-command		rule:R03	excluded-document-command;runtime-request-owned	runtime typed REPL command registry and request parser		not-a-control-qualification-row	rule:R03	not-an-active-certified-document-entry	not-an-active-certified-document-entry	not-an-active-certified-document-entry	not-an-active-certified-document-entry	"{""source"":"":ls path"",""expected"":""Ls(Some(path))""}"	"{""source"":"":ls a b"",""expected"":""Usage: :ls [path]""}"	Historical grammar is absent from the canonical document closure. Exact current runtime request pair below is authoritative; the old command name does not imply its old spelling remains supported.
s7	match-expression	outside-document-closure	FUN01;FUN06;ACT05	rule:R11;control:FUN01;control:FUN06;control:ACT05	excluded-direct-entry;reachable-match-semantics-delegated	direct historical grammar rule excluded; expression match semantics owned by canonical expression/control	G09;G15;G19	blocked	rule:R02 disposition inventory only	not-an-active-certified-document-entry	not-an-active-certified-document-entry	not-an-active-certified-document-entry	not-an-active-certified-document-entry			Only this direct grammar entry is excluded. Reachable language behavior remains required through the named canonical owners; this exclusion is not permission to remove match or Table capabilities.
s7	mech-code	document-dependency		compiler:F04;compiler:F09;compiler:F10;rule:R30;rule:R18	executable-unit-dispatch	canonical document collector; each reached statement keeps its own semantic owner		not-a-control-qualification-row	rule:R02	"""--"""	no-per-rule-rejection-case-in-S7-table	no-per-rule-recovery-case-in-S7-table	syntax-only			S7 direct sample proves syntax only and may be semantically incomplete. Listed whole-document/runtime cells own legal execution and rejection; no empty/undeclared sample certifies runtime success.
s7	mech-code-alt	document-dependency		compiler:F04;compiler:F09;compiler:F10;rule:R30;rule:R18	executable-unit-dispatch	canonical document collector; each reached statement keeps its own semantic owner		not-a-control-qualification-row	rule:R02	"""--"""	no-per-rule-rejection-case-in-S7-table	no-per-rule-recovery-case-in-S7-table	syntax-only			S7 direct sample proves syntax only and may be semantically incomplete. Listed whole-document/runtime cells own legal execution and rejection; no empty/undeclared sample certifies runtime success.
s7	mechdown-list	document-dependency		rule:R23	presentation-list/structural-item	canonical retained list renderer		not-a-control-qualification-row	rule:R02	"""- x\n"""	no-per-rule-rejection-case-in-S7-table	no-per-rule-recovery-case-in-S7-table	syntax-only			Typed document dependency has presentation/ownership behavior, not a standalone ProgramCompiler numeric evaluator. Named renderer/result tests and consumer boundaries provide its oracle.
s7	mechdown-table	document-dependency		rule:R24	presentation-table/structural-alignment	canonical retained document renderer; no engine Table value		not-a-control-qualification-row	rule:R02	"""| |"""	no-per-rule-rejection-case-in-S7-table	no-per-rule-recovery-case-in-S7-table	syntax-only			Typed document dependency has presentation/ownership behavior, not a standalone ProgramCompiler numeric evaluator. Named renderer/result tests and consumer boundaries provide its oracle.
s7	mechdown-table-header	document-dependency		rule:R24	presentation-table/structural-alignment	canonical retained document renderer; no engine Table value		not-a-control-qualification-row	rule:R02	"""|x||-|"""	no-per-rule-rejection-case-in-S7-table	no-per-rule-recovery-case-in-S7-table	syntax-only			Typed document dependency has presentation/ownership behavior, not a standalone ProgramCompiler numeric evaluator. Named renderer/result tests and consumer boundaries provide its oracle.
s7	mechdown-table-no-header	document-dependency		rule:R24	presentation-table/structural-alignment	canonical retained document renderer; no engine Table value		not-a-control-qualification-row	rule:R02	"""| |"""	no-per-rule-rejection-case-in-S7-table	no-per-rule-recovery-case-in-S7-table	syntax-only			Typed document dependency has presentation/ownership behavior, not a standalone ProgramCompiler numeric evaluator. Named renderer/result tests and consumer boundaries provide its oracle.
s7	mechdown-table-row	document-dependency		rule:R24	presentation-table/structural-alignment	canonical retained document renderer; no engine Table value		not-a-control-qualification-row	rule:R02	"""| |"""	no-per-rule-rejection-case-in-S7-table	no-per-rule-recovery-case-in-S7-table	syntax-only			Typed document dependency has presentation/ownership behavior, not a standalone ProgramCompiler numeric evaluator. Named renderer/result tests and consumer boundaries provide its oracle.
s7	mechdown-table-with-header	document-dependency		rule:R24	presentation-table/structural-alignment	canonical retained document renderer; no engine Table value		not-a-control-qualification-row	rule:R02	"""|x||-|| |"""	no-per-rule-rejection-case-in-S7-table	no-per-rule-recovery-case-in-S7-table	syntax-only			Typed document dependency has presentation/ownership behavior, not a standalone ProgramCompiler numeric evaluator. Named renderer/result tests and consumer boundaries provide its oracle.
s7	micro-mika	document-dependency		rule:R28;compiler:F07;compiler:F08	Mika-registry/structural-local-owner	canonical Mika registry, document namespace and renderer		not-a-control-qualification-row	rule:R02	"""╭◉╮"""	no-per-rule-rejection-case-in-S7-table	no-per-rule-recovery-case-in-S7-table	syntax-only			Typed document dependency has presentation/ownership behavior, not a standalone ProgramCompiler numeric evaluator. Named renderer/result tests and consumer boundaries provide its oracle.
s7	mika	document-dependency		rule:R28;compiler:F07;compiler:F08	Mika-registry/structural-local-owner	canonical Mika registry, document namespace and renderer		not-a-control-qualification-row	rule:R02	"""╭◉╮"""	no-per-rule-rejection-case-in-S7-table	no-per-rule-recovery-case-in-S7-table	syntax-only			Typed document dependency has presentation/ownership behavior, not a standalone ProgramCompiler numeric evaluator. Named renderer/result tests and consumer boundaries provide its oracle.
s7	mika-arm-left	document-dependency		rule:R28;compiler:F07;compiler:F08	Mika-registry/structural-local-owner	canonical Mika registry, document namespace and renderer		not-a-control-qualification-row	rule:R02	"""~"""	no-per-rule-rejection-case-in-S7-table	no-per-rule-recovery-case-in-S7-table	syntax-only			Typed document dependency has presentation/ownership behavior, not a standalone ProgramCompiler numeric evaluator. Named renderer/result tests and consumer boundaries provide its oracle.
s7	mika-arm-right	document-dependency		rule:R28;compiler:F07;compiler:F08	Mika-registry/structural-local-owner	canonical Mika registry, document namespace and renderer		not-a-control-qualification-row	rule:R02	"""~"""	no-per-rule-rejection-case-in-S7-table	no-per-rule-recovery-case-in-S7-table	syntax-only			Typed document dependency has presentation/ownership behavior, not a standalone ProgramCompiler numeric evaluator. Named renderer/result tests and consumer boundaries provide its oracle.
s7	mika-expression-inner	document-dependency		rule:R28;compiler:F07;compiler:F08	Mika-registry/structural-local-owner	canonical Mika registry, document namespace and renderer		not-a-control-qualification-row	rule:R02	"""¬◯¬"""	no-per-rule-rejection-case-in-S7-table	no-per-rule-recovery-case-in-S7-table	syntax-only			Typed document dependency has presentation/ownership behavior, not a standalone ProgramCompiler numeric evaluator. Named renderer/result tests and consumer boundaries provide its oracle.
s7	mika-eye-left	document-dependency		rule:R28;compiler:F07;compiler:F08	Mika-registry/structural-local-owner	canonical Mika registry, document namespace and renderer		not-a-control-qualification-row	rule:R02	"""¬"""	no-per-rule-rejection-case-in-S7-table	no-per-rule-recovery-case-in-S7-table	syntax-only			Typed document dependency has presentation/ownership behavior, not a standalone ProgramCompiler numeric evaluator. Named renderer/result tests and consumer boundaries provide its oracle.
s7	mika-eye-right	document-dependency		rule:R28;compiler:F07;compiler:F08	Mika-registry/structural-local-owner	canonical Mika registry, document namespace and renderer		not-a-control-qualification-row	rule:R02	"""¬"""	no-per-rule-rejection-case-in-S7-table	no-per-rule-recovery-case-in-S7-table	syntax-only			Typed document dependency has presentation/ownership behavior, not a standalone ProgramCompiler numeric evaluator. Named renderer/result tests and consumer boundaries provide its oracle.
s7	mika-nose	document-dependency		rule:R28;compiler:F07;compiler:F08	Mika-registry/structural-local-owner	canonical Mika registry, document namespace and renderer		not-a-control-qualification-row	rule:R02	"""◉"""	no-per-rule-rejection-case-in-S7-table	no-per-rule-recovery-case-in-S7-table	syntax-only			Typed document dependency has presentation/ownership behavior, not a standalone ProgramCompiler numeric evaluator. Named renderer/result tests and consumer boundaries provide its oracle.
s7	mika-section	document-dependency		rule:R28;compiler:F07;compiler:F08	Mika-registry/structural-local-owner	canonical Mika registry, document namespace and renderer		not-a-control-qualification-row	rule:R02	"""⸢⸥"""	no-per-rule-rejection-case-in-S7-table	no-per-rule-recovery-case-in-S7-table	syntax-only			Typed document dependency has presentation/ownership behavior, not a standalone ProgramCompiler numeric evaluator. Named renderer/result tests and consumer boundaries provide its oracle.
s7	mini-mika	document-dependency		rule:R28;compiler:F07;compiler:F08	Mika-registry/structural-local-owner	canonical Mika registry, document namespace and renderer		not-a-control-qualification-row	rule:R02	"""(◉◯◉)"""	no-per-rule-rejection-case-in-S7-table	no-per-rule-recovery-case-in-S7-table	syntax-only			Typed document dependency has presentation/ownership behavior, not a standalone ProgramCompiler numeric evaluator. Named renderer/result tests and consumer boundaries provide its oracle.
s7	no-alignment	document-dependency		rule:R24	presentation-table/structural-alignment	canonical retained document renderer; no engine Table value		not-a-control-qualification-row	rule:R02	"""-"""	no-per-rule-rejection-case-in-S7-table	no-per-rule-recovery-case-in-S7-table	syntax-only			Typed document dependency has presentation/ownership behavior, not a standalone ProgramCompiler numeric evaluator. Named renderer/result tests and consumer boundaries provide its oracle.
s7	not-mech-code	document-dependency		rule:R29;compiler:F03	structural-code-boundary	canonical syntax boundary; enclosing document scope owns code execution		not-a-control-qualification-row	rule:R02	"""⸥"""	no-per-rule-rejection-case-in-S7-table	no-per-rule-recovery-case-in-S7-table	syntax-only			S7 direct sample proves syntax only and may be semantically incomplete. Listed whole-document/runtime cells own legal execution and rejection; no empty/undeclared sample certifies runtime success.
s7	op-assign	document-dependency		rule:R14;catalog:C14;compiler:F02	executable-state-update/structural-target	canonical selected assignment and resident atomic state owner	G04	not-a-control-qualification-row	rule:R02	"""x += 1 + 2"""	no-per-rule-rejection-case-in-S7-table	no-per-rule-recovery-case-in-S7-table	syntax-only			S7 direct sample proves syntax only and may be semantically incomplete. Listed whole-document/runtime cells own legal execution and rejection; no empty/undeclared sample certifies runtime success.
s7	option-map	document-dependency		rule:R25;rule:R29	presentation-image/option-syntax	canonical retained renderer with explicit option whitelist		not-a-control-qualification-row	rule:R02	"""{x:x}"""	no-per-rule-rejection-case-in-S7-table	no-per-rule-recovery-case-in-S7-table	syntax-only			Typed document dependency has presentation/ownership behavior, not a standalone ProgramCompiler numeric evaluator. Named renderer/result tests and consumer boundaries provide its oracle.
s7	option-mapping	document-dependency		rule:R25;rule:R29	presentation-image/option-syntax	canonical retained renderer with explicit option whitelist		not-a-control-qualification-row	rule:R02	"""x:x"""	no-per-rule-rejection-case-in-S7-table	no-per-rule-recovery-case-in-S7-table	syntax-only			Typed document dependency has presentation/ownership behavior, not a standalone ProgramCompiler numeric evaluator. Named renderer/result tests and consumer boundaries provide its oracle.
s7	option-value	document-dependency		rule:R25;rule:R29	presentation-image/option-syntax	canonical retained renderer with explicit option whitelist		not-a-control-qualification-row	rule:R02	"""x"""	no-per-rule-rejection-case-in-S7-table	no-per-rule-recovery-case-in-S7-table	syntax-only			Typed document dependency has presentation/ownership behavior, not a standalone ProgramCompiler numeric evaluator. Named renderer/result tests and consumer boundaries provide its oracle.
s7	ordered-list	document-dependency		rule:R23	presentation-list/structural-item	canonical retained list renderer		not-a-control-qualification-row	rule:R02	"""1.x\n"""	no-per-rule-rejection-case-in-S7-table	no-per-rule-recovery-case-in-S7-table	syntax-only			Typed document dependency has presentation/ownership behavior, not a standalone ProgramCompiler numeric evaluator. Named renderer/result tests and consumer boundaries provide its oracle.
s7	ordered-list-item	document-dependency		rule:R23	presentation-list/structural-item	canonical retained list renderer		not-a-control-qualification-row	rule:R02	"""1.x\n"""	no-per-rule-rejection-case-in-S7-table	no-per-rule-recovery-case-in-S7-table	syntax-only			Typed document dependency has presentation/ownership behavior, not a standalone ProgramCompiler numeric evaluator. Named renderer/result tests and consumer boundaries provide its oracle.
s7	paragraph	document-dependency		rule:R19;rule:R18	presentation-document-structure	canonical document scope collector and retained renderer		not-a-control-qualification-row	rule:R02	"""x"""	no-per-rule-rejection-case-in-S7-table	no-per-rule-recovery-case-in-S7-table	syntax-only			Typed document dependency has presentation/ownership behavior, not a standalone ProgramCompiler numeric evaluator. Named renderer/result tests and consumer boundaries provide its oracle.
s7	paragraph-element	document-dependency		rule:R19;rule:R18	presentation-document-structure	canonical document scope collector and retained renderer		not-a-control-qualification-row	rule:R02	"""x"""	no-per-rule-rejection-case-in-S7-table	no-per-rule-recovery-case-in-S7-table	syntax-only			Typed document dependency has presentation/ownership behavior, not a standalone ProgramCompiler numeric evaluator. Named renderer/result tests and consumer boundaries provide its oracle.
s7	paragraph-newline	document-dependency		rule:R19;rule:R18	presentation-document-structure	canonical document scope collector and retained renderer		not-a-control-qualification-row	rule:R02	"""x\n"""	no-per-rule-rejection-case-in-S7-table	no-per-rule-recovery-case-in-S7-table	syntax-only			Typed document dependency has presentation/ownership behavior, not a standalone ProgramCompiler numeric evaluator. Named renderer/result tests and consumer boundaries provide its oracle.
s7	parse	maintained-root		compiler:P01;compiler:F03;compiler:F04;rule:R18	maintained-document-root	canonical retained document admission and root scope collector		not-a-control-qualification-row	rule:R02	""""""	no-per-rule-rejection-case-in-S7-table	no-per-rule-recovery-case-in-S7-table	syntax-only			S7 direct sample proves syntax only and may be semantically incomplete. Listed whole-document/runtime cells own legal execution and rejection; no empty/undeclared sample certifies runtime success.
s7	parse-mech	maintained-root		compiler:P01;compiler:F03;compiler:F04;rule:R18	maintained-document-root	canonical retained document admission and root scope collector		not-a-control-qualification-row	rule:R02	""""""	no-per-rule-rejection-case-in-S7-table	no-per-rule-recovery-case-in-S7-table	syntax-only			S7 direct sample proves syntax only and may be semantically incomplete. Listed whole-document/runtime cells own legal execution and rejection; no empty/undeclared sample certifies runtime success.
s7	parse-repl-command	historical-command		rule:R03	excluded-document-command;runtime-request-owned	runtime typed REPL command registry and request parser		not-a-control-qualification-row	rule:R03	not-an-active-certified-document-entry	not-an-active-certified-document-entry	not-an-active-certified-document-entry	not-an-active-certified-document-entry	"{""source"":"":caps"",""expected"":""InvokeCommand(Capabilities)""}"	"{""source"":"":not-registered"",""expected"":""Unknown command""}"	Historical grammar is absent from the canonical document closure. Exact current runtime request pair below is authoritative; the old command name does not imply its old spelling remains supported.
s7	plan-rpl	historical-command		rule:R03	excluded-document-command;runtime-request-owned	runtime typed REPL command registry and request parser		not-a-control-qualification-row	rule:R03	not-an-active-certified-document-entry	not-an-active-certified-document-entry	not-an-active-certified-document-entry	not-an-active-certified-document-entry	"{""source"":"":plan"",""expected"":""Plan""}"	"{""source"":"":plan extra"",""expected"":""Usage: :plan""}"	Historical grammar is absent from the canonical document closure. Exact current runtime request pair below is authoritative; the old command name does not imply its old spelling remains supported.
s7	profile-rpl	historical-command		rule:R03	excluded-document-command;runtime-request-owned	runtime typed REPL command registry and request parser		not-a-control-qualification-row	rule:R03	not-an-active-certified-document-entry	not-an-active-certified-document-entry	not-an-active-certified-document-entry	not-an-active-certified-document-entry	"{""source"":"":profile"",""expected"":""Profile(None)""}"	"{""source"":"":profile invalid"",""expected"":""Usage: :profile [on|off]""}"	Historical grammar is absent from the canonical document closure. Exact current runtime request pair below is authoritative; the old command name does not imply its old spelling remains supported.
s7	program	document-dependency		compiler:F04;compiler:F09;compiler:F10;rule:R30;rule:R18	executable-unit-dispatch	canonical document collector; each reached statement keeps its own semantic owner		not-a-control-qualification-row	rule:R02	""""""	no-per-rule-rejection-case-in-S7-table	no-per-rule-recovery-case-in-S7-table	syntax-only			S7 direct sample proves syntax only and may be semantically incomplete. Listed whole-document/runtime cells own legal execution and rejection; no empty/undeclared sample certifies runtime success.
s7	prompt	document-dependency		rule:R22	presentation-block	canonical retained document renderer		not-a-control-qualification-row	rule:R02	""">:x"""	no-per-rule-rejection-case-in-S7-table	no-per-rule-recovery-case-in-S7-table	syntax-only			Typed document dependency has presentation/ownership behavior, not a standalone ProgramCompiler numeric evaluator. Named renderer/result tests and consumer boundaries provide its oracle.
s7	question-block	document-dependency		rule:R22	presentation-block	canonical retained document renderer		not-a-control-qualification-row	rule:R02	"""(?)>x\n"""	no-per-rule-rejection-case-in-S7-table	no-per-rule-recovery-case-in-S7-table	syntax-only			Typed document dependency has presentation/ownership behavior, not a standalone ProgramCompiler numeric evaluator. Named renderer/result tests and consumer boundaries provide its oracle.
s7	quit-rpl	historical-command		rule:R03	excluded-document-command;runtime-request-owned	runtime typed REPL command registry and request parser		not-a-control-qualification-row	rule:R03	not-an-active-certified-document-entry	not-an-active-certified-document-entry	not-an-active-certified-document-entry	not-an-active-certified-document-entry	"{""source"":"":quit"",""expected"":""Quit""}"	"{""source"":"":quit extra"",""expected"":""Usage: :quit""}"	Historical grammar is absent from the canonical document closure. Exact current runtime request pair below is authoritative; the old command name does not imply its old spelling remains supported.
s7	quote-block	document-dependency		rule:R22	presentation-block	canonical retained document renderer		not-a-control-qualification-row	rule:R02	""">x\n"""	no-per-rule-rejection-case-in-S7-table	no-per-rule-recovery-case-in-S7-table	syntax-only			Typed document dependency has presentation/ownership behavior, not a standalone ProgramCompiler numeric evaluator. Named renderer/result tests and consumer boundaries provide its oracle.
s7	repl-identifier	historical-command		rule:R03	excluded-document-command;runtime-request-owned	runtime typed REPL command registry and request parser		not-a-control-qualification-row	rule:R03	not-an-active-certified-document-entry	not-an-active-certified-document-entry	not-an-active-certified-document-entry	not-an-active-certified-document-entry	"{""source"":""x := 1\n"",""expected"":""SubmitSource unchanged""}"	"{""source"":"":"",""expected"":""Enter :help for the command index""}"	Historical grammar is absent from the canonical document closure. Exact current runtime request pair below is authoritative; the old command name does not imply its old spelling remains supported.
s7	right-alignment	document-dependency		rule:R24	presentation-table/structural-alignment	canonical retained document renderer; no engine Table value		not-a-control-qualification-row	rule:R02	"""-:"""	no-per-rule-rejection-case-in-S7-table	no-per-rule-recovery-case-in-S7-table	syntax-only			Typed document dependency has presentation/ownership behavior, not a standalone ProgramCompiler numeric evaluator. Named renderer/result tests and consumer boundaries provide its oracle.
s7	save-rpl	historical-command		rule:R03	excluded-document-command;runtime-request-owned	runtime typed REPL command registry and request parser		not-a-control-qualification-row	rule:R03	not-an-active-certified-document-entry	not-an-active-certified-document-entry	not-an-active-certified-document-entry	not-an-active-certified-document-entry	"{""source"":"":save file.mec"",""expected"":""Save(file.mec)""}"	"{""source"":"":save a b"",""expected"":""Usage: :save <path>""}"	Historical grammar is absent from the canonical document closure. Exact current runtime request pair below is authoritative; the old command name does not imply its old spelling remains supported.
s7	section	document-dependency		rule:R19;rule:R18	presentation-document-structure	canonical document scope collector and retained renderer		not-a-control-qualification-row	rule:R02	""""""	no-per-rule-rejection-case-in-S7-table	no-per-rule-recovery-case-in-S7-table	syntax-only			Typed document dependency has presentation/ownership behavior, not a standalone ProgramCompiler numeric evaluator. Named renderer/result tests and consumer boundaries provide its oracle.
s7	section-element	document-dependency		rule:R19;rule:R18	presentation-document-structure	canonical document scope collector and retained renderer		not-a-control-qualification-row	rule:R02	"""x"""	no-per-rule-rejection-case-in-S7-table	no-per-rule-recovery-case-in-S7-table	syntax-only			Typed document dependency has presentation/ownership behavior, not a standalone ProgramCompiler numeric evaluator. Named renderer/result tests and consumer boundaries provide its oracle.
s7	slice-ref	document-dependency		rule:R14;catalog:C14;compiler:F02	executable-state-update/structural-target	canonical selected assignment and resident atomic state owner	G04	not-a-control-qualification-row	rule:R02	"""x"""	no-per-rule-rejection-case-in-S7-table	no-per-rule-recovery-case-in-S7-table	syntax-only			S7 direct sample proves syntax only and may be semantically incomplete. Listed whole-document/runtime cells own legal execution and rejection; no empty/undeclared sample certifies runtime success.
s7	statement	document-dependency		compiler:F04;compiler:F09;compiler:F10;rule:R30;rule:R18	executable-unit-dispatch	canonical document collector; each reached statement keeps its own semantic owner		not-a-control-qualification-row	rule:R02	"""+> x"""	no-per-rule-rejection-case-in-S7-table	no-per-rule-recovery-case-in-S7-table	syntax-only			S7 direct sample proves syntax only and may be semantically incomplete. Listed whole-document/runtime cells own legal execution and rejection; no empty/undeclared sample certifies runtime success.
s7	step-rpl	historical-command		rule:R03	excluded-document-command;runtime-request-owned	runtime typed REPL command registry and request parser		not-a-control-qualification-row	rule:R03	not-an-active-certified-document-entry	not-an-active-certified-document-entry	not-an-active-certified-document-entry	not-an-active-certified-document-entry	"{""source"":"":step 2"",""expected"":""Step { selector: None, count: 2 }""}"	"{""source"":"":step 0"",""expected"":""step count must be between 1 and 1000000.""}"	Historical grammar is absent from the canonical document closure. Exact current runtime request pair below is authoritative; the old command name does not imply its old spelling remains supported.
s7	strikethrough	document-dependency		rule:R21	presentation-inline	canonical retained inline renderer		not-a-control-qualification-row	rule:R02	"""~x~"""	no-per-rule-rejection-case-in-S7-table	no-per-rule-recovery-case-in-S7-table	syntax-only			Typed document dependency has presentation/ownership behavior, not a standalone ProgramCompiler numeric evaluator. Named renderer/result tests and consumer boundaries provide its oracle.
s7	strong	document-dependency		rule:R21	presentation-inline	canonical retained inline renderer		not-a-control-qualification-row	rule:R02	"""**x**"""	no-per-rule-rejection-case-in-S7-table	no-per-rule-recovery-case-in-S7-table	syntax-only			Typed document dependency has presentation/ownership behavior, not a standalone ProgramCompiler numeric evaluator. Named renderer/result tests and consumer boundaries provide its oracle.
s7	sublist	document-dependency		rule:R23	presentation-list/structural-item	canonical retained list renderer		not-a-control-qualification-row	rule:R02	"""- x\n"""	no-per-rule-rejection-case-in-S7-table	no-per-rule-recovery-case-in-S7-table	syntax-only			Typed document dependency has presentation/ownership behavior, not a standalone ProgramCompiler numeric evaluator. Named renderer/result tests and consumer boundaries provide its oracle.
s7	subtitle	document-dependency		rule:R19;rule:R18	presentation-document-structure	canonical document scope collector and retained renderer		not-a-control-qualification-row	rule:R02	"""(1)x\n"""	no-per-rule-rejection-case-in-S7-table	no-per-rule-recovery-case-in-S7-table	syntax-only			Typed document dependency has presentation/ownership behavior, not a standalone ProgramCompiler numeric evaluator. Named renderer/result tests and consumer boundaries provide its oracle.
s7	success-block	document-dependency		rule:R22	presentation-block	canonical retained document renderer		not-a-control-qualification-row	rule:R02	"""(+)>x\n"""	no-per-rule-rejection-case-in-S7-table	no-per-rule-recovery-case-in-S7-table	syntax-only			Typed document dependency has presentation/ownership behavior, not a standalone ProgramCompiler numeric evaluator. Named renderer/result tests and consumer boundaries provide its oracle.
s7	symbols-rpl	historical-command		rule:R03	excluded-document-command;runtime-request-owned	runtime typed REPL command registry and request parser		not-a-control-qualification-row	rule:R03	not-an-active-certified-document-entry	not-an-active-certified-document-entry	not-an-active-certified-document-entry	not-an-active-certified-document-entry	"{""source"":"":whos"",""expected"":""Whos([])""}"	"{""source"":"":symbols"",""expected"":""Unknown command; :s also rejects""}"	Historical grammar is absent from the canonical document closure. Exact current runtime request pair below is authoritative; the old command name does not imply its old spelling remains supported.
s7	table-column	outside-document-closure		rule:R31;schema:Q04;schema:Q12	excluded-direct-entry;active-table-semantics-delegated	unused direct grammar rule excluded; active header/row constructors own Table schemas		not-a-control-qualification-row	rule:R02 disposition inventory only	not-an-active-certified-document-entry	not-an-active-certified-document-entry	not-an-active-certified-document-entry	not-an-active-certified-document-entry			Only this direct grammar entry is excluded. Reachable language behavior remains required through the named canonical owners; this exclusion is not permission to remove match or Table capabilities.
s7	title	document-dependency		rule:R19;rule:R18	presentation-document-structure	canonical document scope collector and retained renderer		not-a-control-qualification-row	rule:R02	"""x\n="""	no-per-rule-rejection-case-in-S7-table	no-per-rule-recovery-case-in-S7-table	syntax-only			Typed document dependency has presentation/ownership behavior, not a standalone ProgramCompiler numeric evaluator. Named renderer/result tests and consumer boundaries provide its oracle.
s7	title-front-matter	document-dependency		rule:R20	presentation-metadata-with-inline-values	canonical retained document renderer and inline result owner		not-a-control-qualification-row	rule:R02	"""="""	no-per-rule-rejection-case-in-S7-table	no-per-rule-recovery-case-in-S7-table	syntax-only			Typed document dependency has presentation/ownership behavior, not a standalone ProgramCompiler numeric evaluator. Named renderer/result tests and consumer boundaries provide its oracle.
s7	tuple-destructure	document-dependency		rule:R16	executable-destructuring	canonical typed local binding environment		not-a-control-qualification-row	rule:R02	"""(x):=1 + 2"""	no-per-rule-rejection-case-in-S7-table	no-per-rule-recovery-case-in-S7-table	syntax-only			S7 direct sample proves syntax only and may be semantically incomplete. Listed whole-document/runtime cells own legal execution and rejection; no empty/undeclared sample certifies runtime success.
s7	ul-subtitle	document-dependency		rule:R19;rule:R18	presentation-document-structure	canonical document scope collector and retained renderer		not-a-control-qualification-row	rule:R02	"""1. x\n-\n"""	no-per-rule-rejection-case-in-S7-table	no-per-rule-recovery-case-in-S7-table	syntax-only			Typed document dependency has presentation/ownership behavior, not a standalone ProgramCompiler numeric evaluator. Named renderer/result tests and consumer boundaries provide its oracle.
s7	unchecked-item	document-dependency		rule:R23	presentation-list/structural-item	canonical retained list renderer		not-a-control-qualification-row	rule:R02	"""-[]x\n"""	no-per-rule-rejection-case-in-S7-table	no-per-rule-recovery-case-in-S7-table	syntax-only			Typed document dependency has presentation/ownership behavior, not a standalone ProgramCompiler numeric evaluator. Named renderer/result tests and consumer boundaries provide its oracle.
s7	underline	document-dependency		rule:R21	presentation-inline	canonical retained inline renderer		not-a-control-qualification-row	rule:R02	"""_x_"""	no-per-rule-rejection-case-in-S7-table	no-per-rule-recovery-case-in-S7-table	syntax-only			Typed document dependency has presentation/ownership behavior, not a standalone ProgramCompiler numeric evaluator. Named renderer/result tests and consumer boundaries provide its oracle.
s7	unordered-list	document-dependency		rule:R23	presentation-list/structural-item	canonical retained list renderer		not-a-control-qualification-row	rule:R02	"""- x\n"""	no-per-rule-rejection-case-in-S7-table	no-per-rule-recovery-case-in-S7-table	syntax-only			Typed document dependency has presentation/ownership behavior, not a standalone ProgramCompiler numeric evaluator. Named renderer/result tests and consumer boundaries provide its oracle.
s7	unordered-list-item	document-dependency		rule:R23	presentation-list/structural-item	canonical retained list renderer		not-a-control-qualification-row	rule:R02	"""- x\n"""	no-per-rule-rejection-case-in-S7-table	no-per-rule-recovery-case-in-S7-table	syntax-only			Typed document dependency has presentation/ownership behavior, not a standalone ProgramCompiler numeric evaluator. Named renderer/result tests and consumer boundaries provide its oracle.
s7	variable-assign	document-dependency		rule:R14;catalog:C14;compiler:F02	executable-state-update/structural-target	canonical selected assignment and resident atomic state owner	G04	not-a-control-qualification-row	rule:R02	"""x=1 + 2"""	no-per-rule-rejection-case-in-S7-table	no-per-rule-recovery-case-in-S7-table	syntax-only			S7 direct sample proves syntax only and may be semantically incomplete. Listed whole-document/runtime cells own legal execution and rejection; no empty/undeclared sample certifies runtime success.
s7	warning-block	document-dependency		rule:R22	presentation-block	canonical retained document renderer		not-a-control-qualification-row	rule:R02	"""(!)>x\n"""	no-per-rule-rejection-case-in-S7-table	no-per-rule-recovery-case-in-S7-table	syntax-only			Typed document dependency has presentation/ownership behavior, not a standalone ProgramCompiler numeric evaluator. Named renderer/result tests and consumer boundaries provide its oracle.
s7	whos-rpl	historical-command		rule:R03	excluded-document-command;runtime-request-owned	runtime typed REPL command registry and request parser		not-a-control-qualification-row	rule:R03	not-an-active-certified-document-entry	not-an-active-certified-document-entry	not-an-active-certified-document-entry	not-an-active-certified-document-entry	"{""source"":"":whos x"",""expected"":""Whos([x])""}"	"{""source"":"":whos \""unterminated"",""expected"":""Unclosed double quote in command arguments.""}"	Historical grammar is absent from the canonical document closure. Exact current runtime request pair below is authoritative; the old command name does not imply its old spelling remains supported.
