path,blob,mode,subsystem,responsibility,role,underlying_role,language,bytes,physical_lines,nonblank_lines,source_file,generated_marker,generator,attribution,notes
.cargo/config.toml,fecaea635cb7198e70ff72827a16f05e47bba16d,100644,.cargo,.cargo,build-tooling,build-tooling,TOML,102,6,5,False,False,,deterministic path rules,[]
.gitattributes,204b3e270dd8d3aaa9c37d27f97acc37ecb13930,100644,repository-root,repository-root,configuration,configuration,Other text,198,3,3,False,False,,deterministic path rules,[]
.github/actions/native-applications/action.yml,80bd88cc44ae90158dda8d5ef00a8c466d303805,100644,.github,.github,build-tooling,build-tooling,YAML,2996,66,66,False,False,,deterministic path rules,[]
.github/ci/owners.toml,15236ca05787ff58b1bb6511c7a108734fb0db71,100644,.github,.github,build-tooling,build-tooling,TOML,11641,281,248,False,False,,deterministic path rules,[]
.github/workflows/ci-full.yml,098e50b8952ab294da5bbcd2ed6277d0a17e8a3c,100644,.github,.github,build-tooling,build-tooling,YAML,97545,2279,2138,False,False,,deterministic path rules,[]
.github/workflows/ci-native-plan.yml,2a383c9b8406e2bb730a036f30acccc59f594892,100644,.github,.github,build-tooling,build-tooling,YAML,8559,170,168,False,False,,deterministic path rules,[]
.github/workflows/ci.yml,6d11776d6fecc06ab8fae93ba8489e7894d9926e,100644,.github,.github,build-tooling,build-tooling,YAML,45573,1063,1033,False,False,,deterministic path rules,[]
.github/workflows/nightly.yml,b99be8ffdd0c6121226f3b20850c4bc09062550f,100644,.github,.github,build-tooling,build-tooling,YAML,2045,67,61,False,False,,deterministic path rules,[]
.github/workflows/release.yml,a189a069270a849310bd227779b01031442280f5,100644,.github,.github,build-tooling,build-tooling,YAML,1890,65,59,False,False,,deterministic path rules,[]
.gitignore,5fe2b4382f1759193970583ba257235f84330fe7,100644,repository-root,repository-root,configuration,configuration,Other text,393,41,32,False,False,,deterministic path rules,[]
Cargo.lock,798687023bb98c1bfd1a9f2b8a672213373a8162,100644,repository-root,repository-root,configuration,configuration,Lockfile,139696,5715,5139,False,False,,deterministic path rules,[]
Cargo.toml,8ab1d846c68da979b161e2a003e4ad09dcc6820c,100644,repository-root,repository-root,configuration,configuration,TOML,23777,512,474,False,False,,deterministic path rules,[]
Dockerfile,9501eb0af4d2caec35d0bb41687742f5f134f067,100644,repository-root,repository-root,build-tooling,build-tooling,Other text,197,11,8,False,False,,deterministic path rules,[]
LICENSE,41c00c99942792057b7d84e2ba001fdd4f141831,100644,repository-root,repository-root,license,license,Other text,11344,201,169,False,False,,deterministic path rules,[]
README.md,44c6f607291e1c00b63c72bdb7793f9b5327cf7d,100644,repository-root,repository-root,documentation,documentation,Markdown,6793,123,83,False,False,,deterministic path rules,[]
benchmarks/archive/compute/parallel-ekf/README.md,04d303f3493356a5ba5d7104f08edfa18b95e50a,100644,benchmarks,benchmarks,benchmark,benchmark,Markdown,10386,195,161,False,False,,deterministic path rules,[]
benchmarks/archive/compute/parallel-ekf/julia_scalar.jl,b60c334881b961282a61e6ff93f9faa68ae95f46,100644,benchmarks,benchmarks,benchmark,benchmark,Other text,3661,76,70,False,False,,deterministic path rules,[]
benchmarks/archive/compute/parallel-ekf/luajit_scalar.lua,df230db98efa569e9decce118c6f2f7145448d11,100644,benchmarks,benchmarks,benchmark,benchmark,Other text,3369,43,43,False,False,,deterministic path rules,[]
benchmarks/archive/compute/parallel-ekf/numpy_scalar.py,5f9c56c26c9e78b272706932f53d6edeb8bb5aac,100644,benchmarks,benchmarks,benchmark,benchmark,Python,4150,93,81,True,False,,deterministic path rules,[]
benchmarks/archive/compute/parallel-ekf/results/apple-m1-2026-08-14.json,44bc44d6a3bcf44bfa8b7db210ed8867ba9d7b6a,100644,benchmarks,benchmarks,benchmark,benchmark,JSON,21396,167,167,False,False,,deterministic path rules,[]
benchmarks/archive/compute/parallel-ekf/results/apple-m1-checked-integrity-2026-08-14.json,bab55388caf8fd54241429b6f2efa19d6788554c,100644,benchmarks,benchmarks,benchmark,benchmark,JSON,5375,135,135,False,False,,deterministic path rules,[]
benchmarks/archive/compute/parallel-ekf/results/apple-m1-checked-integrity-optimized-2026-08-14.json,cc1304b5967a7c304ab8f34f35992e76d0b1e81e,100644,benchmarks,benchmarks,benchmark,benchmark,JSON,7079,172,172,False,False,,deterministic path rules,[]
benchmarks/archive/compute/parallel-ekf/run.py,0e4a5f121c6b230759e574bc82c6542798b8f3e1,100644,benchmarks,benchmarks,benchmark,benchmark,Python,10564,295,274,True,False,,deterministic path rules,[]
build.rs,a5a400cc4153a518e2b94547055dce56d744f6bf,100644,repository-root,repository-root,build-tooling,build-tooling,Rust,1971,53,44,True,False,,deterministic path rules,[]
docs/.gitignore,0b84df0f0253112e776e30cc1b7f1b7b9182e8b6,100644,docs,docs,documentation,documentation,Other text,6,1,1,False,False,,deterministic path rules,[]
docs/LICENSE,b7e82576568766fd107541137d793145fd26fb1a,100644,docs,docs,documentation,documentation,Other text,11339,201,169,False,False,,deterministic path rules,[]
docs/README.md,8b9e8f0134b36c31dd18e02f28c369f1041751d3,100644,docs,docs,documentation,documentation,Markdown,1215,21,12,False,False,,deterministic path rules,[]
docs/architecture/interactive-runtime.md,fee0cb134a2627d723ad9efb309558f8d2be0f25,100644,docs,docs,documentation,documentation,Markdown,2964,19,10,False,False,,deterministic path rules,[]
docs/design/ROADMAP.mec,8323ce6a4a2920a0df810fea5d2665acdfe3b076,100644,docs,docs,documentation,documentation,Mech/Mechdown,9740,283,230,True,False,,deterministic path rules,[]
docs/design/canonical-boolean-control.md,83de22e9f899cbafd594c2de4fca37af71487dfa,100644,docs,docs,documentation,documentation,Markdown,4221,65,57,False,False,,deterministic path rules,[]
docs/design/canonical-document-streaming.mec,604baade55d71f5199672b5ec91d54f3ad396de6,100644,docs,docs,documentation,documentation,Mech/Mechdown,17279,266,226,True,False,,deterministic path rules,[]
docs/design/canonical-source-boundary.mec,4e0989354c9525ba70ec81c76397f1fcf591b529,100644,docs,docs,documentation,documentation,Mech/Mechdown,8119,156,125,True,False,,deterministic path rules,[]
docs/design/catalog-closure-gate.md,bc7798fddedaf38bd29680235c7a34b4fd2ad664,100644,docs,docs,documentation,documentation,Markdown,8197,127,114,False,False,,deterministic path rules,[]
docs/design/function-catalog-engine-transition.md,6b5efcfbb389dad12ac8a0c67de8334ed93187e6,100644,docs,docs,documentation,documentation,Markdown,4924,112,90,False,False,,deterministic path rules,[]
docs/design/function-system-compatibility-baseline.md,055b3fab9330efb7654fcb315a229a3adecc342c,100644,docs,docs,documentation,documentation,Markdown,2186,62,48,False,False,,deterministic path rules,[]
docs/design/grammar-audit/README.mec,2d17e3ab140d7e9de9d5c29a86135512c5831223,100644,docs,docs,documentation,documentation,Mech/Mechdown,3563,61,51,True,False,,deterministic path rules,[]
docs/design/grammar-audit/acceptance-receipt.json,4cfcae24084609ea0a11d06ba0c3381257c60203,100644,docs,docs,documentation,documentation,JSON,5677,106,106,False,False,,deterministic path rules,[]
docs/design/grammar-audit/canonical-dependencies.tsv,8c935f93b64a586731ca903411b32b8f1892eb89,100644,docs,docs,generated,documentation,TSV,48401,540,540,False,True,scripts/generate-canonical-dependencies.py,deterministic path rules,['Generated output; see generator field or first-eight-line source marker.']
docs/design/grammar-audit/corrections.tsv,d1a0bb125491c159d4c1983c4eb0c7786457e1f2,100644,docs,docs,documentation,documentation,TSV,1123,3,3,False,False,,deterministic path rules,[]
docs/design/grammar-audit/discrepancies.mec,c525f3da68ad98f4625680d253ac844b58ed7d5e,100644,docs,docs,documentation,documentation,Mech/Mechdown,54705,1237,976,True,False,,deterministic path rules,[]
docs/design/grammar-audit/document-certification.tsv,56591920a9a5c9ae7d96c0346850e24eb3f782de,100644,docs,docs,generated,documentation,TSV,11048,113,113,False,True,scripts/generate-canonical-document-grammar.py,deterministic path rules,['Generated output; see generator field or first-eight-line source marker.']
docs/design/grammar-audit/document-rule-dispositions.tsv,feb92259695f7969147f5f1401ed14002ccd9fdf,100644,docs,docs,generated,documentation,TSV,11533,132,132,False,True,scripts/generate-canonical-document-grammar.py,deterministic path rules,['Generated output; see generator field or first-eight-line source marker.']
docs/design/grammar-audit/fixed-integer-intervals.md,6df876c5967abfc91e6556f3c16e14da8abb2305,100644,docs,docs,documentation,documentation,Markdown,5138,86,71,False,False,,deterministic path rules,[]
docs/design/grammar-audit/grammar-component-boundaries.tsv,d5edbb42c5c3dd79ddd05f198b47d984603f7f7b,100644,docs,docs,generated,documentation,TSV,2887,21,21,False,True,scripts/generate-canonical-scc-report.py,deterministic path rules,['Generated output; see generator field or first-eight-line source marker.']
docs/design/grammar-audit/ports.tsv,d66de9fd4749f565ec5944b13858f3237ed03e30,100644,docs,docs,documentation,documentation,TSV,74877,540,540,False,False,,deterministic path rules,[]
docs/design/grammar-audit/recursive-core-certification.tsv,a2e8b906cb73f026cc29ea58a4cbbe599b540192,100644,docs,docs,documentation,documentation,TSV,19608,81,81,False,False,,deterministic path rules,[]
docs/design/grammar-audit/recursive-core-semantic-errors.tsv,a615842881626f6d984f8453e2166d97c0ff1ac1,100644,docs,docs,documentation,documentation,TSV,242,3,3,False,False,,deterministic path rules,[]
docs/design/grammar-audit/recursive-core-syntax-schema.tsv,1f3b37ba061282cc1c391f789998c9f98a9dbced,100644,docs,docs,documentation,documentation,TSV,6333,81,81,False,False,,deterministic path rules,[]
docs/design/grammar-audit/recursive-core.tsv,5d79b22a9cbd1e87cad475d56954d58ad9c5c825,100644,docs,docs,generated,documentation,TSV,7862,81,81,False,True,scripts/generate-canonical-scc-report.py,deterministic path rules,['Generated output; see generator field or first-eight-line source marker.']
docs/design/history.mec,457bbae47e8ba2dd84a58314441efc81936d6c6b,100644,docs,docs,documentation,documentation,Mech/Mechdown,6327,91,66,True,False,,deterministic path rules,[]
docs/design/incremental-syntax-architecture.mec,6f5fc46325556b556cc9484a1abd71cc98dc5cd5,100644,docs,docs,documentation,documentation,Mech/Mechdown,14557,289,229,True,False,,deterministic path rules,[]
docs/design/index.mec,82b597d67a196f9956fce0d0a42441a376c3d7a2,100644,docs,docs,documentation,documentation,Mech/Mechdown,667,13,12,True,False,,deterministic path rules,[]
docs/design/language-design.mec,457629dae42e14bcede6bdce09c39f23f57e8164,100644,docs,docs,documentation,documentation,Mech/Mechdown,23770,287,136,True,False,,deterministic path rules,[]
docs/design/memory-planner.md,4bd913eed3758f9e713499d41f1727862a12e5c1,100644,docs,docs,documentation,documentation,Markdown,15861,301,239,False,False,,deterministic path rules,[]
docs/design/memory-runtime.md,9c9f8dbb951d08f5b8e7e5b603863be9472e9db0,100644,docs,docs,documentation,documentation,Markdown,15212,298,237,False,False,,deterministic path rules,[]
docs/design/mika.mec,146c2f5fed6154ca27006501b9b61ca2ae826a6e,100644,docs,docs,documentation,documentation,Mech/Mechdown,2312,109,77,True,False,,deterministic path rules,[]
docs/design/named-compute-regions.md,19deff1c1c41c03cb83a8d9d1f815784d636a75e,100644,docs,docs,documentation,documentation,Markdown,5942,125,99,False,False,,deterministic path rules,[]
docs/design/native-application-builds.md,77d036a33bf621d41e9cad97b6a5489f77c1bc3b,100644,docs,docs,documentation,documentation,Markdown,12608,254,210,False,False,,deterministic path rules,[]
docs/design/program-artifact-resident-activation.md,1fc78d0ae5b45293bb5e7eb509d0c3dcc02c3dd8,100644,docs,docs,documentation,documentation,Markdown,6799,153,124,False,False,,deterministic path rules,[]
docs/design/project.mec,6e9591ae38fd7426575d0096c073a66d37e66bb3,100644,docs,docs,documentation,documentation,Mech/Mechdown,3995,93,83,True,False,,deterministic path rules,[]
docs/design/recursive-executable-core.mec,558dc768e8543bfa1fae2e6866c7c2efdc5359c1,100644,docs,docs,documentation,documentation,Mech/Mechdown,10281,256,204,True,False,,deterministic path rules,[]
docs/design/semantic-type-authority.md,2ac3d353f008aaa543f0348b4bd469c40c868741,100644,docs,docs,documentation,documentation,Markdown,2879,61,49,False,False,,deterministic path rules,[]
docs/design/specification.mec,a6fc437cbeb71a473addc130d929a45c96a738e7,100644,docs,docs,documentation,documentation,Mech/Mechdown,162096,4459,3704,True,False,,deterministic path rules,[]
docs/design/static-stdlib-composition.md,285528b7a5375365b1f116c189bd565cb9d8fc33,100644,docs,docs,documentation,documentation,Markdown,9237,224,175,False,False,,deterministic path rules,[]
docs/design/type-memory-boundary.md,ebbb1c13a1d3590b3b7b7db36e49e37e51935d93,100644,docs,docs,documentation,documentation,Markdown,11267,223,175,False,False,,deterministic path rules,[]
docs/design/type-system-v1.md,4ce106122db4b7eda4374b0da3fcace3a22bd270,100644,docs,docs,documentation,documentation,Markdown,11092,239,183,False,False,,deterministic path rules,[]
docs/design/value-semantics-and-migration.md,6adbba861a2596e10f4c958e3048390c708f9eb9,100644,docs,docs,documentation,documentation,Markdown,25079,560,464,False,False,,deterministic path rules,[]
docs/getting-started/build-and-run.mec,a95261e5583afefd0d9c1badbf0a25e541424337,100644,docs,docs,documentation,documentation,Mech/Mechdown,2542,103,71,True,False,,deterministic path rules,[]
docs/getting-started/first-project.mec,a9a1f996b70c155586594ced884210980836eb4e,100644,docs,docs,documentation,documentation,Mech/Mechdown,2107,99,73,True,False,,deterministic path rules,[]
docs/getting-started/install.mec,c54ac9354246f1de06c9ae675024db7b7de3771c,100644,docs,docs,documentation,documentation,Mech/Mechdown,6137,126,80,True,False,,deterministic path rules,[]
docs/getting-started/introduction.mec,7bc6a890329fb3590d528f23fcbd1f1a109fcafc,100644,docs,docs,documentation,documentation,Mech/Mechdown,18606,300,208,True,False,,deterministic path rules,[]
docs/guides/browser-dom-demo.mec,32e342701c6b4ab7f84fd2046504d91964a4d259,100644,docs,docs,documentation,documentation,Mech/Mechdown,1661,52,37,True,False,,deterministic path rules,[]
docs/guides/first-web-bundle.mec,253cc8947aefd293244538061f9a0e04cf346560,100644,docs,docs,documentation,documentation,Mech/Mechdown,1039,36,25,True,False,,deterministic path rules,[]
docs/guides/for-x/for-c++.mec,1b3c715c561a98df4271663ea8d3f4c5fc205aa8,100644,docs,docs,documentation,documentation,Mech/Mechdown,135,11,8,True,False,,deterministic path rules,[]
docs/guides/for-x/for-matlab.mec,e69de29bb2d1d6434b8b29ae775ad8c2e48c5391,100644,docs,docs,documentation,documentation,Mech/Mechdown,0,0,0,True,False,,deterministic path rules,[]
docs/guides/for-x/for-python.mec,e69de29bb2d1d6434b8b29ae775ad8c2e48c5391,100644,docs,docs,documentation,documentation,Mech/Mechdown,0,0,0,True,False,,deterministic path rules,[]
docs/guides/for-x/for-ros.mec,e69de29bb2d1d6434b8b29ae775ad8c2e48c5391,100644,docs,docs,documentation,documentation,Mech/Mechdown,0,0,0,True,False,,deterministic path rules,[]
docs/guides/for-x/for-web.mec,e69de29bb2d1d6434b8b29ae775ad8c2e48c5391,100644,docs,docs,documentation,documentation,Mech/Mechdown,0,0,0,True,False,,deterministic path rules,[]
docs/guides/mech-in-fifteen-minutes.mec,52d34c197b7798b72087b2cd5a47987c630d67a5,100644,docs,docs,documentation,documentation,Mech/Mechdown,19625,756,550,True,False,,deterministic path rules,[]
docs/guides/native-applications.mec,731fa4a8efc703ce59453077a794673628e50493,100644,docs,docs,documentation,documentation,Mech/Mechdown,1269,24,20,True,False,,deterministic path rules,[]
docs/guides/robot-arm-demo.mec,ee7651d318095cfddb3634ad7aa37809ab583f4d,100644,docs,docs,documentation,documentation,Mech/Mechdown,1244,39,28,True,False,,deterministic path rules,[]
docs/guides/writing-a-host.mec,0cf14d2bf79bafea62189b0be202194214b53bf7,100644,docs,docs,documentation,documentation,Mech/Mechdown,1953,86,65,True,False,,deterministic path rules,[]
docs/index.mec,282e99a75b5c8024ce9dcc155fa3da69b26ea9a5,100644,docs,docs,documentation,documentation,Mech/Mechdown,7188,178,145,True,False,,deterministic path rules,[]
docs/mechdown/callout-block.mec,c229a65bc713e543e3da9765c8ae67eb15ecdb68,100644,docs,docs,documentation,documentation,Mech/Mechdown,1719,56,34,True,False,,deterministic path rules,[]
docs/mechdown/code-block.mec,7c0a8b1eb689f7f6e5d2086f5c46ddaa1fbaee9e,100644,docs,docs,documentation,documentation,Mech/Mechdown,1486,45,31,True,False,,deterministic path rules,[]
docs/mechdown/diagram.mec,3831eb0e8de202ce55230e1353ca9ea2757be822,100644,docs,docs,documentation,documentation,Mech/Mechdown,874,24,17,True,False,,deterministic path rules,[]
docs/mechdown/equation.mec,ce9730a4e426e3f595b451cfa55b14eaf3ec81f0,100644,docs,docs,documentation,documentation,Mech/Mechdown,759,26,16,True,False,,deterministic path rules,[]
docs/mechdown/figures.mec,b093ff2347c2aa5640a3c6a0470c30a0ef6db9c2,100644,docs,docs,documentation,documentation,Mech/Mechdown,1864,38,25,True,False,,deterministic path rules,[]
docs/mechdown/image.mec,7045321c02f0e8218322fa0bd041da5ad08b0a0b,100644,docs,docs,documentation,documentation,Mech/Mechdown,1144,33,21,True,False,,deterministic path rules,[]
docs/mechdown/include.mec,e766811d012e830bd89b76abc78f58a9b489ea08,100644,docs,docs,documentation,documentation,Mech/Mechdown,1876,77,54,True,False,,deterministic path rules,[]
docs/mechdown/index.mec,600ed002d8f0dbd2e5165117bfd9c30fb8375817,100644,docs,docs,documentation,documentation,Mech/Mechdown,3143,78,56,True,False,,deterministic path rules,[]
docs/mechdown/list.mec,93807ab222eef91d782bf2d165590419864c0ff1,100644,docs,docs,documentation,documentation,Mech/Mechdown,1933,104,77,True,False,,deterministic path rules,[]
docs/mechdown/paragraph.mec,a26f35cb1f9b8267595acb5d5a23dadf694ec637,100644,docs,docs,documentation,documentation,Mech/Mechdown,2192,69,51,True,False,,deterministic path rules,[]
docs/mechdown/table.mec,084f5d54abaf53fa536c99ce5b35696c8ccde61b,100644,docs,docs,documentation,documentation,Mech/Mechdown,1082,40,29,True,False,,deterministic path rules,[]
docs/mechdown/template-placeholders.mec,5475d40be2b9911cad055dfa1e83945cef62cc90,100644,docs,docs,documentation,documentation,Mech/Mechdown,4762,92,72,True,False,,deterministic path rules,[]
docs/mechdown/thematic-break.mec,4cc8399c87a5acef2cca15042cc162ce39f1726d,100644,docs,docs,documentation,documentation,Mech/Mechdown,316,17,11,True,False,,deterministic path rules,[]
docs/mechdown/title.mec,06e49d3faee49b8a8c287f4fc690212c46f4f4d1,100644,docs,docs,documentation,documentation,Mech/Mechdown,4976,131,99,True,False,,deterministic path rules,[]
docs/reference/atom.mec,18cb94be04937c9d3ac0799f3d73b3583731ce84,100644,docs,docs,documentation,documentation,Mech/Mechdown,1612,65,48,True,False,,deterministic path rules,[]
docs/reference/bool.mec,febee562f9b66a3c13bbd8f5bf07a36060b6206b,100644,docs,docs,documentation,documentation,Mech/Mechdown,1615,76,53,True,False,,deterministic path rules,[]
docs/reference/broadcasting.mec,999893e03fb5c1ed4fd985f82274b0f4e256fc5c,100644,docs,docs,documentation,documentation,Mech/Mechdown,1068,41,30,True,False,,deterministic path rules,[]
docs/reference/commands/build.mec,1bd39f5807c70ddc1d7c11861aabe296cc58100c,100644,docs,docs,documentation,documentation,Mech/Mechdown,2178,89,70,True,False,,deterministic path rules,[]
docs/reference/commands/bundle-web.mec,c6e8c81feb9c9ba59c1a1433318016abc9cfdf11,100644,docs,docs,documentation,documentation,Mech/Mechdown,1958,57,45,True,False,,deterministic path rules,[]
docs/reference/commands/format.mec,858439a21b4c7d76e87589ad183bb7fb2f208c23,100644,docs,docs,documentation,documentation,Mech/Mechdown,1950,59,46,True,False,,deterministic path rules,[]
docs/reference/commands/index.mec,3cc29e0cc960ce8027fe9081aff9c429a2d00bbe,100644,docs,docs,documentation,documentation,Mech/Mechdown,576,18,13,True,False,,deterministic path rules,[]
docs/reference/commands/mech.mec,01c8a0bd96aee88c2ddbbcaf3c9e15879ec194d5,100644,docs,docs,documentation,documentation,Mech/Mechdown,756,27,20,True,False,,deterministic path rules,[]
docs/reference/commands/run.mec,47239f7b22c362fad4ea060885be0a465b012a4e,100644,docs,docs,documentation,documentation,Mech/Mechdown,1075,40,28,True,False,,deterministic path rules,[]
docs/reference/commands/serve.mec,033f1c41dbd58b57e418a02474e18f88971c93d6,100644,docs,docs,documentation,documentation,Mech/Mechdown,4621,123,93,True,False,,deterministic path rules,[]
docs/reference/comprehension.mec,643eac2738b5cbc56317750b636fc330e43f17df,100644,docs,docs,documentation,documentation,Mech/Mechdown,2469,82,57,True,False,,deterministic path rules,[]
docs/reference/config/config-files.mec,cfe61779c81c3bfd8783e2710c1548ec9c57c198,100644,docs,docs,documentation,documentation,Mech/Mechdown,1738,68,47,True,False,,deterministic path rules,[]
docs/reference/config/grants.mec,dc052b2136c89ff3a67aa8a5ad6cf709625c2efe,100644,docs,docs,documentation,documentation,Mech/Mechdown,1548,45,34,True,False,,deterministic path rules,[]
docs/reference/config/hosts.mec,0117b9871c41c0fdfc3ccb62a2e22cb0fa605edf,100644,docs,docs,documentation,documentation,Mech/Mechdown,1165,51,39,True,False,,deterministic path rules,[]
docs/reference/config/index.mec,04e8c5d099c12d8fb8bcc2b78fc811e4a1ab535e,100644,docs,docs,documentation,documentation,Mech/Mechdown,1362,49,39,True,False,,deterministic path rules,[]
docs/reference/config/run.mec,f9e47ee2627603dfa80d2811875aa4d0bbe1f985,100644,docs,docs,documentation,documentation,Mech/Mechdown,1154,60,48,True,False,,deterministic path rules,[]
docs/reference/config/runtime.mec,d649f7443d458a4e790e6300cec39a1ebcad4bbe,100644,docs,docs,documentation,documentation,Mech/Mechdown,1285,57,46,True,False,,deterministic path rules,[]
docs/reference/config/schema.mec,ea94f2876f627ba2d7e3b67c6b24c03f0641ea57,100644,docs,docs,documentation,documentation,Mech/Mechdown,1434,55,45,True,False,,deterministic path rules,[]
docs/reference/config/serve.mec,e585171771c79178f81435709f9897d2d7140c6b,100644,docs,docs,documentation,documentation,Mech/Mechdown,3133,72,56,True,False,,deterministic path rules,[]
docs/reference/contexts/bindings.mec,18447e27cedcd04e16af348214f970899b834f8f,100644,docs,docs,documentation,documentation,Mech/Mechdown,1199,45,29,True,False,,deterministic path rules,[]
docs/reference/contexts/capabilities.mec,05089f41a207453ec033d6f692eecf75b45fb3e7,100644,docs,docs,documentation,documentation,Mech/Mechdown,1293,39,28,True,False,,deterministic path rules,[]
docs/reference/contexts/index.mec,bb6ee6ad37235cc5d7e0ec26a7ff2cfd8fc3e1c7,100644,docs,docs,documentation,documentation,Mech/Mechdown,1420,39,28,True,False,,deterministic path rules,[]
docs/reference/contexts/paths.mec,3743eeed89bc15b82a9d1b7b571070bc89f95a12,100644,docs,docs,documentation,documentation,Mech/Mechdown,1439,49,32,True,False,,deterministic path rules,[]
docs/reference/convert.mec,a202e53c88c3248c6e8a24a210e8e079211142bb,100644,docs,docs,documentation,documentation,Mech/Mechdown,1172,31,21,True,False,,deterministic path rules,[]
docs/reference/data.mec,df439e90fe735df98934d0aa4b3d20447d48551c,100644,docs,docs,documentation,documentation,Mech/Mechdown,10978,276,188,True,False,,deterministic path rules,[]
docs/reference/define.mec,464c8a6b187a8ff890b2e124651d2c3e5e6a93ca,100644,docs,docs,documentation,documentation,Mech/Mechdown,3112,114,79,True,False,,deterministic path rules,[]
docs/reference/deployment/command-line.mec,f7187507e3e9b462e33485af49641f6cfbc42688,100644,docs,docs,documentation,documentation,Mech/Mechdown,434,13,9,True,False,,deterministic path rules,[]
docs/reference/deployment/index.mec,6dfe170dbe936cab08a43f70c086a4254b311337,100644,docs,docs,documentation,documentation,Mech/Mechdown,439,12,9,True,False,,deterministic path rules,[]
docs/reference/deployment/static-web-bundles.mec,9afa43f765657bc7539df19f8c4756120eb54039,100644,docs,docs,documentation,documentation,Mech/Mechdown,1024,37,26,True,False,,deterministic path rules,[]
docs/reference/deployment/wasm.mec,957f1ac4ac73e34ffea3d9acf53642d5c5cef9dd,100644,docs,docs,documentation,documentation,Mech/Mechdown,1238,49,35,True,False,,deterministic path rules,[]
docs/reference/deployment/web-server.mec,37f51fa4ab3e94a08b556c364bd89fac1378aead,100644,docs,docs,documentation,documentation,Mech/Mechdown,631,14,9,True,False,,deterministic path rules,[]
docs/reference/empty.mec,a289ee628b220d2b7cff5b92be87a24be1dfcf2b,100644,docs,docs,documentation,documentation,Mech/Mechdown,1171,44,31,True,False,,deterministic path rules,[]
docs/reference/function.mec,0810c7e2c220aee053db851efce6358a7b8dbb3a,100644,docs,docs,documentation,documentation,Mech/Mechdown,2250,98,70,True,False,,deterministic path rules,[]
docs/reference/index.mec,387f90d66fd3dd929d9e044d1ece46c0d1231dec,100644,docs,docs,documentation,documentation,Mech/Mechdown,3354,81,66,True,False,,deterministic path rules,[]
docs/reference/indexing.mec,49db7f1c640a28ce28df508fdbbedc5c7a7a1038,100644,docs,docs,documentation,documentation,Mech/Mechdown,5049,126,94,True,False,,deterministic path rules,[]
docs/reference/kind.mec,6c40f69985c1f4368d3df824939ac567bf960d87,100644,docs,docs,documentation,documentation,Mech/Mechdown,7981,250,170,True,False,,deterministic path rules,[]
docs/reference/map.mec,c7164c8007f6906976f7027b3757d63b24448684,100644,docs,docs,documentation,documentation,Mech/Mechdown,2406,94,68,True,False,,deterministic path rules,[]
docs/reference/match.mec,ca86bb1eabfa3e46d83b94c86142dc4ec0fe3680,100644,docs,docs,documentation,documentation,Mech/Mechdown,2760,100,78,True,False,,deterministic path rules,[]
docs/reference/matrix.mec,dfd6ccd0b749b9a24c17ddef0dfcb9b8c09b555c,100644,docs,docs,documentation,documentation,Mech/Mechdown,16771,547,382,True,False,,deterministic path rules,[]
docs/reference/modules.mec,00f002bfb07f4f13b140185258ff7f84e7e9f120,100644,docs,docs,documentation,documentation,Mech/Mechdown,5917,271,179,True,False,,deterministic path rules,[]
docs/reference/number.mec,c9af1426d955564146c8b40d20c5f00ed87c2c39,100644,docs,docs,documentation,documentation,Mech/Mechdown,8765,179,129,True,False,,deterministic path rules,[]
docs/reference/operators.mec,5c2448e04babfd184249645645832b4030a0cc65,100644,docs,docs,documentation,documentation,Mech/Mechdown,5446,108,90,True,False,,deterministic path rules,[]
docs/reference/option.mec,b535e9cde0851f5aaff5541f34e7a2f4015f3c49,100644,docs,docs,documentation,documentation,Mech/Mechdown,966,42,31,True,False,,deterministic path rules,[]
docs/reference/pattern.mec,ae7ea819466cabcfc764e783c650ab7e64a72689,100644,docs,docs,documentation,documentation,Mech/Mechdown,3365,108,85,True,False,,deterministic path rules,[]
docs/reference/record.mec,93009cf041e3eb176cf875a46b85225530cc8561,100644,docs,docs,documentation,documentation,Mech/Mechdown,5284,211,149,True,False,,deterministic path rules,[]
docs/reference/runtime/builder.mec,19dd9c605805ade03fdb179d4cca602345457592,100644,docs,docs,documentation,documentation,Mech/Mechdown,1200,35,27,True,False,,deterministic path rules,[]
docs/reference/runtime/context.mec,38fed0cb1db22e6f7ebe064e5a851b5743e59566,100644,docs,docs,documentation,documentation,Mech/Mechdown,1303,34,23,True,False,,deterministic path rules,[]
docs/reference/runtime/events.mec,b11ddc62a0102237c16f7f94e6257f0b4584224b,100644,docs,docs,documentation,documentation,Mech/Mechdown,1070,25,15,True,False,,deterministic path rules,[]
docs/reference/runtime/index.mec,386a10d79e1ae200ea77184bed8f3fe69b775c92,100644,docs,docs,documentation,documentation,Mech/Mechdown,1043,25,18,True,False,,deterministic path rules,[]
docs/reference/runtime/module-manifests.mec,de7c3510b2e923b0a9468ba2af4bd43f1eb2d58a,100644,docs,docs,documentation,documentation,Mech/Mechdown,1012,21,13,True,False,,deterministic path rules,[]
docs/reference/runtime/runtime.mec,adcc025fb10ed60eeabd6b62c9ae13ed29721f0c,100644,docs,docs,documentation,documentation,Mech/Mechdown,1162,32,23,True,False,,deterministic path rules,[]
docs/reference/runtime/scheduler.mec,405ddaaad19829e4d4e4d84319cf59167835b95e,100644,docs,docs,documentation,documentation,Mech/Mechdown,1054,25,15,True,False,,deterministic path rules,[]
docs/reference/runtime/source-resolver.mec,24fa75a6c00ec048451af77beb1bc2d64a1a1f91,100644,docs,docs,documentation,documentation,Mech/Mechdown,1118,31,20,True,False,,deterministic path rules,[]
docs/reference/runtime/store.mec,65d6b1f9729e5592ec09942f0b1a2349f3e27008,100644,docs,docs,documentation,documentation,Mech/Mechdown,1031,32,22,True,False,,deterministic path rules,[]
docs/reference/set.mec,84a4dcae631fc4120b17a5c922ee5be9da7ccef4,100644,docs,docs,documentation,documentation,Mech/Mechdown,7841,265,182,True,False,,deterministic path rules,[]
docs/reference/state-machine.mec,01f54403450cbd32978eb59e5486a8bd2f5a7a2a,100644,docs,docs,documentation,documentation,Mech/Mechdown,4745,163,125,True,False,,deterministic path rules,[]
docs/reference/string.mec,f91ee457f7e571e963f69a7221a3f39378edc454,100644,docs,docs,documentation,documentation,Mech/Mechdown,3692,150,111,True,False,,deterministic path rules,[]
docs/reference/table.mec,1a226c186dc257817487bf311265eca9846c73d3,100644,docs,docs,documentation,documentation,Mech/Mechdown,9816,310,214,True,False,,deterministic path rules,[]
docs/reference/tuple.mec,8a1edfd9f3ddf07753baabd18e53679f1ef87825,100644,docs,docs,documentation,documentation,Mech/Mechdown,3226,143,99,True,False,,deterministic path rules,[]
docs/reference/validation.mec,c1905559ddb377cf79889a164274a414a8c6005e,100644,docs,docs,documentation,documentation,Mech/Mechdown,1329,45,33,True,False,,deterministic path rules,[]
docs/research/compute/gpu-artifact-lowering-findings.md,5d378acd9bcf5851cbfa2caf220c5486b8d3dda6,100644,docs,docs,documentation,documentation,Markdown,13716,264,207,False,False,,deterministic path rules,[]
docs/research/compute/mech-gpu-spike-readme.md,7923fc2756b4e3a24948919649762756bc185583,100644,docs,docs,documentation,documentation,Markdown,13833,253,212,False,False,,deterministic path rules,[]
docs/spec/bytecode-v1.md,a553a5cdb2b4311cee45d7db3b15eb5ca0a56f86,100644,docs,docs,documentation,documentation,Markdown,36739,706,598,False,False,,deterministic path rules,[]
docs/stdlib/index.mec,7765dc608b5ddf0aba6f9bf710c9ea7f87a1f1a6,100644,docs,docs,documentation,documentation,Mech/Mechdown,738,17,16,True,False,,deterministic path rules,[]
docs/stdlib/missing-functions.mec,0e2f8f443c958a57821b08a8813c566fdaf42801,100644,docs,docs,documentation,documentation,Mech/Mechdown,5469,224,211,True,False,,deterministic path rules,[]
docs/warning-cleanup-followups.md,f2cd556a5288f38c3e2e3351b9ed3a7248a09ac4,100644,docs,docs,documentation,documentation,Markdown,4904,101,74,False,False,,deterministic path rules,[]
docs/warning-cleanup-public-api-audit.md,da2462b376480673255afad4aa0cefb5ea45ec6b,100644,docs,docs,documentation,documentation,Markdown,5534,108,91,False,False,,deterministic path rules,[]
examples/.gitignore,edc7ce1afca1aa1cc6c00d902e51514b1cabce1c,100644,examples,examples,example,example,Other text,45,5,4,False,False,,deterministic path rules,[]
examples/.gitlab-ci.yml,e29e66eb84e28e607ed277e7bf6d92f6ea448404,100644,examples,examples,example,example,YAML,75,5,4,False,False,,deterministic path rules,[]
examples/README.md,599adf7a7c85d2b547767196204cd11e8a65f305,100644,examples,examples,example,example,Markdown,1028,17,11,False,False,,deterministic path rules,[]
examples/README.mec,29c054ceb1ac101fe3770c5a3bbfe106e87e0f53,100644,examples,examples,example,example,Mech/Mechdown,1464,58,41,True,False,,deterministic path rules,[]
examples/analog-clock/README.md,ddf77a1a272645b4542be2088b307b30c3e1ac52,100644,examples,examples,example,example,Markdown,684,22,16,False,False,,deterministic path rules,[]
examples/analog-clock/README.mec,6f2f11807953bd5f5ff13206a144c2d9aaf3ba0a,100644,examples,examples,example,example,Mech/Mechdown,460,16,11,True,False,,deterministic path rules,[]
examples/analog-clock/clock.css,290b310062d13105a4d32035a28f05a3d50f2af7,100644,examples,examples,example,example,CSS,382,14,13,True,False,,deterministic path rules,[]
examples/analog-clock/clock.mec,15d93f0e29a52f10c3a723e36ca7fde07c1498ee,100644,examples,examples,example,example,Mech/Mechdown,1345,34,26,True,False,,deterministic path rules,[]
examples/analog-clock/index.html,68cd330118a09005fccb14338d41e002801b6eb1,100644,examples,examples,example,example,HTML,1602,36,36,True,False,,deterministic path rules,[]
examples/analog-clock/mech.mcfg,3a028d5bf7513c41347496757e6cd8b1e78c6036,100644,examples,examples,example,example,Mech configuration,828,52,49,False,False,,deterministic path rules,[]
examples/aspirational/ekf.mec,f5ad389c92f981c57e65f57e3188693e97299d48,100644,examples,examples,example,example,Mech/Mechdown,4375,161,142,True,False,,deterministic path rules,[]
examples/aspirational/insertion-sort.mec,13020f18fee018dd8ce2aa579a140a8e5add5650,100644,examples,examples,example,example,Mech/Mechdown,2904,71,53,True,False,,deterministic path rules,[]
examples/aspirational/intersection.mec,4ea89b3f369124443cb921082497f4632b8efeb7,100644,examples,examples,example,example,Mech/Mechdown,1124,35,26,True,False,,deterministic path rules,[]
examples/aspirational/vending-machine.mec,14256b698bb562d41b294734a656d57798b6c5c1,100644,examples,examples,example,example,Mech/Mechdown,2214,79,63,True,False,,deterministic path rules,[]
examples/browser-dom-demo/README.md,f643e2dda3ff9eb1efe60cb8676ccb5bc0043b21,100644,examples,examples,example,example,Markdown,1020,17,11,False,False,,deterministic path rules,[]
examples/browser-dom-demo/README.mec,8fe7b5f53732a8fb9e9d3b2297eac5a81c9f0efa,100644,examples,examples,example,example,Mech/Mechdown,692,14,10,True,False,,deterministic path rules,[]
examples/browser-dom-demo/demo.mcfg,2eee46587f8905beb10577b1a5795cb2c4b196f2,100644,examples,examples,example,example,Mech configuration,1379,36,35,False,False,,deterministic path rules,[]
examples/browser-dom-demo/demo.mec,bf37ab22d617dddb68bd2b139a2bba1c178b9878,100644,examples,examples,example,example,Mech/Mechdown,466,11,9,True,False,,deterministic path rules,[]
examples/browser-dom-demo/index.html,97cdcf22e0991f9adb613f60b210408ce8fcc1bc,100644,examples,examples,example,example,HTML,1482,75,61,True,False,,deterministic path rules,[]
examples/ekf/localization.mec,e9f8b994e253b7d97785f0b064f80cac93cc0d39,100644,examples,examples,example,example,Mech/Mechdown,32242,504,400,True,False,,deterministic path rules,[]
examples/ekf/mech.mcfg,de42d28c7a3c6726878fb42dfe25dc2153032b86,100644,examples,examples,example,example,Mech configuration,1337,83,73,False,False,,deterministic path rules,[]
examples/gpu-particles/README.md,1834b90fc660621628d1afe22e6730a70bd80a77,100644,examples,examples,example,example,Markdown,7510,157,123,False,False,,deterministic path rules,[]
examples/gpu-particles/index.html,93a5e26e6db7edeee702e49e7677f98d26f6dae6,100644,examples,examples,example,example,HTML,1507,40,37,True,False,,deterministic path rules,[]
examples/gpu-particles/mech.mcfg,7875529bfa596d4fdce20eec34a6fe525d714553,100644,examples,examples,example,example,Mech configuration,862,50,43,False,False,,deterministic path rules,[]
examples/gpu-particles/particles.css,5a35ce9fd6141b39688a64e5ed34d3e68e55887e,100644,examples,examples,example,example,CSS,2485,139,120,True,False,,deterministic path rules,[]
examples/gpu-particles/particles.mec,c3ecf340c3337dd1507bd2855e7ee441e47a7ea7,100644,examples,examples,example,example,Mech/Mechdown,2216,53,45,True,False,,deterministic path rules,[]
examples/n-body/mech.mcfg,a0552b58660b3eb8f6b8c5df18bf938763d2e738,100644,examples,examples,example,example,Mech configuration,798,56,48,False,False,,deterministic path rules,[]
examples/n-body/n-body.mec,b9c88cc736709b1ee94306a26851d0f85c569e31,100644,examples,examples,example,example,Mech/Mechdown,18008,316,283,True,False,,deterministic path rules,[]
examples/resident-n-body/README.md,167d00927674dd9b5c955ceecdfef4595c003366,100644,examples,examples,example,example,Markdown,452,14,10,False,False,,deterministic path rules,[]
examples/resident-n-body/index.html,df877880ac85c584700fccc1d9f7f8a57d48506d,100644,examples,examples,example,example,HTML,570,25,24,True,False,,deterministic path rules,[]
examples/resident-n-body/mech.mcfg,1106fb73293da08172ba55df3490470ca2193176,100644,examples,examples,example,example,Mech configuration,824,53,47,False,False,,deterministic path rules,[]
examples/resident-n-body/n-body.css,ee5220e2920b9ccd47d5e25ce05eb3df1eb5af5e,100644,examples,examples,example,example,CSS,433,32,28,True,False,,deterministic path rules,[]
examples/resident-n-body/n-body.mec,4fb13a3723febc2e0a703008aa26bff982de5764,100644,examples,examples,example,example,Mech/Mechdown,3934,104,96,True,False,,deterministic path rules,[]
examples/transactional-integrity/README.md,c8f4ab7c1fab7324feb2dfff9ddcfb55a9d11dee,100644,examples,examples,example,example,Markdown,1145,44,32,False,False,,deterministic path rules,[]
examples/transactional-integrity/main.mec,006c2be505b72292d3728e36e2c9cff4f7ad9cd8,100644,examples,examples,example,example,Mech/Mechdown,142,5,4,True,False,,deterministic path rules,[]
examples/working/bubble-sort.mec,ed87b809973621c0f26a0d2aaa5652d8810e1cd0,100644,examples,examples,example,example,Mech/Mechdown,3028,78,54,True,False,,deterministic path rules,[]
examples/working/ekf.mec,fe82cdb07fc67f0119d9bedc3c8306bf36aa0f0c,100644,examples,examples,example,example,Mech/Mechdown,15147,243,163,True,False,,deterministic path rules,[]
examples/working/factorial.mec,8e8fd39af9c3eec65cd0ffae2c675395f4b681cb,100644,examples,examples,example,example,Mech/Mechdown,105,6,5,True,False,,deterministic path rules,[]
examples/working/fizzbuzz.mec,16c27b1b1de2bc368aad1e96a1b4db0dfd906295,100644,examples,examples,example,example,Mech/Mechdown,2404,61,44,True,False,,deterministic path rules,[]
examples/working/n-body.mec,3476ec2f689449782748660bafe225629d7ecc72,100644,examples,examples,example,example,Mech/Mechdown,10324,248,167,True,False,,deterministic path rules,[]
hosts/browser/Cargo.toml,2314b1b6f8713ea098bc6ef0bd888b522ed37559,100644,hosts/browser,hosts/browser,configuration,configuration,TOML,1126,30,27,False,False,,deterministic path rules,[]
hosts/browser/docs/clipboard.mec,633e1823ca335944987738f432108ccd023e91b3,100644,hosts/browser,hosts/browser,production,production,Mech/Mechdown,826,36,28,True,False,,deterministic path rules,[]
hosts/browser/docs/config.mec,8f25eceee66082540f9adf7c3f9a1d14487c2fe7,100644,hosts/browser,hosts/browser,production,production,Mech/Mechdown,962,36,30,True,False,,deterministic path rules,[]
hosts/browser/docs/delegation.mec,985ba5f8a42252af7bb9eb9977bdf63c6bbbcafa,100644,hosts/browser,hosts/browser,production,production,Mech/Mechdown,963,27,17,True,False,,deterministic path rules,[]
hosts/browser/docs/dom.mec,0a7a007e954c8bd873af29c251803dec00b379cb,100644,hosts/browser,hosts/browser,production,production,Mech/Mechdown,1001,36,28,True,False,,deterministic path rules,[]
hosts/browser/docs/examples.mec,6968a95255694aa2b6e6cc13e750d0767ff4fa8e,100644,hosts/browser,hosts/browser,production,production,Mech/Mechdown,789,28,19,True,False,,deterministic path rules,[]
hosts/browser/docs/host-config-injection.mec,abe88e8f459922988f4297d3bdd69c22e8b02fee,100644,hosts/browser,hosts/browser,production,production,Mech/Mechdown,1037,31,20,True,False,,deterministic path rules,[]
hosts/browser/docs/index.mec,7fc8e1330c4c795832405391f8a4b7fdaa44bffe,100644,hosts/browser,hosts/browser,production,production,Mech/Mechdown,1032,35,26,True,False,,deterministic path rules,[]
hosts/browser/docs/manifest.mec,8473362470be93056f6fd80270cce9a2e4e493ae,100644,hosts/browser,hosts/browser,production,production,Mech/Mechdown,847,40,27,True,False,,deterministic path rules,[]
hosts/browser/docs/network.mec,5219aebf01f1b3ac7f3138f363c7b0f881ff7695,100644,hosts/browser,hosts/browser,production,production,Mech/Mechdown,1015,43,35,True,False,,deterministic path rules,[]
hosts/browser/docs/storage.mec,878bd1e7cf677e229c21e96aeb24cdc107605cc6,100644,hosts/browser,hosts/browser,production,production,Mech/Mechdown,1261,45,37,True,False,,deterministic path rules,[]
hosts/browser/docs/wasm-api.mec,5fcaf01dfd0d4bb62685a8fac12b749cd2329c7f,100644,hosts/browser,hosts/browser,production,production,Mech/Mechdown,1090,30,20,True,False,,deterministic path rules,[]
hosts/browser/host.mcfg,89a7c21e65e80902f241a8eb037d158d073536f2,100644,hosts/browser,hosts/browser,configuration,configuration,Mech configuration,193,12,12,False,False,,deterministic path rules,[]
hosts/browser/src/authority/mod.rs,4f76369255b42c4d7aacf3b560c3184737d9085d,100644,hosts/browser,hosts/browser,production-mixed-tests,production-mixed-tests,Rust,41853,1297,1182,True,False,,deterministic path rules,['Embedded cfg(test): whole-file mixed attribution; excluded from pure-production subtotal.']
hosts/browser/src/config.rs,ae234e90448e1450d329ddf223c05ddf5fbe06a2,100644,hosts/browser,hosts/browser,production-mixed-tests,production-mixed-tests,Rust,75696,2408,2258,True,False,,deterministic path rules,['Embedded cfg(test): whole-file mixed attribution; excluded from pure-production subtotal.']
hosts/browser/src/delegation.rs,f0e9407cd10ee311ff67d327016bd2a092c80de3,100644,hosts/browser,hosts/browser,production-mixed-tests,production-mixed-tests,Rust,23340,624,583,True,False,,deterministic path rules,['Embedded cfg(test): whole-file mixed attribution; excluded from pure-production subtotal.']
hosts/browser/src/lib.rs,b55457bdeced0d4bf6215e3036d232747aec96ce,100644,hosts/browser,hosts/browser,production,production,Rust,520,27,20,True,False,,deterministic path rules,[]
hosts/browser/src/module.rs,2dcdf401ced0c72a9a2b2a6a973005297ca6a827,100644,hosts/browser,hosts/browser,production,production,Rust,599,18,17,True,False,,deterministic path rules,[]
hosts/browser/src/pointer.rs,a3866b25a322cafb003def09d37ebd3a72670e1f,100644,hosts/browser,hosts/browser,production-mixed-tests,production-mixed-tests,Rust,11027,347,324,True,False,,deterministic path rules,['Embedded cfg(test): whole-file mixed attribution; excluded from pure-production subtotal.']
hosts/browser/src/provider.rs,9f946091390431b1dcd2a16200debf31b64b1fd2,100644,hosts/browser,hosts/browser,production,production,Rust,13424,414,377,True,False,,deterministic path rules,[]
hosts/browser/tests/provider_compat.rs,f7725ee63b608d1a86b27b398e89933bc5bc2e5b,100644,hosts/browser,hosts/browser,test,test,Rust,7308,217,196,True,False,,deterministic path rules,[]
hosts/console/Cargo.toml,5ca28ee814544d66a47bf67f269a2e6636c8beb7,100644,hosts/console,hosts/console,configuration,configuration,TOML,943,25,22,False,False,,deterministic path rules,[]
hosts/console/host.mcfg,0e227d9a94237b406e7abc72c97cd54e669b4b12,100644,hosts/console,hosts/console,configuration,configuration,Mech configuration,191,12,12,False,False,,deterministic path rules,[]
hosts/console/src/browser.rs,546ccf85caaa6782092a0cf0a2991175bd03535e,100644,hosts/console,hosts/console,production,production,Rust,573,22,17,True,False,,deterministic path rules,[]
hosts/console/src/lib.rs,5dae04afe77d478851ee84ee143ddfa8748fe0c9,100644,hosts/console,hosts/console,production,production,Rust,1178,49,40,True,False,,deterministic path rules,[]
hosts/console/src/module.rs,96d3702f671b34525cd04f41bc770d3b58c97e2b,100644,hosts/console,hosts/console,production-mixed-tests,production-mixed-tests,Rust,885,28,26,True,False,,deterministic path rules,['Embedded cfg(test): whole-file mixed attribution; excluded from pure-production subtotal.']
hosts/console/src/native.rs,3f3a1ac3e445468982ff13e163a9a5c57a4456d2,100644,hosts/console,hosts/console,production,production,Rust,879,28,22,True,False,,deterministic path rules,[]
hosts/console/src/provider.rs,bf4e65b4bc3595115484290c1dd677b28d4f6109,100644,hosts/console,hosts/console,production,production,Rust,8360,264,236,True,False,,deterministic path rules,[]
hosts/console/tests/provider.rs,b444eeaafc4242b43cc1cf1f4c28292a5604a75a,100644,hosts/console,hosts/console,test,test,Rust,4690,137,126,True,False,,deterministic path rules,[]
hosts/gpu/Cargo.toml,c72b011f05720ab5228eb9741579b88c137a0e4b,100644,hosts/gpu,hosts/gpu,configuration,configuration,TOML,2946,77,68,False,False,,deterministic path rules,[]
hosts/gpu/README.md,9cd15e626b0e64fb6f048fe40891e8931a89c6e3,100644,hosts/gpu,hosts/gpu,documentation,documentation,Markdown,5013,104,86,False,False,,deterministic path rules,[]
hosts/gpu/examples/compute_backend_benchmark.rs,d61536941a329aaa9376168feae3ee5aaf25ef5c,100644,hosts/gpu,hosts/gpu,example,example,Rust,10316,300,277,True,False,,deterministic path rules,[]
hosts/gpu/examples/parallel_ekf_benchmark.rs,c99d9d8fcecb34d908a97ad3799266e186714ae7,100644,hosts/gpu,hosts/gpu,example,example,Rust,14826,410,386,True,False,,deterministic path rules,[]
hosts/gpu/examples/parallel_ekf_rust_scalar.rs,93142627c1274af4d84e95067726438e493d6b53,100644,hosts/gpu,hosts/gpu,example,example,Rust,6464,220,210,True,False,,deterministic path rules,[]
hosts/gpu/examples/particle_benchmark.rs,f7c655270704f32ee3b7aa715777c29f4cba7a3b,100644,hosts/gpu,hosts/gpu,example,example,Rust,9074,263,252,True,False,,deterministic path rules,[]
hosts/gpu/fixtures/ekf-kernel.mec,cb30868b8751df146b1893ddf9d12fff52386a7c,100644,hosts/gpu,hosts/gpu,fixture,fixture,Mech/Mechdown,5185,118,95,True,False,,deterministic path rules,[]
hosts/gpu/fixtures/particle-kernel.mec,01d2588031cffba9d4d8679e6a9332945225b431,100644,hosts/gpu,hosts/gpu,fixture,fixture,Mech/Mechdown,544,15,14,True,False,,deterministic path rules,[]
hosts/gpu/src/batched/jit.rs,9f3dde2a3beee67d8dcf187e905c2d3ef9d5d909,100644,hosts/gpu,hosts/gpu,production,production,Rust,28594,731,686,True,False,,deterministic path rules,[]
hosts/gpu/src/batched/mod.rs,0ce6d08c2f153f6acd5bc9b515a63b62c430ad29,100644,hosts/gpu,hosts/gpu,production-mixed-tests,production-mixed-tests,Rust,225915,5602,5401,True,False,,deterministic path rules,['Embedded cfg(test): whole-file mixed attribution; excluded from pure-production subtotal.']
hosts/gpu/src/compute_backends.rs,9cbd2ddae5d797359a7be00e716a0309604cc7b6,100644,hosts/gpu,hosts/gpu,production,production,Rust,41620,1250,1166,True,False,,deterministic path rules,[]
hosts/gpu/src/compute_provider.rs,46329c432438e3f4e647ef951469caafcaadd338,100644,hosts/gpu,hosts/gpu,production-mixed-tests,production-mixed-tests,Rust,100809,2782,2627,True,False,,deterministic path rules,['Embedded cfg(test): whole-file mixed attribution; excluded from pure-production subtotal.']
hosts/gpu/src/execution_plan.rs,174398f588372858e0d3c83da4a286224171b208,100644,hosts/gpu,hosts/gpu,production-mixed-tests,production-mixed-tests,Rust,34588,932,894,True,False,,deterministic path rules,['Embedded cfg(test): whole-file mixed attribution; excluded from pure-production subtotal.']
hosts/gpu/src/lib.rs,64f0201c5a0204dc8d160c65da25d0e188ab6eed,100644,hosts/gpu,hosts/gpu,production-mixed-tests,production-mixed-tests,Rust,80607,2196,2095,True,False,,deterministic path rules,['Embedded cfg(test): whole-file mixed attribution; excluded from pure-production subtotal.']
hosts/gpu/src/memory.rs,3f7afb30b16ce4f65c5a4c92a619ad80576ab8ad,100644,hosts/gpu,hosts/gpu,production-mixed-tests,production-mixed-tests,Rust,57834,1522,1436,True,False,,deterministic path rules,['Embedded cfg(test): whole-file mixed attribution; excluded from pure-production subtotal.']
hosts/gpu/src/native.rs,dec2329b87e446105ec2c4d7d3cc2db8fb7c18c4,100644,hosts/gpu,hosts/gpu,production-mixed-tests,production-mixed-tests,Rust,54242,1285,1244,True,False,,deterministic path rules,['Embedded cfg(test): whole-file mixed attribution; excluded from pure-production subtotal.']
hosts/gpu/tests/canonical_control.rs,09db41181071c7d1726bc713c5c4824cbd177bcd,100644,hosts/gpu,hosts/gpu,test,test,Rust,4274,108,104,True,False,,deterministic path rules,[]
hosts/gpu/tests/canonical_publication.rs,6d8473217a5e63c764ec3a83e3a010658705fd1e,100644,hosts/gpu,hosts/gpu,test,test,Rust,23503,599,574,True,False,,deterministic path rules,[]
hosts/gpu/tests/canonical_shipped_ekf.rs,dcb6e6fc4bb2d48d413aeeb2953dd72d5b6a5961,100644,hosts/gpu,hosts/gpu,test,test,Rust,4244,114,112,True,False,,deterministic path rules,[]
hosts/gpu/tests/memory_plan.rs,a660916459530621055e462df482715ea572d567,100644,hosts/gpu,hosts/gpu,test,test,Rust,9167,239,230,True,False,,deterministic path rules,[]
hosts/gpu/tests/memory_runtime.rs,8bff7cd253c3107c9c7ab5ac2639c428458da29e,100644,hosts/gpu,hosts/gpu,test,test,Rust,6875,189,176,True,False,,deterministic path rules,[]
hosts/gpu/tests/parallel_ekf.rs,8f7b06367d0533ec4cfdddece434e2ff462bef83,100644,hosts/gpu,hosts/gpu,test,test,Rust,61011,1625,1555,True,False,,deterministic path rules,[]
hosts/gpu/tests/particle_source.rs,09649203345a890c2b2052fc68b2f5f11385f7da,100644,hosts/gpu,hosts/gpu,test,test,Rust,54379,1427,1353,True,False,,deterministic path rules,[]
hosts/robot-arm/Cargo.toml,aee106a6f4aaa09841451e12697e91745a3376e0,100644,hosts/robot-arm,hosts/robot-arm,configuration,configuration,TOML,675,19,16,False,False,,deterministic path rules,[]
hosts/robot-arm/docs/commands.mec,18abb2ccf5c270bc75169ac38ba344ec64c49c4b,100644,hosts/robot-arm,hosts/robot-arm,production,production,Mech/Mechdown,878,33,24,True,False,,deterministic path rules,[]
hosts/robot-arm/docs/examples.mec,e1d9b7cc7138ecdc61aa7249684f4c7afc4f96e3,100644,hosts/robot-arm,hosts/robot-arm,production,production,Mech/Mechdown,799,36,26,True,False,,deterministic path rules,[]
hosts/robot-arm/docs/index.mec,d00c052ff5c6d876947af7b91280632bb8670717,100644,hosts/robot-arm,hosts/robot-arm,production,production,Mech/Mechdown,959,40,28,True,False,,deterministic path rules,[]
hosts/robot-arm/docs/manifest.mec,b4a23da6b4b891b7958e711ff50c5a05e51431b3,100644,hosts/robot-arm,hosts/robot-arm,production,production,Mech/Mechdown,956,39,28,True,False,,deterministic path rules,[]
hosts/robot-arm/docs/state.mec,d5c5692470c4535287df3140a6a0eff9416f69a2,100644,hosts/robot-arm,hosts/robot-arm,production,production,Mech/Mechdown,787,32,23,True,False,,deterministic path rules,[]
hosts/robot-arm/examples/README.md,a8749f54148c9cd418e79758a6a284048b2d9e9f,100644,hosts/robot-arm,hosts/robot-arm,example,example,Markdown,631,8,5,False,False,,deterministic path rules,[]
hosts/robot-arm/examples/browser-robot-arm-demo/demo.js,42c5bfdb788c585a20bb15a76b82ebb82cd8a111,100644,hosts/robot-arm,hosts/robot-arm,example,example,JavaScript,1829,65,56,True,False,,deterministic path rules,[]
hosts/robot-arm/examples/browser-robot-arm-demo/demo.mcfg,8fdb6437d981f83ae31e5186b060f51773e328b5,100644,hosts/robot-arm,hosts/robot-arm,example,example,Mech configuration,1453,48,48,False,False,,deterministic path rules,[]
hosts/robot-arm/examples/browser-robot-arm-demo/demo.mec,a69f89cf3bff0e9d9083c322018f0d0d07269382,100644,hosts/robot-arm,hosts/robot-arm,example,example,Mech/Mechdown,359,13,13,True,False,,deterministic path rules,[]
hosts/robot-arm/examples/robot-arm-demo/demo.mcfg,b075d9f7d00d01afc283446c91a060e6cc78a466,100644,hosts/robot-arm,hosts/robot-arm,example,example,Mech configuration,339,12,12,False,False,,deterministic path rules,[]
hosts/robot-arm/examples/robot-arm-demo/demo.mec,afa4cd0b0356c83ceb0a63675d1ff31ee7eebd96,100644,hosts/robot-arm,hosts/robot-arm,example,example,Mech/Mechdown,165,6,6,True,False,,deterministic path rules,[]
hosts/robot-arm/host.mcfg,065e8f9257576f3161e7ee6a6676a94d14301492,100644,hosts/robot-arm,hosts/robot-arm,configuration,configuration,Mech configuration,262,9,9,False,False,,deterministic path rules,[]
hosts/robot-arm/src/lib.rs,182ceda9fb2dbfdb9c25e27e748f54ed4d79e05f,100644,hosts/robot-arm,hosts/robot-arm,production,production,Rust,212,11,8,True,False,,deterministic path rules,[]
hosts/robot-arm/src/module.rs,867d71fd41d17c4788ab9ba702bb01ad027cfcf3,100644,hosts/robot-arm,hosts/robot-arm,production-mixed-tests,production-mixed-tests,Rust,1208,35,33,True,False,,deterministic path rules,['Embedded cfg(test): whole-file mixed attribution; excluded from pure-production subtotal.']
hosts/robot-arm/src/provider.rs,59b4f64b05edd1afc9fea29c38c7494caa922616,100644,hosts/robot-arm,hosts/robot-arm,production-mixed-tests,production-mixed-tests,Rust,19494,565,523,True,False,,deterministic path rules,['Embedded cfg(test): whole-file mixed attribution; excluded from pure-production subtotal.']
hosts/scene/Cargo.toml,fe7e07a939d5cce4d6b3b89042995ea47ab3483d,100644,hosts/scene,hosts/scene,configuration,configuration,TOML,1670,30,27,False,False,,deterministic path rules,[]
hosts/scene/host.mcfg,49c299077f7f4d56106b4a4fdc4b7d6dfea43401,100644,hosts/scene,hosts/scene,configuration,configuration,Mech configuration,193,12,12,False,False,,deterministic path rules,[]
hosts/scene/src/browser.rs,28678da6cbf0e18a8fd4ed0a38746c0d85df8187,100644,hosts/scene,hosts/scene,production-mixed-tests,production-mixed-tests,Rust,24454,684,658,True,False,,deterministic path rules,['Embedded cfg(test): whole-file mixed attribution; excluded from pure-production subtotal.']
hosts/scene/src/config.rs,fa379c305cd8884b910867408f581ded7842c7d1,100644,hosts/scene,hosts/scene,production,production,Rust,5236,150,144,True,False,,deterministic path rules,[]
hosts/scene/src/lib.rs,9486380a05a233f5e4dfaf8de94debf8b314aacd,100644,hosts/scene,hosts/scene,production,production,Rust,1370,52,44,True,False,,deterministic path rules,[]
hosts/scene/src/module.rs,2f62331377c7515948519f135dce56a9c51d842c,100644,hosts/scene,hosts/scene,production-mixed-tests,production-mixed-tests,Rust,893,28,26,True,False,,deterministic path rules,['Embedded cfg(test): whole-file mixed attribution; excluded from pure-production subtotal.']
hosts/scene/src/native.rs,33a02a9a395da08779ed98069f58b9cde1704d95,100644,hosts/scene,hosts/scene,production,production,Rust,3893,126,116,True,False,,deterministic path rules,[]
hosts/scene/src/provider.rs,d0b10bb3b998ed426d36f285ee37323fe344b64d,100644,hosts/scene,hosts/scene,production,production,Rust,18504,545,518,True,False,,deterministic path rules,[]
hosts/scene/src/schema.rs,1eb618cfaf12274b8b39eb0accf916fecaac9e8f,100644,hosts/scene,hosts/scene,production-mixed-tests,production-mixed-tests,Rust,41601,1202,1156,True,False,,deterministic path rules,['Embedded cfg(test): whole-file mixed attribution; excluded from pure-production subtotal.']
hosts/scene/tests/provider.rs,ba75d33ee0ef95ba03008b5b04fa4ddc6bcca6fe,100644,hosts/scene,hosts/scene,test,test,Rust,41635,1336,1259,True,False,,deterministic path rules,[]
hosts/terminal/Cargo.toml,b1a50a9376e4b9cf1923a0335d268305fead80c1,100644,hosts/terminal,hosts/terminal,configuration,configuration,TOML,854,27,23,False,False,,deterministic path rules,[]
hosts/terminal/docs/env.mec,288154e9d34d900f1f20cabd0115bc35a4ac8ff1,100644,hosts/terminal,hosts/terminal,production,production,Mech/Mechdown,601,28,18,True,False,,deterministic path rules,[]
hosts/terminal/docs/examples.mec,4ee00cfe73574b5ff9f01f83b7c160c27154b5d0,100644,hosts/terminal,hosts/terminal,production,production,Mech/Mechdown,904,42,28,True,False,,deterministic path rules,[]
hosts/terminal/docs/grants.mec,514e5b6f3912dc84de419ec3dc47d9ba20862672,100644,hosts/terminal,hosts/terminal,production,production,Mech/Mechdown,966,43,36,True,False,,deterministic path rules,[]
hosts/terminal/docs/index.mec,2e8f6cdda856f0712d1451a672df8416b7489cfe,100644,hosts/terminal,hosts/terminal,production,production,Mech/Mechdown,622,24,18,True,False,,deterministic path rules,[]
hosts/terminal/docs/manifest.mec,2f8621c4f2d33013662ab64be21eafca631a3f9f,100644,hosts/terminal,hosts/terminal,production,production,Mech/Mechdown,851,40,30,True,False,,deterministic path rules,[]
hosts/terminal/docs/stdout-stderr.mec,898dfcf2dfb7b859c4fc61741fb269064e8f139a,100644,hosts/terminal,hosts/terminal,production,production,Mech/Mechdown,717,27,19,True,False,,deterministic path rules,[]
hosts/terminal/host.mcfg,4aac6e7751ab8454ade4fa7a80ea1638081f9c43,100644,hosts/terminal,hosts/terminal,configuration,configuration,Mech configuration,312,10,10,False,False,,deterministic path rules,[]
hosts/terminal/src/lib.rs,f28d51004f781881e1dc6a827ec5f5435770e291,100644,hosts/terminal,hosts/terminal,production,production,Rust,213,12,8,True,False,,deterministic path rules,[]
hosts/terminal/src/module.rs,5f7a35ccb360773f4a153bc7dffbe143810d1619,100644,hosts/terminal,hosts/terminal,production-mixed-tests,production-mixed-tests,Rust,1439,41,38,True,False,,deterministic path rules,['Embedded cfg(test): whole-file mixed attribution; excluded from pure-production subtotal.']
hosts/terminal/src/provider.rs,a2706729892e92ba3f8db906bb8ea3a1e5e0bda7,100644,hosts/terminal,hosts/terminal,production,production,Rust,14002,419,385,True,False,,deterministic path rules,[]
hosts/terminal/tests/provider.rs,d06e7d0fee5e9f31c6e56188594a52178d619cd9,100644,hosts/terminal,hosts/terminal,test,test,Rust,13957,421,387,True,False,,deterministic path rules,[]
hosts/time/Cargo.toml,0eedf5f499657f62783940aa66f610d4c1b16f50,100644,hosts/time,hosts/time,configuration,configuration,TOML,1115,27,24,False,False,,deterministic path rules,[]
hosts/time/host.mcfg,20b6bef5f7ed59359dc6e328d1c3959553614a67,100644,hosts/time,hosts/time,configuration,configuration,Mech configuration,182,12,12,False,False,,deterministic path rules,[]
hosts/time/src/browser.rs,a7bcd4b2fbd42685ba8e16e43c5f77632d7487c3,100644,hosts/time,hosts/time,production,production,Rust,6827,238,221,True,False,,deterministic path rules,[]
hosts/time/src/config.rs,1874c48abc8df97267d81f5e1fe3d417262eb1aa,100644,hosts/time,hosts/time,production,production,Rust,1707,57,53,True,False,,deterministic path rules,[]
hosts/time/src/lib.rs,e610d6b7d4ae93f8f893e297b5b175e47e25ccf8,100644,hosts/time,hosts/time,production-mixed-tests,production-mixed-tests,Rust,10896,331,295,True,False,,deterministic path rules,['Embedded cfg(test): whole-file mixed attribution; excluded from pure-production subtotal.']
hosts/time/src/manual.rs,3913834ea7567edeaa7d4a922dce5529f2005599,100644,hosts/time,hosts/time,production,production,Rust,2935,98,88,True,False,,deterministic path rules,[]
hosts/time/src/module.rs,180c851a398445d3e873b4c33d23b1f906268b19,100644,hosts/time,hosts/time,production-mixed-tests,production-mixed-tests,Rust,867,28,26,True,False,,deterministic path rules,['Embedded cfg(test): whole-file mixed attribution; excluded from pure-production subtotal.']
hosts/time/src/native.rs,6adcd5c92af7978e086e026a8789a71eb1975916,100644,hosts/time,hosts/time,production-mixed-tests,production-mixed-tests,Rust,15001,487,445,True,False,,deterministic path rules,['Embedded cfg(test): whole-file mixed attribution; excluded from pure-production subtotal.']
hosts/time/src/provider.rs,abfeaeb819cd3e23d4d872e213c3aec6cff0c113,100644,hosts/time,hosts/time,production-mixed-tests,production-mixed-tests,Rust,4916,165,148,True,False,,deterministic path rules,['Embedded cfg(test): whole-file mixed attribution; excluded from pure-production subtotal.']
hosts/time/src/snapshot.rs,171a934edab0e8c3c50c7a64f601a95dd558e04c,100644,hosts/time,hosts/time,production,production,Rust,1717,56,47,True,False,,deterministic path rules,[]
hosts/timer/Cargo.toml,895bf84750f4b2a4ba3602e727608696281c8eea,100644,hosts/timer,hosts/timer,configuration,configuration,TOML,981,25,22,False,False,,deterministic path rules,[]
hosts/timer/host.mcfg,587971cfc3b1d507376dbc651d7db59cd71ad655,100644,hosts/timer,hosts/timer,configuration,configuration,Mech configuration,182,12,12,False,False,,deterministic path rules,[]
hosts/timer/src/browser.rs,ebcdc8b68e3857bb235c0150f9520c446908c618,100644,hosts/timer,hosts/timer,production-mixed-tests,production-mixed-tests,Rust,11266,331,317,True,False,,deterministic path rules,['Embedded cfg(test): whole-file mixed attribution; excluded from pure-production subtotal.']
hosts/timer/src/config.rs,03c960fdf9376e43f31c476f58225c2afadea6dd,100644,hosts/timer,hosts/timer,production,production,Rust,3219,97,92,True,False,,deterministic path rules,[]
hosts/timer/src/delivery.rs,f7f300f644b446de6ab8b34e866db10705f78016,100644,hosts/timer,hosts/timer,production-mixed-tests,production-mixed-tests,Rust,6293,186,172,True,False,,deterministic path rules,['Embedded cfg(test): whole-file mixed attribution; excluded from pure-production subtotal.']
hosts/timer/src/lib.rs,ab92bf0a8e861d0e218f0306ab68d8e3cad8ea78,100644,hosts/timer,hosts/timer,production,production,Rust,1535,57,49,True,False,,deterministic path rules,[]
hosts/timer/src/manual.rs,e2abc6e294d9a6e480143a1396d27e7f54648d71,100644,hosts/timer,hosts/timer,production-mixed-tests,production-mixed-tests,Rust,6580,221,208,True,False,,deterministic path rules,['Embedded cfg(test): whole-file mixed attribution; excluded from pure-production subtotal.']
hosts/timer/src/module.rs,9c48aa01de76f18820d7be0e45ab75df58cd3d59,100644,hosts/timer,hosts/timer,production-mixed-tests,production-mixed-tests,Rust,870,28,26,True,False,,deterministic path rules,['Embedded cfg(test): whole-file mixed attribution; excluded from pure-production subtotal.']
hosts/timer/src/native.rs,9e19820ecd9b2b6eb05baa8f2e055518fec1eae7,100644,hosts/timer,hosts/timer,production-mixed-tests,production-mixed-tests,Rust,23101,689,642,True,False,,deterministic path rules,['Embedded cfg(test): whole-file mixed attribution; excluded from pure-production subtotal.']
hosts/timer/src/provider.rs,8d2ba33c57a68de80544834d06bd5cdbcdd5af29,100644,hosts/timer,hosts/timer,production-mixed-tests,production-mixed-tests,Rust,7148,220,200,True,False,,deterministic path rules,['Embedded cfg(test): whole-file mixed attribution; excluded from pure-production subtotal.']
hosts/timer/src/scheduler.rs,4d3bd06430810f07fe78a5b8843313f5f7865386,100644,hosts/timer,hosts/timer,production-mixed-tests,production-mixed-tests,Rust,4950,177,158,True,False,,deterministic path rules,['Embedded cfg(test): whole-file mixed attribution; excluded from pure-production subtotal.']
hosts/timer/src/snapshot.rs,cb36f8d559fd315da986f975959cc91af6b0c4d7,100644,hosts/timer,hosts/timer,production,production,Rust,2307,78,68,True,False,,deterministic path rules,[]
hosts/timer/tests/timer.rs,76f8254be27e09c95e8c50f9e29bc091d4e4a37b,100644,hosts/timer,hosts/timer,test,test,Rust,13078,412,373,True,False,,deterministic path rules,[]
include/blog.css,2bdb25608b2e17981f4fb67be9040df9b195765a,100644,include,include,production,production,CSS,6370,314,263,True,False,,deterministic path rules,[]
include/blog.html,f37aa67e0c17c52b07d8b5ea798cf9710994b1a8,100644,include,include,production,production,HTML,5890,118,111,True,False,,deterministic path rules,[]
include/browser-compute.js,d33e8fe610c405dda27ae5a3733eebd6fbe3d410,100644,include,include,production,production,JavaScript,41067,1102,1048,True,False,,deterministic path rules,[]
include/docs.css,5722c1dd4e0e3e826b77745653b08229caa71d59,100644,include,include,production,production,CSS,3627,142,120,True,False,,deterministic path rules,[]
include/docs.html,3661841a762f1e4238d73ff7998be30622729331,100644,include,include,production,production,HTML,5750,114,109,True,False,,deterministic path rules,[]
include/document.js,c92e4b0e508b1fac55ee42bbd016740da327b1a5,100644,include,include,production,production,JavaScript,167227,4927,4715,True,False,,deterministic path rules,[]
include/index.html,4660eb66c5b4e4e7a4a4c5188186f8d6197a0105,100644,include,include,production,production,HTML,5543,110,105,True,False,,deterministic path rules,[]
include/mech-repl.css,eae16c11ad189583451e12c202e7f86a9669bb94,100644,include,include,production,production,CSS,33240,1131,991,True,False,,deterministic path rules,[]
include/mech-source.css,63f9d7803ffc6da14cf2ed3f51f19543c67489df,100644,include,include,production,production,CSS,65581,2112,1796,True,False,,deterministic path rules,[]
include/mechdown.css,61aca6b74f53c27df4741e9816e85942f1115656,100644,include,include,production,production,CSS,36131,1161,998,True,False,,deterministic path rules,[]
include/palette-lookbook.css,fa388ec15fcb3f5a3b825a943003a8b3846cb8a8,100644,include,include,production,production,CSS,27326,1438,1220,True,False,,deterministic path rules,[]
include/palette.css,81b6d35f97682808bcdb1bd0df405a193d03f72d,100644,include,include,production,production,CSS,8439,216,201,True,False,,deterministic path rules,[]
include/palette.html,6e87ca7285df093367ad54afc97c5288daa54392,100644,include,include,production,production,HTML,88251,659,605,True,False,,deterministic path rules,[]
include/project.html,588e42f058c6425ce9b557b55f195977bc93c174,100644,include,include,production,production,HTML,376,12,12,True,False,,deterministic path rules,[]
include/project.js,27bc4a9fdbba8c41422eeac16bb48c5288419bf6,100644,include,include,production,production,JavaScript,34673,971,923,True,False,,deterministic path rules,[]
include/static-project-admission.mjs,abfc03b20e6767da164098a4fb680cef1fbe86e1,100644,include,include,production,production,JavaScript,1477,31,30,True,False,,deterministic path rules,[]
include/static-project.js,c26663e7e2923ec2947e01a980a488a55e9fa525,100644,include,include,production,production,JavaScript,9843,264,247,True,False,,deterministic path rules,[]
include/style.css,923218aa24d93d77fbe689d0aafef28c1f68abb8,100644,include,include,production,production,CSS,22780,1205,1019,True,False,,deterministic path rules,[]
installer/mech-installer.iss,44df5332e44b21c7e593b7ee6e6751fcbcb2cdce,100644,installer,installer,build-tooling,build-tooling,Other text,3410,71,62,False,False,,deterministic path rules,[]
installer/mech.ico,a19add514c2e77ce43c500ccdc3940bad527eead,100644,installer,installer,build-tooling,build-tooling,Binary,32988,0,0,False,False,,deterministic path rules,[]
machines/combinatorics/.gitignore,b5db4eae27d4d1b71d208705dbeca49a5fe48842,100644,machines/combinatorics,machines/combinatorics,configuration,configuration,Other text,303,32,24,False,False,,deterministic path rules,[]
machines/combinatorics/.gitlab-ci.yml,af285e8e0c1659f63b7a8580e0428cf0d43e6755,100644,machines/combinatorics,machines/combinatorics,configuration,configuration,YAML,91,5,5,False,False,,deterministic path rules,[]
machines/combinatorics/Cargo.toml,6225f225b7335f5badd143f9179f1c2b2bc1c91f,100644,machines/combinatorics,machines/combinatorics,configuration,configuration,TOML,4160,114,102,False,False,,deterministic path rules,[]
machines/combinatorics/LICENSE,41c00c99942792057b7d84e2ba001fdd4f141831,100644,machines/combinatorics,machines/combinatorics,license,license,Other text,11344,201,169,False,False,,deterministic path rules,[]
machines/combinatorics/README.md,2d21f05c83f5e7691aa0a27fe3460b541e33699b,100644,machines/combinatorics,machines/combinatorics,documentation,documentation,Markdown,1625,38,26,False,False,,deterministic path rules,[]
machines/combinatorics/index.mec,767e404f2e7672f809aec302d9142afadf50c32d,100644,machines/combinatorics,machines/combinatorics,production,production,Mech/Mechdown,653,22,16,True,False,,deterministic path rules,[]
machines/combinatorics/src/catalog.rs,f3e500edaa256ab6406335087dbbe694c251addd,100644,machines/combinatorics,machines/combinatorics,production,production,Rust,7653,168,156,True,False,,deterministic path rules,[]
machines/combinatorics/src/dynamic_module.rs,cec0e2b58ca4d4742f8718a31dad62fedd620902,100644,machines/combinatorics,machines/combinatorics,production-mixed-tests,production-mixed-tests,Rust,4565,153,129,True,False,,deterministic path rules,['Embedded cfg(test): whole-file mixed attribution; excluded from pure-production subtotal.']
machines/combinatorics/src/kernels.rs,58e6dfcff1e1ad0cdd974f26574d766afcdef6a6,100644,machines/combinatorics,machines/combinatorics,production-mixed-tests,production-mixed-tests,Rust,2493,90,79,True,False,,deterministic path rules,['Embedded cfg(test): whole-file mixed attribution; excluded from pure-production subtotal.']
machines/combinatorics/src/lib.rs,c5d4a2a6660aa4febb54f51216571de253d1455d,100644,machines/combinatorics,machines/combinatorics,production,production,Rust,723,30,22,True,False,,deterministic path rules,[]
machines/combinatorics/src/n_choose_k.rs,b4342cbcd68595f5dbee4fadfe4b4d82de5bcd45,100644,machines/combinatorics,machines/combinatorics,production-mixed-tests,production-mixed-tests,Rust,42682,1216,1151,True,False,,deterministic path rules,['Embedded cfg(test): whole-file mixed attribution; excluded from pure-production subtotal.']
machines/compare/.gitignore,b5db4eae27d4d1b71d208705dbeca49a5fe48842,100644,machines/compare,machines/compare,configuration,configuration,Other text,303,32,24,False,False,,deterministic path rules,[]
machines/compare/.gitlab-ci.yml,af285e8e0c1659f63b7a8580e0428cf0d43e6755,100644,machines/compare,machines/compare,configuration,configuration,YAML,91,5,5,False,False,,deterministic path rules,[]
machines/compare/Cargo.toml,e22f1784462f70df47fe251dfd55991598b9daff,100644,machines/compare,machines/compare,configuration,configuration,TOML,3956,116,103,False,False,,deterministic path rules,[]
machines/compare/README.md,673827db5a94cdf1d5d9c8e64b5cac9ba3c04c35,100644,machines/compare,machines/compare,documentation,documentation,Markdown,1562,32,22,False,False,,deterministic path rules,[]
machines/compare/index.mec,a5f5e65c1cd524ccc7e2f32cce69ed8ba49cd771,100644,machines/compare,machines/compare,production,production,Mech/Mechdown,732,27,21,True,False,,deterministic path rules,[]
machines/compare/src/catalog.rs,4430d067c68e716863e68147e6688717df43277c,100644,machines/compare,machines/compare,production,production,Rust,18979,541,510,True,False,,deterministic path rules,[]
machines/compare/src/eq.rs,f89a19a60ca796f3d8cf5a5e01775b0e3f3923a1,100644,machines/compare,machines/compare,production,production,Rust,32010,963,923,True,False,,deterministic path rules,[]
machines/compare/src/gt.rs,7ec5bb9d59eaf96aeee075ab76674f2806162505,100644,machines/compare,machines/compare,production,production,Rust,6074,177,166,True,False,,deterministic path rules,[]
machines/compare/src/gte.rs,9984bb8ecab763303ad65e98ff0a514b6bd906a5,100644,machines/compare,machines/compare,production,production,Rust,6106,177,166,True,False,,deterministic path rules,[]
machines/compare/src/lib.rs,8ca996c1d98a7e7281ce0a55b7cb5b92e9d63896,100644,machines/compare,machines/compare,production,production,Rust,39702,1049,1005,True,False,,deterministic path rules,[]
machines/compare/src/lt.rs,7e43cd63c751beb56e9af517c020c55eb737724a,100644,machines/compare,machines/compare,production,production,Rust,6245,184,173,True,False,,deterministic path rules,[]
machines/compare/src/lte.rs,a305ef8d6629976ae38d7aa82b24f25a7f010c64,100644,machines/compare,machines/compare,production,production,Rust,6100,177,166,True,False,,deterministic path rules,[]
machines/compare/src/max.rs,1826dd92959b0f557143d2082d67928e7ce88920,100644,machines/compare,machines/compare,production,production,Rust,9100,269,258,True,False,,deterministic path rules,[]
machines/compare/src/min.rs,75c57eb9aa8a38aca9f4f5ead6455d0c4d46d23d,100644,machines/compare,machines/compare,production,production,Rust,9337,276,265,True,False,,deterministic path rules,[]
machines/compare/src/neq.rs,76a23eccd1243410fca48508bf3ad8060b7d8287,100644,machines/compare,machines/compare,production,production,Rust,13046,416,395,True,False,,deterministic path rules,[]
machines/compare/src/seq.rs,4c3b56e164ca9f82e1ebdef7cfef3db2432ac32a,100644,machines/compare,machines/compare,production,production,Rust,8241,239,219,True,False,,deterministic path rules,[]
machines/compare/src/sneq.rs,58ae1fb194973445846433f2379261eee839f2fe,100644,machines/compare,machines/compare,production,production,Rust,3705,106,96,True,False,,deterministic path rules,[]
machines/logic/.gitignore,b5db4eae27d4d1b71d208705dbeca49a5fe48842,100644,machines/logic,machines/logic,configuration,configuration,Other text,303,32,24,False,False,,deterministic path rules,[]
machines/logic/.gitlab-ci.yml,af285e8e0c1659f63b7a8580e0428cf0d43e6755,100644,machines/logic,machines/logic,configuration,configuration,YAML,91,5,5,False,False,,deterministic path rules,[]
machines/logic/Cargo.toml,4a398961c2b81cd1a7cfad9c9308b2aaccd99a1d,100644,machines/logic,machines/logic,configuration,configuration,TOML,2497,75,66,False,False,,deterministic path rules,[]
machines/logic/README.md,7474c3da7aca9abf925e5b678b699ede575e09bb,100644,machines/logic,machines/logic,documentation,documentation,Markdown,1547,32,22,False,False,,deterministic path rules,[]
machines/logic/index.mec,fb5c0d8dfb4f2f5ac74cccb122b8b21947a1bb38,100644,machines/logic,machines/logic,production,production,Mech/Mechdown,690,25,19,True,False,,deterministic path rules,[]
machines/logic/src/and.rs,dbb96b2a97d0d14cb80f3061eeb8365c30a69718,100644,machines/logic,machines/logic,production,production,Rust,1907,76,65,True,False,,deterministic path rules,[]
machines/logic/src/catalog.rs,f0f6aaf99c8a4378660c4855cd3301e17d2d605a,100644,machines/logic,machines/logic,production,production,Rust,13542,342,322,True,False,,deterministic path rules,[]
machines/logic/src/lib.rs,a1f3e8d2b1e48d23cc43a223bc3e2df3bac94a71,100644,machines/logic,machines/logic,production,production,Rust,30499,870,835,True,False,,deterministic path rules,[]
machines/logic/src/not.rs,5d820973b2db0bd3bcd58b6ada0c80ad78948ae4,100644,machines/logic,machines/logic,production,production,Rust,8763,263,238,True,False,,deterministic path rules,[]
machines/logic/src/or.rs,d8e0003336a54a2152dccb9b0a2276e540511258,100644,machines/logic,machines/logic,production,production,Rust,1892,76,65,True,False,,deterministic path rules,[]
machines/logic/src/xor.rs,3a3d3e9abc43d9d9882e2269f587d1d8ca93cb9a,100644,machines/logic,machines/logic,production,production,Rust,1900,76,65,True,False,,deterministic path rules,[]
machines/math/.gitignore,b5db4eae27d4d1b71d208705dbeca49a5fe48842,100644,machines/math,machines/math,configuration,configuration,Other text,303,32,24,False,False,,deterministic path rules,[]
machines/math/.gitlab-ci.yml,af285e8e0c1659f63b7a8580e0428cf0d43e6755,100644,machines/math,machines/math,configuration,configuration,YAML,91,5,5,False,False,,deterministic path rules,[]
machines/math/Cargo.toml,7da3b5234bcefc6c18b21fd5109b8dcf1d358632,100644,machines/math,machines/math,configuration,configuration,TOML,7334,209,186,False,False,,deterministic path rules,[]
machines/math/LICENSE,41c00c99942792057b7d84e2ba001fdd4f141831,100644,machines/math,machines/math,license,license,Other text,11344,201,169,False,False,,deterministic path rules,[]
machines/math/README.md,f4d51918be40800d57269c137012b1a559d05cea,100644,machines/math,machines/math,documentation,documentation,Markdown,1544,32,22,False,False,,deterministic path rules,[]
machines/math/docs/arithmetic/abs.mec,20a87632fc99da2e4f2bbc36559afc2491c42b26,100644,machines/math,machines/math,production,production,Mech/Mechdown,2269,69,46,True,False,,deterministic path rules,[]
machines/math/docs/arithmetic/copysign.mec,c0019f687f39687553e91dfa4d285f424700b954,100644,machines/math,machines/math,production,production,Mech/Mechdown,2419,74,53,True,False,,deterministic path rules,[]
machines/math/docs/arithmetic/fdim.mec,a6f56ee940858e5177ee05f4b990e0c035a7d4c5,100644,machines/math,machines/math,production,production,Mech/Mechdown,2315,79,54,True,False,,deterministic path rules,[]
machines/math/docs/arithmetic/fmod.mec,2ac216a4c898347072a2bc6862d6a0c03cb8b1a8,100644,machines/math,machines/math,production,production,Mech/Mechdown,2143,72,50,True,False,,deterministic path rules,[]
machines/math/docs/arithmetic/nextafter.mec,a681d34c4885e7a0170459b165f0dea0892d97de,100644,machines/math,machines/math,production,production,Mech/Mechdown,2800,77,60,True,False,,deterministic path rules,[]
machines/math/docs/arithmetic/remainder.mec,6a66b7b21aa0eedfabce43c7db7bdbc4b37b4b27,100644,machines/math,machines/math,production,production,Mech/Mechdown,2710,70,61,True,False,,deterministic path rules,[]
machines/math/docs/bessel/j0.mec,13023c82419aaea2826468f9897fe45aa041a7ae,100644,machines/math,machines/math,production,production,Mech/Mechdown,2098,70,48,True,False,,deterministic path rules,[]
machines/math/docs/bessel/j1.mec,d3ace6638c5da93d23fc068a848965471872fd7e,100644,machines/math,machines/math,production,production,Mech/Mechdown,2067,70,48,True,False,,deterministic path rules,[]
machines/math/docs/bessel/jn.mec,f386852ec18a3ee9cda18161e4d4945374d0137b,100644,machines/math,machines/math,production,production,Mech/Mechdown,2360,70,48,True,False,,deterministic path rules,[]
machines/math/docs/bessel/y0.mec,daf1150d56968a11b14c77ef358f24b79a977e46,100644,machines/math,machines/math,production,production,Mech/Mechdown,2358,67,45,True,False,,deterministic path rules,[]
machines/math/docs/bessel/y1.mec,9c4d2e8cad605285cd6e4f67addc0f6beb7316bb,100644,machines/math,machines/math,production,production,Mech/Mechdown,2360,67,45,True,False,,deterministic path rules,[]
machines/math/docs/bessel/yn.mec,4a3dd20d6a21ba190b0bc0d751dc57190e227426,100644,machines/math,machines/math,production,production,Mech/Mechdown,2854,81,56,True,False,,deterministic path rules,[]
machines/math/docs/exponential/exp.mec,e576c7e83b665b785018df2d201db4fb677fe640,100644,machines/math,machines/math,production,production,Mech/Mechdown,2616,75,54,True,False,,deterministic path rules,[]
machines/math/docs/exponential/exp10.mec,ea186d41d866dbee51b4ea22e9f854dea4e944d1,100644,machines/math,machines/math,production,production,Mech/Mechdown,2462,79,52,True,False,,deterministic path rules,[]
machines/math/docs/exponential/exp2.mec,0fdb91d37508b0707a63ece013ee12cac6e97c27,100644,machines/math,machines/math,production,production,Mech/Mechdown,2437,79,52,True,False,,deterministic path rules,[]
machines/math/docs/exponential/expm1.mec,143085eadbef85fcd9a9980a71a2aa4376990591,100644,machines/math,machines/math,production,production,Mech/Mechdown,2130,70,49,True,False,,deterministic path rules,[]
machines/math/docs/gamma/lgamma.mec,f1ed99044fdc1ec579f7dcb5fddd80e071dc497f,100644,machines/math,machines/math,production,production,Mech/Mechdown,3496,94,65,True,False,,deterministic path rules,[]
machines/math/docs/gamma/tgamma.mec,c0608d07b8cbf652c47221768ed40e25c6d93dce,100644,machines/math,machines/math,production,production,Mech/Mechdown,3232,93,63,True,False,,deterministic path rules,[]
machines/math/docs/index.mec,6fdd9804c55b46c051cf2b0973625c6c4a84c178,100644,machines/math,machines/math,production,production,Mech/Mechdown,10188,167,123,True,False,,deterministic path rules,[]
machines/math/docs/log/log.mec,5a515f5f301e28116826746b34aef23d416f7767,100644,machines/math,machines/math,production,production,Mech/Mechdown,2580,90,61,True,False,,deterministic path rules,[]
machines/math/docs/log/log10.mec,bd7ef8b41fc9ba1d46b28f1cc5db477c970fe9be,100644,machines/math,machines/math,production,production,Mech/Mechdown,2217,78,55,True,False,,deterministic path rules,[]
machines/math/docs/log/log1p.mec,c512d0e0c9aaad914a4be6c44710c634d3ea0348,100644,machines/math,machines/math,production,production,Mech/Mechdown,2967,100,69,True,False,,deterministic path rules,[]
machines/math/docs/log/log2.mec,cac1028c8911c49f25b05987439116c65ac08d97,100644,machines/math,machines/math,production,production,Mech/Mechdown,2178,78,55,True,False,,deterministic path rules,[]
machines/math/docs/op_assign/add_assign.mec,aec97d9c426b982045e4f59b153633907376272d,100644,machines/math,machines/math,production,production,Mech/Mechdown,4662,148,104,True,False,,deterministic path rules,[]
machines/math/docs/op_assign/div_assign.mec,08de35ee9a3d7ad2a217944da59172a5291d4395,100644,machines/math,machines/math,production,production,Mech/Mechdown,5002,150,109,True,False,,deterministic path rules,[]
machines/math/docs/op_assign/mul_assign.mec,ff41b28204d36cb44bd9ecc4e573acf0ca978320,100644,machines/math,machines/math,production,production,Mech/Mechdown,3745,85,56,True,False,,deterministic path rules,[]
machines/math/docs/op_assign/sub_assign.mec,2eb7e15a011d2e0752ef12f23f2af62c8f07a2f2,100644,machines/math,machines/math,production,production,Mech/Mechdown,2651,89,63,True,False,,deterministic path rules,[]
machines/math/docs/ops/add.mec,5397049d01b35c604c88196f2ecef24b3d3d2116,100644,machines/math,machines/math,production,production,Mech/Mechdown,4316,112,78,True,False,,deterministic path rules,[]
machines/math/docs/ops/div.mec,ceda507c4488408d650aa1fb5375ef2a2cc47915,100644,machines/math,machines/math,production,production,Mech/Mechdown,3995,114,80,True,False,,deterministic path rules,[]
machines/math/docs/ops/exp.mec,ad8930286bc60900c165060d6dd08f71e7594b89,100644,machines/math,machines/math,production,production,Mech/Mechdown,4899,122,87,True,False,,deterministic path rules,[]
machines/math/docs/ops/modulus.mec,56e36ba937c35ebb245c112b42849143cd51f734,100644,machines/math,machines/math,production,production,Mech/Mechdown,4271,119,84,True,False,,deterministic path rules,[]
machines/math/docs/ops/mul.mec,70c66d4bebe76d16893afa1a95fd53add611fd3b,100644,machines/math,machines/math,production,production,Mech/Mechdown,4359,114,79,True,False,,deterministic path rules,[]
machines/math/docs/ops/negate.mec,ea83fb16fdaf1297afd9ae54a1138787046f18d5,100644,machines/math,machines/math,production,production,Mech/Mechdown,3144,83,57,True,False,,deterministic path rules,[]
machines/math/docs/ops/pow.mec,74b932259cd54789bfda4fa1ba2b44b4c0dddab7,100644,machines/math,machines/math,production,production,Mech/Mechdown,1870,65,46,True,False,,deterministic path rules,[]
machines/math/docs/ops/sub.mec,4635a52d9a7eb5a30a7d995aa8f507cc02f2cc72,100644,machines/math,machines/math,production,production,Mech/Mechdown,4145,113,79,True,False,,deterministic path rules,[]
machines/math/docs/root/cbrt.mec,8eb3380e7efd696be95f7619f259e55a936c2a5d,100644,machines/math,machines/math,production,production,Mech/Mechdown,2512,72,48,True,False,,deterministic path rules,[]
machines/math/docs/root/sqrt.mec,b0106bc730dbdd9db0138db0241a3ece7f7497dd,100644,machines/math,machines/math,production,production,Mech/Mechdown,2116,77,54,True,False,,deterministic path rules,[]
machines/math/docs/rounding/ceil.mec,47c1a322ce386fce7597b82bf06e262da9375852,100644,machines/math,machines/math,production,production,Mech/Mechdown,2287,77,51,True,False,,deterministic path rules,[]
machines/math/docs/rounding/floor.mec,4de20100a7c422b79e4b8f25ae99a02c5bde92ad,100644,machines/math,machines/math,production,production,Mech/Mechdown,2483,82,58,True,False,,deterministic path rules,[]
machines/math/docs/rounding/rint.mec,4f347259a12ddebf86993fdaf00d1d907b27098c,100644,machines/math,machines/math,production,production,Mech/Mechdown,2581,81,58,True,False,,deterministic path rules,[]
machines/math/docs/rounding/round.mec,3bc08d61d672c2321eccbe25e78bf4039e8affc4,100644,machines/math,machines/math,production,production,Mech/Mechdown,2521,85,60,True,False,,deterministic path rules,[]
machines/math/docs/rounding/roundeven.mec,64429e8a334b1056744a5a837ee6ba478b9233e7,100644,machines/math,machines/math,production,production,Mech/Mechdown,2714,89,64,True,False,,deterministic path rules,[]
machines/math/docs/rounding/trunc.mec,8e9012aaa2a918e6c6400a329d79fc53bb38d5b2,100644,machines/math,machines/math,production,production,Mech/Mechdown,2484,85,60,True,False,,deterministic path rules,[]
machines/math/docs/stat_error/erf.mec,cb1527849e32683f4e1be3e839f9285a4ba9f0f6,100644,machines/math,machines/math,production,production,Mech/Mechdown,2701,89,59,True,False,,deterministic path rules,[]
machines/math/docs/stat_error/erfc.mec,2eef430e73d570e2d01b6be472fa887ae6322dab,100644,machines/math,machines/math,production,production,Mech/Mechdown,2321,74,49,True,False,,deterministic path rules,[]
machines/math/docs/trig/acos.mec,c623fe5a361178a6cf160aff01d592858e66d7f0,100644,machines/math,machines/math,production,production,Mech/Mechdown,2679,79,52,True,False,,deterministic path rules,[]
machines/math/docs/trig/acosh.mec,f0ad70c48613562a321cc29ef3741aec26f79270,100644,machines/math,machines/math,production,production,Mech/Mechdown,2520,77,51,True,False,,deterministic path rules,[]
machines/math/docs/trig/acot.mec,cbee784578be6944b0173c0e913c5fae295733d4,100644,machines/math,machines/math,production,production,Mech/Mechdown,2530,83,54,True,False,,deterministic path rules,[]
machines/math/docs/trig/acsc.mec,e522e69613e5797a11e5c9a1924d933804bb3865,100644,machines/math,machines/math,production,production,Mech/Mechdown,2562,83,54,True,False,,deterministic path rules,[]
machines/math/docs/trig/asec.mec,bebb47920cfc2f48586334e31abdb74821d624f2,100644,machines/math,machines/math,production,production,Mech/Mechdown,2582,87,56,True,False,,deterministic path rules,[]
machines/math/docs/trig/asin.mec,f79d55cbc169ef0c8def5bf528092b65cb713788,100644,machines/math,machines/math,production,production,Mech/Mechdown,2663,79,52,True,False,,deterministic path rules,[]
machines/math/docs/trig/asinh.mec,55cd173565db31181e1dffd1a31eddaf033d3d09,100644,machines/math,machines/math,production,production,Mech/Mechdown,2251,67,45,True,False,,deterministic path rules,[]
machines/math/docs/trig/atan.mec,206073d23431934da181e57d9fea9be08aa4a5d4,100644,machines/math,machines/math,production,production,Mech/Mechdown,2378,68,45,True,False,,deterministic path rules,[]
machines/math/docs/trig/atan2.mec,a50c0be35fe8853e294d7a6d4645b2755cf40fc4,100644,machines/math,machines/math,production,production,Mech/Mechdown,2469,73,51,True,False,,deterministic path rules,[]
machines/math/docs/trig/atanh.mec,c8318d7f9dd053c79d7d43ec76a1a51784642f6d,100644,machines/math,machines/math,production,production,Mech/Mechdown,2082,68,47,True,False,,deterministic path rules,[]
machines/math/docs/trig/cos.mec,f5d6af40059109261c7807b63509501401d869cc,100644,machines/math,machines/math,production,production,Mech/Mechdown,2655,77,51,True,False,,deterministic path rules,[]
machines/math/docs/trig/cosh.mec,78ed5ab85bc340688acf19f874c758e4ee1acb92,100644,machines/math,machines/math,production,production,Mech/Mechdown,2395,66,44,True,False,,deterministic path rules,[]
machines/math/docs/trig/cot.mec,415e6bff51bd9b4b068ca1a4e7c4acdd3d7e1ff0,100644,machines/math,machines/math,production,production,Mech/Mechdown,2559,77,51,True,False,,deterministic path rules,[]
machines/math/docs/trig/csc.mec,70e32b62f19b81c6d9d6d47e2fc51d2d27c0c818,100644,machines/math,machines/math,production,production,Mech/Mechdown,2522,77,51,True,False,,deterministic path rules,[]
machines/math/docs/trig/sec.mec,352a7286fe1d8eda2d380b38cb2e6aab63831ab9,100644,machines/math,machines/math,production,production,Mech/Mechdown,2509,77,51,True,False,,deterministic path rules,[]
machines/math/docs/trig/sin.mec,01ba06481a8e01627bb06d4bfe223e4c6ef85bcc,100644,machines/math,machines/math,production,production,Mech/Mechdown,2634,77,51,True,False,,deterministic path rules,[]
machines/math/docs/trig/sinh.mec,c03bbb2d133ee0f6438cee11695d374e6b70b8b9,100644,machines/math,machines/math,production,production,Mech/Mechdown,2347,66,44,True,False,,deterministic path rules,[]
machines/math/docs/trig/tan.mec,b922f550b3d5054f600cae1ec02035096c9488a5,100644,machines/math,machines/math,production,production,Mech/Mechdown,2665,77,51,True,False,,deterministic path rules,[]
machines/math/docs/trig/tanh.mec,3b560d8d99f7cc106497df2884ee3348dd8e8032,100644,machines/math,machines/math,production,production,Mech/Mechdown,2366,66,44,True,False,,deterministic path rules,[]
machines/math/index.mec,67ea19ed7b1b4a7d7b90313594dd9e352c171a09,100644,machines/math,machines/math,production,production,Mech/Mechdown,1292,70,53,True,False,,deterministic path rules,[]
machines/math/src/arithmetic/abs.rs,73cc9642dee6f9599b408711e847164a4ca96d75,100644,machines/math,machines/math,production,production,Rust,7658,266,240,True,False,,deterministic path rules,[]
machines/math/src/arithmetic/copysign.rs,6cd994f2ab047dfd590e15e83e7ce5986ae0579e,100644,machines/math,machines/math,production,production,Rust,1057,44,37,True,False,,deterministic path rules,[]
machines/math/src/arithmetic/fdim.rs,4bd49077349d1d5fb99ab916e1d193fb3429615f,100644,machines/math,machines/math,production,production,Rust,977,44,37,True,False,,deterministic path rules,[]
machines/math/src/arithmetic/fmod.rs,c74f90d21f2c42511d5a1b85b0d7788c6653fd5c,100644,machines/math,machines/math,production,production,Rust,977,44,37,True,False,,deterministic path rules,[]
machines/math/src/arithmetic/mod.rs,5289ceb182872bc0daa4ddd9267e4ef3cffd257a,100644,machines/math,machines/math,production,production,Rust,743,26,25,True,False,,deterministic path rules,[]
machines/math/src/arithmetic/nextafter.rs,a2bd8d6f7a64fea5fd49faef6a77465da2697adc,100644,machines/math,machines/math,production,production,Rust,1077,44,37,True,False,,deterministic path rules,[]
machines/math/src/arithmetic/remainder.rs,7fb6a634f517135476d91ec085ecd21897743627,100644,machines/math,machines/math,production,production,Rust,1077,44,37,True,False,,deterministic path rules,[]
machines/math/src/bessel/j0.rs,349d7de51619656db45f1004412af2640120c607,100644,machines/math,machines/math,production,production,Rust,483,23,18,True,False,,deterministic path rules,[]
machines/math/src/bessel/j1.rs,8fd6d0f94b6c7370760b791caffd87af8346f42d,100644,machines/math,machines/math,production,production,Rust,483,23,18,True,False,,deterministic path rules,[]
machines/math/src/bessel/jn.rs,93ded46f1e729e48058e3e1dc8ef8804e87fcfc0,100644,machines/math,machines/math,production,production,Rust,965,44,37,True,False,,deterministic path rules,[]
machines/math/src/bessel/mod.rs,4148c82d5488f6eca47f535d3faee1aa5c49f4fa,100644,machines/math,machines/math,production,production,Rust,643,26,25,True,False,,deterministic path rules,[]
machines/math/src/bessel/y0.rs,ad950d0c24dac205db12db5927ec7b6313a1d55c,100644,machines/math,machines/math,production,production,Rust,483,23,18,True,False,,deterministic path rules,[]
machines/math/src/bessel/y1.rs,0dfba3652f7cd883fe7a2efd9cd53d5a4b4ffe88,100644,machines/math,machines/math,production,production,Rust,483,23,18,True,False,,deterministic path rules,[]
machines/math/src/bessel/yn.rs,c173a60be97d6e93f56026ac7b0542fa9d23cb19,100644,machines/math,machines/math,production,production,Rust,965,44,37,True,False,,deterministic path rules,[]
machines/math/src/catalog.rs,bee8f8d975a9d6fed1717c08f0875181863892d5,100644,machines/math,machines/math,production-mixed-tests,production-mixed-tests,Rust,125076,2940,2784,True,False,,deterministic path rules,['Embedded cfg(test): whole-file mixed attribution; excluded from pure-production subtotal.']
machines/math/src/dynamic_module.rs,dfb22f99dedae8774f999a4b68cf833313574d29,100644,machines/math,machines/math,production-mixed-tests,production-mixed-tests,Rust,23389,758,663,True,False,,deterministic path rules,['Embedded cfg(test): whole-file mixed attribution; excluded from pure-production subtotal.']
machines/math/src/float_binary_identity_tests.rs,21089be095e4e17bc0cb1f9ce24ff978666c8bb1,100644,machines/math,machines/math,production,production,Rust,9827,245,240,True,False,,deterministic path rules,[]
machines/math/src/gamma/lgamma.rs,8dc0e3a4255ff448e9bfc26e184eb40bae1fe62b,100644,machines/math,machines/math,production,production,Rust,532,23,18,True,False,,deterministic path rules,[]
machines/math/src/gamma/mod.rs,7945895e699f85635e71f1ed9de048be07da7be3,100644,machines/math,machines/math,production,production,Rust,259,10,9,True,False,,deterministic path rules,[]
machines/math/src/gamma/tgamma.rs,0c6aa1970e811cd850533a6222ebadecece94012,100644,machines/math,machines/math,production,production,Rust,532,23,18,True,False,,deterministic path rules,[]
machines/math/src/kernels.rs,b9c1357a497d6227a37503ee43085199d9e0d550,100644,machines/math,machines/math,production,production,Rust,1498,40,36,True,False,,deterministic path rules,[]
machines/math/src/lib.rs,4d81b258ceec92b9a465da81d6d926e078bd7e62,100644,machines/math,machines/math,production,production,Rust,30625,855,809,True,False,,deterministic path rules,[]
machines/math/src/logarithm/log.rs,836caf5cb4ea3ec6cda244386c01c2f1e2a9da46,100644,machines/math,machines/math,production,production,Rust,490,23,18,True,False,,deterministic path rules,[]
machines/math/src/logarithm/log10.rs,428d63440605638cfc2e7780fbeb34ea7534816e,100644,machines/math,machines/math,production,production,Rust,518,23,18,True,False,,deterministic path rules,[]
machines/math/src/logarithm/log1p.rs,3a0a536be6211311859ead7f9c5fd8d3184636f6,100644,machines/math,machines/math,production,production,Rust,518,23,18,True,False,,deterministic path rules,[]
machines/math/src/logarithm/log2.rs,c8d600c0d9a99f99e48bee8c98a3bb850c3dd626,100644,machines/math,machines/math,production,production,Rust,504,23,18,True,False,,deterministic path rules,[]
machines/math/src/logarithm/mod.rs,0157b42b4f04654645cb2a8ff96a39b16bbaa23a,100644,machines/math,machines/math,production,production,Rust,471,18,17,True,False,,deterministic path rules,[]
machines/math/src/managed_binary.rs,c6e5710cf3a23a4be195e1f0193dd38a8a3cb6f3,100644,machines/math,machines/math,production,production,Rust,1818,45,42,True,False,,deterministic path rules,[]
machines/math/src/managed_unary.rs,29963f90c98c672e854d33705dd819e9ec60049c,100644,machines/math,machines/math,production,production,Rust,845,20,17,True,False,,deterministic path rules,[]
machines/math/src/op_assign/add_assign.rs,d258872c71de5cd3e8a09624bf44e97453a674ab,100644,machines/math,machines/math,production,production,Rust,3958,132,113,True,False,,deterministic path rules,[]
machines/math/src/op_assign/div_assign.rs,7efbbd951cc875bd80ae3139d111446c3757955b,100644,machines/math,machines/math,production,production,Rust,4033,134,115,True,False,,deterministic path rules,[]
machines/math/src/op_assign/mod.rs,4aecf4fdd03fe3d2ab17bd3c698089a8b47f4616,100644,machines/math,machines/math,production-mixed-tests,production-mixed-tests,Rust,54871,1377,1315,True,False,,deterministic path rules,['Embedded cfg(test): whole-file mixed attribution; excluded from pure-production subtotal.']
machines/math/src/op_assign/mul_assign.rs,af432ff581aec7f40fcafb1aeb3ba98f20f281e1,100644,machines/math,machines/math,production,production,Rust,3958,132,113,True,False,,deterministic path rules,[]
machines/math/src/op_assign/port_tests.rs,287372510179402838aa3221b8a2a9f66f6f8626,100644,machines/math,machines/math,production,production,Rust,19243,528,494,True,False,,deterministic path rules,[]
machines/math/src/op_assign/sub_assign.rs,15457a0bb6f981a7016821e2de41317fd4ff9b02,100644,machines/math,machines/math,production,production,Rust,3958,132,113,True,False,,deterministic path rules,[]
machines/math/src/ops/add.rs,b34bc099398686221b9e9fbf0ce313609d6e8412,100644,machines/math,machines/math,production,production,Rust,21283,551,507,True,False,,deterministic path rules,[]
machines/math/src/ops/div.rs,45578160a3c4822ed76b6398f9d9a22ef776681f,100644,machines/math,machines/math,production,production,Rust,3707,135,116,True,False,,deterministic path rules,[]
machines/math/src/ops/mod.rs,abeca3a026fe6a25ec8e7e96737d3cdf30f0a087,100644,machines/math,machines/math,production,production,Rust,11827,350,310,True,False,,deterministic path rules,[]
machines/math/src/ops/modulus.rs,7e335c5e813741cc4c7762d13ed37fb9297f4ba4,100644,machines/math,machines/math,production,production,Rust,3461,127,109,True,False,,deterministic path rules,[]
machines/math/src/ops/mul.rs,fdfea1932576fbd8af3030a62df07dd890ea59c5,100644,machines/math,machines/math,production,production,Rust,2477,73,63,True,False,,deterministic path rules,[]
machines/math/src/ops/negate.rs,2774248680985fd10570e497fd156668e461ae89,100644,machines/math,machines/math,production,production,Rust,7302,189,169,True,False,,deterministic path rules,[]
machines/math/src/ops/pow.rs,a870ff27512d70ce2f5d10d069590b4bcf36daa1,100644,machines/math,machines/math,production,production,Rust,6705,194,171,True,False,,deterministic path rules,[]
machines/math/src/ops/sub.rs,b5512fdd1091f2cf28416201feff59fc16ce5ef4,100644,machines/math,machines/math,production,production,Rust,2473,73,63,True,False,,deterministic path rules,[]
machines/math/src/root/cbrt.rs,51f775ae07564a0f267c42b5870d9adac074d9bf,100644,machines/math,machines/math,production,production,Rust,504,23,18,True,False,,deterministic path rules,[]
machines/math/src/root/mod.rs,948119f38b8e7913626b171fb004ba47095d5e6a,100644,machines/math,machines/math,production,production,Rust,243,10,9,True,False,,deterministic path rules,[]
machines/math/src/root/sqrt.rs,cd6a8df30f4f4a8c2a5b211f28f966dbc691a85e,100644,machines/math,machines/math,production,production,Rust,608,28,23,True,False,,deterministic path rules,[]
machines/math/src/rounding/ceil.rs,656beb937eb5ad215bc82728225740c3784fbb04,100644,machines/math,machines/math,production,production,Rust,608,28,23,True,False,,deterministic path rules,[]
machines/math/src/rounding/floor.rs,80e0528757dbd90388ce6383c8884695858f3dfc,100644,machines/math,machines/math,production,production,Rust,622,28,23,True,False,,deterministic path rules,[]
machines/math/src/rounding/mod.rs,739482dc50f0984bee33883d0d7cdfa4da134b65,100644,machines/math,machines/math,production,production,Rust,723,26,25,True,False,,deterministic path rules,[]
machines/math/src/rounding/rint.rs,8a8a7697a6ab5652942f408e09ddb76e664adf67,100644,machines/math,machines/math,production,production,Rust,504,23,18,True,False,,deterministic path rules,[]
machines/math/src/rounding/round.rs,f2742accfe70b08f61d10c610a46f082e3722ab7,100644,machines/math,machines/math,production,production,Rust,518,23,18,True,False,,deterministic path rules,[]
machines/math/src/rounding/roundeven.rs,8a471967f4ef2d3ff92cf7124195e2c2fbd8d06c,100644,machines/math,machines/math,production,production,Rust,574,23,18,True,False,,deterministic path rules,[]
machines/math/src/rounding/trunc.rs,e5ada8164c617619bfe8289f4617ad4535a88e5f,100644,machines/math,machines/math,production,production,Rust,518,23,18,True,False,,deterministic path rules,[]
machines/math/src/stat_error/erf.rs,7726905e48fe9caf548f58e10c016ece6da6fa2e,100644,machines/math,machines/math,production,production,Rust,490,23,18,True,False,,deterministic path rules,[]
machines/math/src/stat_error/erfc.rs,ec80ba0f5ae9db7b97b2f44c819a17f67ae9c135,100644,machines/math,machines/math,production,production,Rust,504,23,18,True,False,,deterministic path rules,[]
machines/math/src/stat_error/mod.rs,64009145b4efb74a4767dfa3c70266019aeff293,100644,machines/math,machines/math,production,production,Rust,239,10,9,True,False,,deterministic path rules,[]
machines/math/src/trig/acos.rs,b0f8ea05259e43f35d0b4326cc521f0787670341,100644,machines/math,machines/math,production,production,Rust,608,28,23,True,False,,deterministic path rules,[]
machines/math/src/trig/acosh.rs,b236b186aa90a264135cbd3ae7234d68a861b2a9,100644,machines/math,machines/math,production,production,Rust,555,27,23,True,False,,deterministic path rules,[]
machines/math/src/trig/acot.rs,2789e26703b37aa769469412e268cd92f0c595ae,100644,machines/math,machines/math,production,production,Rust,620,28,23,True,False,,deterministic path rules,[]
machines/math/src/trig/acsc.rs,116545a1adec17043fec9c5df54d0035c4539fa8,100644,machines/math,machines/math,production,production,Rust,620,28,23,True,False,,deterministic path rules,[]
machines/math/src/trig/asec.rs,7b9824b0b469fd831efc10099ab75052a15083e9,100644,machines/math,machines/math,production,production,Rust,620,28,23,True,False,,deterministic path rules,[]
machines/math/src/trig/asin.rs,deff690616a53d137c277f80afbeec33c8f65e9d,100644,machines/math,machines/math,production,production,Rust,608,28,23,True,False,,deterministic path rules,[]
machines/math/src/trig/asinh.rs,6577be9e100d0dfe6a0fe813d7d5fe5a2d7cb766,100644,machines/math,machines/math,production,production,Rust,555,27,23,True,False,,deterministic path rules,[]
machines/math/src/trig/atan.rs,a8f594a77feb8f3a6a140e5936daf511524669b5,100644,machines/math,machines/math,production,production,Rust,608,28,23,True,False,,deterministic path rules,[]
machines/math/src/trig/atan2.rs,d2547eb78a6c257fb0b628366dec6fc2a220d2b6,100644,machines/math,machines/math,production,production,Rust,8579,216,201,True,False,,deterministic path rules,[]
machines/math/src/trig/atanh.rs,f9a0e3d1c7089b539672b92a020fdfdbd9de2dd0,100644,machines/math,machines/math,production,production,Rust,555,27,23,True,False,,deterministic path rules,[]
machines/math/src/trig/cos.rs,00368008b69df658cb7cbbcc82b08c73f82b198e,100644,machines/math,machines/math,production,production,Rust,594,28,23,True,False,,deterministic path rules,[]
machines/math/src/trig/cosh.rs,03be2dfb518bac2abd0f1a39eaf26236e8d9cb81,100644,machines/math,machines/math,production,production,Rust,607,27,23,True,False,,deterministic path rules,[]
machines/math/src/trig/cot.rs,14ddcb79a7ecb0a4c0f44eb7a26255266dad2a1c,100644,machines/math,machines/math,production,production,Rust,606,28,23,True,False,,deterministic path rules,[]
machines/math/src/trig/csc.rs,35c39061d81b8c210afc4db2a9e547632da103b4,100644,machines/math,machines/math,production,production,Rust,606,28,23,True,False,,deterministic path rules,[]
machines/math/src/trig/mod.rs,a3e4c4361ad1c807e7e999b74bcc28003757db7e,100644,machines/math,machines/math,production,production,Rust,2139,78,77,True,False,,deterministic path rules,[]
machines/math/src/trig/sec.rs,c3dceeba92461abf05ceae481fb079030176c48f,100644,machines/math,machines/math,production,production,Rust,606,28,23,True,False,,deterministic path rules,[]
machines/math/src/trig/sin.rs,810c3767baa369833973c917bb9b96bb562dc376,100644,machines/math,machines/math,production,production,Rust,594,28,23,True,False,,deterministic path rules,[]
machines/math/src/trig/sinh.rs,d6556f9c4ab9ddd2dc7c3e7183143b7f08dc802c,100644,machines/math,machines/math,production,production,Rust,607,27,23,True,False,,deterministic path rules,[]
machines/math/src/trig/tan.rs,7e1d46b12c23813aeabbfbbd3e1c6a5d1eaf51c6,100644,machines/math,machines/math,production,production,Rust,594,28,23,True,False,,deterministic path rules,[]
machines/math/src/trig/tanh.rs,22ef59a03990918f91a6bcc74f66e27a03754890,100644,machines/math,machines/math,production,production,Rust,607,27,23,True,False,,deterministic path rules,[]
machines/math/tests/math.mec,840222204a31c1f0968fb5bb459049c00c5f0596,100644,machines/math,machines/math,test,test,Mech/Mechdown,1073,46,30,True,False,,deterministic path rules,[]
machines/matrix/.gitignore,869df07dae8bac23301b7f3e7869d29d88975fef,100644,machines/matrix,machines/matrix,configuration,configuration,Other text,18,2,2,False,False,,deterministic path rules,[]
machines/matrix/.gitlab-ci.yml,af285e8e0c1659f63b7a8580e0428cf0d43e6755,100644,machines/matrix,machines/matrix,configuration,configuration,YAML,91,5,5,False,False,,deterministic path rules,[]
machines/matrix/Cargo.toml,917813876dde3e8400bb0f47e9e7ea675c9daa0b,100644,machines/matrix,machines/matrix,configuration,configuration,TOML,4829,133,119,False,False,,deterministic path rules,[]
machines/matrix/README.md,816a38cca984f7075a7b46e1ede08c17858c372e,100644,machines/matrix,machines/matrix,documentation,documentation,Markdown,1614,38,26,False,False,,deterministic path rules,[]
machines/matrix/benchmarks/steady_state/README.md,38a5e92e439b3ee2e15908d9689ef6f184907312,100644,machines/matrix,machines/matrix,benchmark,benchmark,Markdown,2079,50,37,False,False,,deterministic path rules,[]
machines/matrix/benchmarks/steady_state/RESULTS_APPLE_M1_2026-08-05.md,79809c6cdfee25d92353d6cdd8c0399fd59d71a9,100644,machines/matrix,machines/matrix,benchmark,benchmark,Markdown,8303,173,138,False,False,,deterministic path rules,[]
machines/matrix/benchmarks/steady_state/lua_benchmark.lua,248dfe7563528f736e9103efb4b893161ea2f209,100644,machines/matrix,machines/matrix,benchmark,benchmark,Other text,5835,156,147,False,False,,deterministic path rules,[]
machines/matrix/benchmarks/steady_state/python_benchmark.py,1e8be2c2856abd59ac15562af1b012fa1d9b3987,100644,machines/matrix,machines/matrix,benchmark,benchmark,Python,6811,187,156,True,False,,deterministic path rules,[]
machines/matrix/benchmarks/steady_state/rectangular_numpy_benchmark.py,ff9ec15a8a93b42bf349ae3afb0ebdcab2057790,100644,machines/matrix,machines/matrix,benchmark,benchmark,Python,3366,112,96,True,False,,deterministic path rules,[]
machines/matrix/docs/dot.mec,a9393f861b7699766f1726b632fdf859fe83df1f,100644,machines/matrix,machines/matrix,production,production,Mech/Mechdown,2708,70,47,True,False,,deterministic path rules,[]
machines/matrix/examples/steady_state_benchmark.rs,efe45f83f4681ecb43cc1193150b0f371bd8f226,100644,machines/matrix,machines/matrix,example,example,Rust,9241,312,290,True,False,,deterministic path rules,[]
machines/matrix/index.mec,6f9a62958fa565440e7ede524e1afb8fd69411a8,100644,machines/matrix,machines/matrix,production,production,Mech/Mechdown,642,24,18,True,False,,deterministic path rules,[]
machines/matrix/src/catalog.rs,3c9900c316d01144b4fe7c7fbcfa3ed7ab41be85,100644,machines/matrix,machines/matrix,production-mixed-tests,production-mixed-tests,Rust,53464,1096,1030,True,False,,deterministic path rules,['Embedded cfg(test): whole-file mixed attribution; excluded from pure-production subtotal.']
machines/matrix/src/dot.rs,fd876d21a78347c2b605ceb9aa27358e6888856f,100644,machines/matrix,machines/matrix,production,production,Rust,9375,261,239,True,False,,deterministic path rules,[]
machines/matrix/src/lib.rs,ecb883241d47bd0266a0a361ababb0be374ed0eb,100644,machines/matrix,machines/matrix,production,production,Rust,14734,444,402,True,False,,deterministic path rules,[]
machines/matrix/src/matmul.rs,1f9d98e61660993346ce08a4e27401c8b0f7b5cc,100644,machines/matrix,machines/matrix,production,production,Rust,15826,404,375,True,False,,deterministic path rules,[]
machines/matrix/src/solve.rs,bd881ea4f0974eb0f32ce5817f214a2de8d696cc,100644,machines/matrix,machines/matrix,production,production,Rust,28233,712,679,True,False,,deterministic path rules,[]
machines/matrix/src/transpose.rs,70be73b64ee17418f713e9ff2a6661c29cada9fd,100644,machines/matrix,machines/matrix,production,production,Rust,23164,589,560,True,False,,deterministic path rules,[]
machines/publish.ps1,25e2f23d59a98dce77dd3f40d60bcc06004e1fc0,100644,machines,machines,production,production,PowerShell,1322,49,40,True,False,,deterministic path rules,[]
machines/range/.gitignore,b5db4eae27d4d1b71d208705dbeca49a5fe48842,100644,machines/range,machines/range,configuration,configuration,Other text,303,32,24,False,False,,deterministic path rules,[]
machines/range/.gitlab-ci.yml,af285e8e0c1659f63b7a8580e0428cf0d43e6755,100644,machines/range,machines/range,configuration,configuration,YAML,91,5,5,False,False,,deterministic path rules,[]
machines/range/Cargo.toml,27f3b26c65fcdf2a18683f2f07db939b16402d8f,100644,machines/range,machines/range,configuration,configuration,TOML,3037,92,82,False,False,,deterministic path rules,[]
machines/range/README.md,3b738ae4eb18bd9227f59f4d76267d7665038a87,100644,machines/range,machines/range,documentation,documentation,Markdown,1580,37,25,False,False,,deterministic path rules,[]
machines/range/index.mec,29c5df3037d2b851e9b765f287a01f2584a18ad0,100644,machines/range,machines/range,production,production,Mech/Mechdown,699,25,19,True,False,,deterministic path rules,[]
machines/range/src/catalog.rs,85e9f89bce6fbeadeab713e2775422bc2faff9d4,100644,machines/range,machines/range,production,production,Rust,15083,364,341,True,False,,deterministic path rules,[]
machines/range/src/exclusive.rs,88b95bb88dd97a14293bd7068ec9f4ba9536b358,100644,machines/range,machines/range,production,production,Rust,3842,109,100,True,False,,deterministic path rules,[]
machines/range/src/exclusive_increment.rs,604e3a2e647c128a74160af653f6bfae177ce3a7,100644,machines/range,machines/range,production,production,Rust,4406,123,115,True,False,,deterministic path rules,[]
machines/range/src/inclusive.rs,b0f6a1a4b95938b1a19c696526b28c4bcc56909c,100644,machines/range,machines/range,production,production,Rust,5408,145,134,True,False,,deterministic path rules,[]
machines/range/src/inclusive_increment.rs,f7c994a44bb90cdfd18bcb0af7ea70e5e2a1e212,100644,machines/range,machines/range,production,production,Rust,5302,144,135,True,False,,deterministic path rules,[]
machines/range/src/lib.rs,8c68a23f81850e581e8bc465e7fa98f7de6e7ff0,100644,machines/range,machines/range,production-mixed-tests,production-mixed-tests,Rust,18900,523,477,True,False,,deterministic path rules,['Embedded cfg(test): whole-file mixed attribution; excluded from pure-production subtotal.']
machines/range/src/port_tests.rs,31504bdef14d776652e847dd0f044f767a9c3e51,100644,machines/range,machines/range,production,production,Rust,7944,204,190,True,False,,deterministic path rules,[]
machines/set/.gitignore,a0b245627353ab3a37f4673e0ee72ff1726b5567,100644,machines/set,machines/set,configuration,configuration,Other text,23,3,3,False,False,,deterministic path rules,[]
machines/set/.gitlab-ci.yml,af285e8e0c1659f63b7a8580e0428cf0d43e6755,100644,machines/set,machines/set,configuration,configuration,YAML,91,5,5,False,False,,deterministic path rules,[]
machines/set/Cargo.toml,98feed544f8eff3671009f5922066f716ad6b805,100644,machines/set,machines/set,configuration,configuration,TOML,5260,149,130,False,False,,deterministic path rules,[]
machines/set/LICENSE,41c00c99942792057b7d84e2ba001fdd4f141831,100644,machines/set,machines/set,license,license,Other text,11344,201,169,False,False,,deterministic path rules,[]
machines/set/README.md,a555221f2cdc217bf061971c521b4001de224432,100644,machines/set,machines/set,documentation,documentation,Markdown,1474,32,22,False,False,,deterministic path rules,[]
machines/set/docs/index.mec,762079a29ca8c1d6e7d698f632f038dee52e4357,100644,machines/set,machines/set,production,production,Mech/Mechdown,2030,29,22,True,False,,deterministic path rules,[]
machines/set/docs/ops/complement.mec,eb6118c3ed385ce3f422effda8584fd7ce39ff0e,100644,machines/set,machines/set,production,production,Mech/Mechdown,3140,102,74,True,False,,deterministic path rules,[]
machines/set/docs/ops/difference.mec,fe4c42e864cdb5c09d95292abe7422e58de75894,100644,machines/set,machines/set,production,production,Mech/Mechdown,2367,90,64,True,False,,deterministic path rules,[]
machines/set/docs/ops/element-of.mec,1508401ac111d7b8c605959048c1f6fa14efe552,100644,machines/set,machines/set,production,production,Mech/Mechdown,2284,90,64,True,False,,deterministic path rules,[]
machines/set/docs/ops/intersection.mec,303f552cd064b10b301b388834ec2972fbc2f943,100644,machines/set,machines/set,production,production,Mech/Mechdown,2437,95,67,True,False,,deterministic path rules,[]
machines/set/docs/ops/not-element-of.mec,735c27cdb4e8b7a750b779d90b2aa1c6558ceb2d,100644,machines/set,machines/set,production,production,Mech/Mechdown,2322,90,64,True,False,,deterministic path rules,[]
machines/set/docs/ops/proper-subset.mec,dcfcc8f59e7754902e567e9c98db0be00cc78867,100644,machines/set,machines/set,production,production,Mech/Mechdown,2557,94,68,True,False,,deterministic path rules,[]
machines/set/docs/ops/proper-superset.mec,4b65bb543758f55670fef758598e52e5d335e547,100644,machines/set,machines/set,production,production,Mech/Mechdown,2547,94,68,True,False,,deterministic path rules,[]
machines/set/docs/ops/subset.mec,597d7811d96f475a4a3fc302fc57dadc06475f25,100644,machines/set,machines/set,production,production,Mech/Mechdown,2501,97,71,True,False,,deterministic path rules,[]
machines/set/docs/ops/superset.mec,575a52b63235f1cfad27a7c50a2585f40312c8bb,100644,machines/set,machines/set,production,production,Mech/Mechdown,2528,97,71,True,False,,deterministic path rules,[]
machines/set/docs/ops/symmetric-difference.mec,aff471dfbc1bc9b957cda4a4c93dd5a46b080b99,100644,machines/set,machines/set,production,production,Mech/Mechdown,2620,91,65,True,False,,deterministic path rules,[]
machines/set/docs/ops/union.mec,c05efcc29009061c603bd87b9924b2051c3bbdfe,100644,machines/set,machines/set,production,production,Mech/Mechdown,2786,89,64,True,False,,deterministic path rules,[]
machines/set/docs/slice.mec,5407eb07184ae4c12ec222fa9c3d8fb6c1f11946,100644,machines/set,machines/set,production,production,Mech/Mechdown,2657,90,65,True,False,,deterministic path rules,[]
machines/set/docs/splice.mec,8392052c232e7aec7ec70996061e6bac1e0a72cd,100644,machines/set,machines/set,production,production,Mech/Mechdown,3383,105,87,True,False,,deterministic path rules,[]
machines/set/index.mec,d7fbccfa43e274f82b1d3deb53ddf4eb1f3abe44,100644,machines/set,machines/set,production,production,Mech/Mechdown,634,22,16,True,False,,deterministic path rules,[]
machines/set/src/canonical.rs,9300db2fffed8abad99ab4051346db752320ba09,100644,machines/set,machines/set,production,production,Rust,27200,742,682,True,False,,deterministic path rules,[]
machines/set/src/catalog.rs,504edcde1faa2666ce36ed73e32c7abad2814f1f,100644,machines/set,machines/set,production,production,Rust,33075,865,820,True,False,,deterministic path rules,[]
machines/set/src/lib.rs,b885ed1098563eb75cc90fc0d0c71b69bd35cc41,100644,machines/set,machines/set,production-mixed-tests,production-mixed-tests,Rust,5011,175,164,True,False,,deterministic path rules,['Embedded cfg(test): whole-file mixed attribution; excluded from pure-production subtotal.']
machines/set/src/membership/element_of.rs,f05bf54443b6b3d1e8c6e7048f841af6e124ac77,100644,machines/set,machines/set,production,production,Rust,99,1,1,True,False,,deterministic path rules,[]
machines/set/src/membership/mod.rs,e690b67b8117e4a685d65c2d87bf536a227904fc,100644,machines/set,machines/set,production,production,Rust,357,13,12,True,False,,deterministic path rules,[]
machines/set/src/membership/not_element_of.rs,d531146490fb8f988a28efef81e834cf6c645427,100644,machines/set,machines/set,production,production,Rust,125,6,6,True,False,,deterministic path rules,[]
machines/set/src/modify/insert.rs,4888474b541b902a59c523e772c94c04a380e2c2,100644,machines/set,machines/set,production,production,Rust,3240,94,84,True,False,,deterministic path rules,[]
machines/set/src/modify/mod.rs,588de53e4ac35c2a93836934b1f799641ffa724d,100644,machines/set,machines/set,production,production,Rust,296,13,12,True,False,,deterministic path rules,[]
machines/set/src/modify/remove.rs,6412ad0f00e615f1411b1602e614753bf00c9f6d,100644,machines/set,machines/set,production,production,Rust,3203,93,83,True,False,,deterministic path rules,[]
machines/set/src/operations/cartesian_product.rs,68bd76c92f22f2285dd32cfe9eae68b310b2754c,100644,machines/set,machines/set,production,production,Rust,5503,163,150,True,False,,deterministic path rules,[]
machines/set/src/operations/difference.rs,a997cb95bbd498c78bc7d129b05da2eb75aeb99a,100644,machines/set,machines/set,production,production,Rust,3175,93,83,True,False,,deterministic path rules,[]
machines/set/src/operations/intersection.rs,ef2f16d4d30ca70e9b22581857951445cda21716,100644,machines/set,machines/set,production,production,Rust,3299,97,88,True,False,,deterministic path rules,[]
machines/set/src/operations/mod.rs,db458abff5fc041fa4b71f2a8821b9bce1fa6e5c,100644,machines/set,machines/set,production,production,Rust,1053,37,36,True,False,,deterministic path rules,[]
machines/set/src/operations/powerset.rs,50252f29b26c05cc51b081ccc9ad89408dfbf315,100644,machines/set,machines/set,production,production,Rust,5301,163,149,True,False,,deterministic path rules,[]
machines/set/src/operations/symmetric_difference.rs,6cd525605304de1dece336fecfcdfcec653a4e03,100644,machines/set,machines/set,production,production,Rust,3259,93,84,True,False,,deterministic path rules,[]
machines/set/src/operations/union.rs,f0c3a30caf9da34fc4a386632c9b857478fb9aa5,100644,machines/set,machines/set,production,production,Rust,3173,98,84,True,False,,deterministic path rules,[]
machines/set/src/port_tests.rs,32a9a47fbf587bb0f9106afdf1bed69f8e62f999,100644,machines/set,machines/set,production,production,Rust,9879,272,253,True,False,,deterministic path rules,[]
machines/set/src/relations/disjoint.rs,66e20fa03961cc0b4179ffece27bb59eca037d82,100644,machines/set,machines/set,production,production,Rust,97,1,1,True,False,,deterministic path rules,[]
machines/set/src/relations/equals.rs,6c21ab640dd2f03d446fb66d450f53ba3ea2ef90,100644,machines/set,machines/set,production,production,Rust,88,1,1,True,False,,deterministic path rules,[]
machines/set/src/relations/mod.rs,acb7e78be2564eb73787978aa12109163843c644,100644,machines/set,machines/set,production,production,Rust,1007,38,37,True,False,,deterministic path rules,[]
machines/set/src/relations/not_equals.rs,eeea74c1541e0a3d9cce41aa1acc0338f2fa0a1e,100644,machines/set,machines/set,production,production,Rust,100,1,1,True,False,,deterministic path rules,[]
machines/set/src/relations/proper_subset.rs,3d2974f3bb86aa9f7b843652e659ed6328912610,100644,machines/set,machines/set,production,production,Rust,131,6,6,True,False,,deterministic path rules,[]
machines/set/src/relations/proper_superset.rs,d292b9853c89996f95cf53ba922b69fafd8ad208,100644,machines/set,machines/set,production,production,Rust,139,6,6,True,False,,deterministic path rules,[]
machines/set/src/relations/subset.rs,071c747600604ef07118bb14455e37c5cf5dbeb8,100644,machines/set,machines/set,production,production,Rust,89,1,1,True,False,,deterministic path rules,[]
machines/set/src/relations/superset.rs,831fc45b4bbcbde0abcab09edba55050edb1e962,100644,machines/set,machines/set,production,production,Rust,97,1,1,True,False,,deterministic path rules,[]
machines/set/src/setdata/mod.rs,cd5cf128affdbeacd13c645d5014e9ab161d933e,100644,machines/set,machines/set,production,production,Rust,203,8,7,True,False,,deterministic path rules,[]
machines/set/src/setdata/size.rs,9edd2a8fc6f1aac3a18a96ceff51b64ebd387645,100644,machines/set,machines/set,production,production,Rust,2843,82,74,True,False,,deterministic path rules,[]
machines/set/tests/set.mec,3f3b481ffaa60760cea878e057d6c591c9e0257e,100644,machines/set,machines/set,test,test,Mech/Mechdown,634,17,12,True,False,,deterministic path rules,[]
machines/set/tests/tests.mec,bd5dd542006a87fd1c15c5bb6ad7b95a046eff04,100644,machines/set,machines/set,test,test,Mech/Mechdown,3601,95,86,True,False,,deterministic path rules,[]
machines/stats/.gitignore,b5db4eae27d4d1b71d208705dbeca49a5fe48842,100644,machines/stats,machines/stats,configuration,configuration,Other text,303,32,24,False,False,,deterministic path rules,[]
machines/stats/.gitlab-ci.yml,af285e8e0c1659f63b7a8580e0428cf0d43e6755,100644,machines/stats,machines/stats,configuration,configuration,YAML,91,5,5,False,False,,deterministic path rules,[]
machines/stats/Cargo.toml,96e32b3b42f6a368ed466e3b5716669048cb82e2,100644,machines/stats,machines/stats,configuration,configuration,TOML,3453,100,90,False,False,,deterministic path rules,[]
machines/stats/LICENSE,41c00c99942792057b7d84e2ba001fdd4f141831,100644,machines/stats,machines/stats,license,license,Other text,11344,201,169,False,False,,deterministic path rules,[]
machines/stats/README.md,de68bb427c719cb0fda50d94013d45f6a37b25c6,100644,machines/stats,machines/stats,documentation,documentation,Markdown,1566,37,25,False,False,,deterministic path rules,[]
machines/stats/index.mec,2ed3563c57e3245390482db54f5c2d4c663ba64a,100644,machines/stats,machines/stats,production,production,Mech/Mechdown,618,23,17,True,False,,deterministic path rules,[]
machines/stats/src/catalog.rs,4830bacc685a80e9f51ec68972dd28e41c88044b,100644,machines/stats,machines/stats,production,production,Rust,17089,333,311,True,False,,deterministic path rules,[]
machines/stats/src/lib.rs,dee5a7a1fd05e923298aecf8279605ce40a94017,100644,machines/stats,machines/stats,production-mixed-tests,production-mixed-tests,Rust,10365,327,300,True,False,,deterministic path rules,['Embedded cfg(test): whole-file mixed attribution; excluded from pure-production subtotal.']
machines/stats/src/sum_column.rs,b24071764c9011fa91e3d07d46853443e1659aff,100644,machines/stats,machines/stats,production,production,Rust,10558,276,263,True,False,,deterministic path rules,[]
machines/stats/src/sum_row.rs,c0230fb56bbf22deffc44ea7678c6351222b9497,100644,machines/stats,machines/stats,production,production,Rust,8163,205,195,True,False,,deterministic path rules,[]
machines/stats/tests/stats.mec,7f0dac2a23c747258f68a1fd563bfb029bb7a07b,100644,machines/stats,machines/stats,test,test,Mech/Mechdown,571,13,10,True,False,,deterministic path rules,[]
machines/string/.gitignore,a0b245627353ab3a37f4673e0ee72ff1726b5567,100644,machines/string,machines/string,configuration,configuration,Other text,23,3,3,False,False,,deterministic path rules,[]
machines/string/.gitlab-ci.yml,2611018866ae5b9cbdf710d2d2ec769f8acaac95,100644,machines/string,machines/string,configuration,configuration,YAML,196,9,8,False,False,,deterministic path rules,[]
machines/string/Cargo.toml,635d2faa4ac33e0293097eef24c4cc588f965a21,100644,machines/string,machines/string,configuration,configuration,TOML,2431,71,62,False,False,,deterministic path rules,[]
machines/string/LICENSE,41c00c99942792057b7d84e2ba001fdd4f141831,100644,machines/string,machines/string,license,license,Other text,11344,201,169,False,False,,deterministic path rules,[]
machines/string/README.md,0d33fe30a36d59d8006a7155580544e846f023cb,100644,machines/string,machines/string,documentation,documentation,Markdown,1555,32,22,False,False,,deterministic path rules,[]
machines/string/index.mec,0cbb09b3f2c2e4dac8a791298905c49767cd340c,100644,machines/string,machines/string,production,production,Mech/Mechdown,618,22,16,True,False,,deterministic path rules,[]
machines/string/src/catalog.rs,e182a5ead540609022a933f1a6c4bb0fe8c96beb,100644,machines/string,machines/string,production,production,Rust,3206,100,89,True,False,,deterministic path rules,[]
machines/string/src/concat.rs,de3378f160dccbcea2a42e85f992bd81c363d3cf,100644,machines/string,machines/string,production,production,Rust,19249,540,498,True,False,,deterministic path rules,[]
machines/string/src/lib.rs,03db1a746d5153910d030b55bb96499d7ceb3c15,100644,machines/string,machines/string,production-mixed-tests,production-mixed-tests,Rust,19737,550,520,True,False,,deterministic path rules,['Embedded cfg(test): whole-file mixed attribution; excluded from pure-production subtotal.']
machines/string/tests/string.mec,35c2c6ad6323fc2ffc123b2c5546a5a5530a5644,100644,machines/string,machines/string,test,test,Mech/Mechdown,16,2,1,True,False,,deterministic path rules,[]
machines/string/tests/support/allocation_probe.rs,7772bb69641849a8a6c8895e378c3c8f9e78ea5d,100644,machines/string,machines/string,test,test,Rust,1621,55,46,True,False,,deterministic path rules,[]
mech.ico,a19add514c2e77ce43c500ccdc3940bad527eead,100644,repository-root,repository-root,asset,asset,Binary,32988,0,0,False,False,,deterministic path rules,[]
mika/mika.mec,85584bc52c100bbba837d3fd449303c4f0581bb2,100644,mika,mika,documentation,documentation,Mech/Mechdown,9934,155,106,True,False,,deterministic path rules,[]
proptest-regressions/syntax/tests/document_incremental_properties.txt,ea3fe42f331086cc5a3ef1322cb8572bff4a9d03,100644,proptest-regressions,proptest-regressions,test,test,Text,483,7,7,False,False,,deterministic path rules,[]
scripts/browser_webgpu_flags.py,435ec3b74822cbd086204a27f46a4632e81c65c6,100644,scripts,scripts,build-tooling,build-tooling,Python,1204,32,28,True,False,,deterministic path rules,[]
scripts/build-distribution-artifact.py,0bacaf96dcc776ffbe792256207c68bc57575d3d,100755,scripts,scripts,build-tooling,build-tooling,Python,7323,202,180,True,False,,deterministic path rules,[]
scripts/build-mech.ps1,6eb305b08c0622e73f313b440cc2299fc4ef6da4,100644,scripts,scripts,build-tooling,build-tooling,PowerShell,1527,62,50,True,False,,deterministic path rules,[]
scripts/build-mech.sh,a74977835aab9231a2772acd992345d76e4c8626,100755,scripts,scripts,build-tooling,build-tooling,Shell,1410,57,45,True,False,,deterministic path rules,[]
scripts/build-wasm.py,3ad06823d4eb9271697d1d634e3ee8a41492cec6,100644,scripts,scripts,build-tooling,build-tooling,Python,2257,77,65,True,False,,deterministic path rules,[]
scripts/check-analog-clock-web.sh,f6c18acb43f93668d85d1a07797a99f3b3774136,100755,scripts,scripts,build-tooling,build-tooling,Shell,504,15,13,True,False,,deterministic path rules,[]
scripts/check-artifact-completeness.py,4a0f6adf14068ae4003ee7a1c65bced5d02b316a,100644,scripts,scripts,build-tooling,build-tooling,Python,2394,96,85,True,False,,deterministic path rules,[]
scripts/check-bytecode-compiler-boundaries.sh,9d046f505ce469dfcc53056f384142ed9112cfe9,100755,scripts,scripts,build-tooling,build-tooling,Shell,8515,243,221,True,False,,deterministic path rules,[]
scripts/check-bytecode-v1-format.py,ec35568aeb3f4b1ee00ff891606cf44502f319ad,100755,scripts,scripts,build-tooling,build-tooling,Python,41001,1044,970,True,False,,deterministic path rules,[]
scripts/check-compiler-planning-quarantine.py,598d70b3030146c33203dcde83fa27871bee3903,100644,scripts,scripts,build-tooling,build-tooling,Python,12316,313,279,True,False,,deterministic path rules,[]
scripts/check-complete-function-system-migration.sh,4c11f116ef7dc67fd170b68b1ded2af486c94d79,100755,scripts,scripts,build-tooling,build-tooling,Shell,5293,153,135,True,False,,deterministic path rules,[]
scripts/check-distribution-contracts.py,e6434833be7085cae474a7314fe62bb3b0106a04,100755,scripts,scripts,build-tooling,build-tooling,Python,11875,289,263,True,False,,deterministic path rules,[]
scripts/check-distribution-packaging.py,35e275e034c012d87ab62f6977964d2660cb8f09,100755,scripts,scripts,build-tooling,build-tooling,Python,6559,185,162,True,False,,deterministic path rules,[]
scripts/check-ekf-browser-results.py,4334aa4ebf63b10d468f087ff22408b8f21d8fd7,100644,scripts,scripts,build-tooling,build-tooling,Python,4045,114,99,True,False,,deterministic path rules,[]
scripts/check-fallible-solve-boundary.py,e1fa2d0c1079cfd18d35914d900b8b1f8b95d725,100755,scripts,scripts,build-tooling,build-tooling,Python,5180,153,135,True,False,,deterministic path rules,[]
scripts/check-function-system-contracts.sh,54baef47b01f6ae730b562c07550e49fed5d9f43,100755,scripts,scripts,build-tooling,build-tooling,Shell,1381,54,46,True,False,,deterministic path rules,[]
scripts/check-generated-project-determinism.py,5a0e13d6ff7140a75747ccb71b10f05b37b5d36f,100755,scripts,scripts,build-tooling,build-tooling,Python,13821,389,361,True,False,,deterministic path rules,[]
scripts/check-interactive-architecture.py,426a309d176da2f5c5e856c308cf0355f172d772,100644,scripts,scripts,build-tooling,build-tooling,Python,7803,175,154,True,False,,deterministic path rules,[]
scripts/check-memory-planner.py,44490eb1f81c3fa837c17367a8834d27c5dbbb58,100644,scripts,scripts,build-tooling,build-tooling,Python,24467,560,518,True,False,,deterministic path rules,[]
scripts/check-memory-runtime.py,d9dd3287c760d32b2b839c7bb04768b5e266c827,100644,scripts,scripts,build-tooling,build-tooling,Python,65395,1413,1355,True,False,,deterministic path rules,[]
scripts/check-native-application-graphs.py,5dff44a9d736f2e3c68387d9a11959cae5207ebb,100755,scripts,scripts,build-tooling,build-tooling,Python,25661,728,686,True,False,,deterministic path rules,[]
scripts/check-native-build-analysis-layout.py,3952fd973970a7241c276f22433f93ea2deb2f79,100755,scripts,scripts,build-tooling,build-tooling,Python,2622,75,59,True,False,,deterministic path rules,[]
scripts/check-native-host-catalog.py,22d09fe70132874da74b95b580646adbd696b9d4,100755,scripts,scripts,build-tooling,build-tooling,Python,7202,174,158,True,False,,deterministic path rules,[]
scripts/check-native-linkage-coverage.py,35f3fc947ed71b0b90ea2377d2b768860e7f0b6f,100644,scripts,scripts,build-tooling,build-tooling,Python,45177,1054,972,True,False,,deterministic path rules,[]
scripts/check-nbody-physics-reference.py,f16092608db57ff41f757ca60532f791692ba63e,100755,scripts,scripts,build-tooling,build-tooling,Python,13855,347,318,True,False,,deterministic path rules,[]
scripts/check-no-retired-value-system.py,df7f3a249d43a6c38c6061a3ab19263eafcf9af3,100644,scripts,scripts,build-tooling,build-tooling,Python,5909,173,151,True,False,,deterministic path rules,[]
scripts/check-obsolete-program-reachability.py,fc33bfa564ab4d314ae0959c03fe0323ac916427,100644,scripts,scripts,build-tooling,build-tooling,Python,3784,116,93,True,False,,deterministic path rules,[]
scripts/check-operation-contract.py,1863001940724d58f9f384e286f0612de5f8aadc,100644,scripts,scripts,build-tooling,build-tooling,Python,9634,223,191,True,False,,deterministic path rules,[]
scripts/check-package-archives.py,e75befea1d314bda4aa31bec735dee925bed8a52,100644,scripts,scripts,build-tooling,build-tooling,Python,5821,155,137,True,False,,deterministic path rules,[]
scripts/check-production-resident-routing.py,26d3ecabe834cd7f80bc771917a109af5b71382d,100644,scripts,scripts,build-tooling,build-tooling,Python,19194,490,461,True,False,,deterministic path rules,[]
scripts/check-program-artifact-contract.py,544aa6a9a22c1548bb941109b0d058304c733aa0,100644,scripts,scripts,build-tooling,build-tooling,Python,14845,317,283,True,False,,deterministic path rules,[]
scripts/check-release-tag.py,3fbcb693cabbd8ff34a768383e4c63279bf4b143,100755,scripts,scripts,build-tooling,build-tooling,Python,1527,53,43,True,False,,deterministic path rules,[]
scripts/check-runtime-boundaries.sh,b88502a49b5865b7f5eb4bc39bff2ff0eb7fc50c,100755,scripts,scripts,build-tooling,build-tooling,Shell,4947,174,153,True,False,,deterministic path rules,[]
scripts/check-runtime-factory-safety.py,07a9cc7f0db23f9ac5145de558ca7622cccfb779,100755,scripts,scripts,build-tooling,build-tooling,Python,5269,143,131,True,False,,deterministic path rules,[]
scripts/check-runtime-wildcard-imports.sh,d77f1b9945840219b769640611610f699084d3df,100755,scripts,scripts,build-tooling,build-tooling,Shell,715,33,27,True,False,,deterministic path rules,[]
scripts/check-rust-module-layout.py,1dca59dad30a5f226d48b7339067855507eda037,100755,scripts,scripts,build-tooling,build-tooling,Python,2802,80,64,True,False,,deterministic path rules,[]
scripts/check-semantic-type-authority.py,b249d956bd3b0f0d749bb4e2d0498db9e3f39260,100644,scripts,scripts,build-tooling,build-tooling,Python,13729,319,291,True,False,,deterministic path rules,[]
scripts/check-shipped-document-shims.sh,9f53ebbc8c9c5ac1e0dedd3612c5e1d613d2648c,100644,scripts,scripts,build-tooling,build-tooling,Shell,4059,148,130,True,False,,deterministic path rules,[]
scripts/check-source-catalog-entrypoints.py,ea0cccf1bcea4002b63d37a580b3e61d5f362c62,100755,scripts,scripts,build-tooling,build-tooling,Python,2457,71,61,True,False,,deterministic path rules,[]
scripts/check-standard-machine-baseline.sh,f650961163a7547e62ac4d319d6150c5c083d3e9,100755,scripts,scripts,build-tooling,build-tooling,Shell,10929,328,298,True,False,,deterministic path rules,[]
scripts/check-standard-machine-library-tests.sh,0642eaf8d48d55b10aafd43a655b62f0446f79b9,100755,scripts,scripts,build-tooling,build-tooling,Shell,1138,48,42,True,False,,deterministic path rules,[]
scripts/check-static-distribution-profiles.sh,0f888e9d9144c2acc50e3d259088fe9dc1a5d08c,100755,scripts,scripts,build-tooling,build-tooling,Shell,25567,679,632,True,False,,deterministic path rules,[]
scripts/check-type-memory-boundary.py,08d578bd58ea1d06f9a39684e192eff8a71472f5,100755,scripts,scripts,build-tooling,build-tooling,Python,10105,242,205,True,False,,deterministic path rules,[]
scripts/check-type-system.py,1bc40672818c5ee3d8b3816d8247d8dd26abdff7,100644,scripts,scripts,build-tooling,build-tooling,Python,23104,512,469,True,False,,deterministic path rules,[]
scripts/check-unsafe-boundaries.sh,92dce6b2a74e91ee71144a022ab2f3b41db3a6eb,100755,scripts,scripts,build-tooling,build-tooling,Shell,5039,128,110,True,False,,deterministic path rules,[]
scripts/check-value-execution-boundary.py,58aaf3654d0af0bd7925abca2aa4a9ff8f1ccb63,100644,scripts,scripts,build-tooling,build-tooling,Python,15971,458,411,True,False,,deterministic path rules,[]
scripts/check-value-system-contract.py,7ee1715c517e1a1f13e81fb18635eac79ef797d2,100644,scripts,scripts,build-tooling,build-tooling,Python,35991,950,922,True,False,,deterministic path rules,[]
scripts/check-warning-policy.py,051a26fb30f947ebec0d280fe97a3bc90a5c7b23,100644,scripts,scripts,build-tooling,build-tooling,Python,14127,404,361,True,False,,deterministic path rules,[]
scripts/ci-disk-report.sh,fc3955a6e499e5e3a1224722cfcfb1c53c6a4db0,100755,scripts,scripts,build-tooling,build-tooling,Shell,295,13,11,True,False,,deterministic path rules,[]
scripts/ci-impact.py,f5dff559428d2cdad81eddb20ecda80b048860d6,100755,scripts,scripts,build-tooling,build-tooling,Python,8897,233,205,True,False,,deterministic path rules,[]
scripts/ci_owners.py,3c20ce380d1d32228d594f9c06f721b94bfe6d25,100755,scripts,scripts,build-tooling,build-tooling,Python,2704,71,57,True,False,,deterministic path rules,[]
scripts/demo-transactional-integrity.ps1,43dbde2a56c3170222000083c8c955e37a3513a0,100644,scripts,scripts,build-tooling,build-tooling,PowerShell,770,28,20,True,False,,deterministic path rules,[]
scripts/demo-transactional-integrity.sh,b37aa5f4374c4a9bdda8d3208dcade55563f2a02,100755,scripts,scripts,build-tooling,build-tooling,Shell,699,33,25,True,False,,deterministic path rules,[]
scripts/generate-canonical-dependencies.py,29fee675361b568d535b990911af3c04fa058f56,100644,scripts,scripts,build-tooling,build-tooling,Python,9847,309,273,True,False,,deterministic path rules,[]
scripts/generate-canonical-document-grammar.py,9ad01ea8d32ebe0b883f233a91157b2bcc9e0c70,100644,scripts,scripts,build-tooling,build-tooling,Python,27412,810,745,True,False,,deterministic path rules,[]
scripts/generate-canonical-rule-registry.py,8ef08b2628818212a00e9f31438357e1b5cf5abb,100644,scripts,scripts,build-tooling,build-tooling,Python,3368,113,98,True,False,,deterministic path rules,[]
scripts/generate-canonical-scc-report.py,b28df86f8f2b1038c6edac6cf40a592cf2cea4fc,100644,scripts,scripts,build-tooling,build-tooling,Python,18982,556,498,True,False,,deterministic path rules,[]
scripts/generate-resident-ekf-fixture.py,ca5621af641c991f66313a2b29bc87e005321f8e,100644,scripts,scripts,build-tooling,build-tooling,Python,13146,402,367,True,False,,deterministic path rules,[]
scripts/package-distribution.py,3b895554594ec89a1ce284631d20109a91f779bd,100755,scripts,scripts,build-tooling,build-tooling,Python,7752,211,178,True,False,,deterministic path rules,[]
scripts/probe-unix-kill-targeting.py,5501d8f4bedc01751d00461b37411d599effb73c,100644,scripts,scripts,build-tooling,build-tooling,Python,3278,70,61,True,False,,deterministic path rules,[]
scripts/report-distribution-sizes.sh,abc0e80114a8d6c58b4d3172321c686be4048a2b,100755,scripts,scripts,build-tooling,build-tooling,Shell,8263,257,235,True,False,,deterministic path rules,[]
scripts/run-native-plan-stage.py,1fb3bb92a74b20b06c2340f1493880b7bf556344,100644,scripts,scripts,build-tooling,build-tooling,Python,12756,282,260,True,False,,deterministic path rules,[]
scripts/run-owner-tests.py,810dc76c15558801d6bf3542e5ee4f6e043dbcbc,100755,scripts,scripts,build-tooling,build-tooling,Python,1324,43,33,True,False,,deterministic path rules,[]
scripts/run-python-unittest-shards.py,0a57ae0793b932522913edb2996239090fcb0fc5,100644,scripts,scripts,build-tooling,build-tooling,Python,3755,110,89,True,False,,deterministic path rules,[]
scripts/rust_source.py,4ca223d269cd0817ed09bfec657d6dc4e34704dd,100644,scripts,scripts,build-tooling,build-tooling,Python,2588,76,69,True,False,,deterministic path rules,[]
scripts/smoke-browser-document-lifecycle.py,8129f688049144d734250ea47229228a2b7c12f7,100644,scripts,scripts,build-tooling,build-tooling,Python,27513,377,369,True,False,,deterministic path rules,[]
scripts/smoke-bundle-web.sh,4d89772799bf68aa4a68e69f9e73bb7110377569,100755,scripts,scripts,build-tooling,build-tooling,Shell,5876,188,170,True,False,,deterministic path rules,[]
scripts/smoke-canonical-compute-browser.py,a7bfbe55e9d6072a2fc487e1fe1824e8f9c4594e,100644,scripts,scripts,build-tooling,build-tooling,Python,16113,379,351,True,False,,deterministic path rules,[]
scripts/smoke-canonical-document-bundle-browser.py,c044d0aa047451a9e0b35a11b9ad370f25ece654,100644,scripts,scripts,build-tooling,build-tooling,Python,21626,390,373,True,False,,deterministic path rules,[]
scripts/smoke-formatted-document-browser.sh,6fccd4af8886dd7f53e5fca758df659439d4b3c4,100644,scripts,scripts,build-tooling,build-tooling,Shell,10026,281,257,True,False,,deterministic path rules,[]
scripts/smoke-gpu-particles-browser.py,ed240544b7124f580a011de271991802c9b92c93,100644,scripts,scripts,build-tooling,build-tooling,Python,10051,237,217,True,False,,deterministic path rules,[]
scripts/smoke-served-analog-clock-browser.sh,352281f77981e0de880690706b72d59f9bd1335a,100755,scripts,scripts,build-tooling,build-tooling,Shell,7290,245,212,True,False,,deterministic path rules,[]
scripts/smoke-served-fizzbuzz-browser.sh,250225449fc35945adaa2ac299c9e59908c27ceb,100755,scripts,scripts,build-tooling,build-tooling,Shell,8634,291,263,True,False,,deterministic path rules,[]
scripts/smoke-served-resident-ekf-browser.sh,d29a695cf738a25011fbe4697853a26962812c43,100755,scripts,scripts,build-tooling,build-tooling,Shell,80061,1640,1605,True,False,,deterministic path rules,[]
scripts/smoke-served-resident-nbody-browser.sh,c0744a6e9471f504a81fd2983c912352ef81789d,100755,scripts,scripts,build-tooling,build-tooling,Shell,18702,426,407,True,False,,deterministic path rules,[]
scripts/smoke-served-rich-document-browser.sh,0bedf748e3caaf574652839ecf7034b7c0cc3467,100755,scripts,scripts,build-tooling,build-tooling,Shell,217353,5223,5083,True,False,,deterministic path rules,[]
scripts/test-browser-compute-lifecycle.mjs,83d109ea6ff407980a6a9af00ba61ed45b4ad95f,100644,scripts,scripts,build-tooling,build-tooling,JavaScript,40510,1092,1053,True,False,,deterministic path rules,[]
scripts/test-dynamic-modules.sh,7c6a9ab94281496f779513912d4240b3c3dae1d9,100755,scripts,scripts,build-tooling,build-tooling,Shell,4183,113,88,True,False,,deterministic path rules,[]
scripts/test-runtime-boundaries.sh,7c6beb9608587370ea49ba3e4739af778f47ece5,100755,scripts,scripts,build-tooling,build-tooling,Shell,1954,70,58,True,False,,deterministic path rules,[]
scripts/test-unsafe-boundaries.sh,37e4e9f861e2f4951878916dd705d3ed00027323,100755,scripts,scripts,build-tooling,build-tooling,Shell,3428,102,86,True,False,,deterministic path rules,[]
scripts/tests/canonical_encoding_v1_reference.py,ab8bfd211e5e83dadef9884a392f5e15edef791a,100644,scripts,scripts,test,test,Python,41611,1137,1028,True,False,,deterministic path rules,[]
scripts/tests/fixtures/resident-activation/duplicate-artifact/fixture.json,481fab59c57f99a63e3ce99b5fc8bc8cb6a55404,100644,scripts,scripts,fixture,fixture,JSON,294,7,7,False,False,,deterministic path rules,[]
scripts/tests/fixtures/resident-activation/gate-b-drift/fixture.json,3497448c2754539c9f96b22b5ad98529d0a5499d,100644,scripts,scripts,fixture,fixture,JSON,68,3,3,False,False,,deterministic path rules,[]
scripts/tests/fixtures/resident-activation/hot-turn-schema-lookup/fixture.json,7b244c5f1d08e7e135e75abd89b0ab7de124f8be,100644,scripts,scripts,fixture,fixture,JSON,156,5,5,False,False,,deterministic path rules,[]
scripts/tests/fixtures/resident-activation/migration-status/fixture.json,b3a3685b6757238b49ffb20770dbf004a19b95ca,100644,scripts,scripts,fixture,fixture,JSON,95,5,5,False,False,,deterministic path rules,[]
scripts/tests/fixtures/resident-activation/missing-integrity/fixture.json,4ce92659c943609a5b047875599f65748099a810,100644,scripts,scripts,fixture,fixture,JSON,84,4,4,False,False,,deterministic path rules,[]
scripts/tests/fixtures/resident-activation/new-legacy-dependency/fixture.json,ee118744ae47b9179fbc59cfc210555ee474f90c,100644,scripts,scripts,fixture,fixture,JSON,154,5,5,False,False,,deterministic path rules,[]
scripts/tests/fixtures/resident-activation/new-transaction-dependency/fixture.json,b348a3911bfea11e84fb6400f190b9fcaab44ee5,100644,scripts,scripts,fixture,fixture,JSON,186,5,5,False,False,,deterministic path rules,[]
scripts/tests/fixtures/resident-activation/pointer-identity/fixture.json,6dd0b6edad45cfc66745bb91be648b7a4c48a91e,100644,scripts,scripts,fixture,fixture,JSON,147,4,4,False,False,,deterministic path rules,[]
scripts/tests/fixtures/resident-activation/production-change/fixture.json,d688a0496e83bc81ac9de0e1410d3cf3537d2c1f,100644,scripts,scripts,fixture,fixture,JSON,60,3,3,False,False,,deterministic path rules,[]
scripts/tests/fixtures/resident-activation/unlisted-operation/fixture.json,f28897053a3d5653eeed84c886cd75022211ed53,100644,scripts,scripts,fixture,fixture,JSON,59,3,3,False,False,,deterministic path rules,[]
scripts/tests/static-compute-product-probe.mjs,af09731cdc14169118c72335bb9a8e08b78c296b,100644,scripts,scripts,test,test,JavaScript,4172,96,92,True,False,,deterministic path rules,[]
scripts/tests/static-project.test.mjs,e4d76a8218bc488a14c023a10d186c25785f6288,100644,scripts,scripts,test,test,JavaScript,17287,379,358,True,False,,deterministic path rules,[]
scripts/tests/test_catalog_closure.py,fee76b3e09ed5b7868c57c120d1dcf96e61492a3,100644,scripts,scripts,test,test,Python,12687,246,218,True,False,,deterministic path rules,[]
scripts/tests/test_check_compiler_planning_quarantine.py,189aa0b498f1e976d2c85b70f2f23a0b06c2afb1,100644,scripts,scripts,test,test,Python,12951,266,239,True,False,,deterministic path rules,[]
scripts/tests/test_check_memory_planner.py,8b2ea3d90553ea4de11a8ee60994001e9b071d27,100644,scripts,scripts,test,test,Python,21038,526,462,True,False,,deterministic path rules,[]
scripts/tests/test_check_memory_runtime.py,8117d7de7201ed5fd5713b82319a8d68ef087fb3,100644,scripts,scripts,test,test,Python,68758,1764,1612,True,False,,deterministic path rules,[]
scripts/tests/test_check_no_retired_value_system.py,f99969d7cbe83d9630fd610defecd17a509b01d9,100644,scripts,scripts,test,test,Python,8654,198,175,True,False,,deterministic path rules,[]
scripts/tests/test_check_obsolete_program_reachability.py,d15f8183bd9a443bc37070c6596e03505437286b,100644,scripts,scripts,test,test,Python,4345,116,99,True,False,,deterministic path rules,[]
scripts/tests/test_check_operation_contract.py,296566bcb7d1e5228dd57d260d5d3ce1d02ccdca,100644,scripts,scripts,test,test,Python,7714,158,135,True,False,,deterministic path rules,[]
scripts/tests/test_check_production_resident_routing.py,9e18a98a1a71bea79db712cf302480c7c534348f,100644,scripts,scripts,test,test,Python,3954,98,83,True,False,,deterministic path rules,[]
scripts/tests/test_check_program_artifact_contract.py,140339f5a100a520823bb71ce3973e22f4322464,100644,scripts,scripts,test,test,Python,12388,239,211,True,False,,deterministic path rules,[]
scripts/tests/test_check_semantic_type_authority.py,20ddf4e0d123ad10dd8a3afbfca1271cc6895170,100644,scripts,scripts,test,test,Python,9429,194,163,True,False,,deterministic path rules,[]
scripts/tests/test_check_type_memory_boundary.py,7fa55d135f02a5a1bef130f6a2accc86aaabaf62,100644,scripts,scripts,test,test,Python,3350,79,63,True,False,,deterministic path rules,[]
scripts/tests/test_check_type_system.py,04a2fdc194a0922154a692fd786960d4987a7f65,100644,scripts,scripts,test,test,Python,15558,397,350,True,False,,deterministic path rules,[]
scripts/tests/test_check_value_execution_boundary.py,417155184c6530933042816b5be4ddc572e39090,100644,scripts,scripts,test,test,Python,9748,248,226,True,False,,deterministic path rules,[]
scripts/tests/test_native_application_graphs.py,298119b08d75988c21e43a65bfb533dd2a8fc7d8,100644,scripts,scripts,test,test,Python,4339,92,81,True,False,,deterministic path rules,[]
scripts/tests/test_native_linkage_profiles.py,a9573adb91a83f21f799b5e78de5115503b76fc0,100644,scripts,scripts,test,test,Python,5749,117,103,True,False,,deterministic path rules,[]
scripts/tests/test_native_plan_stage.py,3b2fd6a730d4dbf591ca20847e8864666835a6da,100644,scripts,scripts,test,test,Python,13330,260,243,True,False,,deterministic path rules,[]
scripts/tests/test_probe_unix_kill_targeting.py,45b1f030d8af14341cb84758ab4bbecb97a1d7fe,100644,scripts,scripts,test,test,Python,1580,31,24,True,False,,deterministic path rules,[]
scripts/tests/test_run_python_unittest_shards.py,bf6e7eb5924fb9216cb7483d914ab80a18a0e8b0,100644,scripts,scripts,test,test,Python,1737,43,32,True,False,,deterministic path rules,[]
scripts/tests/test_rust_source.py,974259a4103df73121f136ceced40bff21bae778,100644,scripts,scripts,test,test,Python,3635,88,75,True,False,,deterministic path rules,[]
scripts/tests/test_warning_policy.py,34a9dda70c8ab525a46c9f64b23d702a1bf438cc,100644,scripts,scripts,test,test,Python,7120,193,174,True,False,,deterministic path rules,[]
scripts/unsafe-boundaries.allowlist,d486f7da926c7594c9451ae456426048de48b2a3,100644,scripts,scripts,build-tooling,build-tooling,Other text,7264,35,35,False,False,,deterministic path rules,[]
scripts/validate-document-workflows.sh,b93866cc9a082ab8540b0aed80a2e75367c0826b,100644,scripts,scripts,build-tooling,build-tooling,Shell,2464,88,81,True,False,,deterministic path rules,[]
scripts/warning-exceptions.json,bd3b9a2efee5ddbf6ed1c46fd9edda23d6a9dedd,100644,scripts,scripts,build-tooling,build-tooling,JSON,13058,307,307,False,False,,deterministic path rules,[]
src/abi/Cargo.toml,62e1a26c7d5c282cb2ff91090b7fb35650f6b289,100644,src/abi,src/abi,configuration,configuration,TOML,155,13,10,False,False,,deterministic path rules,[]
src/abi/src/lib.rs,dc92702078ee3ca166dbd5d0a4e5befe6d1d775a,100644,src/abi,src/abi,production-mixed-tests,production-mixed-tests,Rust,9849,296,263,True,False,,deterministic path rules,['Embedded cfg(test): whole-file mixed attribution; excluded from pure-production subtotal.']
src/bin/mech.rs,88bcc16d96fb91d624b075a3053369ef0973881b,100644,src/bin,src/bin,production,production,Rust,71,3,3,True,False,,deterministic path rules,[]
src/browser_planning.rs,e733183c1f1a556d16f737bd4d018b275bdaf167,100644,src,src,production,production,Rust,12182,311,302,True,False,,deterministic path rules,[]
src/build/Cargo.toml,9b6b82af84db6b19db5940f3833ed250711cc3f5,100644,src/build,src/build,configuration,configuration,TOML,2643,59,53,False,False,,deterministic path rules,[]
src/build/LICENSE,41c00c99942792057b7d84e2ba001fdd4f141831,100644,src/build,src/build,license,license,Other text,11344,201,169,False,False,,deterministic path rules,[]
src/build/README.md,5c5f3d13b3550be8a5879dde6830054db8c93885,100644,src/build,src/build,documentation,documentation,Markdown,368,8,6,False,False,,deterministic path rules,[]
src/build/native-resolution-seed.lock,90f9d479cc40e4df944f171d69d4478a11d1b07f,100644,src/build,src/build,configuration,configuration,Lockfile,117105,4808,4318,False,False,,deterministic path rules,[]
src/build/src/analysis/artifact.rs,5cd7b9db07c62acf56340702b13c221e368a2c42,100644,src/build,src/build,production-mixed-tests,production-mixed-tests,Rust,10935,299,280,True,False,,deterministic path rules,['Embedded cfg(test): whole-file mixed attribution; excluded from pure-production subtotal.']
src/build/src/analysis/bytecode.rs,521c67c1c91a74d390d028b7edefa7bb9b3e60ca,100644,src/build,src/build,production-mixed-tests,production-mixed-tests,Rust,18641,500,465,True,False,,deterministic path rules,['Embedded cfg(test): whole-file mixed attribution; excluded from pure-production subtotal.']
src/build/src/analysis/mod.rs,e0b5ef1912f7657cbfd94037f6ee5529fa55939a,100644,src/build,src/build,production,production,Rust,569,14,12,True,False,,deterministic path rules,[]
src/build/src/analysis/requirements/actor.rs,b631b73ce79526821c45649d06e4b8a3b86ffb78,100644,src/build,src/build,production,production,Rust,2579,84,78,True,False,,deterministic path rules,[]
src/build/src/analysis/requirements/config.rs,1bfaa71d4d0d5efdf752cb8d28dd40bdfcac1045,100644,src/build,src/build,production,production,Rust,3989,113,106,True,False,,deterministic path rules,[]
src/build/src/analysis/requirements/external.rs,1d5a1cf9767265fc96ecba6091df38202d09a181,100644,src/build,src/build,production,production,Rust,16439,438,416,True,False,,deterministic path rules,[]
src/build/src/analysis/requirements/grants.rs,1172e4f18dabbac4d9074a823b7539250a69abce,100644,src/build,src/build,production,production,Rust,5276,166,151,True,False,,deterministic path rules,[]
src/build/src/analysis/requirements/mod.rs,15ab74be3aefe528226755a9ae6347f5eef806d8,100644,src/build,src/build,production-mixed-tests,production-mixed-tests,Rust,1227,40,35,True,False,,deterministic path rules,['Embedded cfg(test): whole-file mixed attribution; excluded from pure-production subtotal.']
src/build/src/analysis/requirements/ownership.rs,5b695d3fa6a41db82c65dc5511dc175abcc8300a,100644,src/build,src/build,production,production,Rust,14379,397,377,True,False,,deterministic path rules,[]
src/build/src/analysis/requirements/tests.rs,88df12ac46a92483c1295c866254a8409c2aaea5,100644,src/build,src/build,production,production,Rust,56110,1717,1606,True,False,,deterministic path rules,[]
src/build/src/analysis/runtime_types.rs,9aa0743e4484eeee253f0a251a2be5d79241e7ee,100644,src/build,src/build,production-mixed-tests,production-mixed-tests,Rust,4001,116,105,True,False,,deterministic path rules,['Embedded cfg(test): whole-file mixed attribution; excluded from pure-production subtotal.']
src/build/src/cargo/artifact.rs,d90d8f5356ea5d7cbb835dc03acd53762a2a6c9e,100644,src/build,src/build,production,production,Rust,440,19,16,True,False,,deterministic path rules,[]
src/build/src/cargo/command.rs,b370e2f2f8724a477ec6a689a44dc2b1eafe4a51,100644,src/build,src/build,production-mixed-tests,production-mixed-tests,Rust,21889,655,603,True,False,,deterministic path rules,['Embedded cfg(test): whole-file mixed attribution; excluded from pure-production subtotal.']
src/build/src/cargo/messages.rs,cddac520cdb4f96a36f05f242be0302f6af666ff,100644,src/build,src/build,production-mixed-tests,production-mixed-tests,Rust,7226,195,178,True,False,,deterministic path rules,['Embedded cfg(test): whole-file mixed attribution; excluded from pure-production subtotal.']
src/build/src/cargo/mod.rs,dc476dcae0b955a8cd201e11dad1bce85d8cc31a,100644,src/build,src/build,production,production,Rust,104,7,6,True,False,,deterministic path rules,[]
src/build/src/dependency/fingerprint.rs,ce88353a87fad2604e04a78ca571a85123f8523f,100644,src/build,src/build,production-mixed-tests,production-mixed-tests,Rust,45204,1294,1192,True,False,,deterministic path rules,['Embedded cfg(test): whole-file mixed attribution; excluded from pure-production subtotal.']
src/build/src/dependency/mod.rs,0540d397b7b64c872c47cefb3df79afa7d55c643,100644,src/build,src/build,production-mixed-tests,production-mixed-tests,Rust,3218,102,91,True,False,,deterministic path rules,['Embedded cfg(test): whole-file mixed attribution; excluded from pure-production subtotal.']
src/build/src/dependency/registry.rs,f324df09cc7ff3f15ddcf90a8c82747278feb6c8,100644,src/build,src/build,production-mixed-tests,production-mixed-tests,Rust,7277,218,200,True,False,,deterministic path rules,['Embedded cfg(test): whole-file mixed attribution; excluded from pure-production subtotal.']
src/build/src/dependency/resolution.rs,5d6f155b54282d0cf182f028e3d2168936edd7d1,100644,src/build,src/build,production,production,Rust,467,13,12,True,False,,deterministic path rules,[]
src/build/src/dependency/workspace.rs,141fd3250ed761dae94dd21ee06308dd6f4b390a,100644,src/build,src/build,production-mixed-tests,production-mixed-tests,Rust,6774,212,189,True,False,,deterministic path rules,['Embedded cfg(test): whole-file mixed attribution; excluded from pure-production subtotal.']
src/build/src/error/mod.rs,996de3501d368c1df78c0cf30672e362f0b2d7e1,100644,src/build,src/build,production-mixed-tests,production-mixed-tests,Rust,17143,438,424,True,False,,deterministic path rules,['Embedded cfg(test): whole-file mixed attribution; excluded from pure-production subtotal.']
src/build/src/host/catalog.rs,c3c960d3aa76b4591d72b83acf535610769d19cd,100644,src/build,src/build,production-mixed-tests,production-mixed-tests,Rust,15499,474,424,True,False,,deterministic path rules,['Embedded cfg(test): whole-file mixed attribution; excluded from pure-production subtotal.']
src/build/src/host/mod.rs,112e8deff70b81f40c1473fb0db82f47fa15b64d,100644,src/build,src/build,production,production,Rust,199,9,6,True,False,,deterministic path rules,[]
src/build/src/host/standard.rs,6ccae52e02d99980986dfd504bcf113f55a1b999,100644,src/build,src/build,production-mixed-tests,production-mixed-tests,Rust,9621,268,239,True,False,,deterministic path rules,['Embedded cfg(test): whole-file mixed attribution; excluded from pure-production subtotal.']
src/build/src/lib.rs,9efe35698ecf3ed71f73f4ac32b136f1177fcc69,100644,src/build,src/build,production,production,Rust,23141,627,592,True,False,,deterministic path rules,[]
src/build/src/plan/digest.rs,a20bdc4195c78ec295023750ce988b96e4f10511,100644,src/build,src/build,production-mixed-tests,production-mixed-tests,Rust,13333,333,311,True,False,,deterministic path rules,['Embedded cfg(test): whole-file mixed attribution; excluded from pure-production subtotal.']
src/build/src/plan/mod.rs,22774359064540cf7151b099c6ac7d748270bdc3,100644,src/build,src/build,production,production,Rust,107,7,6,True,False,,deterministic path rules,[]
src/build/src/plan/model.rs,cef357ea11506a045acc71fb7d5cb08e9bb40779,100644,src/build,src/build,production,production,Rust,5830,180,162,True,False,,deterministic path rules,[]
src/build/src/plan/validation.rs,41794f67ddf25d8f51c7d0d5fb1a11dcc81a8d60,100644,src/build,src/build,production-mixed-tests,production-mixed-tests,Rust,7486,210,196,True,False,,deterministic path rules,['Embedded cfg(test): whole-file mixed attribution; excluded from pure-production subtotal.']
src/build/src/process.rs,2aabc17513a2cad8ebe8266d9bd05d2d6ead5620,100644,src/build,src/build,production,production,Rust,5686,162,151,True,False,,deterministic path rules,[]
src/build/src/project/manifest.rs,e69eaf2b214a50609b7fbc8e4d8906e910c8c07e,100644,src/build,src/build,production-mixed-tests,production-mixed-tests,Rust,27237,791,742,True,False,,deterministic path rules,['Embedded cfg(test): whole-file mixed attribution; excluded from pure-production subtotal.']
src/build/src/project/mod.rs,e653ce295d7f06b1e38dfc9f04f8f8b4e84eef8b,100644,src/build,src/build,production,production,Rust,131,9,8,True,False,,deterministic path rules,[]
src/build/src/project/render.rs,229e568ac9a25ec293de1f94fc99922ac929d9ed,100644,src/build,src/build,production-mixed-tests,production-mixed-tests,Rust,59332,1535,1431,True,False,,deterministic path rules,['Embedded cfg(test): whole-file mixed attribution; excluded from pure-production subtotal.']
src/build/src/project/source.rs,5bb062f9e215bac0caf937b3ceff25c5a7e3ad03,100644,src/build,src/build,production-mixed-tests,production-mixed-tests,Rust,23546,685,628,True,False,,deterministic path rules,['Embedded cfg(test): whole-file mixed attribution; excluded from pure-production subtotal.']
src/build/src/project/strings.rs,dc24881eaf261a004a3c001dc7dd2ce90315951d,100644,src/build,src/build,production-mixed-tests,production-mixed-tests,Rust,1397,44,40,True,False,,deterministic path rules,['Embedded cfg(test): whole-file mixed attribution; excluded from pure-production subtotal.']
src/build/tests/generate_native_projects.rs,869a7b51b397ce99158f945b02e7d3b5b35dbd6e,100644,src/build,src/build,test,test,Rust,2972,76,71,True,False,,deterministic path rules,[]
src/build/tests/isolated_process.rs,26a8729c2a544bfc5c96046dc8b4eb966600734a,100644,src/build,src/build,test,test,Rust,29274,836,788,True,False,,deterministic path rules,[]
src/build/tests/native_cli_hosted.rs,42d74db5dccf590bf10813ca62a6cd9f1e672ed3,100644,src/build,src/build,test,test,Rust,2118,61,56,True,False,,deterministic path rules,[]
src/build/tests/native_generated_arguments.rs,92a56a2589ff13668ba383970ae5834403dcd353,100644,src/build,src/build,test,test,Rust,1187,38,32,True,False,,deterministic path rules,[]
src/build/tests/native_generated_end_to_end.rs,4640164e073e51dca70a9615b34b8e41e37f3c85,100644,src/build,src/build,test,test,Rust,3101,86,82,True,False,,deterministic path rules,[]
src/build/tests/native_host_pruning.rs,7f92e6596ba35313dfa93dfb6f37276bc1b43746,100644,src/build,src/build,test,test,Rust,4797,138,129,True,False,,deterministic path rules,[]
src/build/tests/native_literal.rs,28bef1252cfbbd5d18f7e0baf073396ea38b917e,100644,src/build,src/build,test,test,Rust,813,26,21,True,False,,deterministic path rules,[]
src/build/tests/native_output_seed_arities.rs,9b0c7cd1c73cb6d09ca9b88bdbd5468ab7e6f044,100644,src/build,src/build,test,test,Rust,11490,365,342,True,False,,deterministic path rules,[]
src/build/tests/native_representative_families.rs,15ff3a7de9dde7d8c58eee1d61ef03e6991b10fb,100644,src/build,src/build,test,test,Rust,4691,160,153,True,False,,deterministic path rules,[]
src/build/tests/native_scalar.rs,420538f8178ecbb78ab89facefe126b54934086e,100644,src/build,src/build,test,test,Rust,2337,81,74,True,False,,deterministic path rules,[]
src/build/tests/planning.rs,2a9669692eeb47c70585bacee905d1dfdb98010d,100644,src/build,src/build,test,test,Rust,62384,1838,1724,True,False,,deterministic path rules,[]
src/build/tests/registry_generated_project.rs,66af3df3a0d6e6990e1c73d4af76c728a2373b20,100644,src/build,src/build,test,test,Rust,17000,478,453,True,False,,deterministic path rules,[]
src/build/tests/standard_host_source_planning.rs,26022dcfe24c9ba414a51f914d2bdf69a18817e3,100644,src/build,src/build,test,test,Rust,29889,800,777,True,False,,deterministic path rules,[]
src/build/tests/support/generated_cases.rs,1bcc51f7b1e1d1fa16413098dce6819ceeb05106,100644,src/build,src/build,test,test,Rust,7826,259,250,True,False,,deterministic path rules,[]
src/build/tests/support/isolated.rs,1e22da4a7a4ba6626fdb356bcce86675d64c1fa3,100644,src/build,src/build,test,test,Rust,35744,1063,997,True,False,,deterministic path rules,[]
src/build/tests/support/mod.rs,738a06335ad6bb7e8a60cac7143e9d7e55b870eb,100644,src/build,src/build,test,test,Rust,507,18,16,True,False,,deterministic path rules,[]
src/bundle_planning.rs,53115574be19147ae6935a1c6d00a2a704a9045d,100644,src,src,production,production,Rust,4191,87,86,True,False,,deterministic path rules,[]
src/bundle_web.rs,df9fbab6f8edd6aa4b3c5a033f64a9460379c62e,100644,src,src,production-mixed-tests,production-mixed-tests,Rust,110362,2911,2704,True,False,,deterministic path rules,['Embedded cfg(test): whole-file mixed attribution; excluded from pure-production subtotal.']
src/bytecode/Cargo.toml,467ae99d0fc518e654adec87034d15e9d92c9b61,100644,src/bytecode,src/bytecode,configuration,configuration,TOML,692,19,17,False,False,,deterministic path rules,[]
src/bytecode/src/lib.rs,2c84dea74ee1f20a5ae039e5d362efc1eb297e0c,100644,src/bytecode,src/bytecode,production,production,Rust,492,10,9,True,False,,deterministic path rules,[]
src/canonical_presentation.rs,a38a0d27167703235e6a6e7f8ce2c7ad0f13a124,100644,src,src,production-mixed-tests,production-mixed-tests,Rust,29325,788,759,True,False,,deterministic path rules,['Embedded cfg(test): whole-file mixed attribution; excluded from pure-production subtotal.']
src/cli/app/mod.rs,58a25603ac152e79c084bc917959bee1fa64ab21,100644,src/cli,src/cli,production-mixed-tests,production-mixed-tests,Rust,9620,249,227,True,False,,deterministic path rules,['Embedded cfg(test): whole-file mixed attribution; excluded from pure-production subtotal.']
src/cli/app/tests/mod.rs,776f7ef0f7a010763d9359c1b23318dc5610f9e5,100644,src/cli,src/cli,test,test,Rust,30792,951,857,True,False,,deterministic path rules,[]
src/cli/bundle_web.rs,c030076fb0410ca7a08843aab0ea58ef2f9b3339,100644,src/cli,src/cli,production-mixed-tests,production-mixed-tests,Rust,38077,1114,1022,True,False,,deterministic path rules,['Embedded cfg(test): whole-file mixed attribution; excluded from pure-production subtotal.']
src/cli/canonical_source.rs,6d7f359d6ee5f2ba95be496312829be0ead0cb13,100644,src/cli,src/cli,production-mixed-tests,production-mixed-tests,Rust,8053,216,200,True,False,,deterministic path rules,['Embedded cfg(test): whole-file mixed attribution; excluded from pure-production subtotal.']
src/cli/capabilities.rs,ff5ab4f3633a36c9408c1535240b76bb62f1fb29,100644,src/cli,src/cli,production-mixed-tests,production-mixed-tests,Rust,27688,805,759,True,False,,deterministic path rules,['Embedded cfg(test): whole-file mixed attribution; excluded from pure-production subtotal.']
src/cli/commands/build.rs,ae222058644c31376ce473aa6f56559cabfe2751,100644,src/cli,src/cli,build-tooling,build-tooling,Rust,27201,787,743,True,False,,deterministic path rules,[]
src/cli/commands/bundle_web.rs,c43d6113745fc38196ddda9d40d3048f7000a5be,100644,src/cli,src/cli,production,production,Rust,1252,41,32,True,False,,deterministic path rules,[]
src/cli/commands/format/document_bundle/mod.rs,67eaeed16071bbba1655aeea09647a5e1e9bc870,100644,src/cli,src/cli,production-mixed-tests,production-mixed-tests,Rust,6344,196,179,True,False,,deterministic path rules,['Embedded cfg(test): whole-file mixed attribution; excluded from pure-production subtotal.']
src/cli/commands/format/document_bundle/tests.rs,e1e48f6d31f6f97d580e27b6799c4a98383e4b90,100644,src/cli,src/cli,production,production,Rust,11336,365,322,True,False,,deterministic path rules,[]
src/cli/commands/format/mod.rs,cec8644402bf9a9683f78dc4e35e14d70c05a566,100644,src/cli,src/cli,production-mixed-tests,production-mixed-tests,Rust,38473,1139,1082,True,False,,deterministic path rules,['Embedded cfg(test): whole-file mixed attribution; excluded from pure-production subtotal.']
src/cli/commands/format/publication/mod.rs,4a88674f1d69a0d9c29fb5bb62dc712e9f2c812d,100644,src/cli,src/cli,production-mixed-tests,production-mixed-tests,Rust,18176,533,495,True,False,,deterministic path rules,['Embedded cfg(test): whole-file mixed attribution; excluded from pure-production subtotal.']
src/cli/commands/format/publication/tests.rs,99fe89d86df6b2962d9ef155623b6da2a1df8a50,100644,src/cli,src/cli,production,production,Rust,11070,338,292,True,False,,deterministic path rules,[]
src/cli/commands/format/tests.rs,765fae80fa65835d2a1e8e8143c5f78aacd21402,100644,src/cli,src/cli,production,production,Rust,28995,767,712,True,False,,deterministic path rules,[]
src/cli/commands/mod.rs,9e6c41551419e97e720baf5007ff8390fca04d39,100644,src/cli,src/cli,production,production,Rust,296,12,12,True,False,,deterministic path rules,[]
src/cli/commands/repl/events.rs,b80255158f9e22b52030ad10fbde6b71a3e98eda,100644,src/cli,src/cli,production-mixed-tests,production-mixed-tests,Rust,2894,97,83,True,False,,deterministic path rules,['Embedded cfg(test): whole-file mixed attribution; excluded from pure-production subtotal.']
src/cli/commands/repl/mod.rs,10624613ff2f16154d41b172df354a9aa42863dd,100644,src/cli,src/cli,production-mixed-tests,production-mixed-tests,Rust,34894,1044,977,True,False,,deterministic path rules,['Embedded cfg(test): whole-file mixed attribution; excluded from pure-production subtotal.']
src/cli/commands/repl/presentation.rs,e86c600ebb5c60127f5a6687ce9dfc48a25f33e9,100644,src/cli,src/cli,production-mixed-tests,production-mixed-tests,Rust,12964,415,384,True,False,,deterministic path rules,['Embedded cfg(test): whole-file mixed attribution; excluded from pure-production subtotal.']
src/cli/commands/repl/session.rs,9a50acfb9ea3ce73702c0d83766cb3ddcb37fc29,100644,src/cli,src/cli,production-mixed-tests,production-mixed-tests,Rust,9092,291,259,True,False,,deterministic path rules,['Embedded cfg(test): whole-file mixed attribution; excluded from pure-production subtotal.']
src/cli/commands/repl/terminal.rs,bda2976979a34a3e15ff1c288c6da8a580878505,100644,src/cli,src/cli,production-mixed-tests,production-mixed-tests,Rust,17139,529,489,True,False,,deterministic path rules,['Embedded cfg(test): whole-file mixed attribution; excluded from pure-production subtotal.']
src/cli/commands/repl/ui.rs,395284509265ec4f04532a7c540428d4c4f6e34d,100644,src/cli,src/cli,production-mixed-tests,production-mixed-tests,Rust,8049,261,239,True,False,,deterministic path rules,['Embedded cfg(test): whole-file mixed attribution; excluded from pure-production subtotal.']
src/cli/commands/run.rs,e84b2f4c4fa86014420653e9b1127025eeabb2cc,100644,src/cli,src/cli,production-mixed-tests,production-mixed-tests,Rust,26511,721,671,True,False,,deterministic path rules,['Embedded cfg(test): whole-file mixed attribution; excluded from pure-production subtotal.']
src/cli/commands/serve.rs,d41ecd87f05f59fd3d10937cb06e0bb91b3844e7,100644,src/cli,src/cli,production-mixed-tests,production-mixed-tests,Rust,32060,932,871,True,False,,deterministic path rules,['Embedded cfg(test): whole-file mixed attribution; excluded from pure-production subtotal.']
src/cli/compute.rs,44a0bf647addad08c2a441df4bd4052eb9d4c38a,100644,src/cli,src/cli,production,production,Rust,6693,204,189,True,False,,deterministic path rules,[]
src/cli/config.rs,627d19f260b86ca984ba4dac147f6b2a09329965,100644,src/cli,src/cli,production-mixed-tests,production-mixed-tests,Rust,37262,1003,936,True,False,,deterministic path rules,['Embedded cfg(test): whole-file mixed attribution; excluded from pure-production subtotal.']
src/cli/host_configuration.rs,efafb37c95cc0a1b1b57f98ae13393f3ce3c6174,100644,src/cli,src/cli,production,production,Rust,2721,81,72,True,False,,deterministic path rules,[]
src/cli/host_factories.rs,754f4c4604facd2ba1ae1f5f49ab009f3d78548a,100644,src/cli,src/cli,production,production,Rust,2084,59,51,True,False,,deterministic path rules,[]
src/cli/host_grants.rs,b61f305507f33fd668a2af814f091e83b5341ea4,100644,src/cli,src/cli,production,production,Rust,4761,162,141,True,False,,deterministic path rules,[]
src/cli/mod.rs,63f8e056ac1d31ec8e13cb1263769a5c3e37e4c1,100644,src/cli,src/cli,production,production,Rust,2224,75,71,True,False,,deterministic path rules,[]
src/cli/module_execution.rs,70ae9d8d19b52f4237d3cb66f607bad5f2daa191,100644,src/cli,src/cli,production-mixed-tests,production-mixed-tests,Rust,10922,330,294,True,False,,deterministic path rules,['Embedded cfg(test): whole-file mixed attribution; excluded from pure-production subtotal.']
src/cli/outcome.rs,dcfb202157ecf7d668323fc6de4078a13303e0d0,100644,src/cli,src/cli,production,production,Rust,483,24,21,True,False,,deterministic path rules,[]
src/cli/resources.rs,17e83d1c4493cd12bb45d68ff4483d118d09a854,100644,src/cli,src/cli,production-mixed-tests,production-mixed-tests,Rust,17621,551,504,True,False,,deterministic path rules,['Embedded cfg(test): whole-file mixed attribution; excluded from pure-production subtotal.']
src/cli/run/mod.rs,b4014c6b07c7e31d47e7ebb6bc284a8477dde0c0,100644,src/cli,src/cli,production-mixed-tests,production-mixed-tests,Rust,21652,668,615,True,False,,deterministic path rules,['Embedded cfg(test): whole-file mixed attribution; excluded from pure-production subtotal.']
src/cli/run_options.rs,87ba25c672c05f78bd48d47daa9df7ebbd3b9db3,100644,src/cli,src/cli,production,production,Rust,6241,175,160,True,False,,deterministic path rules,[]
src/cli/runtime_plan.rs,ec44b2b3189f49c12ac6cd152542ce65b38af8a6,100644,src/cli,src/cli,production-mixed-tests,production-mixed-tests,Rust,7287,207,188,True,False,,deterministic path rules,['Embedded cfg(test): whole-file mixed attribution; excluded from pure-production subtotal.']
src/cli/serve_options.rs,55e358f449cdb424ab99edb70cb4d16d1f995734,100644,src/cli,src/cli,production,production,Rust,7098,224,208,True,False,,deterministic path rules,[]
src/compute/Cargo.toml,739b19d5995bc8aea51137f0e563338421c1126a,100644,src/compute,src/compute,configuration,configuration,TOML,720,19,17,False,False,,deterministic path rules,[]
src/compute/src/activation.rs,0452024ea7063e547e80aee52caf103d296b49de,100644,src/compute,src/compute,production,production,Rust,14765,332,324,True,False,,deterministic path rules,[]
src/compute/src/diagnostic.rs,a647e3c18d5f070a0b7309be26463bce84bdfedd,100644,src/compute,src/compute,production,production,Rust,1812,68,60,True,False,,deterministic path rules,[]
src/compute/src/fixed_shape.rs,c600073ca005a0b83dd0fdc51939efd3fcdc1fe0,100644,src/compute,src/compute,production-mixed-tests,production-mixed-tests,Rust,10856,352,324,True,False,,deterministic path rules,['Embedded cfg(test): whole-file mixed attribution; excluded from pure-production subtotal.']
src/compute/src/ir.rs,bcc24236f5f7930d3c473f0c59eaaadf4ecbb8c0,100644,src/compute,src/compute,production-mixed-tests,production-mixed-tests,Rust,15518,476,446,True,False,,deterministic path rules,['Embedded cfg(test): whole-file mixed attribution; excluded from pure-production subtotal.']
src/compute/src/lib.rs,718f98aa3e343cb1c7e85ac41d262acf8f05399d,100644,src/compute,src/compute,production,production,Rust,507,26,24,True,False,,deterministic path rules,[]
src/compute/src/memory.rs,821585d95cc6107d237c50644a5259e6d0621ae7,100644,src/compute,src/compute,production,production,Rust,7206,206,199,True,False,,deterministic path rules,[]
src/compute/src/placement.rs,eafe40c006c55fd1bf08969eb18f4d6e647dc86c,100644,src/compute,src/compute,production,production,Rust,22410,647,620,True,False,,deterministic path rules,[]
src/compute/src/port.rs,ec61e5db53e98569e504b898b9880c4f6276f8b5,100644,src/compute,src/compute,production-mixed-tests,production-mixed-tests,Rust,31339,939,887,True,False,,deterministic path rules,['Embedded cfg(test): whole-file mixed attribution; excluded from pure-production subtotal.']
src/compute/src/program.rs,a0f00a83d79157456ce90e2abf4a57618cd11167,100644,src/compute,src/compute,production,production,Rust,3363,110,96,True,False,,deterministic path rules,[]
src/compute/src/registry.rs,754a3b3379395d4a62505697b1b01e4456a3daff,100644,src/compute,src/compute,production-mixed-tests,production-mixed-tests,Rust,21681,724,652,True,False,,deterministic path rules,['Embedded cfg(test): whole-file mixed attribution; excluded from pure-production subtotal.']
src/compute/src/shape.rs,adb989f5e001eb90d134f51def8ce8e47cc2e91a,100644,src/compute,src/compute,production,production,Rust,17204,471,453,True,False,,deterministic path rules,[]
src/compute/tests/memory_plan.rs,7e028ef348e08edbbbb8e9631bd2ddfe035040b6,100644,src/compute,src/compute,test,test,Rust,6691,179,173,True,False,,deterministic path rules,[]
src/compute/tests/memory_runtime.rs,001c70ec726c56cfd0ca27a87fee451abb833c9f,100644,src/compute,src/compute,test,test,Rust,2767,71,69,True,False,,deterministic path rules,[]
src/core/Cargo.toml,aeaf74a7cb25c43e6e6f2becfdea99067e3a58c4,100644,src/core,src/core,configuration,configuration,TOML,6142,185,169,False,False,,deterministic path rules,[]
src/core/LICENSE,41c00c99942792057b7d84e2ba001fdd4f141831,100644,src/core,src/core,license,license,Other text,11344,201,169,False,False,,deterministic path rules,[]
src/core/README.md,64bd0d30e72c4d6732623a5cba1704e7e17a757f,100644,src/core,src/core,documentation,documentation,Markdown,1001,19,11,False,False,,deterministic path rules,[]
src/core/benches/solve_result_overhead.rs,c77ab5bfb9e91f8e118ff72cd27415f0833601fd,100644,src/core,src/core,benchmark,benchmark,Rust,21057,733,661,True,False,,deterministic path rules,[]
src/core/src/browser_document.rs,c2231cb60e95a47188586e0ef4f514e97777bba4,100644,src/core,src/core,production,production,Rust,3528,109,96,True,False,,deterministic path rules,[]
src/core/src/cell_binding.rs,f8edb9d06aa0ffeda4bc0e4e852139df1383a8cb,100644,src/core,src/core,production,production,Rust,354191,9277,8830,True,False,,deterministic path rules,[]
src/core/src/dimension.rs,07c2f0ac9ccb7cf9c0918bc51e685f3f885b2559,100644,src/core,src/core,production-mixed-tests,production-mixed-tests,Rust,24207,693,649,True,False,,deterministic path rules,['Embedded cfg(test): whole-file mixed attribution; excluded from pure-production subtotal.']
src/core/src/element.rs,b2561ff5e813881da4f31984ab675a3ec37bcda9,100644,src/core,src/core,production,production,Rust,2904,82,72,True,False,,deterministic path rules,[]
src/core/src/encoded_payload.rs,92d773dfa303e31965cffbaea7bb96eb004f3a27,100644,src/core,src/core,production,production,Rust,991,27,21,True,False,,deterministic path rules,[]
src/core/src/error.rs,bc85cfa78308857b2de0cca37ec736169f5f49ea,100644,src/core,src/core,production,production,Rust,12217,438,387,True,False,,deterministic path rules,[]
src/core/src/execution.rs,88ea409b4474cb489a80061efa25f1c6778f5575,100644,src/core,src/core,production-mixed-tests,production-mixed-tests,Rust,15398,503,447,True,False,,deterministic path rules,['Embedded cfg(test): whole-file mixed attribution; excluded from pure-production subtotal.']
src/core/src/function/argument.rs,7b7899089d47b7d07d92fc80a7dcf0cf6f5868eb,100644,src/core,core/function,production,production,Rust,52978,1525,1384,True,False,,deterministic path rules,[]
src/core/src/function/catalog.rs,91b87bf060e7f083a00e7d23b6b38fc7bf254918,100644,src/core,core/function,production-mixed-tests,production-mixed-tests,Rust,88930,2632,2417,True,False,,deterministic path rules,['Embedded cfg(test): whole-file mixed attribution; excluded from pure-production subtotal.']
src/core/src/function/contract.rs,7168a12c154b0dff29ba8cf63c37719cb214f493,100644,src/core,core/function,production,production,Rust,15669,461,435,True,False,,deterministic path rules,[]
src/core/src/function/mod.rs,a2fa520559d4c86847c7de10719de8f0e09d0dbb,100644,src/core,core/function,production-mixed-tests,production-mixed-tests,Rust,123214,3467,3165,True,False,,deterministic path rules,['Embedded cfg(test): whole-file mixed attribution; excluded from pure-production subtotal.']
src/core/src/function/resident.rs,a30b2946efcde0ccf011a00a39f04a805c11dbe6,100644,src/core,core/function,production,production,Rust,21733,693,629,True,False,,deterministic path rules,[]
src/core/src/function/signature.rs,866bce06486f56339f07b3dd36d2b3148cb69b0c,100644,src/core,core/function,production,production,Rust,37840,1101,1049,True,False,,deterministic path rules,[]
src/core/src/function/specialization.rs,48759395f0a0da10bf87f53cf7fb578112a563b9,100644,src/core,core/function,production,production,Rust,78293,2094,1959,True,False,,deterministic path rules,[]
src/core/src/function/state.rs,c876ba6d42934f047c32516c97493448f48dc0c4,100644,src/core,core/function,production,production,Rust,12777,372,318,True,False,,deterministic path rules,[]
src/core/src/function/tests/catalog.rs,25a03b7be8d839ccf7c48090f1695fcfc121273a,100644,src/core,core/function,test,test,Rust,23537,686,621,True,False,,deterministic path rules,[]
src/core/src/function/tests/checkpoint.rs,839892dcb7838e9549d5fb19de7bdda8820548d4,100644,src/core,core/function,test,test,Rust,9143,261,239,True,False,,deterministic path rules,[]
src/core/src/function/tests/dependencies.rs,d5b319cbab85e46fcf4b3040ed6bebdfbd31142a,100644,src/core,core/function,test,test,Rust,6081,183,170,True,False,,deterministic path rules,[]
src/core/src/function/tests/mod.rs,93a9b2f5bdd3abf30bc202ec37b86fa32638ee73,100644,src/core,core/function,test,test,Rust,145,8,8,True,False,,deterministic path rules,[]
src/core/src/function/tests/reactive_plan.rs,ce40d591b7cc70ceece9660ece8c1a305044230b,100644,src/core,core/function,test,test,Rust,2932,83,73,True,False,,deterministic path rules,[]
src/core/src/function/tests/register_commit.rs,f1ef088adb6d5809a58400a035ac0b7632b37872,100644,src/core,core/function,test,test,Rust,19847,633,578,True,False,,deterministic path rules,[]
src/core/src/function/tests/solve.rs,fcce0e11505962c2998262c9921bf02ac61ae71f,100644,src/core,core/function,test,test,Rust,31515,1039,992,True,False,,deterministic path rules,[]
src/core/src/function/tests/support.rs,9adec8c93a205491932a0e36ebebafd1e044e717,100644,src/core,core/function,test,test,Rust,6204,211,188,True,False,,deterministic path rules,[]
src/core/src/function/tests/transaction_state.rs,09a2d6488b8b9da7809cb4b006c5e24bb991b0f1,100644,src/core,core/function,test,test,Rust,4443,141,123,True,False,,deterministic path rules,[]
src/core/src/kind_expr.rs,e8dfe34a4ed6c3dd017bc052020adecf4f5ed3dc,100644,src/core,src/core,production,production,Rust,23747,684,659,True,False,,deterministic path rules,[]
src/core/src/kind_scheme.rs,cf095a05c5ddb476cb8d8f7de1ac9ad6687eb369,100644,src/core,src/core,production,production,Rust,7946,239,220,True,False,,deterministic path rules,[]
src/core/src/lib.rs,e60d56e22228102fb950f6a358be90b5b8a2e11e,100644,src/core,src/core,production-mixed-tests,production-mixed-tests,Rust,16780,697,655,True,False,,deterministic path rules,['Embedded cfg(test): whole-file mixed attribution; excluded from pure-production subtotal.']
src/core/src/memory_contract/mod.rs,b2637f30c654b1aa5ebc29a66dff540ac328bc25,100644,src/core,core/memory_contract,production,production,Rust,236,9,7,True,False,,deterministic path rules,[]
src/core/src/memory_contract/operation_requirement.rs,68dc32867b2831dac8dd42eec8811b044fb3d70b,100644,src/core,core/memory_contract,production,production,Rust,18492,502,476,True,False,,deterministic path rules,[]
src/core/src/memory_contract/storage_capability.rs,374762ff943a42b43715daa6f629a4d3671f2119,100644,src/core,core/memory_contract,production,production,Rust,13714,381,352,True,False,,deterministic path rules,[]
src/core/src/memory_contract/type_contract.rs,07a307a5fea036c65630335ab0c377b60225d706,100644,src/core,core/memory_contract,production,production,Rust,22890,654,624,True,False,,deterministic path rules,[]
src/core/src/memory_plan/budget.rs,7dc48790a4d12ffefe08ec8cfa97d71eef67a6e6,100644,src/core,core/memory_plan,production-mixed-tests,production-mixed-tests,Rust,7819,260,246,True,False,,deterministic path rules,['Embedded cfg(test): whole-file mixed attribution; excluded from pure-production subtotal.']
src/core/src/memory_plan/derive.rs,1b063cf4f45345e3f16ca79781dde9f40ae1f2dc,100644,src/core,core/memory_plan,production,production,Rust,89371,2303,2241,True,False,,deterministic path rules,[]
src/core/src/memory_plan/error.rs,cfd7b11e5e32953939c9ed168e002b3c37a4399e,100644,src/core,core/memory_plan,production,production,Rust,1715,53,47,True,False,,deterministic path rules,[]
src/core/src/memory_plan/implementation.rs,39e28e4998308b322111801e4c5799c983d7ddb8,100644,src/core,core/memory_plan,production,production,Rust,5887,120,115,True,False,,deterministic path rules,[]
src/core/src/memory_plan/mod.rs,f9047c904d1002ea51e92eb5c2d97ed78cf5d9a8,100644,src/core,core/memory_plan,production,production,Rust,459,18,16,True,False,,deterministic path rules,[]
src/core/src/memory_plan/model.rs,64772d3e43cf8e7ece7733e639c3514b3b481472,100644,src/core,core/memory_plan,production,production,Rust,12699,455,413,True,False,,deterministic path rules,[]
src/core/src/memory_plan/target.rs,213940ea7692c2ee099a6c750de9c18ba554bccb,100644,src/core,core/memory_plan,production,production,Rust,7479,208,193,True,False,,deterministic path rules,[]
src/core/src/memory_runtime/access.rs,75823a588d844168a1a1199993d2130f4b39f713,100644,src/core,core/memory_runtime,production,production,Rust,204001,5090,4922,True,False,,deterministic path rules,[]
src/core/src/memory_runtime/allocation.rs,7013161486c3ccf8a955bd1e7f376b0b4dc3f4e6,100644,src/core,core/memory_runtime,production,production,Rust,13495,399,367,True,False,,deterministic path rules,[]
src/core/src/memory_runtime/budget.rs,9ce9e46deaa0f8f5d6d42dd532b87e4d264ad107,100644,src/core,core/memory_runtime,production-mixed-tests,production-mixed-tests,Rust,9923,288,257,True,False,,deterministic path rules,['Embedded cfg(test): whole-file mixed attribution; excluded from pure-production subtotal.']
src/core/src/memory_runtime/domain.rs,95bfc41f6a6536b451b52e4bf489c7d4a0588264,100644,src/core,core/memory_runtime,production,production,Rust,148402,3829,3695,True,False,,deterministic path rules,[]
src/core/src/memory_runtime/error.rs,793aadfd03e40965339a9f8fb8df40eb96c98705,100644,src/core,core/memory_runtime,production,production,Rust,3283,136,127,True,False,,deterministic path rules,[]
src/core/src/memory_runtime/identity.rs,b01bdec609edf8b60c2ed520d9156f85dee6bcbe,100644,src/core,core/memory_runtime,production,production,Rust,3722,155,132,True,False,,deterministic path rules,[]
src/core/src/memory_runtime/mod.rs,8ba37f45dd5c2576c7c3e222edac3710f70c841c,100644,src/core,core/memory_runtime,production,production,Rust,858,27,24,True,False,,deterministic path rules,[]
src/core/src/memory_runtime/payload.rs,d735d6a7ada251a5d10e5bb0435a9f2a25155780,100644,src/core,core/memory_runtime,production,production,Rust,42645,1143,1063,True,False,,deterministic path rules,[]
src/core/src/memory_runtime/transaction.rs,0ef0174b5c74702b76ee15654388f6a60188174f,100644,src/core,core/memory_runtime,production,production,Rust,33322,869,826,True,False,,deterministic path rules,[]
src/core/src/mika.rs,279ed0a0f21b947f68de33e1ddf9db3eb202e1bd,100644,src/core,src/core,production,production,Rust,21344,606,570,True,False,,deterministic path rules,[]
src/core/src/module_manifest.rs,44c6262eac70f525a55397f00ad19e8f1774fe4e,100644,src/core,src/core,production,production,Rust,7913,241,224,True,False,,deterministic path rules,[]
src/core/src/nominal.rs,479d7a2ed9da02835f1af32134dae7994d0f157b,100644,src/core,src/core,production,production,Rust,3604,113,101,True,False,,deterministic path rules,[]
src/core/src/operation_contract/declaration.rs,1c036cf607dd06488903cee14960d7126cfb85bf,100644,src/core,core/operation_contract,production,production,Rust,6898,223,201,True,False,,deterministic path rules,[]
src/core/src/operation_contract/encoding.rs,796eab738847d510d303e34e913cbaa627e41daf,100644,src/core,core/operation_contract,production,production,Rust,18810,549,506,True,False,,deterministic path rules,[]
src/core/src/operation_contract/maintained.rs,6decca65ae5fbf6a8058cecc13d401668bfd0274,100644,src/core,core/operation_contract,production,production,Rust,13224,342,336,True,False,,deterministic path rules,[]
src/core/src/operation_contract/mod.rs,b5514870d0c7787a8dd072a115b359802b5f6af7,100644,src/core,core/operation_contract,production,production,Rust,413,16,14,True,False,,deterministic path rules,[]
src/core/src/operation_contract/resolved.rs,c6d47cd18390f13dfdaa9d603b6b8972882bac0d,100644,src/core,core/operation_contract,production,production,Rust,6355,198,174,True,False,,deterministic path rules,[]
src/core/src/operation_contract/validation.rs,c791e5b90a23f6f7582d6fe7970a765013ae1181,100644,src/core,core/operation_contract,production,production,Rust,22744,668,642,True,False,,deterministic path rules,[]
src/core/src/program/bytecode/aggregates.rs,0744bfe1e9cbc79a091ed9370a301c81e8373e83,100644,src/core,core/program,production,production,Rust,15364,408,397,True,False,,deterministic path rules,[]
src/core/src/program/bytecode/constants/canonical.rs,ecd4d873979161ec44e051f3e7c71031cc27826c,100644,src/core,core/program,production,production,Rust,72574,1861,1814,True,False,,deterministic path rules,[]
src/core/src/program/bytecode/constants/composite.rs,a467cae6c9f212bb0be9a2c066694e4b59c59e7e,100644,src/core,core/program,production,production,Rust,411,13,10,True,False,,deterministic path rules,[]
src/core/src/program/bytecode/constants/inline_type.rs,18a77aeab430e913c2ae322bce025feea96ecbb7,100644,src/core,core/program,production,production,Rust,418,11,9,True,False,,deterministic path rules,[]
src/core/src/program/bytecode/constants/limits.rs,aa99fac267fc8f382bd517ffb4ea9ee07558ff8f,100644,src/core,core/program,production,production,Rust,104,3,2,True,False,,deterministic path rules,[]
src/core/src/program/bytecode/constants/matrix.rs,fb557593814eacc39ad17af438ab0c88de45942f,100644,src/core,core/program,production,production,Rust,572,14,11,True,False,,deterministic path rules,[]
src/core/src/program/bytecode/constants/mod.rs,372073cc4120b80881d61bb33ff717b585bf75eb,100644,src/core,core/program,production,production,Rust,23249,666,637,True,False,,deterministic path rules,[]
src/core/src/program/bytecode/errors.rs,285cbb79d09db29d6504bf92df7af025e7f7fb68,100644,src/core,core/program,production,production,Rust,3368,143,120,True,False,,deterministic path rules,[]
src/core/src/program/bytecode/header.rs,3256f671060f8786ca5187523a64323f4431e549,100644,src/core,core/program,production,production,Rust,909,28,26,True,False,,deterministic path rules,[]
src/core/src/program/bytecode/instructions.rs,74461836bc568ff2d4d6d1a890529c78bed7c220,100644,src/core,core/program,production,production,Rust,3419,141,135,True,False,,deterministic path rules,[]
src/core/src/program/bytecode/limits.rs,217e586d059df7a44599bb4fe30546501a2e57de,100644,src/core,core/program,production,production,Rust,1041,34,33,True,False,,deterministic path rules,[]
src/core/src/program/bytecode/mod.rs,ef69f5113b4abee0c87d35db6d1561255c557603,100644,src/core,core/program,production-mixed-tests,production-mixed-tests,Rust,616,32,30,True,False,,deterministic path rules,['Embedded cfg(test): whole-file mixed attribution; excluded from pure-production subtotal.']
src/core/src/program/bytecode/reader.rs,7f16ebc5b791d72480e688b8b63163f4207985ad,100644,src/core,core/program,production,production,Rust,52919,1337,1291,True,False,,deterministic path rules,[]
src/core/src/program/bytecode/requirements.rs,79b477420ca41bec8a026fdba449589296e2c290,100644,src/core,core/program,production,production,Rust,5607,133,126,True,False,,deterministic path rules,[]
src/core/src/program/bytecode/runtime_contracts.rs,d0d2db80cf78f0bc6ac1a39dcd14c914078e3459,100644,src/core,core/program,production,production,Rust,22906,608,576,True,False,,deterministic path rules,[]
src/core/src/program/bytecode/section.rs,4a6f8a5f8144434c10ba2c01158506ce8aed1654,100644,src/core,core/program,production,production,Rust,4659,153,144,True,False,,deterministic path rules,[]
src/core/src/program/bytecode/tests.rs,880f64578848506dcf8eb50fd127b11b233d91e1,100644,src/core,core/program,production,production,Rust,109815,3172,2938,True,False,,deterministic path rules,[]
src/core/src/program/bytecode/types.rs,de917f53ede19fdb369b6d9566a87d6eedc63b0e,100644,src/core,core/program,production-mixed-tests,production-mixed-tests,Rust,59462,1676,1633,True,False,,deterministic path rules,['Embedded cfg(test): whole-file mixed attribution; excluded from pure-production subtotal.']
src/core/src/program/bytecode/validation.rs,0632dbd9c551625546aad88bf4a1a0b163770a0f,100644,src/core,core/program,production,production,Rust,3790,124,103,True,False,,deterministic path rules,[]
src/core/src/program/bytecode/writer.rs,d66d6cb5f6facd80f98c9bb1a5659385d391c524,100644,src/core,core/program,production-mixed-tests,production-mixed-tests,Rust,18871,541,523,True,False,,deterministic path rules,['Embedded cfg(test): whole-file mixed attribution; excluded from pure-production subtotal.']
src/core/src/program/compiler/api.rs,ed9065dd9a42e9405b7bae4dacba266c7a316952,100644,src/core,core/program,production,production,Rust,20874,543,492,True,False,,deterministic path rules,[]
src/core/src/program/compiler/constants.rs,ec852c6902b1b568ee0cea03bb006a1e6753c95b,100644,src/core,core/program,production,production,Rust,885,26,22,True,False,,deterministic path rules,[]
src/core/src/program/compiler/construction.rs,ea1ed6f4dbb0cdf4c1afadf57fceee217d9e4e27,100644,src/core,core/program,production-mixed-tests,production-mixed-tests,Rust,3711,122,111,True,False,,deterministic path rules,['Embedded cfg(test): whole-file mixed attribution; excluded from pure-production subtotal.']
src/core/src/program/compiler/context.rs,339d66681a3cc1ef20d9c5b46476b8e873786855,100644,src/core,core/program,production,production,Rust,66333,1664,1586,True,False,,deterministic path rules,[]
src/core/src/program/compiler/mod.rs,e7f749412b1a09ac8355cffd1ff8eb07f54e0a8f,100644,src/core,core/program,production,production,Rust,197,11,9,True,False,,deterministic path rules,[]
src/core/src/program/mod.rs,0a28d969d116cd8c19aa1cd88904c4a0214dbb38,100644,src/core,core/program,production,production,Rust,1004,37,33,True,False,,deterministic path rules,[]
src/core/src/program/symbol_table.rs,4501826867ae8eedc8f8ef7bc9a4f1116c195049,100644,src/core,core/program,production,production,Rust,4521,142,124,True,False,,deterministic path rules,[]
src/core/src/range.rs,2a2e8f9ea2d9699e8a229c102f6f8b9b4549e193,100644,src/core,src/core,production-mixed-tests,production-mixed-tests,Rust,13625,454,416,True,False,,deterministic path rules,['Embedded cfg(test): whole-file mixed attribution; excluded from pure-production subtotal.']
src/core/src/reactive_transaction.rs,a677485d7a56c10d4ef8e138a5559fdf6d28e6af,100644,src/core,src/core,production-mixed-tests,production-mixed-tests,Rust,8995,285,244,True,False,,deterministic path rules,['Embedded cfg(test): whole-file mixed attribution; excluded from pure-production subtotal.']
src/core/src/read_source.rs,59190f56dad854cdc8dcedbe186d1287e0b6b8a4,100644,src/core,src/core,production,production,Rust,153,7,6,True,False,,deterministic path rules,[]
src/core/src/resident_execution.rs,b8f5eef3323594723f572cb6bb0a32ca6c8cb85e,100644,src/core,src/core,production-mixed-tests,production-mixed-tests,Rust,778,26,23,True,False,,deterministic path rules,['Embedded cfg(test): whole-file mixed attribution; excluded from pure-production subtotal.']
src/core/src/runtime_storage.rs,12772cdb04a5a39321284a1c2bf6c20450ff9598,100644,src/core,src/core,production-mixed-tests,production-mixed-tests,Rust,12055,307,290,True,False,,deterministic path rules,['Embedded cfg(test): whole-file mixed attribution; excluded from pure-production subtotal.']
src/core/src/schema/encoding.rs,94ec53756452e39c0fb28c6cef26203a92838928,100644,src/core,core/schema,production,production,Rust,8496,263,239,True,False,,deterministic path rules,[]
src/core/src/schema/mod.rs,a58695e5433848e476b0688855550c9a7913f057,100644,src/core,core/schema,production,production,Rust,7592,254,230,True,False,,deterministic path rules,[]
src/core/src/schema/shape.rs,05c7f3b69151ca3d8f248b3ebd2e06b6e9fc38eb,100644,src/core,core/schema,production,production,Rust,7374,211,201,True,False,,deterministic path rules,[]
src/core/src/schema/table.rs,458bae902631ceb8d6d270b91cfcca1e95709b90,100644,src/core,core/schema,production-mixed-tests,production-mixed-tests,Rust,58174,1577,1494,True,False,,deterministic path rules,['Embedded cfg(test): whole-file mixed attribution; excluded from pure-production subtotal.']
src/core/src/schema/validation.rs,7de77423c149ecd76f943eebf5317f54c72bd31c,100644,src/core,core/schema,production,production,Rust,17532,467,452,True,False,,deterministic path rules,[]
src/core/src/selector.rs,9bd2d99dd81c19d7b6fae087fee39bed6e49e241,100644,src/core,src/core,production-mixed-tests,production-mixed-tests,Rust,15333,405,386,True,False,,deterministic path rules,['Embedded cfg(test): whole-file mixed attribution; excluded from pure-production subtotal.']
src/core/src/semantic_error.rs,a155ad5aa700d6b69453f2c757390e106f3c1e9a,100644,src/core,src/core,production,production,Rust,3708,154,143,True,False,,deterministic path rules,[]
src/core/src/semantic_identity.rs,10c085ced3155b0db793003185225f2f74ebf80b,100644,src/core,src/core,production,production,Rust,6114,241,198,True,False,,deterministic path rules,[]
src/core/src/snapshot/composite_constructor_tests.rs,252e7f531b30ff242f0e4c80aae7872315841656,100644,src/core,core/snapshot,production,production,Rust,17475,481,474,True,False,,deterministic path rules,[]
src/core/src/snapshot/composite_cost.rs,32298eff8905666ee3918ba0d440ab0e18f1bd46,100644,src/core,core/snapshot,production-mixed-tests,production-mixed-tests,Rust,12505,336,320,True,False,,deterministic path rules,['Embedded cfg(test): whole-file mixed attribution; excluded from pure-production subtotal.']
src/core/src/snapshot/constants.rs,8763112da2d74b8ff8cdf5761e0fc566518fbc04,100644,src/core,core/snapshot,production-mixed-tests,production-mixed-tests,Rust,8614,271,240,True,False,,deterministic path rules,['Embedded cfg(test): whole-file mixed attribution; excluded from pure-production subtotal.']
src/core/src/snapshot/data.rs,1eb20c67a2017ad76e019edb12ced982d0cfb4e7,100644,src/core,core/snapshot,production-mixed-tests,production-mixed-tests,Rust,30660,981,882,True,False,,deterministic path rules,['Embedded cfg(test): whole-file mixed attribution; excluded from pure-production subtotal.']
src/core/src/snapshot/draft.rs,62ad0d93c275c26d3561a210327cefd958a0b752,100644,src/core,core/snapshot,production,production,Rust,4752,152,141,True,False,,deterministic path rules,[]
src/core/src/snapshot/encoding.rs,855c5178da51f262757b93c2b1ce07fe587aa86a,100644,src/core,core/snapshot,production-mixed-tests,production-mixed-tests,Rust,59359,1515,1453,True,False,,deterministic path rules,['Embedded cfg(test): whole-file mixed attribution; excluded from pure-production subtotal.']
src/core/src/snapshot/error.rs,83758731d7ccf9f2440cd17b28122e1fe0cc5b09,100644,src/core,core/snapshot,production,production,Rust,5159,229,216,True,False,,deterministic path rules,[]
src/core/src/snapshot/index.rs,7ba4863a20e885c1a45464f8b45a92456b2ca531,100644,src/core,core/snapshot,production,production,Rust,5237,144,140,True,False,,deterministic path rules,[]
src/core/src/snapshot/matrix_constructor_tests.rs,f166ff78af2a66ed2255c42ab7a406afb9fe0e69,100644,src/core,core/snapshot,production,production,Rust,3628,115,114,True,False,,deterministic path rules,[]
src/core/src/snapshot/mod.rs,85b448f20399d56e0a8d4a6ead8b67ccf03d5891,100644,src/core,core/snapshot,production-mixed-tests,production-mixed-tests,Rust,2294,57,54,True,False,,deterministic path rules,['Embedded cfg(test): whole-file mixed attribution; excluded from pure-production subtotal.']
src/core/src/snapshot/relations.rs,a47f3112ff22da116911a7b8976ba8cc898697a4,100644,src/core,core/snapshot,production-mixed-tests,production-mixed-tests,Rust,62696,1687,1621,True,False,,deterministic path rules,['Embedded cfg(test): whole-file mixed attribution; excluded from pure-production subtotal.']
src/core/src/snapshot/sequence.rs,d547c077f86fade38bef4c6f02d2dba355a2d009,100644,src/core,core/snapshot,production,production,Rust,15279,340,325,True,False,,deterministic path rules,[]
src/core/src/snapshot/validation.rs,88235e7f4a5599c1ada3035e1e6393573c5cb137,100644,src/core,core/snapshot,production-mixed-tests,production-mixed-tests,Rust,211053,5409,5232,True,False,,deterministic path rules,['Embedded cfg(test): whole-file mixed attribution; excluded from pure-production subtotal.']
src/core/src/snapshot/views.rs,8bdd29fc5c10e17cbe20ceac104a17483e25efde,100644,src/core,core/snapshot,production,production,Rust,3258,143,118,True,False,,deterministic path rules,[]
src/core/src/source_diagnostic.rs,d84cff6720bb0b3cb3d84a189b17b1dbe642f15d,100644,src/core,src/core,production,production,Rust,5149,232,217,True,False,,deterministic path rules,[]
src/core/src/state_journal/mod.rs,bed7defd65716c06a81e96eaae883a34affb466c,100644,src/core,core/state_journal,production-mixed-tests,production-mixed-tests,Rust,18473,636,572,True,False,,deterministic path rules,['Embedded cfg(test): whole-file mixed attribution; excluded from pure-production subtotal.']
src/core/src/state_journal/tests/canonical.rs,b7a1e52c307cf026cf4bbfcde0840a5595feb711,100644,src/core,core/state_journal,test,test,Rust,2976,99,81,True,False,,deterministic path rules,[]
src/core/src/state_journal/tests/exact_minimal.rs,dff8b15582b0eee515694c16172fc8ea07e990ac,100644,src/core,core/state_journal,test,test,Rust,355,13,10,True,False,,deterministic path rules,[]
src/core/src/state_journal/tests/mod.rs,4ee36b96b86eab38efbc1edc8790b1acca3bbd85,100644,src/core,core/state_journal,test,test,Rust,15,1,1,True,False,,deterministic path rules,[]
src/core/src/stdlib.rs,56fdcf096fccd87e510e51167923adc01e717ec0,100644,src/core,src/core,production,production,Rust,95339,2686,2587,True,False,,deterministic path rules,[]
src/core/src/structures/matrix.rs,4871fb99dce68010faee68d19d444f856a5ce77b,100644,src/core,core/structures,production,production,Rust,56481,1427,1380,True,False,,deterministic path rules,[]
src/core/src/structures/mod.rs,c12ec96dfa7f10067b98cf43eb9da9ffc20ed99a,100644,src/core,core/structures,production,production,Rust,95,4,4,True,False,,deterministic path rules,[]
src/core/src/type_system/builtin.rs,9bc1e807d00cf9f3762171b0ea57ffe4853607b1,100644,src/core,core/type_system,production,production,Rust,11408,354,329,True,False,,deterministic path rules,[]
src/core/src/type_system/conversion.rs,46ab73ee86ed9824d67c787cf724227387a9d936,100644,src/core,core/type_system,production,production,Rust,32485,895,845,True,False,,deterministic path rules,[]
src/core/src/type_system/diagnostic.rs,7795851652b203ed41fc5755b188a9221f38f1a9,100644,src/core,core/type_system,production,production,Rust,15873,490,467,True,False,,deterministic path rules,[]
src/core/src/type_system/mod.rs,9eb1ac3c2da2123c650628a4a74ac4b1b9c28aeb,100644,src/core,core/type_system,production,production,Rust,379,17,15,True,False,,deterministic path rules,[]
src/core/src/type_system/resolved.rs,e24b719605dba4833c0aabe5f0d40807c80ed6a4,100644,src/core,core/type_system,production,production,Rust,17542,458,426,True,False,,deterministic path rules,[]
src/core/src/type_system/resolved_value.rs,1783f6b7101bff432e66e719d5b1b960fe362359,100644,src/core,core/type_system,production,production,Rust,53272,1420,1379,True,False,,deterministic path rules,[]
src/core/src/type_system/scheme.rs,e698a97a130f0604221db84188445acc6b2eca5a,100644,src/core,core/type_system,production,production,Rust,51107,1549,1481,True,False,,deterministic path rules,[]
src/core/src/type_system/solver.rs,f37c825eacf2b69478ea5b204679d5d4e22dbae9,100644,src/core,core/type_system,production,production,Rust,82998,2151,2071,True,False,,deterministic path rules,[]
src/core/src/types/atom.rs,b328284a716d10a8db15918ab1a0836a8ddba1fb,100644,src/core,core/types,production,production,Rust,1965,81,71,True,False,,deterministic path rules,[]
src/core/src/types/complex_numbers.rs,7235799705658a7cf8011c3955cda1327bd81b81,100644,src/core,core/types,production,production,Rust,3380,153,130,True,False,,deterministic path rules,[]
src/core/src/types/mod.rs,86bd3ca3aa6fb65535f03c3fa01ff07eb9aed4c3,100644,src/core,core/types,production,production,Rust,6714,241,211,True,False,,deterministic path rules,[]
src/core/src/types/rational_numbers.rs,71353acfbc849f7700e91c96fcdd09482a56d1a9,100644,src/core,core/types,production,production,Rust,4608,200,169,True,False,,deterministic path rules,[]
src/core/tests/canonical_schema_vectors.rs,1b3b5bdf4b381b4a33af022cb07a8fd74494ed52,100644,src/core,src/core,test,test,Rust,10712,296,279,True,False,,deterministic path rules,[]
src/core/tests/canonical_type_contract.rs,be39201a274196fd3d6b70aca06eb544b8bafba6,100644,src/core,src/core,test,test,Rust,23771,708,677,True,False,,deterministic path rules,[]
src/core/tests/composite_constructor_allocation.rs,7d0217bc43689a3a6c88db884176213ead738b31,100644,src/core,src/core,test,test,Rust,4749,122,120,True,False,,deterministic path rules,[]
src/core/tests/constant_store_contract.rs,e19690765ca077b44f8f80ad865ca85fc33359de,100644,src/core,src/core,test,test,Rust,4051,113,99,True,False,,deterministic path rules,[]
src/core/tests/dimension_contract.rs,8c8259d2d8e44f91eeec575e754f7d1138e63eb7,100644,src/core,src/core,test,test,Rust,7018,225,212,True,False,,deterministic path rules,[]
src/core/tests/kind_scheme_contract.rs,6d4bfc4286c264967feec6a6446507d07f2a2ad2,100644,src/core,src/core,test,test,Rust,5798,186,177,True,False,,deterministic path rules,[]
src/core/tests/memory_plan.rs,de8a1f42918231aaa5343ac1d321a868b96e8c3c,100644,src/core,src/core,test,test,Rust,53067,1491,1434,True,False,,deterministic path rules,[]
src/core/tests/memory_runtime.rs,ba22989ce29e41928957642c448f813f282fec65,100644,src/core,src/core,test,test,Rust,148760,4151,4005,True,False,,deterministic path rules,[]
src/core/tests/memory_safety.rs,a3fa2925c1665ba9ac4e069c0b25bae3ff8b3250,100644,src/core,src/core,test,test,Rust,46100,1342,1294,True,False,,deterministic path rules,[]
src/core/tests/operation_contract_contract.rs,454c31278d393c9d357e2e7c091c3fe31728f027,100644,src/core,src/core,test,test,Rust,40931,1156,1094,True,False,,deterministic path rules,[]
src/core/tests/operation_memory_requirement.rs,4b2a7cdf0d541a59169363c5b4505af506f58932,100644,src/core,src/core,test,test,Rust,36179,1082,1002,True,False,,deterministic path rules,[]
src/core/tests/schema_contract.rs,9048ea89de41d47d4ef8898df381adecfd7f6bd8,100644,src/core,src/core,test,test,Rust,23151,692,662,True,False,,deterministic path rules,[]
src/core/tests/semantic_identity_contract.rs,fc6ecb63acd75ef43b89582e49e233998a583e8d,100644,src/core,src/core,test,test,Rust,3322,106,96,True,False,,deterministic path rules,[]
src/core/tests/semantic_serde_contract.rs,0f23bf1eaa640ed7a14424210b901eea72a80d0c,100644,src/core,src/core,test,test,Rust,2467,74,66,True,False,,deterministic path rules,[]
src/core/tests/snapshot_canonical_vectors.rs,7e26d5473c14329783310b47d11c6eb484416de9,100644,src/core,src/core,test,test,Rust,24492,620,598,True,False,,deterministic path rules,[]
src/core/tests/snapshot_rebuild_contract.rs,587912aae42c6b6a229df12f51006fe8c6a938a6,100644,src/core,src/core,test,test,Rust,15783,466,448,True,False,,deterministic path rules,[]
src/core/tests/snapshot_relations_contract.rs,525cfd7f51ab16dda8feb5b5c6661907c484b1a5,100644,src/core,src/core,test,test,Rust,12818,407,388,True,False,,deterministic path rules,[]
src/core/tests/snapshot_serde_contract.rs,0312c643a4b6e596c6935ec4b7d78c4f500d0ef3,100644,src/core,src/core,test,test,Rust,2410,66,59,True,False,,deterministic path rules,[]
src/core/tests/snapshot_value_contract.rs,33ebe0c20ad475bf1598cb348a8959d3524dcdfd,100644,src/core,src/core,test,test,Rust,19622,606,580,True,False,,deterministic path rules,[]
src/core/tests/stdlib_macro_hygiene.rs,1e67b9828ee4c114537ed4a06da6b500fde9651a,100644,src/core,src/core,test,test,Rust,3161,100,82,True,False,,deterministic path rules,[]
src/core/tests/storage_capability.rs,1f24c178ce17ca7fa1a1abed50c62e34438c029f,100644,src/core,src/core,test,test,Rust,29330,811,769,True,False,,deterministic path rules,[]
src/core/tests/support/allocation_probe.rs,2376d07b946c19f9340270faa336efe751fef23c,100644,src/core,src/core,test,test,Rust,2097,65,59,True,False,,deterministic path rules,[]
src/core/tests/type_memory_boundary.rs,b6c0842e2807f59cb148848bea92cb2bbcc28bb6,100644,src/core,src/core,test,test,Rust,34457,890,852,True,False,,deterministic path rules,[]
src/core/tests/type_memory_contract.rs,d4190c824fa80d203ce0ebeff91e5da10bb27249,100644,src/core,src/core,test,test,Rust,28706,897,860,True,False,,deterministic path rules,[]
src/core/tests/type_system_builtin.rs,6e85b4614d32925e2291099b999b28efaf33e4b7,100644,src/core,src/core,test,test,Rust,17669,532,514,True,False,,deterministic path rules,[]
src/core/tests/type_system_catalog.rs,a0a2977682299475e1fb20ab1a7008b513dcfe03,100644,src/core,src/core,test,test,Rust,39034,1062,1012,True,False,,deterministic path rules,[]
src/core/tests/type_system_contract.rs,44335e7d0ddaa924223c990690303263dd58383e,100644,src/core,src/core,test,test,Rust,28759,838,800,True,False,,deterministic path rules,[]
src/core/tests/type_system_conversion.rs,e10de4400d69cc9ec7d9c4a41cd93474c5844320,100644,src/core,src/core,test,test,Rust,14920,409,390,True,False,,deterministic path rules,[]
src/core/tests/type_system_solver.rs,6d88fc915a58adc76dbe40ddb27ee32799e49494,100644,src/core,src/core,test,test,Rust,31003,955,910,True,False,,deterministic path rules,[]
src/engine/Cargo.toml,dff107cc883cf62f45d650a6634aed27f96bb82a,100644,src/engine,src/engine,configuration,configuration,TOML,17672,530,493,False,False,,deterministic path rules,[]
src/engine/LICENSE,41c00c99942792057b7d84e2ba001fdd4f141831,100644,src/engine,src/engine,license,license,Other text,11344,201,169,False,False,,deterministic path rules,[]
src/engine/README.md,1527da858b0897ff05c9ff2a07f4871ce7735100,100644,src/engine,src/engine,documentation,documentation,Markdown,2302,54,42,False,False,,deterministic path rules,[]
src/engine/src/artifact/bytecode.rs,4a96f2b81fc352fe8bb5cdadd5b50f94ecd7ac55,100644,src/engine,engine/artifact,production-mixed-tests,production-mixed-tests,Rust,90331,2547,2439,True,False,,deterministic path rules,['Embedded cfg(test): whole-file mixed attribution; excluded from pure-production subtotal.']
src/engine/src/artifact/compiler.rs,fa62b41fb0a95f6b5c36f4ef903cc2acdfc1a46a,100644,src/engine,engine/artifact,production,production,Rust,136340,3450,3323,True,False,,deterministic path rules,[]
src/engine/src/artifact/comprehension.rs,2029d6a0eaec916ddcadea5d1618e11ebaff4dcc,100644,src/engine,engine/artifact,production-mixed-tests,production-mixed-tests,Rust,45022,1167,1137,True,False,,deterministic path rules,['Embedded cfg(test): whole-file mixed attribution; excluded from pure-production subtotal.']
src/engine/src/artifact/control.rs,a54c047a2e726deb9aa610b48c66e8ed316f2dbc,100644,src/engine,engine/artifact,production-mixed-tests,production-mixed-tests,Rust,67927,1678,1624,True,False,,deterministic path rules,['Embedded cfg(test): whole-file mixed attribution; excluded from pure-production subtotal.']
src/engine/src/artifact/encoding.rs,6c11eae2278910dbda33a16f2a1b3fa373a90b62,100644,src/engine,engine/artifact,production,production,Rust,21830,641,607,True,False,,deterministic path rules,[]
src/engine/src/artifact/fsm.rs,6e91beb9eedd162193749e0fcf87deec6da8fd51,100644,src/engine,engine/artifact,production,production,Rust,5807,182,171,True,False,,deterministic path rules,[]
src/engine/src/artifact/ir.rs,340acf07cb9615faa7936fbdb12f06afef3433a6,100644,src/engine,engine/artifact,production,production,Rust,9310,263,248,True,False,,deterministic path rules,[]
src/engine/src/artifact/mod.rs,73b4c903d2751124f5595774ea325d76957bd943,100644,src/engine,engine/artifact,production,production,Rust,491,26,22,True,False,,deterministic path rules,[]
src/engine/src/artifact/model.rs,6c0562b560e827294f76a754d91cfcc7b12b029f,100644,src/engine,engine/artifact,production-mixed-tests,production-mixed-tests,Rust,44620,1303,1233,True,False,,deterministic path rules,['Embedded cfg(test): whole-file mixed attribution; excluded from pure-production subtotal.']
src/engine/src/artifact/requirements.rs,cafa0a71cde6197783be646ecdf2cf16653c3185,100644,src/engine,engine/artifact,production,production,Rust,1940,68,58,True,False,,deterministic path rules,[]
src/engine/src/artifact/snapshot.rs,1e1528526f4908101ea819d63a825455800a8b98,100644,src/engine,engine/artifact,production,production,Rust,8289,187,184,True,False,,deterministic path rules,[]
src/engine/src/artifact/validation.rs,6a676111c13e4732a9dd6fc6a2e0c6ebe1c7a3b5,100644,src/engine,engine/artifact,production,production,Rust,41837,1092,1054,True,False,,deterministic path rules,[]
src/engine/src/efficacy/ekf/catalog.rs,5a1239b07f23f8d14ef07fc04c1d938d63f1e9c9,100644,src/engine,engine/efficacy,production,production,Rust,44918,1216,1153,True,False,,deterministic path rules,[]
src/engine/src/efficacy/ekf/closure.rs,3e690811f60ba4da0c7e18b127954d8ea20cf448,100644,src/engine,engine/efficacy,production-mixed-tests,production-mixed-tests,Rust,56352,1487,1411,True,False,,deterministic path rules,['Embedded cfg(test): whole-file mixed attribution; excluded from pure-production subtotal.']
src/engine/src/efficacy/ekf/math.rs,57c3736e5ffcccd4a6b1794fc4eb0ad4c1b28f37,100644,src/engine,engine/efficacy,production-mixed-tests,production-mixed-tests,Rust,8566,333,301,True,False,,deterministic path rules,['Embedded cfg(test): whole-file mixed attribution; excluded from pure-production subtotal.']
src/engine/src/efficacy/ekf/mod.rs,cdea28873a83363c8427362c6a21d1d1426800f6,100644,src/engine,engine/efficacy,production,production,Rust,244,7,6,True,False,,deterministic path rules,[]
src/engine/src/efficacy/ekf/operation.rs,453114b99d931875305c4696c09f27210d54a663,100644,src/engine,engine/efficacy,production,production,Rust,8820,312,297,True,False,,deterministic path rules,[]
src/engine/src/efficacy/mod.rs,3795897f0fb66c243edccebd81ba28e7045bd9ff,100644,src/engine,engine/efficacy,production,production,Rust,20,1,1,True,False,,deterministic path rules,[]
src/engine/src/function/catalog.rs,f833266c1fbdd8d8bdb397a5927fad71ab49891d,100644,src/engine,engine/function,production,production,Rust,2807,63,57,True,False,,deterministic path rules,[]
src/engine/src/function/dynamic.rs,9de1d202556e0de2f30109771fbab54c7a9335b0,100644,src/engine,engine/function,production,production,Rust,18596,485,459,True,False,,deterministic path rules,[]
src/engine/src/function/environment.rs,f2f768d8b831924a1e8588bb86af452568c2430a,100644,src/engine,engine/function,production-mixed-tests,production-mixed-tests,Rust,16043,484,438,True,False,,deterministic path rules,['Embedded cfg(test): whole-file mixed attribution; excluded from pure-production subtotal.']
src/engine/src/function/extensions.rs,71447b72f4f34bf126a49532522b9b54464440e7,100644,src/engine,engine/function,production-mixed-tests,production-mixed-tests,Rust,14361,466,416,True,False,,deterministic path rules,['Embedded cfg(test): whole-file mixed attribution; excluded from pure-production subtotal.']
src/engine/src/function/external/host_call.rs,1770838295963d6412f2f7aba7d792ad1dc84436,100644,src/engine,engine/function,production,production,Rust,14326,397,366,True,False,,deterministic path rules,[]
src/engine/src/function/external/mod.rs,cb490365d892e4fc5573c9cab4ac492a973c3b31,100644,src/engine,engine/function,production,production,Rust,1032,37,32,True,False,,deterministic path rules,[]
src/engine/src/function/external/resource_read.rs,d9bc221d7fa8f8e874471a30758607359bf69d44,100644,src/engine,engine/function,production,production,Rust,12090,349,318,True,False,,deterministic path rules,[]
src/engine/src/function/external/resource_write.rs,5c0b26fbc90017d0c5a30ac51dd683a109bc92ed,100644,src/engine,engine/function,production,production,Rust,7260,203,181,True,False,,deterministic path rules,[]
src/engine/src/function/mod.rs,5d06d09af2093ce2551a0a1dd77996864b6d6305,100644,src/engine,engine/function,production,production,Rust,1129,36,34,True,False,,deterministic path rules,[]
src/engine/src/function/module.rs,1dbfbfb710f62b3e013a50bb10d81f5337f23883,100644,src/engine,engine/function,production-mixed-tests,production-mixed-tests,Rust,68112,1883,1730,True,False,,deterministic path rules,['Embedded cfg(test): whole-file mixed attribution; excluded from pure-production subtotal.']
src/engine/src/function/native.rs,4f6b9d549e281177719a505ccbc22909ef8ffaba,100644,src/engine,engine/function,production,production,Rust,3656,120,107,True,False,,deterministic path rules,[]
src/engine/src/function/resolver.rs,a603d54cd68001f61c1bea1828f62740b0e27867,100644,src/engine,engine/function,production-mixed-tests,production-mixed-tests,Rust,25331,694,656,True,False,,deterministic path rules,['Embedded cfg(test): whole-file mixed attribution; excluded from pure-production subtotal.']
src/engine/src/intrinsics/access/map.rs,9e03ebfd4659e167e2859e9ec7239303b49b7cda,100644,src/engine,engine/intrinsics,production,production,Rust,481,22,17,True,False,,deterministic path rules,[]
src/engine/src/intrinsics/access/matrix.rs,2e658aa61b34ec4399cbb71cae60cbd42dad9094,100644,src/engine,engine/intrinsics,production,production,Rust,128747,3621,3412,True,False,,deterministic path rules,[]
src/engine/src/intrinsics/access/mod.rs,59bdb5339ca182d92fd9bb548d9fcc87c5321233,100644,src/engine,engine/intrinsics,production,production,Rust,48139,1318,1251,True,False,,deterministic path rules,[]
src/engine/src/intrinsics/access/record.rs,67331c6ba2726acc27d34db64bed4e5cae792ce3,100644,src/engine,engine/intrinsics,production,production,Rust,222,10,7,True,False,,deterministic path rules,[]
src/engine/src/intrinsics/access/string.rs,10bc93715b837a8dca68951050475a1cd0038a6e,100644,src/engine,engine/intrinsics,production,production,Rust,124,4,3,True,False,,deterministic path rules,[]
src/engine/src/intrinsics/access/table.rs,e840875f050323ccc9397a4f22107625b5e4975e,100644,src/engine,engine/intrinsics,production,production,Rust,428,22,15,True,False,,deterministic path rules,[]
src/engine/src/intrinsics/access/tuple.rs,8811ae7d77123e19bb1fb100963d6d5f50544f48,100644,src/engine,engine/intrinsics,production,production,Rust,2429,71,60,True,False,,deterministic path rules,[]
src/engine/src/intrinsics/aggregate.rs,2f4aac00b4a8fa1cb36edec210d8e40b2d28a7dd,100644,src/engine,engine/intrinsics,production,production,Rust,8202,239,227,True,False,,deterministic path rules,[]
src/engine/src/intrinsics/aggregate_tests.rs,9cb63c24aa8020c59f126946df3e671ebdd0918c,100644,src/engine,engine/intrinsics,production,production,Rust,8291,224,211,True,False,,deterministic path rules,[]
src/engine/src/intrinsics/assign/catalog.rs,c595e56be2903609c619e6f8e8087701a6f91b11,100644,src/engine,engine/intrinsics,production,production,Rust,168807,3124,2995,True,False,,deterministic path rules,[]
src/engine/src/intrinsics/assign/map.rs,80ad98eff0091380e72e679800c60b6a46069229,100644,src/engine,engine/intrinsics,production,production,Rust,201,7,5,True,False,,deterministic path rules,[]
src/engine/src/intrinsics/assign/matrix.rs,b914879e944d1b13e075e59529aa96266643009b,100644,src/engine,engine/intrinsics,production,production,Rust,129153,3322,3154,True,False,,deterministic path rules,[]
src/engine/src/intrinsics/assign/mod.rs,69e16f1446c5688dd6157b12ef67aa334d83ccd5,100644,src/engine,engine/intrinsics,production,production,Rust,73588,1891,1786,True,False,,deterministic path rules,[]
src/engine/src/intrinsics/assign/record.rs,0ee0336663400f390ba2eed9b0e39b66bd4994aa,100644,src/engine,engine/intrinsics,production,production,Rust,534,22,17,True,False,,deterministic path rules,[]
src/engine/src/intrinsics/assign/table.rs,8461998c6f76dd0312de28d8d1b8384270fca96e,100644,src/engine,engine/intrinsics,production,production,Rust,502,22,17,True,False,,deterministic path rules,[]
src/engine/src/intrinsics/assign/tuple.rs,c0fd56f09c0884455295c3535d4e56e05a1d6c26,100644,src/engine,engine/intrinsics,production,production,Rust,207,7,5,True,False,,deterministic path rules,[]
src/engine/src/intrinsics/canonical_access.rs,231828c5c28aa7ddaea3ca4b58ae7666a9bcea0e,100644,src/engine,engine/intrinsics,production,production,Rust,9439,248,240,True,False,,deterministic path rules,[]
src/engine/src/intrinsics/catalog.rs,a039caf7b095853925301720fe6712ab3c3e8115,100644,src/engine,engine/intrinsics,production,production,Rust,18026,509,486,True,False,,deterministic path rules,[]
src/engine/src/intrinsics/constructors.rs,66899e0c05b1e8521d5a59101f0fcc135c78c3ef,100644,src/engine,engine/intrinsics,production,production,Rust,42199,1148,1065,True,False,,deterministic path rules,[]
src/engine/src/intrinsics/convert/mod.rs,03669bd0d3bf6bbe9e5a2bcfc1eb0cc035f5f3b3,100644,src/engine,engine/intrinsics,production,production,Rust,19233,656,608,True,False,,deterministic path rules,[]
src/engine/src/intrinsics/convert/scalar.rs,a42c5b79ee9b051ae9aad2cf9dd83d9d3952ce28,100644,src/engine,engine/intrinsics,production,production,Rust,4779,134,123,True,False,,deterministic path rules,[]
src/engine/src/intrinsics/define.rs,a1cf22ebaa6bcfcca7fa990efdc06a6f866465c2,100644,src/engine,engine/intrinsics,production,production,Rust,41422,1129,1055,True,False,,deterministic path rules,[]
src/engine/src/intrinsics/horzcat.rs,9e7d836e87d477363eb0adec7681e5e8b60fc7ee,100644,src/engine,engine/intrinsics,production,production,Rust,122031,3163,2833,True,False,,deterministic path rules,[]
src/engine/src/intrinsics/kind_conversion.rs,b45bf00efebebac2672a2033eb68c7e622f45756,100644,src/engine,engine/intrinsics,production,production,Rust,286027,7488,7272,True,False,,deterministic path rules,[]
src/engine/src/intrinsics/mod.rs,3b97228f2610d3668453a7a0c47d1196ef0abf00,100644,src/engine,engine/intrinsics,production,production,Rust,17658,464,444,True,False,,deterministic path rules,[]
src/engine/src/intrinsics/table_ops.rs,ad21984005edc082f3bac6a2d954e6be32a8a616,100644,src/engine,engine/intrinsics,production-mixed-tests,production-mixed-tests,Rust,38278,1047,986,True,False,,deterministic path rules,['Embedded cfg(test): whole-file mixed attribution; excluded from pure-production subtotal.']
src/engine/src/intrinsics/vertcat.rs,a6a15a929be9f9d8e01671a741f16003b5bbc6ff,100644,src/engine,engine/intrinsics,production,production,Rust,57802,1427,1250,True,False,,deterministic path rules,[]
src/engine/src/lib.rs,3916d5d8a82099357c29c32218681d5ffaabb508,100644,src/engine,src/engine,production,production,Rust,11836,303,288,True,False,,deterministic path rules,[]
src/engine/src/memory_planner/audit.rs,7533dca1ffac58c7c05541e75c5948651b53a081,100644,src/engine,engine/memory_planner,production,production,Rust,5387,159,154,True,False,,deterministic path rules,[]
src/engine/src/memory_planner/call.rs,c5be8d7b40520be0470a5d14f6c93ca9e77fd569,100644,src/engine,engine/memory_planner,production,production,Rust,4636,107,105,True,False,,deterministic path rules,[]
src/engine/src/memory_planner/mod.rs,21a4071965032e59300528a64b0d965668cbb57f,100644,src/engine,engine/memory_planner,production,production,Rust,525,19,17,True,False,,deterministic path rules,[]
src/engine/src/memory_planner/program.rs,2fd5e8bd0232c74d9d37b34a0a4b2f5da4a2defb,100644,src/engine,engine/memory_planner,production-mixed-tests,production-mixed-tests,Rust,82082,2117,2052,True,False,,deterministic path rules,['Embedded cfg(test): whole-file mixed attribution; excluded from pure-production subtotal.']
src/engine/src/memory_planner/resident.rs,9a7f2cc2badb1075583570909dadce02804801d0,100644,src/engine,engine/memory_planner,production-mixed-tests,production-mixed-tests,Rust,47005,1230,1194,True,False,,deterministic path rules,['Embedded cfg(test): whole-file mixed attribution; excluded from pure-production subtotal.']
src/engine/src/memory_planner/turn.rs,a376eb2e1dac3912537621ced93d3cfb2f32f7e2,100644,src/engine,engine/memory_planner,production,production,Rust,36944,903,882,True,False,,deterministic path rules,[]
src/engine/src/memory_runtime/mod.rs,10a7505805cdd932ad5e5da850dd9e6eca03a69b,100644,src/engine,engine/memory_runtime,production,production,Rust,304,10,8,True,False,,deterministic path rules,[]
src/engine/src/memory_runtime/realize.rs,bacfc2de6f1ae6b4efceb0dd0fb8797e17635fff,100644,src/engine,engine/memory_runtime,production,production,Rust,4393,131,120,True,False,,deterministic path rules,[]
src/engine/src/memory_runtime/resident.rs,72e584d2886b549556bc560a32648818966d21c3,100644,src/engine,engine/memory_runtime,production,production,Rust,8576,226,218,True,False,,deterministic path rules,[]
src/engine/src/program/compiler_planning.rs,7d0ba1f4770cd1c2c1348b6cbe13fe53b7632952,100644,src/engine,engine/program,production,production,Rust,5363,178,154,True,False,,deterministic path rules,[]
src/engine/src/program/mod.rs,e87a5594218e00cef910ce4d8edef5363080dc78,100644,src/engine,engine/program,production,production,Rust,280,7,7,True,False,,deterministic path rules,[]
src/engine/src/resident/activation.rs,6367ecd36c40e93a0e6f187f3c156f34981eac2b,100644,src/engine,engine/resident,production-mixed-tests,production-mixed-tests,Rust,12278,314,297,True,False,,deterministic path rules,['Embedded cfg(test): whole-file mixed attribution; excluded from pure-production subtotal.']
src/engine/src/resident/arena.rs,f86af0aea07307e5e99010e6341d7d5837e5a7ba,100644,src/engine,engine/resident,production-mixed-tests,production-mixed-tests,Rust,5321,153,136,True,False,,deterministic path rules,['Embedded cfg(test): whole-file mixed attribution; excluded from pure-production subtotal.']
src/engine/src/resident/artifact.rs,ed2a2dc8855737179eac5b241a4690ddd3bd7ad6,100644,src/engine,engine/resident,production,production,Rust,7441,251,235,True,False,,deterministic path rules,[]
src/engine/src/resident/bench.rs,b9cb905e4097733e025c6f73bde98cae74bd9696,100644,src/engine,engine/resident,production,production,Rust,7306,234,210,True,False,,deterministic path rules,[]
src/engine/src/resident/budget.rs,9fb48da3a870ddb4236892e32c617e76a9bc54f5,100644,src/engine,engine/resident,production-mixed-tests,production-mixed-tests,Rust,64511,1758,1646,True,False,,deterministic path rules,['Embedded cfg(test): whole-file mixed attribution; excluded from pure-production subtotal.']
src/engine/src/resident/candidate.rs,14767480056fe1fb385a11d54ac0e6f51f895973,100644,src/engine,engine/resident,production,production,Rust,3472,116,104,True,False,,deterministic path rules,[]
src/engine/src/resident/composite.rs,4962283faa0e24e8baaab2361da7b9615ba39fb7,100644,src/engine,engine/resident,production-mixed-tests,production-mixed-tests,Rust,71821,1848,1804,True,False,,deterministic path rules,['Embedded cfg(test): whole-file mixed attribution; excluded from pure-production subtotal.']
src/engine/src/resident/conversion.rs,046cf7630a87f5ffc050f99ac280e18345c13285,100644,src/engine,engine/resident,production-mixed-tests,production-mixed-tests,Rust,56932,1417,1382,True,False,,deterministic path rules,['Embedded cfg(test): whole-file mixed attribution; excluded from pure-production subtotal.']
src/engine/src/resident/efficacy/ekf.rs,cbb5cf8da0bf7a1337aefbc61476bb450aca91fb,100644,src/engine,engine/resident,production,production,Rust,3786,99,96,True,False,,deterministic path rules,[]
src/engine/src/resident/full_write.rs,5d2a0800223711788e153a51b79391367dc9a98d,100644,src/engine,engine/resident,production,production,Rust,7368,241,216,True,False,,deterministic path rules,[]
src/engine/src/resident/general/closed_comprehension.rs,e890f1b0bdb796923ba3ec1be54b0bb5b0dc57b6,100644,src/engine,engine/resident,production,production,Rust,63546,1717,1696,True,False,,deterministic path rules,[]
src/engine/src/resident/general/comprehension.rs,1066aef7c936ea39dcb79e422d1b7486c3425465,100644,src/engine,engine/resident,production-mixed-tests,production-mixed-tests,Rust,56801,1450,1406,True,False,,deterministic path rules,['Embedded cfg(test): whole-file mixed attribution; excluded from pure-production subtotal.']
src/engine/src/resident/general/comprehension_execution.rs,750007f0c12dca1ec76b9be534187c472f391ada,100644,src/engine,engine/resident,production-mixed-tests,production-mixed-tests,Rust,407134,10627,10361,True,False,,deterministic path rules,['Embedded cfg(test): whole-file mixed attribution; excluded from pure-production subtotal.']
src/engine/src/resident/general/execution.rs,c074d0f9d5e8a57a7783bef34ee575b171d078ae,100644,src/engine,engine/resident,production-mixed-tests,production-mixed-tests,Rust,272912,6665,6434,True,False,,deterministic path rules,['Embedded cfg(test): whole-file mixed attribution; excluded from pure-production subtotal.']
src/engine/src/resident/general/live.rs,126e2de49aa06a432b58eed071cc8550faa8ea10,100644,src/engine,engine/resident,production-mixed-tests,production-mixed-tests,Rust,47794,1186,1155,True,False,,deterministic path rules,['Embedded cfg(test): whole-file mixed attribution; excluded from pure-production subtotal.']
src/engine/src/resident/general/mod.rs,c39e24594aa1d566d3abd6cb9580ceaddb01de9a,100644,src/engine,engine/resident,production-mixed-tests,production-mixed-tests,Rust,965872,23873,23403,True,False,,deterministic path rules,['Embedded cfg(test): whole-file mixed attribution; excluded from pure-production subtotal.']
src/engine/src/resident/kernel.rs,b41d417e950ad98dd7f54ea9b9fdec733a141b60,100644,src/engine,engine/resident,production-mixed-tests,production-mixed-tests,Rust,5109,139,135,True,False,,deterministic path rules,['Embedded cfg(test): whole-file mixed attribution; excluded from pure-production subtotal.']
src/engine/src/resident/matrix_literal.rs,344951de449ad39e5bef4338f8a84074dff7c0ff,100644,src/engine,engine/resident,production-mixed-tests,production-mixed-tests,Rust,43326,1217,1178,True,False,,deterministic path rules,['Embedded cfg(test): whole-file mixed attribution; excluded from pure-production subtotal.']
src/engine/src/resident/mod.rs,a4d6f20e168f83514a69a8640b6a9c27c286894d,100644,src/engine,engine/resident,production-mixed-tests,production-mixed-tests,Rust,1995,58,54,True,False,,deterministic path rules,['Embedded cfg(test): whole-file mixed attribution; excluded from pure-production subtotal.']
src/engine/src/resident/numeric/mod.rs,a50a942ace463c16e2e72089c256eb067ebf95b7,100644,src/engine,engine/resident,production-mixed-tests,production-mixed-tests,Rust,1101718,29434,28566,True,False,,deterministic path rules,['Embedded cfg(test): whole-file mixed attribution; excluded from pure-production subtotal.']
src/engine/src/resident/numeric/nested_assignment.rs,b6cfbddf6a0106dd845f9e9a67f878d827d24eea,100644,src/engine,engine/resident,production,production,Rust,27746,707,691,True,False,,deterministic path rules,[]
src/engine/src/resident/numeric/promoted_assignment.rs,dbc6aa69ddfd3d5f6ad0461a2836b8710bb3431a,100644,src/engine,engine/resident,production,production,Rust,18196,451,448,True,False,,deterministic path rules,[]
src/engine/src/resident/numeric/selection_address.rs,da65bc2667d9d821e60f4e8f9edb640df05790f5,100644,src/engine,engine/resident,production,production,Rust,12500,324,317,True,False,,deterministic path rules,[]
src/engine/src/resident/payload_budget.rs,68a2dad493ec8cfe8f53bc8a08d697f39bef56cd,100644,src/engine,engine/resident,production-mixed-tests,production-mixed-tests,Rust,28201,719,682,True,False,,deterministic path rules,['Embedded cfg(test): whole-file mixed attribution; excluded from pure-production subtotal.']
src/engine/src/resident/set.rs,8c040d3f434672f1eb217b2b1cea7b7cf766daeb,100644,src/engine,engine/resident,production-mixed-tests,production-mixed-tests,Rust,141774,3665,3521,True,False,,deterministic path rules,['Embedded cfg(test): whole-file mixed attribution; excluded from pure-production subtotal.']
src/engine/src/resident/table.rs,89dce3712d140686c56b0e0350c061c6d8bcfd6d,100644,src/engine,engine/resident,production,production,Rust,28622,817,797,True,False,,deterministic path rules,[]
src/engine/src/resident/tests.rs,4f760f432bbd57f596914f944fb1f8c9101be531,100644,src/engine,engine/resident,production,production,Rust,3294,90,84,True,False,,deterministic path rules,[]
src/engine/src/resident/text.rs,df9a7aa60addbb32beb8a08af1bd3168fe14737e,100644,src/engine,engine/resident,production-mixed-tests,production-mixed-tests,Rust,44968,1291,1234,True,False,,deterministic path rules,['Embedded cfg(test): whole-file mixed attribution; excluded from pure-production subtotal.']
src/engine/src/resident/workspace.rs,d85a00261f01f4171f911c85aff7d24b4014c75c,100644,src/engine,engine/resident,production-mixed-tests,production-mixed-tests,Rust,5038,139,125,True,False,,deterministic path rules,['Embedded cfg(test): whole-file mixed attribution; excluded from pure-production subtotal.']
src/engine/src/resident_value_adapter.rs,89dfe81bfb77e3ea9621bfbf34ce6daf6aec71a9,100644,src/engine,src/engine,production-mixed-tests,production-mixed-tests,Rust,23477,574,556,True,False,,deterministic path rules,['Embedded cfg(test): whole-file mixed attribution; excluded from pure-production subtotal.']
src/engine/src/source_semantics/comprehension.rs,ec4bd16f36882c7c530d731c08e60f3bd364a7ea,100644,src/engine,engine/source_semantics,production-mixed-tests,production-mixed-tests,Rust,80993,1962,1929,True,False,,deterministic path rules,['Embedded cfg(test): whole-file mixed attribution; excluded from pure-production subtotal.']
src/engine/src/source_semantics/constant_binding.rs,0deea0c13daeebab3da283d8657adc8caaf2a427,100644,src/engine,engine/source_semantics,production,production,Rust,22496,512,499,True,False,,deterministic path rules,[]
src/engine/src/source_semantics/disposition.rs,4fec94413f197fe24e9f2ef66cc1aafa7b9f96e7,100644,src/engine,engine/source_semantics,production,production,Rust,4384,122,117,True,False,,deterministic path rules,[]
src/engine/src/source_semantics/document_assignment.rs,6a2a4a03296e490f0232156736a9cf2c9343450c,100644,src/engine,engine/source_semantics,production,production,Rust,14410,351,346,True,False,,deterministic path rules,[]
src/engine/src/source_semantics/document_fsms.rs,d32405de592937b68a17ad757b0a18019ac0c9c1,100644,src/engine,engine/source_semantics,production,production,Rust,66333,1503,1481,True,False,,deterministic path rules,[]
src/engine/src/source_semantics/document_functions.rs,337423e76f5da3ef01ee96adbafbe74b6a6100a8,100644,src/engine,engine/source_semantics,production-mixed-tests,production-mixed-tests,Rust,41749,1072,1049,True,False,,deterministic path rules,['Embedded cfg(test): whole-file mixed attribution; excluded from pure-production subtotal.']
src/engine/src/source_semantics/document_imports.rs,17c2c9f49f23a6193b09dcb468b849019676cc37,100644,src/engine,engine/source_semantics,production,production,Rust,8865,192,190,True,False,,deterministic path rules,[]
src/engine/src/source_semantics/document_lowering.rs,f2ad5e85db7f06364b7594694738f751c0747e15,100644,src/engine,engine/source_semantics,production,production,Rust,98507,2476,2412,True,False,,deterministic path rules,[]
src/engine/src/source_semantics/document_types.rs,bdd721e15b374eef779893eb30c9e5073d189e27,100644,src/engine,engine/source_semantics,production,production,Rust,12041,267,262,True,False,,deterministic path rules,[]
src/engine/src/source_semantics/frontend.rs,2e1e40cd932afd5bebc4c12a6e9a08d17feedc25,100644,src/engine,engine/source_semantics,production-mixed-tests,production-mixed-tests,Rust,417080,10218,9927,True,False,,deterministic path rules,['Embedded cfg(test): whole-file mixed attribution; excluded from pure-production subtotal.']
src/engine/src/source_semantics/mask_review_tests.rs,6976f783827af01e11482244c875fe0cb18ba84f,100644,src/engine,engine/source_semantics,production,production,Rust,11386,308,300,True,False,,deterministic path rules,[]
src/engine/src/source_semantics/mod.rs,06f037884e1efa60e1146b4ad4b568a1149c4405,100644,src/engine,engine/source_semantics,production,production,Rust,593,15,13,True,False,,deterministic path rules,[]
src/engine/src/source_semantics/output_projection.rs,a8c9b9cbf0963ff1ba24aab8f14e5989bd4e0859,100644,src/engine,engine/source_semantics,production-mixed-tests,production-mixed-tests,Rust,18302,461,447,True,False,,deterministic path rules,['Embedded cfg(test): whole-file mixed attribution; excluded from pure-production subtotal.']
src/engine/src/source_semantics/review_tests.rs,88088c4ca988bd1869a4bb9a330b3abfcb3866d9,100644,src/engine,engine/source_semantics,production,production,Rust,32505,817,802,True,False,,deterministic path rules,[]
src/engine/src/structural_coverage.rs,13eb547ddd72bb6e90c136ee1158f2129af1dfaf,100644,src/engine,src/engine,production-mixed-tests,production-mixed-tests,Rust,19517,498,481,True,False,,deterministic path rules,['Embedded cfg(test): whole-file mixed attribution; excluded from pure-production subtotal.']
src/engine/src/tracing.rs,1d5bbe19c6846e737f60c8a9bf899bb2346d5426,100644,src/engine,src/engine,production,production,Rust,5014,148,140,True,False,,deterministic path rules,[]
src/engine/tests/canonical_boolean_match.rs,6f4a37524f8b987b1b86350223924e645c830e1c,100644,src/engine,src/engine,test,test,Rust,87511,2438,2378,True,False,,deterministic path rules,[]
src/engine/tests/canonical_document_state.rs,ceb2ba93a7c27b03dfa15f6a458863336c48013f,100644,src/engine,src/engine,test,test,Rust,170568,4556,4395,True,False,,deterministic path rules,[]
src/engine/tests/canonical_document_streaming.rs,8316466fee5519abf6b64a693d365197628d27e9,100644,src/engine,src/engine,test,test,Rust,2755,65,64,True,False,,deterministic path rules,[]
src/engine/tests/canonical_executable_semantics.rs,a39d14ce11f1e7be949b2754447f8a5859df679f,100644,src/engine,src/engine,test,test,Rust,26216,734,702,True,False,,deterministic path rules,[]
src/engine/tests/canonical_source_collections.rs,0f761139116673a72ccedee88655cf09ccc6a479,100644,src/engine,src/engine,test,test,Rust,34379,923,904,True,False,,deterministic path rules,[]
src/engine/tests/canonical_source_completion.rs,9a083e138753cab126b54f9a7aea6c61b9199c25,100644,src/engine,src/engine,test,test,Rust,38008,1089,1044,True,False,,deterministic path rules,[]
src/engine/tests/canonical_source_profile.rs,f1a43dc8a6f3860bef70f219005ad65e10884769,100644,src/engine,src/engine,test,test,Rust,1426,42,38,True,False,,deterministic path rules,[]
src/engine/tests/canonical_source_review.rs,1f72f3dd115151c23066619b2bc74f797205a6ac,100644,src/engine,src/engine,test,test,Rust,90874,2464,2413,True,False,,deterministic path rules,[]
src/engine/tests/canonical_source_semantics.rs,05b3888560a5bfaa633b82323f33b7f82353d28f,100644,src/engine,src/engine,test,test,Rust,278617,7457,7143,True,False,,deterministic path rules,[]
src/engine/tests/canonical_source_structures.rs,8da96a253d2be449737c1bbd82f92114db28cffb,100644,src/engine,src/engine,test,test,Rust,62823,1643,1618,True,False,,deterministic path rules,[]
src/engine/tests/canonical_type_contract.rs,fa5cd3fc227ba5dea77ab24c784da531c12ea0de,100644,src/engine,src/engine,test,test,Rust,2959,89,82,True,False,,deterministic path rules,[]
src/engine/tests/fixtures/program-artifact/comparison-output.mec,07014f1c1019169066fd9456b0268970dbd5c9a9,100644,src/engine,src/engine,fixture,fixture,Mech/Mechdown,46,3,3,True,False,,deterministic path rules,[]
src/engine/tests/fixtures/program-artifact/integrity-constraint.mec,173a4a5e9dd70fee8a7f6a9fdf67dddd8eac3862,100644,src/engine,src/engine,fixture,fixture,Mech/Mechdown,62,4,4,True,False,,deterministic path rules,[]
src/engine/tests/fixtures/program-artifact/matrix-literal.mec,917e9c42262655d227e0559a05cbde201e642933,100644,src/engine,src/engine,fixture,fixture,Mech/Mechdown,29,1,1,True,False,,deterministic path rules,[]
src/engine/tests/fixtures/program-artifact/scalar-alias.mec,deacd80911750aa3ec909ce1e371e6512af50301,100644,src/engine,src/engine,fixture,fixture,Mech/Mechdown,29,2,2,True,False,,deterministic path rules,[]
src/engine/tests/fixtures/program-artifact/state-register.mec,bee180663f57251c968505bb38eeb9e53ddc4e07,100644,src/engine,src/engine,fixture,fixture,Mech/Mechdown,57,4,4,True,False,,deterministic path rules,[]
src/engine/tests/memory_plan.rs,e431a2a7b8bed62fb1d161af5a63c13af20287b3,100644,src/engine,src/engine,test,test,Rust,49572,1271,1238,True,False,,deterministic path rules,[]
src/engine/tests/memory_runtime.rs,f15a28646516a3282d5c43a1ece12efbc49a43e9,100644,src/engine,src/engine,test,test,Rust,47836,1212,1165,True,False,,deterministic path rules,[]
src/engine/tests/native_linkage.rs,4dbc1731fe7343c7cf8e63b61de1ab42ef7ff238,100644,src/engine,src/engine,test,test,Rust,8315,267,245,True,False,,deterministic path rules,[]
src/engine/tests/op_assign_feature_gates.rs,c1753a0d6ced0004f511c2a561ba8d60c86cc7bc,100644,src/engine,src/engine,test,test,Rust,2019,66,63,True,False,,deterministic path rules,[]
src/engine/tests/program.rs,65e4751750c6aec9c61cb13b2ea614499f26029b,100644,src/engine,src/engine,test,test,Rust,3402,95,86,True,False,,deterministic path rules,[]
src/engine/tests/program_artifact_contract.rs,32d00c0cff714cee9c4f54d20c4c34a50986277e,100644,src/engine,src/engine,test,test,Rust,120334,3414,3278,True,False,,deterministic path rules,[]
src/engine/tests/resident_activation_contract.rs,cfbb57f0c8b1806155697310347cbb527b4cb508,100644,src/engine,src/engine,test,test,Rust,4022,114,97,True,False,,deterministic path rules,[]
src/engine/tests/resident_ekf_artifact_closure.rs,b42481b7a2bfa3f3008a38504b70ca0283d62587,100644,src/engine,src/engine,test,test,Rust,10952,284,273,True,False,,deterministic path rules,[]
src/engine/tests/resident_ekf_contract.rs,c3087ac11ee5b4c936d2977123ed9283d02b40b3,100644,src/engine,src/engine,test,test,Rust,5027,138,129,True,False,,deterministic path rules,[]
src/engine/tests/resident_ekf_program_activation.rs,8bffee7d6dcd4d785bfa16948e76ab587577c6bf,100644,src/engine,src/engine,test,test,Rust,5674,154,144,True,False,,deterministic path rules,[]
src/engine/tests/resident_ekf_program_execution.rs,9d57bf273dee788fd268dc876236cf8abe3b96ba,100644,src/engine,src/engine,test,test,Rust,20353,552,515,True,False,,deterministic path rules,[]
src/engine/tests/support/bytecode_compiler.rs,91a5e4d55a46347cd487fcf15cb929f6c2cdcd00,100644,src/engine,src/engine,test,test,Rust,5239,186,169,True,False,,deterministic path rules,[]
src/engine/tests/support/catalog.rs,e38b4827cf69fab3b4bf2d72fca9e4a4bfaf5244,100644,src/engine,src/engine,test,test,Rust,2881,80,73,True,False,,deterministic path rules,[]
src/engine/tests/support/mod.rs,fdecdca730f527f9c56550a7a86dd2eb2afa8dfd,100644,src/engine,src/engine,test,test,Rust,1675,48,45,True,False,,deterministic path rules,[]
src/fs_paths.rs,53f6a5c8d1a94bc5229a3d2b38682652cc859c77,100644,src,src,production,production,Rust,3887,147,137,True,False,,deterministic path rules,[]
src/lib.rs,b44e6417d678278aeb8211683b4f019186e7bc73,100644,src,src,production,production,Rust,5762,228,198,True,False,,deterministic path rules,[]
src/nominal_provenance.rs,6945a8b1f83810492368395ca3de16bd797e72c3,100644,src,src,production,production,Rust,446,13,12,True,False,,deterministic path rules,[]
src/project.rs,6f5e260d2c34b1314bd7b09024a8ec2965671444,100644,src,src,production-mixed-tests,production-mixed-tests,Rust,14745,477,425,True,False,,deterministic path rules,['Embedded cfg(test): whole-file mixed attribution; excluded from pure-production subtotal.']
src/runtime/Cargo.toml,77a7e5b1f01ac20450fad9007fc97a2bc578868f,100644,src/runtime,src/runtime,configuration,configuration,TOML,12368,288,259,False,False,,deterministic path rules,[]
src/runtime/README.md,565c1e0d950dd5f7a9b55b0462a7f86706161c4c,100644,src/runtime,src/runtime,documentation,documentation,Markdown,373,9,7,False,False,,deterministic path rules,[]
src/runtime/benches/recording_primitives.rs,bbd71ef61b1ebb5dfb7003666412cbd37a5f40ae,100644,src/runtime,src/runtime,benchmark,benchmark,Rust,12322,345,317,True,False,,deterministic path rules,[]
src/runtime/benches/resident_ekf.rs,e4852d15c105c8b96fd2fa8df4773ab3cba499f0,100644,src/runtime,src/runtime,benchmark,benchmark,Rust,33600,910,862,True,False,,deterministic path rules,[]
src/runtime/benches/support/mod.rs,357d82fd2d6e60a8068eaeb3eddcb447c87eafbb,100644,src/runtime,src/runtime,benchmark,benchmark,Rust,66,2,2,True,False,,deterministic path rules,[]
src/runtime/benches/support/resident_ekf/contract.rs,8ddd1bfa2da806a66359823953fb0b00ea8235c1,100644,src/runtime,src/runtime,benchmark,benchmark,Rust,4582,151,133,True,False,,deterministic path rules,[]
src/runtime/benches/support/resident_ekf/full_write.rs,ee82eee4aee03caab70585c76d6a7f9bde250764,100644,src/runtime,src/runtime,benchmark,benchmark,Rust,6905,195,177,True,False,,deterministic path rules,[]
src/runtime/benches/support/resident_ekf/mod.rs,e7635be79b88b1d2d5e71e86f8a21e2aad6f1e34,100644,src/runtime,src/runtime,benchmark,benchmark,Rust,152,7,7,True,False,,deterministic path rules,[]
src/runtime/benches/support/resident_ekf/raw_epoch.rs,168e19e90df027c7a7985f1b6274b1292f28104a,100644,src/runtime,src/runtime,benchmark,benchmark,Rust,6832,182,168,True,False,,deterministic path rules,[]
src/runtime/benches/support/resident_ekf/raw_kernel.rs,0e9822ad676d8b49c6f721f1afc6a510260f99f6,100644,src/runtime,src/runtime,benchmark,benchmark,Rust,7580,227,212,True,False,,deterministic path rules,[]
src/runtime/benches/support/resident_ekf/resident_artifact.rs,cd2e254473960585a4382b4819e2c09cfe79ef68,100644,src/runtime,src/runtime,benchmark,benchmark,Rust,10810,319,291,True,False,,deterministic path rules,[]
src/runtime/benches/support/resident_ekf/resident_kernel.rs,c8c6634f5502c1416a8a764dcc537cea0925e09b,100644,src/runtime,src/runtime,benchmark,benchmark,Rust,4859,153,135,True,False,,deterministic path rules,[]
src/runtime/benches/support/resident_ekf/resident_turn.rs,531083b7bde240e6a45700cc69352dc1d774eab8,100644,src/runtime,src/runtime,benchmark,benchmark,Rust,9900,306,281,True,False,,deterministic path rules,[]
src/runtime/examples/transactional_runtime.rs,da2b5a7f866500e082b114cc05533ada1ca7a07d,100644,src/runtime,src/runtime,example,example,Rust,9879,292,214,True,False,,deterministic path rules,[]
src/runtime/src/actor.rs,8938f2558b2ab0c703a57126cbd6d4eb1c575cae,100644,src/runtime,src/runtime,production-mixed-tests,production-mixed-tests,Rust,3934,147,116,True,False,,deterministic path rules,['Embedded cfg(test): whole-file mixed attribution; excluded from pure-production subtotal.']
src/runtime/src/bin/support/mod.rs,9c0ad6875afdf864d5ab6efb785c793e1a09e8fd,100644,src/runtime,runtime/bin,production,production,Rust,901,25,21,True,False,,deterministic path rules,[]
src/runtime/src/browser_document.rs,ed5493e3b9db664af5a63fbbd7fd7c1356119794,100644,src/runtime,src/runtime,production,production,Rust,1111,28,24,True,False,,deterministic path rules,[]
src/runtime/src/capability/basic.rs,f73da2c1773181dba3af9a68d0c626e718a1454e,100644,src/runtime,runtime/capability,production,production,Rust,20965,732,614,True,False,,deterministic path rules,[]
src/runtime/src/capability/capability.rs,a2fdf151156d8bfaa10386572b77db9e34a9e525,100644,src/runtime,runtime/capability,production,production,Rust,11076,404,356,True,False,,deterministic path rules,[]
src/runtime/src/capability/error.rs,771c6a2a87225d694b22fe55563c9cba5e4f1a90,100644,src/runtime,runtime/capability,production,production,Rust,7454,318,263,True,False,,deterministic path rules,[]
src/runtime/src/capability/filesystem.rs,0f374ce528bcc7cd9b0455a60c30bc78f54f6f7c,100644,src/runtime,runtime/capability,production-mixed-tests,production-mixed-tests,Rust,8290,267,243,True,False,,deterministic path rules,['Embedded cfg(test): whole-file mixed attribution; excluded from pure-production subtotal.']
src/runtime/src/capability/grant.rs,e57d84d355e818aba190e47717403ee89a807689,100644,src/runtime,runtime/capability,production-mixed-tests,production-mixed-tests,Rust,16604,552,506,True,False,,deterministic path rules,['Embedded cfg(test): whole-file mixed attribution; excluded from pure-production subtotal.']
src/runtime/src/capability/kernel.rs,c0ee56249ad9d527a41842ba05a159461c3ad3e5,100644,src/runtime,runtime/capability,production-mixed-tests,production-mixed-tests,Rust,27950,829,735,True,False,,deterministic path rules,['Embedded cfg(test): whole-file mixed attribution; excluded from pure-production subtotal.']
src/runtime/src/capability/mod.rs,37fc833985e1f4b7ada66fc42b3da37af44186c9,100644,src/runtime,runtime/capability,production-mixed-tests,production-mixed-tests,Rust,22628,722,604,True,False,,deterministic path rules,['Embedded cfg(test): whole-file mixed attribution; excluded from pure-production subtotal.']
src/runtime/src/capability/token.rs,34438b4afffcb1988820da5058f9894b8d9dc507,100644,src/runtime,runtime/capability,production,production,Rust,20380,679,578,True,False,,deterministic path rules,[]
src/runtime/src/config/mod.rs,ceb734a5d73b6499aeb63f17191a8e0c1fd8d509,100644,src/runtime,runtime/config,production-mixed-tests,production-mixed-tests,Rust,13019,420,365,True,False,,deterministic path rules,['Embedded cfg(test): whole-file mixed attribution; excluded from pure-production subtotal.']
src/runtime/src/config/profile/analyze.rs,d314d48ba428c3a366ce3d24ce94b20c393a997f,100644,src/runtime,runtime/config,production,production,Rust,7166,235,213,True,False,,deterministic path rules,[]
src/runtime/src/config/profile/canonical.rs,def02044bc58232d3350653e33f78f7e5a01d5c8,100644,src/runtime,runtime/config,production,production,Rust,16248,395,387,True,False,,deterministic path rules,[]
src/runtime/src/config/profile/error.rs,700b722a2b8287de0846e16d63f16aa5e4e3b64b,100644,src/runtime,runtime/config,production,production,Rust,2956,107,99,True,False,,deterministic path rules,[]
src/runtime/src/config/profile/eval.rs,6b30b53f85a077ed067d28d9c82e896328acd854,100644,src/runtime,runtime/config,production,production,Rust,11274,302,282,True,False,,deterministic path rules,[]
src/runtime/src/config/profile/ir.rs,5a9cfca5c1d0e717b908ce36d333175b18d243a7,100644,src/runtime,runtime/config,production,production,Rust,990,46,38,True,False,,deterministic path rules,[]
src/runtime/src/config/profile/lower.rs,da8acede4629544e3247ae994367a87b72a9bcf7,100644,src/runtime,runtime/config,production,production,Rust,35520,949,882,True,False,,deterministic path rules,[]
src/runtime/src/config/profile/mod.rs,5c7b58eb28f3ec8c212a9b36c52a1fd5b568e38f,100644,src/runtime,runtime/config,production,production,Rust,3307,109,100,True,False,,deterministic path rules,[]
src/runtime/src/config/spec.rs,3aa97ac83d440c6a1687d08ff7f6224fd8db841a,100644,src/runtime,runtime/config,production,production,Rust,4097,157,133,True,False,,deterministic path rules,[]
src/runtime/src/context.rs,649a28863cba7977a649a7a8f4fcf9274bb3b088,100644,src/runtime,src/runtime,production-mixed-tests,production-mixed-tests,Rust,38027,1296,1103,True,False,,deterministic path rules,['Embedded cfg(test): whole-file mixed attribution; excluded from pure-production subtotal.']
src/runtime/src/context_events.rs,6d284d0c918ed7402c79222586f2ec44a06d8e4e,100644,src/runtime,src/runtime,production-mixed-tests,production-mixed-tests,Rust,15779,485,423,True,False,,deterministic path rules,['Embedded cfg(test): whole-file mixed attribution; excluded from pure-production subtotal.']
src/runtime/src/document_render.rs,0d526aa14573f05f871a277453a5943b98135e47,100644,src/runtime,src/runtime,production,production,Rust,134230,3704,3573,True,False,,deterministic path rules,[]
src/runtime/src/effect.rs,d1b02adeba7440fa015ba996059f38563a1586fd,100644,src/runtime,src/runtime,production-mixed-tests,production-mixed-tests,Rust,6340,231,196,True,False,,deterministic path rules,['Embedded cfg(test): whole-file mixed attribution; excluded from pure-production subtotal.']
src/runtime/src/effect_journal.rs,9cdfb2344d5ed4eacd4c67c5fc04c33761b8e15c,100644,src/runtime,src/runtime,production-mixed-tests,production-mixed-tests,Rust,33603,957,899,True,False,,deterministic path rules,['Embedded cfg(test): whole-file mixed attribution; excluded from pure-production subtotal.']
src/runtime/src/event.rs,5c62422d37e243408dfaaa30f440a68ff173b815,100644,src/runtime,src/runtime,production,production,Rust,8843,290,266,True,False,,deterministic path rules,[]
src/runtime/src/extension.rs,2e3737431dc25714f291086bf4c701d461cf2543,100644,src/runtime,src/runtime,production,production,Rust,3391,126,112,True,False,,deterministic path rules,[]
src/runtime/src/host/actor.rs,0ac01cb5482537d009cfb1413ee506df8494254a,100644,src/runtime,runtime/host,production-mixed-tests,production-mixed-tests,Rust,13154,430,380,True,False,,deterministic path rules,['Embedded cfg(test): whole-file mixed attribution; excluded from pure-production subtotal.']
src/runtime/src/host/arg.rs,97cb00e2de23f53244bf62251ffc6a50985b47aa,100644,src/runtime,runtime/host,production,production,Rust,15396,589,536,True,False,,deterministic path rules,[]
src/runtime/src/host/delegation/crypto.rs,38ac27d73fb6f1744ad9bb82ff05a636404a6329,100644,src/runtime,runtime/host,production-mixed-tests,production-mixed-tests,Rust,10671,318,279,True,False,,deterministic path rules,['Embedded cfg(test): whole-file mixed attribution; excluded from pure-production subtotal.']
src/runtime/src/host/delegation/mod.rs,55386214e7258b9b14fde2491c532a97e0af7328,100644,src/runtime,runtime/host,production-mixed-tests,production-mixed-tests,Rust,11904,422,364,True,False,,deterministic path rules,['Embedded cfg(test): whole-file mixed attribution; excluded from pure-production subtotal.']
src/runtime/src/host/interface/catalog.rs,c0763f693c1b85b5316a392bb009a6445edc1150,100644,src/runtime,runtime/host,production,production,Rust,6097,193,180,True,False,,deterministic path rules,[]
src/runtime/src/host/interface/config.rs,012e3343d2484f37d8cef0ca9e281bbb50c59c19,100644,src/runtime,runtime/host,production,production,Rust,258,9,8,True,False,,deterministic path rules,[]
src/runtime/src/host/interface/factory.rs,87eb8c8eadc505cfe44b6b87e08d928a68e1e234,100644,src/runtime,runtime/host,production,production,Rust,4478,128,122,True,False,,deterministic path rules,[]
src/runtime/src/host/interface/grants.rs,c5e41e625e09b8db02b88a6f2eb0617de35eba0d,100644,src/runtime,runtime/host,production,production,Rust,2327,67,60,True,False,,deterministic path rules,[]
src/runtime/src/host/interface/manifest.rs,bd641242727fbc5447f573a1cc70404c73dd259b,100644,src/runtime,runtime/host,production,production,Rust,3111,93,88,True,False,,deterministic path rules,[]
src/runtime/src/host/interface/mod.rs,8f188e1b75df950dfd140621bdcc456be5c457ae,100644,src/runtime,runtime/host,production,production,Rust,257,15,14,True,False,,deterministic path rules,[]
src/runtime/src/host/interface/operation.rs,1b47d9b09a21f2985991b8cc29cd734c469ef9aa,100644,src/runtime,runtime/host,production-mixed-tests,production-mixed-tests,Rust,1989,64,57,True,False,,deterministic path rules,['Embedded cfg(test): whole-file mixed attribution; excluded from pure-production subtotal.']
src/runtime/src/host/mod.rs,19f6ee3a516214bdfd85c7ed6093b33394ea1e62,100644,src/runtime,runtime/host,production,production,Rust,32903,1143,999,True,False,,deterministic path rules,[]
src/runtime/src/id.rs,e65b3801dd64725e2ff79717c79b959440a5f4dd,100644,src/runtime,src/runtime,production-mixed-tests,production-mixed-tests,Rust,16594,644,542,True,False,,deterministic path rules,['Embedded cfg(test): whole-file mixed attribution; excluded from pure-production subtotal.']
src/runtime/src/input.rs,f553c9c7be3d27d7fa7a4c038e322a88309d8f4b,100644,src/runtime,src/runtime,production-mixed-tests,production-mixed-tests,Rust,32574,891,841,True,False,,deterministic path rules,['Embedded cfg(test): whole-file mixed attribution; excluded from pure-production subtotal.']
src/runtime/src/interactive.rs,d561df25b229de55d556f90e9d486fb334e281be,100644,src/runtime,src/runtime,production-mixed-tests,production-mixed-tests,Rust,106046,2823,2607,True,False,,deterministic path rules,['Embedded cfg(test): whole-file mixed attribution; excluded from pure-production subtotal.']
src/runtime/src/ledger/capacity.rs,18df8a166b8faa71f9adfd89575073889cad4fe9,100644,src/runtime,runtime/ledger,production-mixed-tests,production-mixed-tests,Rust,13487,438,403,True,False,,deterministic path rules,['Embedded cfg(test): whole-file mixed attribution; excluded from pure-production subtotal.']
src/runtime/src/ledger/mod.rs,d6e4d5dc4fbe3e39dba9abfcfc3d8334aceb331f,100644,src/runtime,runtime/ledger,production-mixed-tests,production-mixed-tests,Rust,5095,176,156,True,False,,deterministic path rules,['Embedded cfg(test): whole-file mixed attribution; excluded from pure-production subtotal.']
src/runtime/src/ledger/pool.rs,8322ece7671875e5035c182d65cf74510013afcb,100644,src/runtime,runtime/ledger,production,production,Rust,9366,311,281,True,False,,deterministic path rules,[]
src/runtime/src/ledger/queue.rs,c40f3c6f27847ec7907d4bf98abf00bd2fe56339,100644,src/runtime,runtime/ledger,production-mixed-tests,production-mixed-tests,Rust,4577,159,140,True,False,,deterministic path rules,['Embedded cfg(test): whole-file mixed attribution; excluded from pure-production subtotal.']
src/runtime/src/ledger/retained.rs,9d9f7731445495d120831a955f9db14b4775c197,100644,src/runtime,runtime/ledger,production-mixed-tests,production-mixed-tests,Rust,4516,149,127,True,False,,deterministic path rules,['Embedded cfg(test): whole-file mixed attribution; excluded from pure-production subtotal.']
src/runtime/src/ledger/tests.rs,0a6e5f4899ba40d5acf70ab7fb5f4a9feb784411,100644,src/runtime,runtime/ledger,production,production,Rust,15036,544,506,True,False,,deterministic path rules,[]
src/runtime/src/lib.rs,4b11f54b6787111a90b61d9e22611e8367d74d3c,100644,src/runtime,src/runtime,production,production,Rust,10532,334,299,True,False,,deterministic path rules,[]
src/runtime/src/module/builder.rs,13a9b7dbe5974999540289ed6c5813cbedb6c753,100644,src/runtime,runtime/module,production-mixed-tests,production-mixed-tests,Rust,8529,284,255,True,False,,deterministic path rules,['Embedded cfg(test): whole-file mixed attribution; excluded from pure-production subtotal.']
src/runtime/src/module/graph.rs,af80478b9e42042092a1086241eeae4711136e0f,100644,src/runtime,runtime/module,production,production,Rust,1326,48,38,True,False,,deterministic path rules,[]
src/runtime/src/module/mod.rs,8424f00237715ad92af1e5df73abb2d26715161b,100644,src/runtime,runtime/module,production,production,Rust,306,12,10,True,False,,deterministic path rules,[]
src/runtime/src/module/record.rs,bd60bcedbb6ddceb696de1b4fa41589992912239,100644,src/runtime,runtime/module,production,production,Rust,3474,98,94,True,False,,deterministic path rules,[]
src/runtime/src/operation.rs,684fedea8b51df3bd57c037eb56ae4e458fef700,100644,src/runtime,src/runtime,production,production,Rust,1402,51,44,True,False,,deterministic path rules,[]
src/runtime/src/outbox/mod.rs,a6a83bec1640452349ffe438e98312c3856ec2fe,100644,src/runtime,runtime/outbox,production-mixed-tests,production-mixed-tests,Rust,4230,157,134,True,False,,deterministic path rules,['Embedded cfg(test): whole-file mixed attribution; excluded from pure-production subtotal.']
src/runtime/src/outbox/retained.rs,6109c46d37abdc26941d925ac2381ac763495d32,100644,src/runtime,runtime/outbox,production,production,Rust,6869,215,196,True,False,,deterministic path rules,[]
src/runtime/src/outbox/tests.rs,b229fb67979aafa5a9d2ff844f718c34a82905d7,100644,src/runtime,runtime/outbox,production,production,Rust,6162,172,156,True,False,,deterministic path rules,[]
src/runtime/src/protocol.rs,da693eaca2c95077e551401f263fdb73f82bc862,100644,src/runtime,src/runtime,production,production,Rust,43925,1361,1232,True,False,,deterministic path rules,[]
src/runtime/src/repl_command.rs,0affe778abbe1e71a331869751ad42c47e173b6f,100644,src/runtime,src/runtime,production-mixed-tests,production-mixed-tests,Rust,18320,597,569,True,False,,deterministic path rules,['Embedded cfg(test): whole-file mixed attribution; excluded from pure-production subtotal.']
src/runtime/src/repl_dispatch.rs,ab34c0316244444f74ef759a73a1a40e65d366ce,100644,src/runtime,src/runtime,production-mixed-tests,production-mixed-tests,Rust,24906,713,666,True,False,,deterministic path rules,['Embedded cfg(test): whole-file mixed attribution; excluded from pure-production subtotal.']
src/runtime/src/resident_recording.rs,5d1a06669a821f7f95bbfbac1f62a1cf03c6343e,100644,src/runtime,src/runtime,production-mixed-tests,production-mixed-tests,Rust,22733,629,586,True,False,,deterministic path rules,['Embedded cfg(test): whole-file mixed attribution; excluded from pure-production subtotal.']
src/runtime/src/resolver/canonical_handoff.rs,36892d842bb3d34c1a036c258e060c19d104d0bf,100644,src/runtime,runtime/resolver,production,production,Rust,15313,410,385,True,False,,deterministic path rules,[]
src/runtime/src/resolver/canonical_index.rs,b252bfacfac8aa5eeadb72056ee1863d509c79c6,100644,src/runtime,runtime/resolver,production-mixed-tests,production-mixed-tests,Rust,26464,645,610,True,False,,deterministic path rules,['Embedded cfg(test): whole-file mixed attribution; excluded from pure-production subtotal.']
src/runtime/src/resolver/document.rs,734932089c487e2b455d0d56397cbd10e985214d,100644,src/runtime,runtime/resolver,production-mixed-tests,production-mixed-tests,Rust,13923,363,335,True,False,,deterministic path rules,['Embedded cfg(test): whole-file mixed attribution; excluded from pure-production subtotal.']
src/runtime/src/resolver/file.rs,cdc99058e2088897f4abf7359a479a2d84f995ce,100644,src/runtime,runtime/resolver,production-mixed-tests,production-mixed-tests,Rust,70921,1997,1825,True,False,,deterministic path rules,['Embedded cfg(test): whole-file mixed attribution; excluded from pure-production subtotal.']
src/runtime/src/resolver/imports.rs,d11f2a84be15d7d5ddfe9178f86551ce97c008ff,100644,src/runtime,runtime/resolver,production,production,Rust,10190,312,278,True,False,,deterministic path rules,[]
src/runtime/src/resolver/index.rs,361abe84527bc5d07e901b4c0eebce609ad4a99d,100644,src/runtime,runtime/resolver,production,production,Rust,11639,345,314,True,False,,deterministic path rules,[]
src/runtime/src/resolver/memory.rs,1be77d30d83c8da14c725c462ff611ce2017f570,100644,src/runtime,runtime/resolver,production-mixed-tests,production-mixed-tests,Rust,41011,1217,1080,True,False,,deterministic path rules,['Embedded cfg(test): whole-file mixed attribution; excluded from pure-production subtotal.']
src/runtime/src/resolver/mod.rs,b977d265b135f5b86c045bbf798b6ede68f88c5d,100644,src/runtime,runtime/resolver,production-mixed-tests,production-mixed-tests,Rust,26081,810,721,True,False,,deterministic path rules,['Embedded cfg(test): whole-file mixed attribution; excluded from pure-production subtotal.']
src/runtime/src/resolver/source.rs,6ac7452ef692bcff588b6a8f8373e827f8e37000,100644,src/runtime,runtime/resolver,production,production,Rust,4043,176,151,True,False,,deterministic path rules,[]
src/runtime/src/resource.rs,566a93e9557cd5ff038ddb45750bbb0e41c423b3,100644,src/runtime,src/runtime,production-mixed-tests,production-mixed-tests,Rust,47052,1470,1324,True,False,,deterministic path rules,['Embedded cfg(test): whole-file mixed attribution; excluded from pure-production subtotal.']
src/runtime/src/resource_contract.rs,828c71ffe066962f08a6b3645d593e1e664254b6,100644,src/runtime,src/runtime,production-mixed-tests,production-mixed-tests,Rust,5125,138,122,True,False,,deterministic path rules,['Embedded cfg(test): whole-file mixed attribution; excluded from pure-production subtotal.']
src/runtime/src/runtime/actor/mod.rs,b69f021db4801cba922e4940e9563aa6cd2c6053,100644,src/runtime,runtime/runtime,production-mixed-tests,production-mixed-tests,Rust,13056,387,326,True,False,,deterministic path rules,['Embedded cfg(test): whole-file mixed attribution; excluded from pure-production subtotal.']
src/runtime/src/runtime/actor/tests/limits.rs,c43eafd487b0f445d5c3270e344d7b73e5650e3f,100644,src/runtime,runtime/runtime,test,test,Rust,3252,101,88,True,False,,deterministic path rules,[]
src/runtime/src/runtime/actor/tests/mod.rs,c4a5913c4d067d6c430636e152dd35e2c185b69b,100644,src/runtime,runtime/runtime,test,test,Rust,470,19,15,True,False,,deterministic path rules,[]
src/runtime/src/runtime/actor/tests/transactional_mailbox.rs,9ee712ca3ea1d4fc959f6f5a5879e639545bbb08,100644,src/runtime,runtime/runtime,test,test,Rust,11298,375,338,True,False,,deterministic path rules,[]
src/runtime/src/runtime/builder.rs,a24e45bdf31c2d725c283158f7e22d5f76bc4e09,100644,src/runtime,runtime/runtime,production,production,Rust,17141,451,400,True,False,,deterministic path rules,[]
src/runtime/src/runtime/components.rs,ee39d561cc20d244296887bb90c8c3de0d7b6dce,100644,src/runtime,runtime/runtime,production-mixed-tests,production-mixed-tests,Rust,1756,55,47,True,False,,deterministic path rules,['Embedded cfg(test): whole-file mixed attribution; excluded from pure-production subtotal.']
src/runtime/src/runtime/context_registry.rs,1167d78344f688eed33c552518a66f67be472371,100644,src/runtime,runtime/runtime,production,production,Rust,5957,216,186,True,False,,deterministic path rules,[]
src/runtime/src/runtime/cost_probe.rs,c83421247674f6cbdb5f5881a4748c96def247d9,100644,src/runtime,runtime/runtime,production-mixed-tests,production-mixed-tests,Rust,5393,151,133,True,False,,deterministic path rules,['Embedded cfg(test): whole-file mixed attribution; excluded from pure-production subtotal.']
src/runtime/src/runtime/errors.rs,4bb6b88bab736f2ea6793e53bc4c2d71988582e8,100644,src/runtime,runtime/runtime,production,production,Rust,8738,335,284,True,False,,deterministic path rules,[]
src/runtime/src/runtime/events.rs,0f5e9399639c8e70768c99c695b43e66e236f315,100644,src/runtime,runtime/runtime,production,production,Rust,2390,76,64,True,False,,deterministic path rules,[]
src/runtime/src/runtime/execution_session.rs,0c68dbb02be63c1303aed93b685e44b57b256f4f,100644,src/runtime,runtime/runtime,production,production,Rust,24082,658,628,True,False,,deterministic path rules,[]
src/runtime/src/runtime/extension.rs,52e61d10da93880a20886bab495e5a0761956668,100644,src/runtime,runtime/runtime,production,production,Rust,13446,381,316,True,False,,deterministic path rules,[]
src/runtime/src/runtime/host/mod.rs,14efc214b1d4e4ca42cd0983364d3e80d33827d5,100644,src/runtime,runtime/runtime,production,production,Rust,5557,133,124,True,False,,deterministic path rules,[]
src/runtime/src/runtime/host/tests/transaction/authorization.rs,98ff8df45f8ea2fe0cbac1304fcf025ebf30c63a,100644,src/runtime,runtime/runtime,test,test,Rust,5852,161,151,True,False,,deterministic path rules,[]
src/runtime/src/runtime/host/tests/transaction/effects.rs,f3ea4c92fddbdce702b233d1202664ad8ef82b96,100644,src/runtime,runtime/runtime,test,test,Rust,2050,55,49,True,False,,deterministic path rules,[]
src/runtime/src/runtime/host/tests/transaction/events.rs,b24faf8902e669acc696f998a7b2ace3d62f7906,100644,src/runtime,runtime/runtime,test,test,Rust,4136,121,115,True,False,,deterministic path rules,[]
src/runtime/src/runtime/host/tests/transaction/mod.rs,3c634addb3fb8555e668c55cd1753382ab764a94,100644,src/runtime,runtime/runtime,test,test,Rust,71,5,5,True,False,,deterministic path rules,[]
src/runtime/src/runtime/host/tests/transaction/rollback.rs,636bae0d2ba2121aec26de71899cc46b82aec704,100644,src/runtime,runtime/runtime,test,test,Rust,4411,122,109,True,False,,deterministic path rules,[]
src/runtime/src/runtime/host/tests/transaction/support.rs,223c916e9c9edc3b98b3ab39cc6896aeeacb99e2,100644,src/runtime,runtime/runtime,test,test,Rust,2182,85,73,True,False,,deterministic path rules,[]
src/runtime/src/runtime/id.rs,9a0e4bfdb014aa60a33bb51661aa33a138d5c6de,100644,src/runtime,runtime/runtime,production,production,Rust,1802,48,37,True,False,,deterministic path rules,[]
src/runtime/src/runtime/input_tests/mod.rs,ea1e673e70b8c3d38ffd5380a04c8361ead063ce,100644,src/runtime,runtime/runtime,production,production,Rust,80,3,3,True,False,,deterministic path rules,[]
src/runtime/src/runtime/input_tests/queue.rs,2f08f322ad90e51f6a485b6386bd11c5f7d0bc41,100644,src/runtime,runtime/runtime,production,production,Rust,16094,477,438,True,False,,deterministic path rules,[]
src/runtime/src/runtime/input_tests/snapshot_boundaries.rs,79470a19f930b248445c0430fdfcd8572d77a544,100644,src/runtime,runtime/runtime,production,production,Rust,1548,47,42,True,False,,deterministic path rules,[]
src/runtime/src/runtime/lifecycle.rs,4c15a93a1b74c55746345868aeaa9e5c5e2a663c,100644,src/runtime,runtime/runtime,production,production,Rust,1839,66,59,True,False,,deterministic path rules,[]
src/runtime/src/runtime/limits.rs,fe8e83aefebf226c3ed6b84901356c4c1cec8dd5,100644,src/runtime,runtime/runtime,production,production,Rust,4203,133,121,True,False,,deterministic path rules,[]
src/runtime/src/runtime/mod.rs,f05fbcf8040b9d60150bb91e4e0dbef4856b6d20,100644,src/runtime,runtime/runtime,production-mixed-tests,production-mixed-tests,Rust,1473,59,55,True,False,,deterministic path rules,['Embedded cfg(test): whole-file mixed attribution; excluded from pure-production subtotal.']
src/runtime/src/runtime/module/mod.rs,1ee4c5663dccd88ecf93949ddb96e37d0c7cd525,100644,src/runtime,runtime/runtime,production-mixed-tests,production-mixed-tests,Rust,39178,1014,913,True,False,,deterministic path rules,['Embedded cfg(test): whole-file mixed attribution; excluded from pure-production subtotal.']
src/runtime/src/runtime/module/tests/mod.rs,5a094bc10de6263736c6f61110498b6481033eb9,100644,src/runtime,runtime/runtime,test,test,Rust,98,4,4,True,False,,deterministic path rules,[]
src/runtime/src/runtime/module/tests/provisional_visibility.rs,7326a26b6f5ad0d62640eaeeec5d7ee75f4f6767,100644,src/runtime,runtime/runtime,test,test,Rust,4886,152,138,True,False,,deterministic path rules,[]
src/runtime/src/runtime/module/tests/source_document_transfer.rs,ceda237d8279c6cb5190bee1dfb6de31b852c020,100644,src/runtime,runtime/runtime,test,test,Rust,15410,452,441,True,False,,deterministic path rules,[]
src/runtime/src/runtime/module/tests/support.rs,315401de9ce2b54b5d25d336205cc8791a7b3a5f,100644,src/runtime,runtime/runtime,test,test,Rust,810,22,19,True,False,,deterministic path rules,[]
src/runtime/src/runtime/object.rs,b7065adaa248a8b73159a35d961288bb4aeb44c8,100644,src/runtime,runtime/runtime,production,production,Rust,3950,111,83,True,False,,deterministic path rules,[]
src/runtime/src/runtime/operation_context.rs,863b922a4d32270bec9c89bb08e96380365d1a14,100644,src/runtime,runtime/runtime,production,production,Rust,5236,150,133,True,False,,deterministic path rules,[]
src/runtime/src/runtime/program/artifact_tests.rs,617f92464633493ed13a766c2a79f1120d8dbee5,100644,src/runtime,runtime/runtime,production,production,Rust,499,12,11,True,False,,deterministic path rules,[]
src/runtime/src/runtime/program/bundle.rs,3e9af5e6c025e76a991ab63aeb8d7e007dada403,100644,src/runtime,runtime/runtime,production,production,Rust,17700,453,430,True,False,,deterministic path rules,[]
src/runtime/src/runtime/program/compiler.rs,c1accc6b36f323170b2b8a84dc86e4892afe535d,100644,src/runtime,runtime/runtime,production-mixed-tests,production-mixed-tests,Rust,120769,3034,2911,True,False,,deterministic path rules,['Embedded cfg(test): whole-file mixed attribution; excluded from pure-production subtotal.']
src/runtime/src/runtime/program/diagnostics.rs,8c0f5d3a209be97294a46bdcc2f07d6b727ec6bc,100644,src/runtime,runtime/runtime,production,production,Rust,4792,116,111,True,False,,deterministic path rules,[]
src/runtime/src/runtime/program/drivers.rs,21e88c73198d5b64b47dd26a4ee025be26bf2a96,100644,src/runtime,runtime/runtime,production,production,Rust,8237,221,210,True,False,,deterministic path rules,[]
src/runtime/src/runtime/program/external/admission.rs,73510c9b9b2451516de79a3ae081dc5438dfca78,100644,src/runtime,runtime/runtime,production,production,Rust,6299,174,161,True,False,,deterministic path rules,[]
src/runtime/src/runtime/program/external/authority.rs,c0dd5cdbd1d30a1d729d7128fe913ecb2fdecbe4,100644,src/runtime,runtime/runtime,production,production,Rust,2077,72,61,True,False,,deterministic path rules,[]
src/runtime/src/runtime/program/external/coordinator.rs,e89520edd9d5afa8a5b1f1daf73b16befc9bed50,100644,src/runtime,runtime/runtime,production-mixed-tests,production-mixed-tests,Rust,124599,3201,3055,True,False,,deterministic path rules,['Embedded cfg(test): whole-file mixed attribution; excluded from pure-production subtotal.']
src/runtime/src/runtime/program/external/input_facts.rs,beb6ab20e32a439ff46ba3071f0cc3fc555421af,100644,src/runtime,runtime/runtime,production,production,Rust,5725,185,168,True,False,,deterministic path rules,[]
src/runtime/src/runtime/program/external/mod.rs,330f1395286cd59152c8e638c76cfa16bcc33f60,100644,src/runtime,runtime/runtime,production,production,Rust,651,26,24,True,False,,deterministic path rules,[]
src/runtime/src/runtime/program/external/outbox_delivery.rs,29d849c3394ba2ad47c22f17cf4eed4fc16295f2,100644,src/runtime,runtime/runtime,production,production,Rust,4468,144,131,True,False,,deterministic path rules,[]
src/runtime/src/runtime/program/external/provider.rs,ae440662e54570db115738a3578e8e4bc993870f,100644,src/runtime,runtime/runtime,production-mixed-tests,production-mixed-tests,Rust,14619,437,402,True,False,,deterministic path rules,['Embedded cfg(test): whole-file mixed attribution; excluded from pure-production subtotal.']
src/runtime/src/runtime/program/external/receipt.rs,48ca8d590ad553b6bb481337ed440fb7e204ad57,100644,src/runtime,runtime/runtime,production,production,Rust,1790,63,54,True,False,,deterministic path rules,[]
src/runtime/src/runtime/program/external/test_provider.rs,df5d5e6f4372732c067cf2803d6efd0de30f367a,100644,src/runtime,runtime/runtime,test,test,Rust,12298,402,356,True,False,,deterministic path rules,[]
src/runtime/src/runtime/program/external/tests.rs,bc751af7c54e1ce5627af6c185744222e2aea73d,100644,src/runtime,runtime/runtime,production,production,Rust,91517,2600,2504,True,False,,deterministic path rules,[]
src/runtime/src/runtime/program/input.rs,fe2c6b6f26d4ac39373aa456d08357a1f8c59733,100644,src/runtime,runtime/runtime,production,production,Rust,14936,403,385,True,False,,deterministic path rules,[]
src/runtime/src/runtime/program/loading.rs,b9fe49346c3f330a97127a41cf760f937be18558,100644,src/runtime,runtime/runtime,production,production,Rust,40273,980,941,True,False,,deterministic path rules,[]
src/runtime/src/runtime/program/mod.rs,d18f7440ae2e51e7a232c9f5cff5d58f4f4a76d9,100644,src/runtime,runtime/runtime,production-mixed-tests,production-mixed-tests,Rust,2844,93,81,True,False,,deterministic path rules,['Embedded cfg(test): whole-file mixed attribution; excluded from pure-production subtotal.']
src/runtime/src/runtime/program/query.rs,986b29c47dceed326b86eb7585f7d8c23910e695,100644,src/runtime,runtime/runtime,production,production,Rust,48559,1186,1133,True,False,,deterministic path rules,[]
src/runtime/src/runtime/program/query_control.rs,e50194d191d611b6e8c985780e0403a4259885ee,100644,src/runtime,runtime/runtime,production-mixed-tests,production-mixed-tests,Rust,24142,624,600,True,False,,deterministic path rules,['Embedded cfg(test): whole-file mixed attribution; excluded from pure-production subtotal.']
src/runtime/src/runtime/program/query_tests/mod.rs,37918243e5e9fcbe7d8d29b13465c130c7c93826,100644,src/runtime,runtime/runtime,production,production,Rust,56,2,2,True,False,,deterministic path rules,[]
src/runtime/src/runtime/program/query_tests/source.rs,7b24d06a699e4fe6cefdc84b58f5e27dba2cbf22,100644,src/runtime,runtime/runtime,production,production,Rust,12539,344,311,True,False,,deterministic path rules,[]
src/runtime/src/runtime/program/session.rs,b6ba45129bf60adf265b96dc9a65b34b22f48b7c,100644,src/runtime,runtime/runtime,production,production,Rust,20083,499,469,True,False,,deterministic path rules,[]
src/runtime/src/runtime/program/tests.rs,d79eab08b59956cc07d4d48e228bbfaf8320df50,100644,src/runtime,runtime/runtime,production,production,Rust,338957,9516,9054,True,False,,deterministic path rules,[]
src/runtime/src/runtime/program/value.rs,23eec4eecf319629ec6845594428bbb054862821,100644,src/runtime,runtime/runtime,production,production,Rust,3110,89,84,True,False,,deterministic path rules,[]
src/runtime/src/runtime/resources.rs,63522331c6ddac2af046c3c3c7470d8bcc938643,100644,src/runtime,runtime/runtime,production,production,Rust,12733,315,301,True,False,,deterministic path rules,[]
src/runtime/src/runtime/schedule/mod.rs,63493b88a818dba14c479aa124b3d1b42d3c9236,100644,src/runtime,runtime/runtime,production-mixed-tests,production-mixed-tests,Rust,5834,150,124,True,False,,deterministic path rules,['Embedded cfg(test): whole-file mixed attribution; excluded from pure-production subtotal.']
src/runtime/src/runtime/schedule/tests/extension_panics.rs,c1fc4563e3afa5196bc6299c78b9cc9cfde3c193,100644,src/runtime,runtime/runtime,test,test,Rust,2076,76,60,True,False,,deterministic path rules,[]
src/runtime/src/runtime/schedule/tests/mod.rs,d7fa9d72c35afed81db71ab94ec54504df7c04e3,100644,src/runtime,runtime/runtime,test,test,Rust,22,1,1,True,False,,deterministic path rules,[]
src/runtime/src/runtime/state.rs,8bf4ac29ff9432fee35d2e422c0f18aa0c648f15,100644,src/runtime,runtime/runtime,production-mixed-tests,production-mixed-tests,Rust,5746,159,145,True,False,,deterministic path rules,['Embedded cfg(test): whole-file mixed attribution; excluded from pure-production subtotal.']
src/runtime/src/runtime/task/mod.rs,622f009ca7a01c2c8cb6b256b0967b6b68273c22,100644,src/runtime,runtime/runtime,production-mixed-tests,production-mixed-tests,Rust,8338,246,203,True,False,,deterministic path rules,['Embedded cfg(test): whole-file mixed attribution; excluded from pure-production subtotal.']
src/runtime/src/runtime/task/tests/limits.rs,fd8f4f216fd5ef4aaf92acd740f63b19560325d2,100644,src/runtime,runtime/runtime,test,test,Rust,880,27,23,True,False,,deterministic path rules,[]
src/runtime/src/runtime/task/tests/mod.rs,166f20fbd64cdf102f2970b0af5fb4b522f455a2,100644,src/runtime,runtime/runtime,test,test,Rust,12,1,1,True,False,,deterministic path rules,[]
src/runtime/src/runtime/test_support/capabilities.rs,41d47b63f21ba6c217e165e50cb7d7f83d18f6dc,100644,src/runtime,runtime/runtime,production,production,Rust,2915,104,96,True,False,,deterministic path rules,[]
src/runtime/src/runtime/test_support/effects.rs,98d5ef0f55d365cd8b39e96edb632fd8232bbaf7,100644,src/runtime,runtime/runtime,production,production,Rust,5263,200,173,True,False,,deterministic path rules,[]
src/runtime/src/runtime/test_support/events.rs,35284d78de5b35dc328bee4624fcbb83555c4633,100644,src/runtime,runtime/runtime,production,production,Rust,801,28,26,True,False,,deterministic path rules,[]
src/runtime/src/runtime/test_support/ids.rs,d53a1c6a08df98e71854b0a19ff6d4cfff05991d,100644,src/runtime,runtime/runtime,production,production,Rust,2628,116,92,True,False,,deterministic path rules,[]
src/runtime/src/runtime/test_support/mod.rs,33ecd424d4c99cb6ba66db403c75326db9dd4ae3,100644,src/runtime,runtime/runtime,production,production,Rust,226,9,9,True,False,,deterministic path rules,[]
src/runtime/src/runtime/test_support/providers.rs,9432b8ab43070a53c9e7eff9466ca7c86319bd4f,100644,src/runtime,runtime/runtime,production,production,Rust,2689,96,83,True,False,,deterministic path rules,[]
src/runtime/src/runtime/test_support/stores.rs,7717421cb4c35bbf5c067492b947e5b5f4140514,100644,src/runtime,runtime/runtime,production,production,Rust,1667,58,50,True,False,,deterministic path rules,[]
src/runtime/src/runtime/transaction/abort.rs,c65963a88ca80d5e7cf85c8b8f0fbeba5e60494b,100644,src/runtime,runtime/runtime,production,production,Rust,9559,272,247,True,False,,deterministic path rules,[]
src/runtime/src/runtime/transaction/capabilities.rs,a70b4b991b615f487c3052629c8b4c87e09e30de,100644,src/runtime,runtime/runtime,production-mixed-tests,production-mixed-tests,Rust,22218,579,525,True,False,,deterministic path rules,['Embedded cfg(test): whole-file mixed attribution; excluded from pure-production subtotal.']
src/runtime/src/runtime/transaction/commit.rs,5495182f5967499ae5371212bdb455b7aa3dbb53,100644,src/runtime,runtime/runtime,production,production,Rust,32440,812,753,True,False,,deterministic path rules,[]
src/runtime/src/runtime/transaction/context.rs,51554b9399bb834909b980cc4361d91ffeecee87,100644,src/runtime,runtime/runtime,production,production,Rust,6094,179,168,True,False,,deterministic path rules,[]
src/runtime/src/runtime/transaction/effects.rs,a6520eb1e468f11db3d5491e824d44cdc46b132a,100644,src/runtime,runtime/runtime,production,production,Rust,147,3,2,True,False,,deterministic path rules,[]
src/runtime/src/runtime/transaction/envelope.rs,ff1fbaf29ce8564c46dac4ced0ca01e4ee985891,100644,src/runtime,runtime/runtime,production,production,Rust,2895,83,76,True,False,,deterministic path rules,[]
src/runtime/src/runtime/transaction/health.rs,43b802fbd1f6eaecf9316dff6d18b865d31116be,100644,src/runtime,runtime/runtime,production,production,Rust,362,15,13,True,False,,deterministic path rules,[]
src/runtime/src/runtime/transaction/mod.rs,1615962cf7529ad3fb342ccd89c6e523a3577453,100644,src/runtime,runtime/runtime,production-mixed-tests,production-mixed-tests,Rust,984,33,30,True,False,,deterministic path rules,['Embedded cfg(test): whole-file mixed attribution; excluded from pure-production subtotal.']
src/runtime/src/runtime/transaction/modules.rs,f3cb43e927c22e4542f3210601888c5b21587cb4,100644,src/runtime,runtime/runtime,production-mixed-tests,production-mixed-tests,Rust,14201,401,366,True,False,,deterministic path rules,['Embedded cfg(test): whole-file mixed attribution; excluded from pure-production subtotal.']
src/runtime/src/runtime/transaction/operation.rs,94f5d09d8b23a36df2ebb446be81c7c372cc7bf1,100644,src/runtime,runtime/runtime,production,production,Rust,6922,186,175,True,False,,deterministic path rules,[]
src/runtime/src/runtime/transaction/savepoint.rs,da36e2b44a94129c1327e7b4b91958e766db83fb,100644,src/runtime,runtime/runtime,production,production,Rust,407,11,10,True,False,,deterministic path rules,[]
src/runtime/src/runtime/transaction/tests/capabilities/grants.rs,1bd06f55aa414fc32863241a679c5457d232ce9b,100644,src/runtime,runtime/runtime,test,test,Rust,13085,403,373,True,False,,deterministic path rules,[]
src/runtime/src/runtime/transaction/tests/capabilities/mod.rs,cabe8dfc09bce14cfc0245c6ed55857674dc7a45,100644,src/runtime,runtime/runtime,test,test,Rust,280,12,11,True,False,,deterministic path rules,[]
src/runtime/src/runtime/transaction/tests/capabilities/overlays.rs,ac9a175649c199c581709482332df73124fb0c4e,100644,src/runtime,runtime/runtime,test,test,Rust,3024,88,76,True,False,,deterministic path rules,[]
src/runtime/src/runtime/transaction/tests/capabilities/revocations.rs,c17361cf1a6a01159b6356a4b62d3a9d365e05b5,100644,src/runtime,runtime/runtime,test,test,Rust,4837,152,136,True,False,,deterministic path rules,[]
src/runtime/src/runtime/transaction/tests/capabilities/rollback.rs,6b296b0174b1ebe713991d3a0b93a4cc1f80dbfe,100644,src/runtime,runtime/runtime,test,test,Rust,6426,190,171,True,False,,deterministic path rules,[]
src/runtime/src/runtime/transaction/tests/capabilities/support.rs,5e75e847d4b02aec4e766a91dc3ad8e0b8793622,100644,src/runtime,runtime/runtime,test,test,Rust,7229,229,188,True,False,,deterministic path rules,[]
src/runtime/src/runtime/transaction/tests/capabilities/usage.rs,db8dd87506c4d5b82343065d2905429173dd8cce,100644,src/runtime,runtime/runtime,test,test,Rust,5733,181,160,True,False,,deterministic path rules,[]
src/runtime/src/runtime/transaction/tests/effects/after_commit.rs,4add83d25134ccd3a586e1d0b1a7067b0e7f80e8,100644,src/runtime,runtime/runtime,test,test,Rust,4785,146,134,True,False,,deterministic path rules,[]
src/runtime/src/runtime/transaction/tests/effects/cleanup_failures.rs,9d458fc95e136c8a6a925d8b25696da6ec294dea,100644,src/runtime,runtime/runtime,test,test,Rust,15893,477,450,True,False,,deterministic path rules,[]
src/runtime/src/runtime/transaction/tests/effects/compensatable.rs,83c357d6fd3c2c354e24153699d9ae75345aba10,100644,src/runtime,runtime/runtime,test,test,Rust,6533,201,181,True,False,,deterministic path rules,[]
src/runtime/src/runtime/transaction/tests/effects/mod.rs,7ac4feb7fae43086f355a1b866b04e91fdae218a,100644,src/runtime,runtime/runtime,test,test,Rust,610,20,19,True,False,,deterministic path rules,[]
src/runtime/src/runtime/transaction/tests/effects/savepoints.rs,d5ea6c8308b6a7f2f1663e1215aa5f1e607055ef,100644,src/runtime,runtime/runtime,test,test,Rust,5814,164,144,True,False,,deterministic path rules,[]
src/runtime/src/runtime/transaction/tests/effects/staging.rs,7180fac19b7c7d0969efac8367e1fe2ad527a197,100644,src/runtime,runtime/runtime,test,test,Rust,5430,160,143,True,False,,deterministic path rules,[]
src/runtime/src/runtime/transaction/tests/effects/support.rs,4e509daacf8204afdf19c00b827fff46bcf6bc90,100644,src/runtime,runtime/runtime,test,test,Rust,11633,446,382,True,False,,deterministic path rules,[]
src/runtime/src/runtime/transaction/tests/effects/transactional.rs,a0740d6a502c777cb8a369393be0d47c21ffbc99,100644,src/runtime,runtime/runtime,test,test,Rust,10129,312,291,True,False,,deterministic path rules,[]
src/runtime/src/runtime/transaction/tests/mod.rs,3d60748645404f49715ffcb1e83881ebe4a58505,100644,src/runtime,runtime/runtime,test,test,Rust,11,1,1,True,False,,deterministic path rules,[]
src/runtime/src/runtime/transaction/tests/modules/mod.rs,baa545038a583287242c7ae0c7dd285067bc465b,100644,src/runtime,runtime/runtime,test,test,Rust,211,8,6,True,False,,deterministic path rules,[]
src/runtime/src/runtime/transaction/tests/modules/rollback.rs,85faa89c9e7cae87bdff5654c2a9c172b3e04216,100644,src/runtime,runtime/runtime,test,test,Rust,2286,63,57,True,False,,deterministic path rules,[]
src/runtime/src/runtime/transaction/tests/modules/staging.rs,6bf738363751b36cf2c98c7afa4166b9fac7a139,100644,src/runtime,runtime/runtime,test,test,Rust,1865,51,43,True,False,,deterministic path rules,[]
src/runtime/src/runtime/transaction/tests/store/abort.rs,b844860111d79205170427781c4d73281306962d,100644,src/runtime,runtime/runtime,test,test,Rust,7767,228,201,True,False,,deterministic path rules,[]
src/runtime/src/runtime/transaction/tests/store/begin.rs,2e729a5fa62963662193844d99f0b8aaa3562293,100644,src/runtime,runtime/runtime,test,test,Rust,761,22,21,True,False,,deterministic path rules,[]
src/runtime/src/runtime/transaction/tests/store/commit.rs,ca647f1177853ef3084da59d70ebd1b518d16eea,100644,src/runtime,runtime/runtime,test,test,Rust,1593,45,42,True,False,,deterministic path rules,[]
src/runtime/src/runtime/transaction/tests/store/context_identity.rs,73b15f2720e06997eb3a1998e00248af358ad36e,100644,src/runtime,runtime/runtime,test,test,Rust,8853,254,226,True,False,,deterministic path rules,[]
src/runtime/src/runtime/transaction/tests/store/event_publication.rs,50772ced96990c8ca730afe93b1b42d2223bdee7,100644,src/runtime,runtime/runtime,test,test,Rust,8948,258,235,True,False,,deterministic path rules,[]
src/runtime/src/runtime/transaction/tests/store/indeterminate.rs,312632fe29839baa6888a121323b97e8b2f86c81,100644,src/runtime,runtime/runtime,test,test,Rust,2079,57,54,True,False,,deterministic path rules,[]
src/runtime/src/runtime/transaction/tests/store/mod.rs,a8325984d98a61225cc60b4495d7a5a28df39d60,100644,src/runtime,runtime/runtime,test,test,Rust,413,19,17,True,False,,deterministic path rules,[]
src/runtime/src/runtime/transaction/tests/store/projection.rs,2600696b3967580702a0f783fb19397d18b962b8,100644,src/runtime,runtime/runtime,test,test,Rust,2643,83,78,True,False,,deterministic path rules,[]
src/runtime/src/runtime/transaction/tests/store/store_failure.rs,cf1d3f39f89f99002e8e97890aa716118cb799c8,100644,src/runtime,runtime/runtime,test,test,Rust,2880,88,76,True,False,,deterministic path rules,[]
src/runtime/src/scheduler.rs,980b1de238fd37002a1453c3a2c7da25b1b84b6d,100644,src/runtime,src/runtime,production-mixed-tests,production-mixed-tests,Rust,20620,756,589,True,False,,deterministic path rules,['Embedded cfg(test): whole-file mixed attribution; excluded from pure-production subtotal.']
src/runtime/src/service/mod.rs,317825e5f04cdf01c1b49a8905377943e9584446,100644,src/runtime,runtime/service,production,production,Rust,1394,41,28,True,False,,deterministic path rules,[]
src/runtime/src/service/workspace_session.rs,d403e9e1ac5adaedef419e49ecacb7c6a871c0dc,100644,src/runtime,runtime/service,production-mixed-tests,production-mixed-tests,Rust,21193,677,587,True,False,,deterministic path rules,['Embedded cfg(test): whole-file mixed attribution; excluded from pure-production subtotal.']
src/runtime/src/snapshot/mod.rs,d210fd6bce69b78e0ed9ad847bf35601750a5089,100644,src/runtime,runtime/snapshot,production-mixed-tests,production-mixed-tests,Rust,16063,457,418,True,False,,deterministic path rules,['Embedded cfg(test): whole-file mixed attribution; excluded from pure-production subtotal.']
src/runtime/src/snapshot/tests.rs,6ebfd010b117b1c98bc1da05daaae6856908f8df,100644,src/runtime,runtime/snapshot,production,production,Rust,8976,249,234,True,False,,deterministic path rules,[]
src/runtime/src/store.rs,e409d2f903363e50cebf7464e10266396e295d2f,100644,src/runtime,src/runtime,production-mixed-tests,production-mixed-tests,Rust,75521,2423,2042,True,False,,deterministic path rules,['Embedded cfg(test): whole-file mixed attribution; excluded from pure-production subtotal.']
src/runtime/src/store_prepared_commit.rs,01168c50d00e2629658f0b5e905f5e32c576fb9f,100644,src/runtime,src/runtime,production,production,Rust,17215,488,456,True,False,,deterministic path rules,[]
src/runtime/src/store_prepared_commit_tests.rs,cadc61b25b3eca73fd78b12191776aca70f7d93e,100644,src/runtime,src/runtime,production,production,Rust,18123,506,454,True,False,,deterministic path rules,[]
src/runtime/src/store_validation.rs,4f49e031f1dffb22082ad7eb12da11ad40551725,100644,src/runtime,src/runtime,production,production,Rust,10878,321,290,True,False,,deterministic path rules,[]
src/runtime/src/transaction.rs,5c245f436d615b6e04c09b75b8d0da10fcd4dbd3,100644,src/runtime,src/runtime,production-mixed-tests,production-mixed-tests,Rust,22499,773,616,True,False,,deterministic path rules,['Embedded cfg(test): whole-file mixed attribution; excluded from pure-production subtotal.']
src/runtime/src/turn_record.rs,7428cf8526877dd11314daadb9e084aaabb4b003,100644,src/runtime,src/runtime,production-mixed-tests,production-mixed-tests,Rust,19772,656,573,True,False,,deterministic path rules,['Embedded cfg(test): whole-file mixed attribution; excluded from pure-production subtotal.']
src/runtime/src/workspace/config.rs,fedba0d677a8981a517a48fa6b1288cf55c49a0b,100644,src/runtime,runtime/workspace,production,production,Rust,1608,61,53,True,False,,deterministic path rules,[]
src/runtime/src/workspace/discovery.rs,ee9d14076bf909648d7892a932435614a8b947bc,100644,src/runtime,runtime/workspace,production-mixed-tests,production-mixed-tests,Rust,10497,338,302,True,False,,deterministic path rules,['Embedded cfg(test): whole-file mixed attribution; excluded from pure-production subtotal.']
src/runtime/src/workspace/errors.rs,02b510cc201f90366e6b6196a3703085b42f9f8e,100644,src/runtime,runtime/workspace,production,production,Rust,1541,68,55,True,False,,deterministic path rules,[]
src/runtime/src/workspace/load.rs,6d328307b755bec2c1064af15c436a414fc82ab6,100644,src/runtime,runtime/workspace,production-mixed-tests,production-mixed-tests,Rust,8650,290,261,True,False,,deterministic path rules,['Embedded cfg(test): whole-file mixed attribution; excluded from pure-production subtotal.']
src/runtime/src/workspace/mod.rs,5a584d8114bee1e3bc422a5b8dee03b345f6966c,100644,src/runtime,runtime/workspace,production-mixed-tests,production-mixed-tests,Rust,3409,125,109,True,False,,deterministic path rules,['Embedded cfg(test): whole-file mixed attribution; excluded from pure-production subtotal.']
src/runtime/src/workspace/refresh.rs,8496325ba1367fbdb01daed5c86d16f2960d58d8,100644,src/runtime,runtime/workspace,production,production,Rust,640,25,22,True,False,,deterministic path rules,[]
src/runtime/src/workspace/snapshot.rs,50946928249176b62a06481a65a1efd0d5ee5927,100644,src/runtime,runtime/workspace,production,production,Rust,4446,137,121,True,False,,deterministic path rules,[]
src/runtime/src/workspace/watch.rs,33c7af271d48672e05b9a5c5bbef4c7e98174598,100644,src/runtime,runtime/workspace,production-mixed-tests,production-mixed-tests,Rust,50296,1433,1290,True,False,,deterministic path rules,['Embedded cfg(test): whole-file mixed attribution; excluded from pure-production subtotal.']
src/runtime/src/workspace/workspace.rs,3dac8ab9f1a156e03e43e6fce3b2a3bbaa3ef97c,100644,src/runtime,runtime/workspace,production,production,Rust,8850,266,234,True,False,,deterministic path rules,[]
src/runtime/tests/canonical_call_visibility.rs,6d9b1ca72ded2894b8ee092b4e24f7e8e8826784,100644,src/runtime,src/runtime,test,test,Rust,15401,416,401,True,False,,deterministic path rules,[]
src/runtime/tests/canonical_config_profile.rs,dc5b5033f3c7c482856717bf2eb53edc9dab1077,100644,src/runtime,src/runtime,test,test,Rust,6245,170,161,True,False,,deterministic path rules,[]
src/runtime/tests/canonical_constant_binding.rs,5513d0dc0c6d0a55e80bd9e09c1683976d9a6760,100644,src/runtime,src/runtime,test,test,Rust,52397,1644,1584,True,False,,deterministic path rules,[]
src/runtime/tests/canonical_declaration_handoff.rs,aa96466614684ad8322889c883cc900334ff2404,100644,src/runtime,src/runtime,test,test,Rust,16283,429,410,True,False,,deterministic path rules,[]
src/runtime/tests/canonical_document_outputs.rs,8b2357f4176faf543c518b3b2ee9ed99eab46d4f,100644,src/runtime,src/runtime,test,test,Rust,8479,242,229,True,False,,deterministic path rules,[]
src/runtime/tests/canonical_document_render.rs,521b180f46475407dd4bac62d545edb17957ea62,100644,src/runtime,src/runtime,test,test,Rust,73130,1978,1896,True,False,,deterministic path rules,[]
src/runtime/tests/canonical_mixed_resource_planning.rs,f91717422e1467d929cca6ed963fd9ad0268cf78,100644,src/runtime,src/runtime,test,test,Rust,14359,353,334,True,False,,deterministic path rules,[]
src/runtime/tests/canonical_source_index.rs,d147f3c5582a7842aa496bc6cdfde7d7f26ad3b7,100644,src/runtime,src/runtime,test,test,Rust,23553,593,564,True,False,,deterministic path rules,[]
src/runtime/tests/config_profile.rs,c97d0e38a0b7e6c65c0355646623cc35e2a95e3d,100644,src/runtime,src/runtime,test,test,Rust,19237,660,584,True,False,,deterministic path rules,[]
src/runtime/tests/generic_host_kernel.rs,28799328873807c457a72737d69189a04d800d37,100644,src/runtime,src/runtime,test,test,Rust,7358,279,246,True,False,,deterministic path rules,[]
src/runtime/tests/layering.rs,fc91bebdcc4bb6080d86e98120e96567863f0457,100644,src/runtime,src/runtime,test,test,Rust,2485,74,69,True,False,,deterministic path rules,[]
src/runtime/tests/recording_bench_facade.rs,182377059eb0714a49fe2ca23e0798f839d278b7,100644,src/runtime,src/runtime,test,test,Rust,1036,30,27,True,False,,deterministic path rules,[]
src/runtime/tests/resident_ekf_contract.rs,40ae97daa12f07b5e43d1b2f1fd5fc746097a1f8,100644,src/runtime,src/runtime,test,test,Rust,15242,402,377,True,False,,deterministic path rules,[]
src/runtime/tests/resident_external_contract.rs,70919d675ae35bd2d7d1e5ab9fe0c9d579a41f80,100644,src/runtime,src/runtime,test,test,Rust,19422,516,495,True,False,,deterministic path rules,[]
src/runtime/tests/resident_external_sealed_api.rs,21fda072427f8f7bc832c05c97fe6dc460e56c93,100644,src/runtime,src/runtime,test,test,Rust,225,6,6,True,False,,deterministic path rules,[]
src/runtime/tests/resource_preflight.rs,225e7fdc62829b744f483127e1bf8853901c06a2,100644,src/runtime,src/runtime,test,test,Rust,1268,42,36,True,False,,deterministic path rules,[]
src/runtime/tests/sealed_api.rs,0e82809321e992d32952fd05a2569d065dc8f953,100644,src/runtime,src/runtime,test,test,Rust,1229,37,37,True,False,,deterministic path rules,[]
src/runtime/tests/source_acceptance.rs,38d4123f5672f155caf556ebc8054e57bb846157,100644,src/runtime,src/runtime,test,test,Rust,1532,50,45,True,False,,deterministic path rules,[]
src/runtime/tests/source_acceptance_cases/activation_facts.rs,9c75762f55ba881999b5ea61fcd7861a1244b91e,100644,src/runtime,src/runtime,test,test,Rust,95936,2576,2522,True,False,,deterministic path rules,[]
src/runtime/tests/source_acceptance_cases/index_range.rs,73c9e2903c8d7ee6b1e96d7a2b71a5cc19c248e7,100644,src/runtime,src/runtime,test,test,Rust,6295,190,180,True,False,,deterministic path rules,[]
src/runtime/tests/source_acceptance_cases/numeric.rs,3296d4038a7b1c42ee18ca2e0e52a9ecfb297616,100644,src/runtime,src/runtime,test,test,Rust,34141,1060,1021,True,False,,deterministic path rules,[]
src/runtime/tests/source_document.rs,0251dcbc12e2e6a2fa32d34410d3fdba81bd36ae,100644,src/runtime,src/runtime,test,test,Rust,22499,587,559,True,False,,deterministic path rules,[]
src/runtime/tests/ui/recording_bench/accounted_record_external.rs,e631aca1b9f5be80eee105d7152014386c0c8fa2,100644,src/runtime,src/runtime,test,test,Rust,123,7,4,True,False,,deterministic path rules,[]
src/runtime/tests/ui/recording_bench/accounted_record_external.stderr,11845b5d3b72e769486469d90dac05802e91c422,100644,src/runtime,src/runtime,fixture,fixture,Other text,431,13,13,False,False,,deterministic path rules,[]
src/runtime/tests/ui/recording_bench/cross_destination_append.rs,54d0ccf370412282e46b8f16028da8d16579d586,100644,src/runtime,src/runtime,test,test,Rust,616,20,18,True,False,,deterministic path rules,[]
src/runtime/tests/ui/recording_bench/cross_destination_append.stderr,e6f8d2d9f9ae4acae8278116195db9f3aa770f0e,100644,src/runtime,src/runtime,fixture,fixture,Other text,428,12,12,False,False,,deterministic path rules,[]
src/runtime/tests/ui/resident_external_sealed/external_activation_decomposition.rs,30edae653799bb4bb1433adab537f38b24b4f4b1,100644,src/runtime,src/runtime,test,test,Rust,174,7,5,True,False,,deterministic path rules,[]
src/runtime/tests/ui/resident_external_sealed/external_activation_decomposition.stderr,6239de7de878af563bb3487459f8c656dd9ddf26,100644,src/runtime,src/runtime,fixture,fixture,Other text,379,5,5,False,False,,deterministic path rules,[]
src/runtime/tests/ui/resident_external_sealed/external_publication_authority_safe_impl.rs,153665a636adbf4f8b5c6a8714ee76b7f7602820,100644,src/runtime,src/runtime,test,test,Rust,178,7,4,True,False,,deterministic path rules,[]
src/runtime/tests/ui/resident_external_sealed/external_publication_authority_safe_impl.stderr,7d38632da66172d1a2b0418e79b79e2421b43ace,100644,src/runtime,src/runtime,fixture,fixture,Other text,763,11,11,False,False,,deterministic path rules,[]
src/runtime/tests/ui/sealed/context_active_state.rs,4542f11c68d34b8b8848775c137c693e61c5fee8,100644,src/runtime,src/runtime,test,test,Rust,262,9,8,True,False,,deterministic path rules,[]
src/runtime/tests/ui/sealed/context_active_state.stderr,e5c0e2525d26dc94d99ebbfee240f05b4c6fb702,100644,src/runtime,src/runtime,fixture,fixture,Other text,710,22,20,False,False,,deterministic path rules,[]
src/runtime/tests/ui/sealed/context_identity.rs,328ac80ad19d06cb8fe4da9098c14264e870688c,100644,src/runtime,src/runtime,test,test,Rust,316,11,10,True,False,,deterministic path rules,[]
src/runtime/tests/ui/sealed/context_identity.stderr,7c56686b74f5357d16d82ca4f0b3d9267690085b,100644,src/runtime,src/runtime,fixture,fixture,Other text,613,17,15,False,False,,deterministic path rules,[]
src/runtime/tests/ui/sealed/core_reactive_journal.rs,5823a0e08c446d43e731df18cd8e9344bbb4c940,100644,src/runtime,src/runtime,test,test,Rust,93,5,4,True,False,,deterministic path rules,[]
src/runtime/tests/ui/sealed/core_reactive_journal.stderr,587e7fff1a82d37157f637981200f2148c008c96,100644,src/runtime,src/runtime,fixture,fixture,Other text,388,11,11,False,False,,deterministic path rules,[]
src/runtime/tests/ui/sealed/interpreter_advance_journal.rs,db0e6940cde2d6543b5823b633115cf9c744f87c,100644,src/runtime,src/runtime,test,test,Rust,137,6,5,True,False,,deterministic path rules,[]
src/runtime/tests/ui/sealed/interpreter_advance_journal.stderr,dedadc9280d5d2f093a86a2c7c74b0f949c3a99c,100644,src/runtime,src/runtime,fixture,fixture,Other text,689,15,15,False,False,,deterministic path rules,[]
src/runtime/tests/ui/sealed/interpreter_advance_journal_services.rs,359bf614c54e3992f78d021e59705ae9badf0e70,100644,src/runtime,src/runtime,test,test,Rust,150,6,5,True,False,,deterministic path rules,[]
src/runtime/tests/ui/sealed/interpreter_advance_journal_services.stderr,a81691d272d91f0f283310f36327e7de61369a71,100644,src/runtime,src/runtime,fixture,fixture,Other text,774,16,16,False,False,,deterministic path rules,[]
src/runtime/tests/ui/sealed/interpreter_advance_participating_without_capability.rs,5bf55994434da9ee064e1f8bf7429c9b70aef897,100644,src/runtime,src/runtime,test,test,Rust,372,11,9,True,False,,deterministic path rules,[]
src/runtime/tests/ui/sealed/interpreter_advance_participating_without_capability.stderr,ffbc89fab07cc7d735624e2de8b7905480f32408,100644,src/runtime,src/runtime,fixture,fixture,Other text,790,15,15,False,False,,deterministic path rules,[]
src/runtime/tests/ui/sealed/interpreter_step_journal.rs,db0e6940cde2d6543b5823b633115cf9c744f87c,100644,src/runtime,src/runtime,test,test,Rust,137,6,5,True,False,,deterministic path rules,[]
src/runtime/tests/ui/sealed/interpreter_step_journal.stderr,6356b08a2e52948b733b31b649ffc09a4e625462,100644,src/runtime,src/runtime,fixture,fixture,Other text,686,15,15,False,False,,deterministic path rules,[]
src/runtime/tests/ui/sealed/interpreter_step_journal_services.rs,359bf614c54e3992f78d021e59705ae9badf0e70,100644,src/runtime,src/runtime,test,test,Rust,150,6,5,True,False,,deterministic path rules,[]
src/runtime/tests/ui/sealed/interpreter_step_journal_services.stderr,d77533849075047fc48f6757fcada3e646ed2cf9,100644,src/runtime,src/runtime,fixture,fixture,Other text,771,16,16,False,False,,deterministic path rules,[]
src/runtime/tests/ui/sealed/interpreter_step_participating_without_capability.rs,5bf55994434da9ee064e1f8bf7429c9b70aef897,100644,src/runtime,src/runtime,test,test,Rust,372,11,9,True,False,,deterministic path rules,[]
src/runtime/tests/ui/sealed/interpreter_step_participating_without_capability.stderr,87defac24351e993bec35b5e45fbf34be128b9da,100644,src/runtime,src/runtime,fixture,fixture,Other text,787,15,15,False,False,,deterministic path rules,[]
src/runtime/tests/ui/sealed/reactive_journal.rs,171f949da759aff1c5a1cfa26ab86486fdad9852,100644,src/runtime,src/runtime,test,test,Rust,107,5,4,True,False,,deterministic path rules,[]
src/runtime/tests/ui/sealed/reactive_journal.stderr,11d0a411af7a99d8a120781dd17373bb8489e27e,100644,src/runtime,src/runtime,fixture,fixture,Other text,264,5,5,False,False,,deterministic path rules,[]
src/runtime/tests/ui/sealed/reactive_journal_participant.rs,846e264ce28e91194a0b7e01bfbe2fa67479417c,100644,src/runtime,src/runtime,test,test,Rust,198,10,8,True,False,,deterministic path rules,[]
src/runtime/tests/ui/sealed/reactive_journal_participant.stderr,6274ca47d08e63527f082ad6e1cc02d87138eef0,100644,src/runtime,src/runtime,fixture,fixture,Other text,317,7,7,False,False,,deterministic path rules,[]
src/runtime/tests/ui/sealed/reactive_participant_escape.rs,3f0930dc7c186567393b2e87a787f644a146f1f6,100644,src/runtime,src/runtime,test,test,Rust,157,7,6,True,False,,deterministic path rules,[]
src/runtime/tests/ui/sealed/reactive_participant_escape.stderr,452299b13b63244791ef4b28a449cb9dad590a22,100644,src/runtime,src/runtime,fixture,fixture,Other text,406,8,8,False,False,,deterministic path rules,[]
src/runtime/tests/ui/sealed/reactive_participant_reuse_after_commit.rs,4b62291a5844cfcab35fcb5c70adfc7c62f335ac,100644,src/runtime,src/runtime,test,test,Rust,276,12,11,True,False,,deterministic path rules,[]
src/runtime/tests/ui/sealed/reactive_participant_reuse_after_commit.stderr,42b76df30e5ccb98955ac951439b717760cbc925,100644,src/runtime,src/runtime,fixture,fixture,Other text,738,15,15,False,False,,deterministic path rules,[]
src/runtime/tests/ui/sealed/reactive_participant_reuse_after_rollback.rs,eb6a310386231cf6f570a8fa01d4cc886b32b577,100644,src/runtime,src/runtime,test,test,Rust,290,12,11,True,False,,deterministic path rules,[]
src/runtime/tests/ui/sealed/reactive_participant_reuse_after_rollback.stderr,490f3a91d9071cee95da8278297e64f6262881ef,100644,src/runtime,src/runtime,fixture,fixture,Other text,810,15,15,False,False,,deterministic path rules,[]
src/runtime/tests/ui/sealed/reactive_participant_two_operations.rs,b86d458e63ae704b44faadda06fef374c346fa51,100644,src/runtime,src/runtime,test,test,Rust,697,25,24,True,False,,deterministic path rules,[]
src/runtime/tests/ui/sealed/reactive_participant_two_operations.stderr,2c54c6a3c9ff002c511e3efff55594037a68b4c6,100644,src/runtime,src/runtime,fixture,fixture,Other text,834,17,17,False,False,,deterministic path rules,[]
src/runtime/tests/ui/sealed/recording_api_private.rs,52ce96d42a40d75c38db7f7c612ee1febb6dcca8,100644,src/runtime,src/runtime,test,test,Rust,612,13,12,True,False,,deterministic path rules,[]
src/runtime/tests/ui/sealed/recording_api_private.stderr,7d570273cd9c8d862c0529c84666a85691b63b27,100644,src/runtime,src/runtime,fixture,fixture,Other text,1718,54,52,False,False,,deterministic path rules,[]
src/runtime/tests/ui/sealed/register_commit.rs,db46fa5cecd7f4d7bec1afc9dc7903d6f16b87dd,100644,src/runtime,src/runtime,test,test,Rust,285,10,9,True,False,,deterministic path rules,[]
src/runtime/tests/ui/sealed/register_commit.stderr,a3343b7a5d1cee61ace1d2a9fa8d748861001c02,100644,src/runtime,src/runtime,fixture,fixture,Other text,378,9,9,False,False,,deterministic path rules,[]
src/runtime/tests/ui/sealed/removed_host_api.rs,074e8547baaefe8a747df9056a428d04d8f7cd00,100644,src/runtime,src/runtime,test,test,Rust,203,8,7,True,False,,deterministic path rules,[]
src/runtime/tests/ui/sealed/removed_host_api.stderr,769af3cf3c6b061040980bc6b79a87379ff09e18,100644,src/runtime,src/runtime,fixture,fixture,Other text,533,13,13,False,False,,deterministic path rules,[]
src/runtime/tests/ui/sealed/resident/recording_api_private.rs,8398d1907bd0a8b23a058c83b6e34cb1f0b1accf,100644,src/runtime,src/runtime,test,test,Rust,198,3,3,True,False,,deterministic path rules,[]
src/runtime/tests/ui/sealed/resident/recording_api_private.stderr,dd111afc98c60a101d1e985364de3b11e4772c4f,100644,src/runtime,src/runtime,fixture,fixture,Other text,1439,49,46,False,False,,deterministic path rules,[]
src/runtime/tests/ui/sealed/resident/runtime_component_access.rs,f07d0ea58909933f82ff95a522c9d04c2e7201d4,100644,src/runtime,src/runtime,test,test,Rust,199,3,3,True,False,,deterministic path rules,[]
src/runtime/tests/ui/sealed/resident/runtime_component_access.stderr,2e2c5b27353a87ea5ad82922bf0c26f542275f63,100644,src/runtime,src/runtime,fixture,fixture,Other text,1078,27,25,False,False,,deterministic path rules,[]
src/runtime/tests/ui/sealed/runtime_component_access.rs,6659b230b8d6f82ea1a4bf6c16d1e9cf315045f3,100644,src/runtime,src/runtime,test,test,Rust,207,8,7,True,False,,deterministic path rules,[]
src/runtime/tests/ui/sealed/runtime_component_access.stderr,c5f93874031dffa6b4281f9f385c046d58fb23e1,100644,src/runtime,src/runtime,fixture,fixture,Other text,953,22,20,False,False,,deterministic path rules,[]
src/serve.rs,a766b55e310829212c50b30ecf8670356a7be09b,100644,src,src,production-mixed-tests,production-mixed-tests,Rust,196183,5251,4965,True,False,,deterministic path rules,['Embedded cfg(test): whole-file mixed attribution; excluded from pure-production subtotal.']
src/source_discovery.rs,7b2ba33dc6f69459829d3e56aca887eb500f3bea,100644,src,src,production-mixed-tests,production-mixed-tests,Rust,11729,392,377,True,False,,deterministic path rules,['Embedded cfg(test): whole-file mixed attribution; excluded from pure-production subtotal.']
src/stdlib/Cargo.toml,bbda43bd89eb914ab2793343d0e15eefba27a000,100644,src/stdlib,src/stdlib,configuration,configuration,TOML,22699,365,341,False,False,,deterministic path rules,[]
src/stdlib/LICENSE,db03d92dc557625f753aa2046cd0e2ff1c35ab91,100644,src/stdlib,src/stdlib,license,license,Other text,111,2,2,False,False,,deterministic path rules,[]
src/stdlib/README.md,b3b9229571b1e07fd8aa83e9df9925f3b9fee446,100644,src/stdlib,src/stdlib,documentation,documentation,Markdown,2815,66,51,False,False,,deterministic path rules,[]
src/stdlib/build.rs,3e8d82ba6f1dbfd633a0d5bd2164ad4c64ddab45,100644,src/stdlib,src/stdlib,build-tooling,build-tooling,Rust,432,10,9,True,False,,deterministic path rules,[]
src/stdlib/src/catalog.rs,5549b3909fa6185c2235270fd62791dc23de2152,100644,src/stdlib,src/stdlib,production,production,Rust,14559,372,344,True,False,,deterministic path rules,[]
src/stdlib/src/lib.rs,080fc8764b8139d3068b9a8aee78cfd5d611af76,100644,src/stdlib,src/stdlib,production,production,Rust,1737,68,62,True,False,,deterministic path rules,[]
src/stdlib/tests/canonical_type_contract.rs,f7cefb8c17b5881cbc4bc272c10e10c2e9c15c2c,100644,src/stdlib,src/stdlib,test,test,Rust,3541,105,98,True,False,,deterministic path rules,[]
src/stdlib/tests/maintained_contract_authority.rs,036a07582527170029c23fc8d679066809d47022,100644,src/stdlib,src/stdlib,test,test,Rust,2813,84,81,True,False,,deterministic path rules,[]
src/stdlib/tests/managed_functions.rs,d4f691bb98d9345c7b7a2ed4582a9872fbf5d09e,100644,src/stdlib,src/stdlib,test,test,Rust,52751,1436,1375,True,False,,deterministic path rules,[]
src/stdlib/tests/memory_contract.rs,be75de0e5eff31e32da647f1267da646b95e53ac,100644,src/stdlib,src/stdlib,test,test,Rust,4369,116,111,True,False,,deterministic path rules,[]
src/stdlib/tests/profile_contracts.rs,495e0511b599757b29c983bc1a0b061b8227aeff,100644,src/stdlib,src/stdlib,test,test,Rust,15738,432,399,True,False,,deterministic path rules,[]
src/stdlib/tests/source_op_assign_contract.rs,660d855aed5c1d0c4cf738f44f13f61ac259cefb,100644,src/stdlib,src/stdlib,test,test,Rust,1648,53,48,True,False,,deterministic path rules,[]
src/stdlib/tests/specialization_contract.rs,80b36e6e1d49a2e46d059b9da1f66e009d1f0a7e,100644,src/stdlib,src/stdlib,test,test,Rust,14730,447,411,True,False,,deterministic path rules,[]
src/stdlib/tests/support/mod.rs,97f71024b3218808fabb982569b6fb11c4dee76c,100644,src/stdlib,src/stdlib,test,test,Rust,3952,124,114,True,False,,deterministic path rules,[]
src/stdlib/tests/type_system_source.rs,8b5597282f7ac8968f003343c8b613ae5e816663,100644,src/stdlib,src/stdlib,test,test,Rust,13823,394,356,True,False,,deterministic path rules,[]
src/syntax/Cargo.toml,93f0c991db2804c4c794227bb5cb7d6ba2e652b5,100644,src/syntax,src/syntax,configuration,configuration,TOML,6761,177,158,False,False,,deterministic path rules,[]
src/syntax/LICENSE,41c00c99942792057b7d84e2ba001fdd4f141831,100644,src/syntax,src/syntax,license,license,Other text,11344,201,169,False,False,,deterministic path rules,[]
src/syntax/PERFORMANCE_PLAN.md,63183118b531e0793bdc8933bba9ee00b19da42d,100644,src/syntax,src/syntax,documentation,documentation,Markdown,5378,131,87,False,False,,deterministic path rules,[]
src/syntax/README.md,3595db5b302c3c117565ddae4ebaf03f2f8bca3c,100644,src/syntax,src/syntax,documentation,documentation,Markdown,991,21,12,False,False,,deterministic path rules,[]
src/syntax/src/document/annotation.rs,4133709b363bfbcca72d4b44e8c707c99e4459fe,100644,src/syntax,syntax/document,production,production,Rust,1506,65,52,True,False,,deterministic path rules,[]
src/syntax/src/document/ast/control_operators.rs,09409d2debff6b0c03e3f3938a0fed5f389554d9,100644,src/syntax,syntax/document,production,production,Rust,2793,90,76,True,False,,deterministic path rules,[]
src/syntax/src/document/ast/declarations.rs,6a756afc631ab9bf3286154eae1cde4a462c7d6d,100644,src/syntax,syntax/document,production,production,Rust,3947,136,115,True,False,,deterministic path rules,[]
src/syntax/src/document/ast/document.rs,ed704ff8a216c305acd008aea1d0d3c76fcac95f,100644,src/syntax,syntax/document,production,production,Rust,22224,714,635,True,False,,deterministic path rules,[]
src/syntax/src/document/ast/document_core.rs,11a23e8a1fef069158e43df9f3aeb240ffa03245,100644,src/syntax,syntax/document,generated,production,Rust,28264,546,537,True,True,scripts/generate-canonical-document-grammar.py,deterministic path rules,['Generated output; see generator field or first-eight-line source marker.']
src/syntax/src/document/ast/grammar.rs,fc7319f7e6d2e1e8ea0c0f760b87eac40fba6b59,100644,src/syntax,syntax/document,production,production,Rust,6658,256,212,True,False,,deterministic path rules,[]
src/syntax/src/document/ast/imports.rs,1efa5be90ed1619116dc94312693a17dc645b281,100644,src/syntax,syntax/document,production,production,Rust,7686,256,219,True,False,,deterministic path rules,[]
src/syntax/src/document/ast/kinds.rs,a6e3195c742723f9ebc11e2833607705a191cfb1,100644,src/syntax,syntax/document,production,production,Rust,1426,54,45,True,False,,deterministic path rules,[]
src/syntax/src/document/ast/literals.rs,4007975bc8dd56caf2aaf2f4a1948fd76b04012b,100644,src/syntax,syntax/document,production,production,Rust,10481,377,326,True,False,,deterministic path rules,[]
src/syntax/src/document/ast/mech.rs,96c68af2801269ac0d03d47ca52beac5c6e0ee0b,100644,src/syntax,syntax/document,production,production,Rust,336,10,9,True,False,,deterministic path rules,[]
src/syntax/src/document/ast/mechdown.rs,0b2f5d0cb32276745aa08d0cc103894dd51fe41d,100644,src/syntax,syntax/document,production,production,Rust,1841,58,50,True,False,,deterministic path rules,[]
src/syntax/src/document/ast/mod.rs,e958c141c93f808b654373d21cae3b5bb38a785f,100644,src/syntax,syntax/document,production,production,Rust,1034,40,39,True,False,,deterministic path rules,[]
src/syntax/src/document/ast/operators.rs,11831b77e3ba314f4c1019d7dceb024665b59202,100644,src/syntax,syntax/document,production,production,Rust,14411,343,314,True,False,,deterministic path rules,[]
src/syntax/src/document/ast/paths.rs,a619dd6d2b726d57ba8a753248f9583e74a15cbf,100644,src/syntax,syntax/document,production,production,Rust,1446,49,40,True,False,,deterministic path rules,[]
src/syntax/src/document/ast/pattern_primitives.rs,3824d774a8535e1f58bc7db2e9a911ada691d846,100644,src/syntax,syntax/document,production,production,Rust,648,22,17,True,False,,deterministic path rules,[]
src/syntax/src/document/ast/recursive_core/calls.rs,65ba628cd356e1406058b9dadbb79a4de9fb736c,100644,src/syntax,syntax/document,production,production,Rust,2263,84,68,True,False,,deterministic path rules,[]
src/syntax/src/document/ast/recursive_core/comprehensions.rs,a721e48fdaacd8820086f7acc847960f86ebaddc,100644,src/syntax,syntax/document,production,production,Rust,3608,105,87,True,False,,deterministic path rules,[]
src/syntax/src/document/ast/recursive_core/expressions.rs,2d6a2b6462823b8c3e57816dfa1d12df9c671de0,100644,src/syntax,syntax/document,production,production,Rust,4794,129,117,True,False,,deterministic path rules,[]
src/syntax/src/document/ast/recursive_core/fsm.rs,ec640c0f7c46de619d69479d87c39fb084646eac,100644,src/syntax,syntax/document,production,production,Rust,3205,106,93,True,False,,deterministic path rules,[]
src/syntax/src/document/ast/recursive_core/kinds.rs,bd2460d1dd77aee3ba7099a4de893ad2ce6a6312,100644,src/syntax,syntax/document,production,production,Rust,7842,241,221,True,False,,deterministic path rules,[]
src/syntax/src/document/ast/recursive_core/literals.rs,255bca8e45354eccb646e5200594857951be98d9,100644,src/syntax,syntax/document,production,production,Rust,2654,80,72,True,False,,deterministic path rules,[]
src/syntax/src/document/ast/recursive_core/mod.rs,581327d258ee460ef66dd0777d4b0f906d3ca039,100644,src/syntax,syntax/document,production,production,Rust,13100,336,303,True,False,,deterministic path rules,[]
src/syntax/src/document/ast/recursive_core/patterns.rs,490cdc491e1415ab6c4ab708e0880eb5e020d659,100644,src/syntax,syntax/document,production,production,Rust,4453,137,122,True,False,,deterministic path rules,[]
src/syntax/src/document/ast/recursive_core/precedence.rs,64af896c917d9d6ab2f9d51aea8af6b006babc4a,100644,src/syntax,syntax/document,production,production,Rust,8209,245,220,True,False,,deterministic path rules,[]
src/syntax/src/document/ast/recursive_core/structures.rs,fba7ff27c5490c0dd35c0461d9ca62d07691a2d1,100644,src/syntax,syntax/document,production,production,Rust,12206,383,349,True,False,,deterministic path rules,[]
src/syntax/src/document/ast/recursive_core/subscripts.rs,e8c83c553647d89a473ef2d8223dd4a73c1a551b,100644,src/syntax,syntax/document,production,production,Rust,5711,173,157,True,False,,deterministic path rules,[]
src/syntax/src/document/ast/recursive_core/variables.rs,a1d508024279e81e83f4df5ab3005a19e7fd3156,100644,src/syntax,syntax/document,production,production,Rust,1568,57,50,True,False,,deterministic path rules,[]
src/syntax/src/document/ast/scopes.rs,239d2a626a1a06a1a29276faca850eda2abfc5bb,100644,src/syntax,syntax/document,production,production,Rust,2359,72,64,True,False,,deterministic path rules,[]
src/syntax/src/document/ast/source_imports.rs,67a501e2156f8a6f7cc82eef02cff87b01060d71,100644,src/syntax,syntax/document,production,production,Rust,5313,175,150,True,False,,deterministic path rules,[]
src/syntax/src/document/ast/structure_shell.rs,acb32cea2b2b936066bf15c1ec1ca2d9ebfcdcbc,100644,src/syntax,syntax/document,production,production,Rust,3423,106,91,True,False,,deterministic path rules,[]
src/syntax/src/document/ast/subscript_primitives.rs,e4db939191b04bc50525104902b6cc09f2012620,100644,src/syntax,syntax/document,production,production,Rust,2148,72,59,True,False,,deterministic path rules,[]
src/syntax/src/document/builder.rs,68701c72d922bf99d3f0dc6fefd9a817271226e6,100644,src/syntax,syntax/document,production,production,Rust,4485,142,127,True,False,,deterministic path rules,[]
src/syntax/src/document/diagnostic.rs,fa0dbf4dd76ced21d29d8fa944b3c3463ab80feb,100644,src/syntax,syntax/document,production,production,Rust,11620,404,367,True,False,,deterministic path rules,[]
src/syntax/src/document/edit.rs,01aa630ae66dca46be9085bf5580e37a2206026a,100644,src/syntax,syntax/document,production,production,Rust,4456,172,143,True,False,,deterministic path rules,[]
src/syntax/src/document/fence.rs,7eb5d206d1e78607b7c43ead436346b6416c117d,100644,src/syntax,syntax/document,production,production,Rust,2190,78,71,True,False,,deterministic path rules,[]
src/syntax/src/document/flags.rs,a23192796d9492c9722d35ca24125359801ce42a,100644,src/syntax,syntax/document,production-mixed-tests,production-mixed-tests,Rust,2313,76,62,True,False,,deterministic path rules,['Embedded cfg(test): whole-file mixed attribution; excluded from pure-production subtotal.']
src/syntax/src/document/green/children.rs,70576d480ad54381793079a7a5b04dad6579133e,100644,src/syntax,syntax/document,production,production,Rust,3133,103,103,True,False,,deterministic path rules,[]
src/syntax/src/document/green/mod.rs,d0a0fa74ef5aaf23af5c8ee1bc62b968a5bd6fc3,100644,src/syntax,syntax/document,production,production,Rust,8619,288,268,True,False,,deterministic path rules,[]
src/syntax/src/document/ids.rs,6d726a4a55ae94dc7a75a55d30868c25d419d258,100644,src/syntax,syntax/document,production,production,Rust,2723,112,93,True,False,,deterministic path rules,[]
src/syntax/src/document/incremental/change_map.rs,3d00b43b7d4c5b664ae90a598d34d7a7766be608,100644,src/syntax,syntax/document,production-mixed-tests,production-mixed-tests,Rust,5997,178,164,True,False,,deterministic path rules,['Embedded cfg(test): whole-file mixed attribution; excluded from pure-production subtotal.']
src/syntax/src/document/incremental/delta.rs,b893256ee94cccf851e45bf2fb258ab9e9d330a7,100644,src/syntax,syntax/document,production,production,Rust,593,23,19,True,False,,deterministic path rules,[]
src/syntax/src/document/incremental/mod.rs,d64593289cb587bbee455042ad2ad08c7a5edde2,100644,src/syntax,syntax/document,production,production,Rust,201,12,11,True,False,,deterministic path rules,[]
src/syntax/src/document/incremental/reparse.rs,198773f5ea1e38631bba3e7fe3cf873811e6fdf4,100644,src/syntax,syntax/document,production-mixed-tests,production-mixed-tests,Rust,28558,769,747,True,False,,deterministic path rules,['Embedded cfg(test): whole-file mixed attribution; excluded from pure-production subtotal.']
src/syntax/src/document/incremental/restart.rs,4bbbdd7ce75dd104e1c78baad9fcde3bcef35744,100644,src/syntax,syntax/document,production,production,Rust,947,29,24,True,False,,deterministic path rules,[]
src/syntax/src/document/incremental/session.rs,31dc181d3baf50d74ac22476a9d2c5ad6d53fcd7,100644,src/syntax,syntax/document,production,production,Rust,3163,95,87,True,False,,deterministic path rules,[]
src/syntax/src/document/incremental/stats.rs,e53cae20515bd9c36797b14772a0601a8ed4a179,100644,src/syntax,syntax/document,production,production,Rust,1336,33,33,True,False,,deterministic path rules,[]
src/syntax/src/document/index.rs,b9ae9c6fa07d2cedf8098d3f3e8ad49c62a48738,100644,src/syntax,syntax/document,production,production,Rust,3307,112,97,True,False,,deterministic path rules,[]
src/syntax/src/document/line_index.rs,71013cfa3089974ab451ed27b6d836d2d2664aa4,100644,src/syntax,syntax/document,production,production,Rust,7899,243,224,True,False,,deterministic path rules,[]
src/syntax/src/document/mod.rs,f8976790326ed5fb59e2cfe0a81ea05a7f63e7fc,100644,src/syntax,syntax/document,production,production,Rust,3562,150,133,True,False,,deterministic path rules,[]
src/syntax/src/document/parser/canonical/base/continuation.rs,0d2c74dbdc0fa98245b7a0a6a4c7927b7cdcb0ac,100644,src/syntax,syntax/document,production-mixed-tests,production-mixed-tests,Rust,34263,800,791,True,False,,deterministic path rules,['Embedded cfg(test): whole-file mixed attribution; excluded from pure-production subtotal.']
src/syntax/src/document/parser/canonical/base/exact_tag.rs,47d7197c9137f997221c1396e508744fcc79337c,100644,src/syntax,syntax/document,production,production,Rust,4092,115,115,True,False,,deterministic path rules,[]
src/syntax/src/document/parser/canonical/base/mod.rs,061690869cca7507b7166dfc1d4905b7f688d217,100644,src/syntax,syntax/document,production-mixed-tests,production-mixed-tests,Rust,6265,259,239,True,False,,deterministic path rules,['Embedded cfg(test): whole-file mixed attribution; excluded from pure-production subtotal.']
src/syntax/src/document/parser/canonical/combinator.rs,19033bf2e8ffac65210525559a8c87cb6ac2a9e6,100644,src/syntax,syntax/document,production,production,Rust,9167,287,262,True,False,,deterministic path rules,[]
src/syntax/src/document/parser/canonical/continuation_test_support.rs,fe650887593d9a54742db2bb296403fb02c4e321,100644,src/syntax,syntax/document,production,production,Rust,23976,627,621,True,False,,deterministic path rules,[]
src/syntax/src/document/parser/canonical/control_operators.rs,a9d73efa8234e8b4e219662e9f26561801be843c,100644,src/syntax,syntax/document,production-mixed-tests,production-mixed-tests,Rust,3242,82,76,True,False,,deterministic path rules,['Embedded cfg(test): whole-file mixed attribution; excluded from pure-production subtotal.']
src/syntax/src/document/parser/canonical/declarations/continuation.rs,21a5b5b87ba53bc5f384da598bc4cfc1374f3cf6,100644,src/syntax,syntax/document,production-mixed-tests,production-mixed-tests,Rust,25925,624,620,True,False,,deterministic path rules,['Embedded cfg(test): whole-file mixed attribution; excluded from pure-production subtotal.']
src/syntax/src/document/parser/canonical/declarations/mod.rs,206bf92b94f4e1a2c5f81d2cd83453297e75e2ed,100644,src/syntax,syntax/document,production-mixed-tests,production-mixed-tests,Rust,3564,91,85,True,False,,deterministic path rules,['Embedded cfg(test): whole-file mixed attribution; excluded from pure-production subtotal.']
src/syntax/src/document/parser/canonical/document/continuation.rs,f02cbaddabe346bc6a6ef216cdeb1fef80fa6399,100644,src/syntax,syntax/document,production-mixed-tests,production-mixed-tests,Rust,83312,1835,1816,True,False,,deterministic path rules,['Embedded cfg(test): whole-file mixed attribution; excluded from pure-production subtotal.']
src/syntax/src/document/parser/canonical/document/mod.rs,e443e562d9ecf5d404a1ce97134203dceced095d,100644,src/syntax,syntax/document,production-mixed-tests,production-mixed-tests,Rust,3663,109,100,True,False,,deterministic path rules,['Embedded cfg(test): whole-file mixed attribution; excluded from pure-production subtotal.']
src/syntax/src/document/parser/canonical/document_grammar.rs,6545810f75340c42f5dcc1fa12a559074d262ccc,100644,src/syntax,syntax/document,generated,production,Rust,72005,1755,1750,True,True,scripts/generate-canonical-document-grammar.py,deterministic path rules,['Generated output; see generator field or first-eight-line source marker.']
src/syntax/src/document/parser/canonical/found/filtered.rs,ae80819c93b9c17038fc24516c87378583a2a859,100644,src/syntax,syntax/document,production-mixed-tests,production-mixed-tests,Rust,5082,148,144,True,False,,deterministic path rules,['Embedded cfg(test): whole-file mixed attribution; excluded from pure-production subtotal.']
src/syntax/src/document/parser/canonical/found/mod.rs,bdffb2a9fa3ed75b1a0e69c7f34bdae8cf8a3319,100644,src/syntax,syntax/document,production,production,Rust,1946,62,54,True,False,,deterministic path rules,[]
src/syntax/src/document/parser/canonical/found/source.rs,71b7e12784824c50440ff8b5db63695096505205,100644,src/syntax,syntax/document,production-mixed-tests,production-mixed-tests,Rust,12834,316,313,True,False,,deterministic path rules,['Embedded cfg(test): whole-file mixed attribution; excluded from pure-production subtotal.']
src/syntax/src/document/parser/canonical/grammar.rs,266fb5c7e9446c71746bbf6df11f3e1d54c9a23a,100644,src/syntax,syntax/document,production,production,Rust,26839,807,733,True,False,,deterministic path rules,[]
src/syntax/src/document/parser/canonical/imports/continuation.rs,4ad7115fc6dd3b41f2701f871faad26c9e39cb03,100644,src/syntax,syntax/document,production-mixed-tests,production-mixed-tests,Rust,48418,1131,1127,True,False,,deterministic path rules,['Embedded cfg(test): whole-file mixed attribution; excluded from pure-production subtotal.']
src/syntax/src/document/parser/canonical/imports/mod.rs,a4dbffb8bf3ad0cd4857f62d084023735aa1ade5,100644,src/syntax,syntax/document,production-mixed-tests,production-mixed-tests,Rust,6560,162,155,True,False,,deterministic path rules,['Embedded cfg(test): whole-file mixed attribution; excluded from pure-production subtotal.']
src/syntax/src/document/parser/canonical/kinds.rs,7b9b9de60d37642587a3c3b5d1c085a820732592,100644,src/syntax,syntax/document,production-mixed-tests,production-mixed-tests,Rust,9413,243,236,True,False,,deterministic path rules,['Embedded cfg(test): whole-file mixed attribution; excluded from pure-production subtotal.']
src/syntax/src/document/parser/canonical/literals/continuation.rs,050b2ba3ca8dc76f1f3edf4a388a01aa74ea3a8b,100644,src/syntax,syntax/document,production-mixed-tests,production-mixed-tests,Rust,29695,709,707,True,False,,deterministic path rules,['Embedded cfg(test): whole-file mixed attribution; excluded from pure-production subtotal.']
src/syntax/src/document/parser/canonical/literals/mod.rs,21e15fe5f10b74246d23b6c84d8799d6b97d9868,100644,src/syntax,syntax/document,production-mixed-tests,production-mixed-tests,Rust,7995,241,233,True,False,,deterministic path rules,['Embedded cfg(test): whole-file mixed attribution; excluded from pure-production subtotal.']
src/syntax/src/document/parser/canonical/mechdown/continuation.rs,69585d6ff493032f95f3afb1a556c4deb1fdb501,100644,src/syntax,syntax/document,production-mixed-tests,production-mixed-tests,Rust,25415,615,612,True,False,,deterministic path rules,['Embedded cfg(test): whole-file mixed attribution; excluded from pure-production subtotal.']
src/syntax/src/document/parser/canonical/mechdown/mod.rs,c48fea6b99e7a3480f1d3fd8e521a4c757dc8149,100644,src/syntax,syntax/document,production-mixed-tests,production-mixed-tests,Rust,5818,166,157,True,False,,deterministic path rules,['Embedded cfg(test): whole-file mixed attribution; excluded from pure-production subtotal.']
src/syntax/src/document/parser/canonical/mod.rs,c4bc078f24acb88adb5f6146a1a0161925af42d1,100644,src/syntax,syntax/document,production-mixed-tests,production-mixed-tests,Rust,1725,55,52,True,False,,deterministic path rules,['Embedded cfg(test): whole-file mixed attribution; excluded from pure-production subtotal.']
src/syntax/src/document/parser/canonical/operators/continuation.rs,e9ecc9fe3282a5c148ea9b78b254c2fa4f7f7f15,100644,src/syntax,syntax/document,production-mixed-tests,production-mixed-tests,Rust,22111,528,526,True,False,,deterministic path rules,['Embedded cfg(test): whole-file mixed attribution; excluded from pure-production subtotal.']
src/syntax/src/document/parser/canonical/operators/mod.rs,4a2d308a0a98e35ccd1dc8395f51c7dcf1615647,100644,src/syntax,syntax/document,production-mixed-tests,production-mixed-tests,Rust,12535,427,367,True,False,,deterministic path rules,['Embedded cfg(test): whole-file mixed attribution; excluded from pure-production subtotal.']
src/syntax/src/document/parser/canonical/operators/spec.rs,c971993687cce2670f49887f43cc5e731c5b1645,100644,src/syntax,syntax/document,production,production,Rust,14352,370,370,True,False,,deterministic path rules,[]
src/syntax/src/document/parser/canonical/paths.rs,ac7d845436f4dd60d059a365a90098a746d38fc1,100644,src/syntax,syntax/document,production-mixed-tests,production-mixed-tests,Rust,11325,279,272,True,False,,deterministic path rules,['Embedded cfg(test): whole-file mixed attribution; excluded from pure-production subtotal.']
src/syntax/src/document/parser/canonical/pattern_primitives.rs,2b7989618866ce665cfeb2de7556d5e830442403,100644,src/syntax,syntax/document,production-mixed-tests,production-mixed-tests,Rust,1395,38,32,True,False,,deterministic path rules,['Embedded cfg(test): whole-file mixed attribution; excluded from pure-production subtotal.']
src/syntax/src/document/parser/canonical/ports.rs,ca2a0d360f5bf87736ce833e3b07331f411d463a,100644,src/syntax,syntax/document,production-mixed-tests,production-mixed-tests,Rust,3511,106,96,True,False,,deterministic path rules,['Embedded cfg(test): whole-file mixed attribution; excluded from pure-production subtotal.']
src/syntax/src/document/parser/canonical/primitives.rs,56bdb734a2e123a4be5dec94f59bd066547f725a,100644,src/syntax,syntax/document,production-mixed-tests,production-mixed-tests,Rust,22976,542,540,True,False,,deterministic path rules,['Embedded cfg(test): whole-file mixed attribution; excluded from pure-production subtotal.']
src/syntax/src/document/parser/canonical/prose.rs,b5fcd170ae8dccd30d57d96e5924e0dc1aa19b42,100644,src/syntax,syntax/document,production-mixed-tests,production-mixed-tests,Rust,14825,383,379,True,False,,deterministic path rules,['Embedded cfg(test): whole-file mixed attribution; excluded from pure-production subtotal.']
src/syntax/src/document/parser/canonical/recursive_core/calls.rs,9cc610152e6380b3aafd57c6305f8a9da6d09bc0,100644,src/syntax,syntax/document,production,production,Rust,618,14,14,True,False,,deterministic path rules,[]
src/syntax/src/document/parser/canonical/recursive_core/comprehensions.rs,1e24d72c841686b22ef36d01272ad16b3f4bb024,100644,src/syntax,syntax/document,production,production,Rust,633,14,14,True,False,,deterministic path rules,[]
src/syntax/src/document/parser/canonical/recursive_core/expressions.rs,f6d24ce320509896550f6048304bdd8284c2918d,100644,src/syntax,syntax/document,production-mixed-tests,production-mixed-tests,Rust,685,21,21,True,False,,deterministic path rules,['Embedded cfg(test): whole-file mixed attribution; excluded from pure-production subtotal.']
src/syntax/src/document/parser/canonical/recursive_core/fsm.rs,de9d9611b9d14ae1c578f555260cdabc925e8b8e,100644,src/syntax,syntax/document,production,production,Rust,1000,23,23,True,False,,deterministic path rules,[]
src/syntax/src/document/parser/canonical/recursive_core/kinds/continuation.rs,e9e710a2b6f8a4aa9e3cb54e7d040c249c432c82,100644,src/syntax,syntax/document,production-mixed-tests,production-mixed-tests,Rust,56829,1280,1279,True,False,,deterministic path rules,['Embedded cfg(test): whole-file mixed attribution; excluded from pure-production subtotal.']
src/syntax/src/document/parser/canonical/recursive_core/kinds/mod.rs,24f4959e6e8b764a88402669e27fe623a240f389,100644,src/syntax,syntax/document,production-mixed-tests,production-mixed-tests,Rust,2988,112,95,True,False,,deterministic path rules,['Embedded cfg(test): whole-file mixed attribution; excluded from pure-production subtotal.']
src/syntax/src/document/parser/canonical/recursive_core/literals.rs,153a95c8a2fd01a7cd652868068955b131f39816,100644,src/syntax,syntax/document,production,production,Rust,219,7,6,True,False,,deterministic path rules,[]
src/syntax/src/document/parser/canonical/recursive_core/mod.rs,610e0c648425d3050332d037a1c67e35f0c0548f,100644,src/syntax,syntax/document,production-mixed-tests,production-mixed-tests,Rust,13955,375,357,True,False,,deterministic path rules,['Embedded cfg(test): whole-file mixed attribution; excluded from pure-production subtotal.']
src/syntax/src/document/parser/canonical/recursive_core/patterns.rs,de1690883b89d06769da8203a3275f9311b290fd,100644,src/syntax,syntax/document,production,production,Rust,1044,23,23,True,False,,deterministic path rules,[]
src/syntax/src/document/parser/canonical/recursive_core/precedence/continuation/brace.rs,6a87c94cd94829142d97143e035bc75581638efe,100644,src/syntax,syntax/document,production,production,Rust,26306,630,630,True,False,,deterministic path rules,[]
src/syntax/src/document/parser/canonical/recursive_core/precedence/continuation/bracket.rs,3e0922706991b79fdf1d58bdbe1b864b79589981,100644,src/syntax,syntax/document,production,production,Rust,17611,426,426,True,False,,deterministic path rules,[]
src/syntax/src/document/parser/canonical/recursive_core/precedence/continuation/collection.rs,44c50a6dc48262dd5788688b05b76b79dd998367,100644,src/syntax,syntax/document,production,production,Rust,12990,345,344,True,False,,deterministic path rules,[]
src/syntax/src/document/parser/canonical/recursive_core/precedence/continuation/comprehension.rs,2d6c099105996619c6f898084facb663f5c84784,100644,src/syntax,syntax/document,production,production,Rust,13647,363,363,True,False,,deterministic path rules,[]
src/syntax/src/document/parser/canonical/recursive_core/precedence/continuation/definition.rs,18ffa9d4d24bac4183814800896b94382411c4cb,100644,src/syntax,syntax/document,production,production,Rust,4137,101,101,True,False,,deterministic path rules,[]
src/syntax/src/document/parser/canonical/recursive_core/precedence/continuation/entry.rs,84e076bb9f84e5cf48603c212c46b21567e31902,100644,src/syntax,syntax/document,production,production,Rust,7981,217,217,True,False,,deterministic path rules,[]
src/syntax/src/document/parser/canonical/recursive_core/precedence/continuation/expression.rs,47c64cd09c1a87947fb0c98daead102bd591440e,100644,src/syntax,syntax/document,production,production,Rust,13044,293,293,True,False,,deterministic path rules,[]
src/syntax/src/document/parser/canonical/recursive_core/precedence/continuation/fsm.rs,156002778fe19ba2f6e54672c38ae31d180b37c6,100644,src/syntax,syntax/document,production,production,Rust,7483,189,189,True,False,,deterministic path rules,[]
src/syntax/src/document/parser/canonical/recursive_core/precedence/continuation/inline.rs,c03e1437f76678b4f79ed8cf384ddac00d50567c,100644,src/syntax,syntax/document,production,production,Rust,7515,197,197,True,False,,deterministic path rules,[]
src/syntax/src/document/parser/canonical/recursive_core/precedence/continuation/map.rs,49243eb432cedb9424a055c79262ff5b2caaf4ba,100644,src/syntax,syntax/document,production,production,Rust,5651,150,150,True,False,,deterministic path rules,[]
src/syntax/src/document/parser/canonical/recursive_core/precedence/continuation/mapping_probe.rs,ff07713bdb6fd945d467a22ba1a42eb08fb2039b,100644,src/syntax,syntax/document,production,production,Rust,7364,197,197,True,False,,deterministic path rules,[]
src/syntax/src/document/parser/canonical/recursive_core/precedence/continuation/match_arm.rs,36d76d9817cdbb82f5bef127d418ef6454031bc5,100644,src/syntax,syntax/document,production,production,Rust,7163,183,183,True,False,,deterministic path rules,[]
src/syntax/src/document/parser/canonical/recursive_core/precedence/continuation/matrix_row.rs,596c25bd508c2b9e45e4bf4caa5ceaa906e17208,100644,src/syntax,syntax/document,production,production,Rust,10850,279,279,True,False,,deterministic path rules,[]
src/syntax/src/document/parser/canonical/recursive_core/precedence/continuation/mod.rs,412cabb0aa9b2faf6f0da056f8f807ea431e53f6,100644,src/syntax,syntax/document,production-mixed-tests,production-mixed-tests,Rust,87295,2026,2007,True,False,,deterministic path rules,['Embedded cfg(test): whole-file mixed attribution; excluded from pure-production subtotal.']
src/syntax/src/document/parser/canonical/recursive_core/precedence/continuation/parenthesis.rs,1224c73b81c984dcc156f7dfe18b09f2ac7afe54,100644,src/syntax,syntax/document,production,production,Rust,13071,327,327,True,False,,deterministic path rules,[]
src/syntax/src/document/parser/canonical/recursive_core/precedence/continuation/pattern.rs,c3f58826c31dc19dac605c35ab9f0c5bfb0ea43b,100644,src/syntax,syntax/document,production,production,Rust,21359,524,524,True,False,,deterministic path rules,[]
src/syntax/src/document/parser/canonical/recursive_core/precedence/continuation/postfix.rs,830d280e57454427e4bd369accf28d93658c051b,100644,src/syntax,syntax/document,production,production,Rust,17593,443,443,True,False,,deterministic path rules,[]
src/syntax/src/document/parser/canonical/recursive_core/precedence/continuation/record.rs,aa96a67d0efc260b903c3e07c7339e22b13b1e96,100644,src/syntax,syntax/document,production,production,Rust,5463,134,134,True,False,,deterministic path rules,[]
src/syntax/src/document/parser/canonical/recursive_core/precedence/continuation/table.rs,ccbd6beaa856b8a78c370706e0efa8e5120b3e46,100644,src/syntax,syntax/document,production,production,Rust,11948,323,323,True,False,,deterministic path rules,[]
src/syntax/src/document/parser/canonical/recursive_core/precedence/continuation/table_row.rs,a892af99389df22d9c28f8dbd822b73094b52e2b,100644,src/syntax,syntax/document,production,production,Rust,11304,297,297,True,False,,deterministic path rules,[]
src/syntax/src/document/parser/canonical/recursive_core/precedence/mod.rs,6e270286aa316c55b3b8a81d45b7ea5f13f026f4,100644,src/syntax,syntax/document,production-mixed-tests,production-mixed-tests,Rust,4621,168,148,True,False,,deterministic path rules,['Embedded cfg(test): whole-file mixed attribution; excluded from pure-production subtotal.']
src/syntax/src/document/parser/canonical/recursive_core/required.rs,aac84c9c7058243af61851e68511801858d641d5,100644,src/syntax,syntax/document,production-mixed-tests,production-mixed-tests,Rust,28197,692,688,True,False,,deterministic path rules,['Embedded cfg(test): whole-file mixed attribution; excluded from pure-production subtotal.']
src/syntax/src/document/parser/canonical/recursive_core/structures/continuation.rs,e2115b64f434c8f29bb9f686b147491211ff5cc1,100644,src/syntax,syntax/document,production-mixed-tests,production-mixed-tests,Rust,12724,308,308,True,False,,deterministic path rules,['Embedded cfg(test): whole-file mixed attribution; excluded from pure-production subtotal.']
src/syntax/src/document/parser/canonical/recursive_core/structures/mod.rs,244a0aab9b7f10c7a84ec9d3576a868a353f77a6,100644,src/syntax,syntax/document,production-mixed-tests,production-mixed-tests,Rust,4221,148,120,True,False,,deterministic path rules,['Embedded cfg(test): whole-file mixed attribution; excluded from pure-production subtotal.']
src/syntax/src/document/parser/canonical/recursive_core/subscripts.rs,9c5706a9f5aa0091205887fe37cff376d7eeb16a,100644,src/syntax,syntax/document,production,production,Rust,876,20,20,True,False,,deterministic path rules,[]
src/syntax/src/document/parser/canonical/recursive_core/variables.rs,7fc5dc4f59c8c3834e86cce5a0d84d9e18fcd021,100644,src/syntax,syntax/document,production,production,Rust,614,14,14,True,False,,deterministic path rules,[]
src/syntax/src/document/parser/canonical/roots.rs,0056e6e0d54590fdaf0f360cdc56983f5a8dcc03,100644,src/syntax,syntax/document,production,production,Rust,1161,29,25,True,False,,deterministic path rules,[]
src/syntax/src/document/parser/canonical/source_imports/continuation.rs,fd809a64788b9d8e3f1321d1e84e6f131d1353b7,100644,src/syntax,syntax/document,production-mixed-tests,production-mixed-tests,Rust,35195,829,825,True,False,,deterministic path rules,['Embedded cfg(test): whole-file mixed attribution; excluded from pure-production subtotal.']
src/syntax/src/document/parser/canonical/source_imports/mod.rs,3b95787740aada4e55a156b8085c2f1496279353,100644,src/syntax,syntax/document,production-mixed-tests,production-mixed-tests,Rust,5266,129,122,True,False,,deterministic path rules,['Embedded cfg(test): whole-file mixed attribution; excluded from pure-production subtotal.']
src/syntax/src/document/parser/canonical/statements.rs,2eeb129bbad6d26611b8bee7ab43d1ccb63a1db1,100644,src/syntax,syntax/document,production-mixed-tests,production-mixed-tests,Rust,20343,476,470,True,False,,deterministic path rules,['Embedded cfg(test): whole-file mixed attribution; excluded from pure-production subtotal.']
src/syntax/src/document/parser/canonical/strings.rs,8a6c5b0c7cbe99097b6faeb610ed4490ab5ad98f,100644,src/syntax,syntax/document,production-mixed-tests,production-mixed-tests,Rust,18346,470,463,True,False,,deterministic path rules,['Embedded cfg(test): whole-file mixed attribution; excluded from pure-production subtotal.']
src/syntax/src/document/parser/canonical/structure_shell/continuation.rs,f28341eb9234334a0b390dc06b85b79ee96f6632,100644,src/syntax,syntax/document,production-mixed-tests,production-mixed-tests,Rust,18674,460,458,True,False,,deterministic path rules,['Embedded cfg(test): whole-file mixed attribution; excluded from pure-production subtotal.']
src/syntax/src/document/parser/canonical/structure_shell/mod.rs,e72cb72b95d6f1935b97574f278af8205dda6131,100644,src/syntax,syntax/document,production-mixed-tests,production-mixed-tests,Rust,3549,105,99,True,False,,deterministic path rules,['Embedded cfg(test): whole-file mixed attribution; excluded from pure-production subtotal.']
src/syntax/src/document/parser/canonical/subscript_primitives.rs,29a1fe8f0694bd7653ba1a3dbe99ffaae7979ff5,100644,src/syntax,syntax/document,production-mixed-tests,production-mixed-tests,Rust,1909,54,48,True,False,,deterministic path rules,['Embedded cfg(test): whole-file mixed attribution; excluded from pure-production subtotal.']
src/syntax/src/document/parser/canonical/terminal_spec.rs,304970034db5119c6babad594f9b0cb413e1ed92,100644,src/syntax,syntax/document,production-mixed-tests,production-mixed-tests,Rust,8360,212,198,True,False,,deterministic path rules,['Embedded cfg(test): whole-file mixed attribution; excluded from pure-production subtotal.']
src/syntax/src/document/parser/canonical/test_support.rs,47cbb49c42658b8a1f0bbbea45bcabfb598c85f1,100644,src/syntax,syntax/document,test,test,Rust,19550,534,506,True,False,,deterministic path rules,[]
src/syntax/src/document/parser/canonical_rules.rs,3c7d26727fe6d8cc080667335ea458fe66d7ca3f,100644,src/syntax,syntax/document,generated,production,Rust,54414,1092,1087,True,True,scripts/generate-canonical-rule-registry.py,deterministic path rules,['Generated output; see generator field or first-eight-line source marker.']
src/syntax/src/document/parser/checkpoint.rs,66aa3621d697b500181bc5bcdc40ab6e42d123a6,100644,src/syntax,syntax/document,production,production,Rust,390,14,12,True,False,,deterministic path rules,[]
src/syntax/src/document/parser/context_probe.rs,2cb987e1efcc0a29255d0ba69bff7676292046a9,100644,src/syntax,syntax/document,production-mixed-tests,production-mixed-tests,Rust,14709,397,388,True,False,,deterministic path rules,['Embedded cfg(test): whole-file mixed attribution; excluded from pure-production subtotal.']
src/syntax/src/document/parser/cursor.rs,630ec7e96a8b00acbd0ccc1a7ff575df87a88eb3,100644,src/syntax,syntax/document,production,production,Rust,12096,408,357,True,False,,deterministic path rules,[]
src/syntax/src/document/parser/delimiter_scan.rs,0f8369486f61d7f0e5e68b2935e1b2c8e91b0632,100644,src/syntax,syntax/document,production-mixed-tests,production-mixed-tests,Rust,9732,247,244,True,False,,deterministic path rules,['Embedded cfg(test): whole-file mixed attribution; excluded from pure-production subtotal.']
src/syntax/src/document/parser/event.rs,7c5cb1c0b607a264ed4572963c79f02df1826289,100644,src/syntax,syntax/document,production,production,Rust,2212,75,70,True,False,,deterministic path rules,[]
src/syntax/src/document/parser/grammar_fragment.rs,2d7d850501baf2cd40a5193281ec79e0347e7f8e,100644,src/syntax,syntax/document,production,production,Rust,6027,176,166,True,False,,deterministic path rules,[]
src/syntax/src/document/parser/grapheme_scan.rs,5bee54f66fed66bd9b8eb95d99f1857258884357,100644,src/syntax,syntax/document,production-mixed-tests,production-mixed-tests,Rust,12295,325,313,True,False,,deterministic path rules,['Embedded cfg(test): whole-file mixed attribution; excluded from pure-production subtotal.']
src/syntax/src/document/parser/journal.rs,b211ae78bf39d41097f3d739826386b9ef51b0fc,100644,src/syntax,syntax/document,production,production,Rust,3985,125,125,True,False,,deterministic path rules,[]
src/syntax/src/document/parser/limits.rs,7ef091e2b25ae313ff6eaf0098f27c54c50b34a6,100644,src/syntax,syntax/document,production,production,Rust,976,38,34,True,False,,deterministic path rules,[]
src/syntax/src/document/parser/literal_scan.rs,5725d7ed6fd8d0b6a9d14c2d18e0fc358c9219bc,100644,src/syntax,syntax/document,production-mixed-tests,production-mixed-tests,Rust,13494,350,340,True,False,,deterministic path rules,['Embedded cfg(test): whole-file mixed attribution; excluded from pure-production subtotal.']
src/syntax/src/document/parser/marker.rs,1d6ff14b7e19bdf3ba2ebe03cb32462e6aad4959,100644,src/syntax,syntax/document,production,production,Rust,1021,44,36,True,False,,deterministic path rules,[]
src/syntax/src/document/parser/mod.rs,755f9f5488e8b15284f5599f688bbc69db31b6d1,100644,src/syntax,syntax/document,production-mixed-tests,production-mixed-tests,Rust,53966,1542,1442,True,False,,deterministic path rules,['Embedded cfg(test): whole-file mixed attribution; excluded from pure-production subtotal.']
src/syntax/src/document/parser/recovery/abandon.rs,8cce5652668c6c71e63338ae656e6f910bad298c,100644,src/syntax,syntax/document,production,production,Rust,17538,402,401,True,False,,deterministic path rules,[]
src/syntax/src/document/parser/recovery/missing.rs,99f7940c5c8e9d7c24a336d400736e2b92fedb3f,100644,src/syntax,syntax/document,production,production,Rust,6711,171,170,True,False,,deterministic path rules,[]
src/syntax/src/document/parser/recovery/mod.rs,02bf3695ebd7577f97c019f884d1635f9978b201,100644,src/syntax,syntax/document,production-mixed-tests,production-mixed-tests,Rust,4229,142,127,True,False,,deterministic path rules,['Embedded cfg(test): whole-file mixed attribution; excluded from pure-production subtotal.']
src/syntax/src/document/parser/recovery/nesting.rs,71334556eb74128e795fbb13511c3284043b6f08,100644,src/syntax,syntax/document,production,production,Rust,12262,285,285,True,False,,deterministic path rules,[]
src/syntax/src/document/parser/recovery/skip.rs,16c809875c8513beb730388337ceef4276018ca9,100644,src/syntax,syntax/document,production,production,Rust,10924,257,256,True,False,,deterministic path rules,[]
src/syntax/src/document/parser/resource_found.rs,c855ab2d9d2e267f704857c39b5dbdcf40ce5f7a,100644,src/syntax,syntax/document,production,production,Rust,1898,51,51,True,False,,deterministic path rules,[]
src/syntax/src/document/parser/rule.rs,56b59c49ba013c2fc91a20a2e9d2b296b6502d94,100644,src/syntax,syntax/document,production-mixed-tests,production-mixed-tests,Rust,4123,143,118,True,False,,deterministic path rules,['Embedded cfg(test): whole-file mixed attribution; excluded from pure-production subtotal.']
src/syntax/src/document/parser/stream/edit.rs,acfd5fb79b622e3538c0f82458b4104e46d6f0e2,100644,src/syntax,syntax/document,production,production,Rust,6451,166,164,True,False,,deterministic path rules,[]
src/syntax/src/document/parser/stream/mod.rs,9dcd9d2f186e4e80b93c0a35bf4c27776eb486b2,100644,src/syntax,syntax/document,production,production,Rust,19135,463,462,True,False,,deterministic path rules,[]
src/syntax/src/document/parser/stream/types.rs,34beec5540312399c9d4112d2250edf69d450b7d,100644,src/syntax,syntax/document,production,production,Rust,4490,138,137,True,False,,deterministic path rules,[]
src/syntax/src/document/parser/stream/view.rs,a8e5c7319aecac7dce2a56962cc4e0c80d3008d6,100644,src/syntax,syntax/document,production,production,Rust,2693,73,72,True,False,,deterministic path rules,[]
src/syntax/src/document/parser/terminal.rs,56ee701d48ffe8dc484a744282277568d64c8456,100644,src/syntax,syntax/document,production,production,Rust,2151,68,59,True,False,,deterministic path rules,[]
src/syntax/src/document/parser/tree_cache.rs,edf36959c65bab01f4fe9e8a7eace3d9c1b8695f,100644,src/syntax,syntax/document,production,production,Rust,10589,300,299,True,False,,deterministic path rules,[]
src/syntax/src/document/pointer.rs,5b85aff5eb6e2d697d83657f813723886fc7f479,100644,src/syntax,syntax/document,production,production,Rust,311,11,9,True,False,,deterministic path rules,[]
src/syntax/src/document/red.rs,5a5676cbda9b3643d0057f99e7c5f3afaa3621aa,100644,src/syntax,syntax/document,production,production,Rust,7754,268,232,True,False,,deterministic path rules,[]
src/syntax/src/document/retained_sequence.rs,8171aba16a9e5a888f0af9476c3ab304a0a30b09,100644,src/syntax,syntax/document,production,production,Rust,11551,363,357,True,False,,deterministic path rules,[]
src/syntax/src/document/source.rs,e146da4935974e6274e7f20766a6cc0defc88757,100644,src/syntax,syntax/document,production,production,Rust,22210,617,571,True,False,,deterministic path rules,[]
src/syntax/src/document/submission.rs,33515d519003d2af87ff6348822e2a0cbe81b023,100644,src/syntax,syntax/document,production-mixed-tests,production-mixed-tests,Rust,4948,134,127,True,False,,deterministic path rules,['Embedded cfg(test): whole-file mixed attribution; excluded from pure-production subtotal.']
src/syntax/src/document/syntax_kind.rs,72b59e0c0a437a0ceada84bf091c8e0053d9b6e9,100644,src/syntax,syntax/document,production-mixed-tests,production-mixed-tests,Rust,26571,852,822,True,False,,deterministic path rules,['Embedded cfg(test): whole-file mixed attribution; excluded from pure-production subtotal.']
src/syntax/src/lib.rs,728cd1b99be830234c96e8492875b60a0eeb14e9,100644,src/syntax,src/syntax,production,production,Rust,547,15,11,True,False,,deterministic path rules,[]
src/syntax/tests/canonical_dependency_inventory.rs,7463dc21371087914548517b66984a921d469fa8,100644,src/syntax,src/syntax,test,test,Rust,12900,420,397,True,False,,deterministic path rules,[]
src/syntax/tests/canonical_document_classification.rs,612d2748c7d2aa50b28023ae2acd514839dcc832,100644,src/syntax,src/syntax,test,test,Rust,3269,100,96,True,False,,deterministic path rules,[]
src/syntax/tests/canonical_document_feature_gates.rs,9225f63d24f880c8b57588f416389a40c894227d,100644,src/syntax,src/syntax,test,test,Rust,1068,29,24,True,False,,deterministic path rules,[]
src/syntax/tests/canonical_document_fence_views.rs,432a0351f92205626fe3fdc837f53e811dace1c9,100644,src/syntax,src/syntax,test,test,Rust,18852,475,457,True,False,,deterministic path rules,[]
src/syntax/tests/canonical_document_incremental.rs,9d2ba9cf854c141b29923017fa353658b75acb82,100644,src/syntax,src/syntax,test,test,Rust,14246,366,355,True,False,,deterministic path rules,[]
src/syntax/tests/canonical_document_scopes.rs,0b1359a8159968ba2a9659227fd292560c4db240,100644,src/syntax,src/syntax,test,test,Rust,1092,25,24,True,False,,deterministic path rules,[]
src/syntax/tests/canonical_grammar.rs,b036fbff03efe89836cd851ae499cfc3a6381338,100644,src/syntax,src/syntax,test,test,Rust,8123,263,247,True,False,,deterministic path rules,[]
src/syntax/tests/canonical_grammar_found_syntax.rs,9d9a9cc09a410a2ba5cd2627465d2e7000d21762,100644,src/syntax,src/syntax,test,test,Rust,1973,61,56,True,False,,deterministic path rules,[]
src/syntax/tests/canonical_grammar_fragments.rs,d1f8094c690d35ad1a24025600347ae7435ca958,100644,src/syntax,src/syntax,test,test,Rust,7890,257,245,True,False,,deterministic path rules,[]
src/syntax/tests/canonical_grammar_recovery.rs,4357036709e81a086acebd6beccecfdb52dbbd8b,100644,src/syntax,src/syntax,test,test,Rust,10105,307,287,True,False,,deterministic path rules,[]
src/syntax/tests/canonical_parser_isolation.rs,f569fe84af9ccb80e7d62f03fc4f3f05b94163c9,100644,src/syntax,src/syntax,test,test,Rust,65690,1964,1889,True,False,,deterministic path rules,[]
src/syntax/tests/canonical_recursive_core_inventory.rs,f74b30be26fb0b1be16d78bb00cd663c41ddffaa,100644,src/syntax,src/syntax,test,test,Rust,24064,718,677,True,False,,deterministic path rules,[]
src/syntax/tests/canonical_recursive_core_schema.rs,b1748dd81a54e108e5f385587baec67ccda96937,100644,src/syntax,src/syntax,test,test,Rust,12738,386,364,True,False,,deterministic path rules,[]
src/syntax/tests/canonical_rule_registry.rs,0afdbd8e36986da3ade2f339925b0846f0d1164c,100644,src/syntax,src/syntax,test,test,Rust,2283,73,66,True,False,,deterministic path rules,[]
src/syntax/tests/canonical_rules/canonical_base_contracts.rs,790175a714e498a56ff675bb41b03d2ec5090f6a,100644,src/syntax,src/syntax,test,test,Rust,11277,327,299,True,False,,deterministic path rules,[]
src/syntax/tests/canonical_rules/canonical_declaration_properties.rs,78d81b7452fe5810b791620d60d6a98e22cc1dd2,100644,src/syntax,src/syntax,test,test,Rust,9396,289,276,True,False,,deterministic path rules,[]
src/syntax/tests/canonical_rules/canonical_declaration_rules.rs,086eb1279ed27d6204869c4d12f5b866c0f58d17,100644,src/syntax,src/syntax,test,test,Rust,5449,172,162,True,False,,deterministic path rules,[]
src/syntax/tests/canonical_rules/canonical_declaration_typed_views.rs,1b11dfbef0600c0e34b0262aac022d52fd4914cf,100644,src/syntax,src/syntax,test,test,Rust,5309,160,147,True,False,,deterministic path rules,[]
src/syntax/tests/canonical_rules/canonical_document_conformance.rs,925cdfab778abccd1cb14057f55b820b7f9cc872,100644,src/syntax,src/syntax,test,test,Rust,8087,215,203,True,False,,deterministic path rules,[]
src/syntax/tests/canonical_rules/canonical_document_root.rs,d174a1e35525c71508453a07707b1fb198c3c110,100644,src/syntax,src/syntax,test,test,Rust,22800,630,595,True,False,,deterministic path rules,[]
src/syntax/tests/canonical_rules/canonical_document_statement_views.rs,b87cc39cb837fc6ecdcf8551e55e1c34da4987d0,100644,src/syntax,src/syntax,test,test,Rust,3457,85,80,True,False,,deterministic path rules,[]
src/syntax/tests/canonical_rules/canonical_escaped_character_parity.rs,4696d162b57ed4d193742a38a7210678bcb9960e,100644,src/syntax,src/syntax,test,test,Rust,2517,71,65,True,False,,deterministic path rules,[]
src/syntax/tests/canonical_rules/canonical_executable_ambiguity.rs,fffa7d91f6c3b509325d3ab2e5fb449cfe32545f,100644,src/syntax,src/syntax,test,test,Rust,9829,323,307,True,False,,deterministic path rules,[]
src/syntax/tests/canonical_rules/canonical_executable_boundary_regressions.rs,3b1e1b72eabcfd45ace1bf1b24c0d57714cf6f25,100644,src/syntax,src/syntax,test,test,Rust,12993,379,371,True,False,,deterministic path rules,[]
src/syntax/tests/canonical_rules/canonical_executable_complexity.rs,4dd87dba72d1c05c4036a42653f5fb3b31881f13,100644,src/syntax,src/syntax,test,test,Rust,4641,146,137,True,False,,deterministic path rules,[]
src/syntax/tests/canonical_rules/canonical_executable_conformance.rs,a0947b6896541c54b65d19686f7eaedbdd3fe3fe,100644,src/syntax,src/syntax,test,test,Rust,50274,1235,1199,True,False,,deterministic path rules,[]
src/syntax/tests/canonical_rules/canonical_executable_continuation_review.rs,ec36ee51c6a90ca68d504d3c3461d0f1d343d3d3,100644,src/syntax,src/syntax,test,test,Rust,8434,254,245,True,False,,deterministic path rules,[]
src/syntax/tests/canonical_rules/canonical_executable_kind_suffix_recovery.rs,4c9c0ad9dc05f5b87a92034f3b7ce91fa68da804,100644,src/syntax,src/syntax,test,test,Rust,16176,441,431,True,False,,deterministic path rules,[]
src/syntax/tests/canonical_rules/canonical_executable_later_continuations.rs,c6fed9356c987e2d1a7921ffe5d00388ef621232,100644,src/syntax,src/syntax,test,test,Rust,20562,567,554,True,False,,deterministic path rules,[]
src/syntax/tests/canonical_rules/canonical_executable_operator_owner_recovery.rs,35421033b922dc879798e36d2b747702caebdc29,100644,src/syntax,src/syntax,test,test,Rust,11615,350,341,True,False,,deterministic path rules,[]
src/syntax/tests/canonical_rules/canonical_executable_owner_restarts.rs,c5734caebf4ac44934a7cb14d3c5023125e7b0f2,100644,src/syntax,src/syntax,test,test,Rust,11003,288,287,True,False,,deterministic path rules,[]
src/syntax/tests/canonical_rules/canonical_executable_piece_backed.rs,eeb1880b9c94ed61e22c6c9609a76173e674bf08,100644,src/syntax,src/syntax,test,test,Rust,3919,106,100,True,False,,deterministic path rules,[]
src/syntax/tests/canonical_rules/canonical_executable_recognition.rs,970024f3da3e5a3f2869a069d77d1c997ded59b2,100644,src/syntax,src/syntax,test,test,Rust,13659,378,346,True,False,,deterministic path rules,[]
src/syntax/tests/canonical_rules/canonical_executable_recovered_comprehension_views.rs,c9539f4133d719bcb5d268f5567233183d80af6b,100644,src/syntax,src/syntax,test,test,Rust,15348,369,361,True,False,,deterministic path rules,[]
src/syntax/tests/canonical_rules/canonical_executable_recovered_owner_views.rs,63e8acf70d21feecf8ef76bc7d36751749eafa7d,100644,src/syntax,src/syntax,test,test,Rust,13656,336,334,True,False,,deterministic path rules,[]
src/syntax/tests/canonical_rules/canonical_executable_recovery.rs,4e61cd9f4b19f9299f81dd75852571e18971dbe5,100644,src/syntax,src/syntax,test,test,Rust,45650,1275,1212,True,False,,deterministic path rules,[]
src/syntax/tests/canonical_rules/canonical_executable_resource_limits.rs,43f86a96623a08995a4ed753e20eabd6a88905dd,100644,src/syntax,src/syntax,test,test,Rust,16396,458,442,True,False,,deterministic path rules,[]
src/syntax/tests/canonical_rules/canonical_executable_review_regressions.rs,044e1677765593e2735c3eb5ae33b747507cc0c0,100644,src/syntax,src/syntax,test,test,Rust,34334,941,910,True,False,,deterministic path rules,[]
src/syntax/tests/canonical_rules/canonical_executable_rule_surface.rs,c28891903706cac559b205b266503d8fe0b995ac,100644,src/syntax,src/syntax,test,test,Rust,11590,353,340,True,False,,deterministic path rules,[]
src/syntax/tests/canonical_rules/canonical_executable_selected_owner_views.rs,e54a0fb8b82a623715ef6358a087081112214c51,100644,src/syntax,src/syntax,test,test,Rust,10493,272,269,True,False,,deterministic path rules,[]
src/syntax/tests/canonical_rules/canonical_executable_structure_review.rs,721938cceffb0f0bbcd8d78c81b97d55a7972647,100644,src/syntax,src/syntax,test,test,Rust,15384,421,421,True,False,,deterministic path rules,[]
src/syntax/tests/canonical_rules/canonical_executable_structure_suffix_recovery.rs,84088d5d4030aec7e14778e53acf33e0fbf22b88,100644,src/syntax,src/syntax,test,test,Rust,13200,379,374,True,False,,deterministic path rules,[]
src/syntax/tests/canonical_rules/canonical_executable_token_comparison.rs,a36c230bbd6a1f05d74ba77d0ef21e67327fbd55,100644,src/syntax,src/syntax,test,test,Rust,4213,111,104,True,False,,deterministic path rules,[]
src/syntax/tests/canonical_rules/canonical_executable_typed_views.rs,b0a7b45086a81514a565de8e74f1d5449e50a441,100644,src/syntax,src/syntax,test,test,Rust,23086,664,629,True,False,,deterministic path rules,[]
src/syntax/tests/canonical_rules/canonical_grammar_properties.rs,51173c9874330f191c0951e2346d55e6273650d1,100644,src/syntax,src/syntax,test,test,Rust,8125,227,217,True,False,,deterministic path rules,[]
src/syntax/tests/canonical_rules/canonical_graphemes.rs,fce9149ad46e90447814cd24dce626a83a7f389b,100644,src/syntax,src/syntax,test,test,Rust,5335,178,160,True,False,,deterministic path rules,[]
src/syntax/tests/canonical_rules/canonical_literal_closed_rules.rs,c5a98aa4856409eb18fbb85f9fb6723572014c30,100644,src/syntax,src/syntax,test,test,Rust,5782,151,137,True,False,,deterministic path rules,[]
src/syntax/tests/canonical_rules/canonical_literal_properties.rs,49e2b94d712386d2c71317cb1900a82c53c55a6b,100644,src/syntax,src/syntax,test,test,Rust,11314,334,316,True,False,,deterministic path rules,[]
src/syntax/tests/canonical_rules/canonical_literal_recovery.rs,732b830d9c8845d54921a9c4c1fb7477fc8834a0,100644,src/syntax,src/syntax,test,test,Rust,14842,432,417,True,False,,deterministic path rules,[]
src/syntax/tests/canonical_rules/canonical_literal_typed_views.rs,6de6120b14f174fc44d4b2fa19697fc13c633c96,100644,src/syntax,src/syntax,test,test,Rust,3112,94,87,True,False,,deterministic path rules,[]
src/syntax/tests/canonical_rules/canonical_mechdown_closed_rules.rs,21bbccafb5f3d8054d3f9738caa1a6da3c3a96ab,100644,src/syntax,src/syntax,test,test,Rust,16716,521,499,True,False,,deterministic path rules,[]
src/syntax/tests/canonical_rules/canonical_mechdown_payloads.rs,4a7539a1bddc88f489913752656a4fe4438439e4,100644,src/syntax,src/syntax,test,test,Rust,8171,271,259,True,False,,deterministic path rules,[]
src/syntax/tests/canonical_rules/canonical_mechdown_properties.rs,9c14bee4c6c613bd82fbfd432f38a54b55479279,100644,src/syntax,src/syntax,test,test,Rust,4107,123,115,True,False,,deterministic path rules,[]
src/syntax/tests/canonical_rules/canonical_module_import_properties.rs,a644751e193893e4881a1e1c4ae0226966a8ae65,100644,src/syntax,src/syntax,test,test,Rust,11673,334,315,True,False,,deterministic path rules,[]
src/syntax/tests/canonical_rules/canonical_module_import_recovery.rs,2fbd91e6b46517ba9ece9e1e73825b5a551a5a40,100644,src/syntax,src/syntax,test,test,Rust,9370,291,274,True,False,,deterministic path rules,[]
src/syntax/tests/canonical_rules/canonical_module_import_rules.rs,3fda8dc516c2c48b22301a6ab23e656cde50c610,100644,src/syntax,src/syntax,test,test,Rust,6929,220,208,True,False,,deterministic path rules,[]
src/syntax/tests/canonical_rules/canonical_module_import_typed_views.rs,9fb4b48451b1830dfe29b249055cdea99e10ece1,100644,src/syntax,src/syntax,test,test,Rust,9312,259,235,True,False,,deterministic path rules,[]
src/syntax/tests/canonical_rules/canonical_operator_closed_rules.rs,ddc92cac74b4b4c5fe4f3d145696f7c3bb080b38,100644,src/syntax,src/syntax,test,test,Rust,17488,523,502,True,False,,deterministic path rules,[]
src/syntax/tests/canonical_rules/canonical_operator_properties.rs,3e3488f90ae7558582c07a0050b7f3a55dcc4fc6,100644,src/syntax,src/syntax,test,test,Rust,11269,364,346,True,False,,deterministic path rules,[]
src/syntax/tests/canonical_rules/canonical_operator_typed_views.rs,dbed21d18779af531bbe564b53e95cb76d66392b,100644,src/syntax,src/syntax,test,test,Rust,13190,434,415,True,False,,deterministic path rules,[]
src/syntax/tests/canonical_rules/canonical_primitive_kind_rules.rs,48882dc4cbd9fea666bc6cf951fb4a2987df2ff2,100644,src/syntax,src/syntax,test,test,Rust,3249,94,85,True,False,,deterministic path rules,[]
src/syntax/tests/canonical_rules/canonical_primitive_properties.rs,8cf06ea3ef46cd6a409e528b1ee823c8de98550a,100644,src/syntax,src/syntax,test,test,Rust,9867,302,286,True,False,,deterministic path rules,[]
src/syntax/tests/canonical_rules/canonical_recursion_recovery.rs,d5bcd8cf9e22eb231c35737284364058a7032da3,100644,src/syntax,src/syntax,test,test,Rust,10049,280,267,True,False,,deterministic path rules,[]
src/syntax/tests/canonical_rules/canonical_source_import_rules.rs,066c0174b9ea0f18748dda4c3126303a0460677c,100644,src/syntax,src/syntax,test,test,Rust,6536,208,198,True,False,,deterministic path rules,[]
src/syntax/tests/canonical_rules/canonical_source_import_validation.rs,6d62fbdf9eb9284ed894a66cc7f33d640de31d70,100644,src/syntax,src/syntax,test,test,Rust,5305,159,152,True,False,,deterministic path rules,[]
src/syntax/tests/canonical_rules/canonical_structure_properties.rs,e1ce4d13bb8a6c8d640fec1e455368c8896173ad,100644,src/syntax,src/syntax,test,test,Rust,8304,253,238,True,False,,deterministic path rules,[]
src/syntax/tests/canonical_rules/mod.rs,0e2d4ec985a4248f1c5e647da9f8f18964d4e877,100644,src/syntax,src/syntax,test,test,Rust,2925,81,79,True,False,,deterministic path rules,[]
src/syntax/tests/document_annotations.rs,1abaf9d0574e542799d57b11a5965c080f46318f,100644,src/syntax,src/syntax,test,test,Rust,1949,45,40,True,False,,deterministic path rules,[]
src/syntax/tests/document_change_map.rs,d58fe5dc32b0b07e3c48da397d5dcebdbc39fdd1,100644,src/syntax,src/syntax,test,test,Rust,2539,70,67,True,False,,deterministic path rules,[]
src/syntax/tests/document_diagnostics.rs,f9217c14abfe565c280c25ac3085c9ec9923ec17,100644,src/syntax,src/syntax,test,test,Rust,7151,183,175,True,False,,deterministic path rules,[]
src/syntax/tests/document_fragments.rs,50d4996aa76703a3405282c27ecd4aa5414c1478,100644,src/syntax,src/syntax,test,test,Rust,2060,57,54,True,False,,deterministic path rules,[]
src/syntax/tests/document_green_tree.rs,be5c79649f76f8d34bb2fa478b7510667be08562,100644,src/syntax,src/syntax,test,test,Rust,4567,116,108,True,False,,deterministic path rules,[]
src/syntax/tests/document_incremental.rs,053cd9ef553e9c2df1e420c714a7918d801bf0f7,100644,src/syntax,src/syntax,test,test,Rust,13672,368,343,True,False,,deterministic path rules,[]
src/syntax/tests/document_incremental_properties.rs,0fd7ada9d96e312adf1ae8c71f869cf73e53269e,100644,src/syntax,src/syntax,test,test,Rust,10614,307,292,True,False,,deterministic path rules,[]
src/syntax/tests/document_line_index.rs,4a5ff7006ed9b87337c36afd9cf91badcdf856cd,100644,src/syntax,src/syntax,test,test,Rust,3025,105,98,True,False,,deterministic path rules,[]
src/syntax/tests/document_parser.rs,9999c39047c9decf81cfdb153be6e9ad701b3a8a,100644,src/syntax,src/syntax,test,test,Rust,11529,362,339,True,False,,deterministic path rules,[]
src/syntax/tests/document_parser_limits.rs,1df78de9599008fc06e5e79f003297335329091a,100644,src/syntax,src/syntax,test,test,Rust,12408,397,378,True,False,,deterministic path rules,[]
src/syntax/tests/document_parser_render.rs,20fc14f00b1de07639ffe533c2a3df17e9bd69dc,100644,src/syntax,src/syntax,test,test,Rust,1382,42,38,True,False,,deterministic path rules,[]
src/syntax/tests/document_properties.rs,6b1dbc0597c807d1ec0d87ef3cf22739760c5367,100644,src/syntax,src/syntax,test,test,Rust,9083,248,232,True,False,,deterministic path rules,[]
src/syntax/tests/document_recovery_mutations.rs,03ceed749d5220ece901bd20a339bcc1fc805d1e,100644,src/syntax,src/syntax,test,test,Rust,6760,196,179,True,False,,deterministic path rules,[]
src/syntax/tests/document_source_edits.rs,19b968b2022847bf984ee8e6301e89767851afca,100644,src/syntax,src/syntax,test,test,Rust,5297,148,136,True,False,,deterministic path rules,[]
src/syntax/tests/document_streaming_boundaries.rs,aa3bc4fe1ea53a58d70cbd2da2e9a2001a5d2800,100644,src/syntax,src/syntax,test,test,Rust,4350,114,113,True,False,,deterministic path rules,[]
src/syntax/tests/document_streaming_complexity.rs,4a292947c05a4d86bf0ab19e1b200bee410c94ae,100644,src/syntax,src/syntax,test,test,Rust,14995,428,413,True,False,,deterministic path rules,[]
src/syntax/tests/document_streaming_equivalence.rs,dcfcfb570447011369604ac4160203614c6f165c,100644,src/syntax,src/syntax,test,test,Rust,6962,175,174,True,False,,deterministic path rules,[]
src/syntax/tests/document_streaming_lifecycle.rs,2b4d4518e9e246e5dba49a79e9ec5d1a32581fb5,100644,src/syntax,src/syntax,test,test,Rust,10954,274,267,True,False,,deterministic path rules,[]
src/syntax/tests/document_streaming_publication.rs,c732f18a835e46488c3e04f5235872df25f17936,100644,src/syntax,src/syntax,test,test,Rust,4726,147,143,True,False,,deterministic path rules,[]
src/syntax/tests/document_streaming_recovery.rs,730394bc74469bb0a8dc93f2ffac8a61c1bf14da,100644,src/syntax,src/syntax,test,test,Rust,2921,78,77,True,False,,deterministic path rules,[]
src/syntax/tests/document_streaming_resources.rs,5d7d6228a9dc09002f865277a2bc2681ff19f1af,100644,src/syntax,src/syntax,test,test,Rust,6072,179,175,True,False,,deterministic path rules,[]
src/syntax/tests/document_streaming_storage.rs,77d50e14930d29d76523b1c836105f05d79b0132,100644,src/syntax,src/syntax,test,test,Rust,4972,138,131,True,False,,deterministic path rules,[]
src/syntax/tests/fixtures/canonical/grammar/accepted/core-expressions.mec,e91c71882e83594e66ddecd71c030c873899e0fa,100644,src/syntax,src/syntax,fixture,fixture,Mech/Mechdown,236,12,12,True,False,,deterministic path rules,[]
src/syntax/tests/fixtures/canonical/grammar/accepted/filtered-trivia.mec,38f7c00c31fd0a3bcaf9e0c946916810c7a88e6a,100644,src/syntax,src/syntax,fixture,fixture,Mech/Mechdown,59,3,3,True,False,,deterministic path rules,[]
src/syntax/tests/fixtures/canonical/grammar/accepted/terminal-with-space.mec,be5e43a5a667d2bce715d8c7be67b8819554c68e,100644,src/syntax,src/syntax,fixture,fixture,Mech/Mechdown,30,1,1,True,False,,deterministic path rules,[]
src/syntax/tests/fixtures/canonical/grammar/diagnostics/recovery-cases.tsv,34dded4a9326e4d63faf446e6ebe8c048702e4b7,100644,src/syntax,src/syntax,fixture,fixture,TSV,777,11,11,False,False,,deterministic path rules,[]
src/syntax/tests/fixtures/canonical/grammar/malformed/bad-range.mec,80143378936ec981687777de49ad3113ec1371ef,100644,src/syntax,src/syntax,fixture,fixture,Mech/Mechdown,21,1,1,True,False,,deterministic path rules,[]
src/syntax/tests/fixtures/canonical/grammar/malformed/later-rule-survives.mec,417edd04c85034321037eced3e9f310b2c82ad6a,100644,src/syntax,src/syntax,fixture,fixture,Mech/Mechdown,32,2,2,True,False,,deterministic path rules,[]
src/syntax/tests/fixtures/canonical/grammar/malformed/missing-define.mec,47fbdcc128cdd69c210c35467e540b0b3a764d6d,100644,src/syntax,src/syntax,fixture,fixture,Mech/Mechdown,21,1,1,True,False,,deterministic path rules,[]
src/syntax/tests/fixtures/canonical/grammar/malformed/missing-expression.mec,4e0208e68c26d618c0ca6d640567b54fffda6b2e,100644,src/syntax,src/syntax,fixture,fixture,Mech/Mechdown,24,1,1,True,False,,deterministic path rules,[]
src/syntax/tests/fixtures/canonical/grammar/malformed/missing-factor.mec,f8d4baa1d76862277a9f50928fdd5a66b4594c5a,100644,src/syntax,src/syntax,fixture,fixture,Mech/Mechdown,21,1,1,True,False,,deterministic path rules,[]
src/syntax/tests/fixtures/canonical/grammar/malformed/missing-rule.mec,a1e2647d215e6f815cd5b3e1b7692197c26a8211,100644,src/syntax,src/syntax,fixture,fixture,Mech/Mechdown,2,1,1,True,False,,deterministic path rules,[]
src/syntax/tests/fixtures/canonical/grammar/malformed/missing-semicolon.mec,196de552e968672130291deb4e1d60da6aba1e6f,100644,src/syntax,src/syntax,fixture,fixture,Mech/Mechdown,39,2,2,True,False,,deterministic path rules,[]
src/syntax/tests/fixtures/canonical/grammar/malformed/unclosed-group.mec,403d370a767d761467fb9e01d11dfb1fbf5da6e4,100644,src/syntax,src/syntax,fixture,fixture,Mech/Mechdown,25,1,1,True,False,,deterministic path rules,[]
src/syntax/tests/fixtures/canonical/grammar/malformed/unclosed-list.mec,1bbd411c983a877ccf1aa7052ee6623d15acfcf4,100644,src/syntax,src/syntax,fixture,fixture,Mech/Mechdown,30,1,1,True,False,,deterministic path rules,[]
src/syntax/tests/fixtures/canonical/grammar/malformed/unclosed-terminal.mec,8ea26cb24a1d85be6c55bf1f0de827c7c042031c,100644,src/syntax,src/syntax,fixture,fixture,Mech/Mechdown,28,1,1,True,False,,deterministic path rules,[]
src/syntax/tests/fixtures/canonical/grammar/malformed/unexpected-token.mec,7c5c92f37f1362af5371f2b5df64c87e1dd2e22d,100644,src/syntax,src/syntax,fixture,fixture,Mech/Mechdown,30,2,2,True,False,,deterministic path rules,[]
src/syntax/tests/fixtures/canonical/grammar/trees/terminal-with-space.tree,3f160e86cc431e67e891893583c3e74c5923cea9,100644,src/syntax,src/syntax,fixture,fixture,Other text,797,39,39,False,False,,deterministic path rules,[]
src/syntax/tests/fixtures/document/accepted/generic-fence.mec,6de18ddb6b67bbce5f604bf3629d6e114276a7d5,100644,src/syntax,src/syntax,fixture,fixture,Mech/Mechdown,75,6,6,True,False,,deterministic path rules,[]
src/syntax/tests/fixtures/document/accepted/mixed-document.mec,abe66265f80ff04a6d0569b6ecf1e4d290776372,100644,src/syntax,src/syntax,fixture,fixture,Mech/Mechdown,73,6,6,True,False,,deterministic path rules,[]
src/syntax/tests/fixtures/document/accepted/simple-definition.mec,853bd253d2458870e3d170dbc0dcef7ff4a8404d,100644,src/syntax,src/syntax,fixture,fixture,Mech/Mechdown,7,1,1,True,False,,deterministic path rules,[]
src/syntax/tests/fixtures/document/accepted/unicode.mec,9eb527f7a46ab24801d7bdc4e85de8fc5304bd5c,100644,src/syntax,src/syntax,fixture,fixture,Mech/Mechdown,45,2,2,True,False,,deterministic path rules,[]
src/syntax/tests/fixtures/document/diagnostics/missing-rhs.json,22d8913dd445f4b9c24be113e03f384d163dfab4,100644,src/syntax,src/syntax,fixture,fixture,JSON,267,14,14,False,False,,deterministic path rules,[]
src/syntax/tests/fixtures/document/malformed/missing-rhs.mec,9f9bb53b91c921c6514fc0b78c14212cf6f95ad9,100644,src/syntax,src/syntax,fixture,fixture,Mech/Mechdown,5,1,1,True,False,,deterministic path rules,[]
src/syntax/tests/fixtures/document/malformed/paragraph-before-fence.mec,2c464ce5a2ed52620634c87db5791200f23c62e9,100644,src/syntax,src/syntax,fixture,fixture,Mech/Mechdown,38,4,4,True,False,,deterministic path rules,[]
src/syntax/tests/fixtures/document/malformed/two-errors.mec,0ca45cfd5c02ba7473a8d132f995a2d429df86be,100644,src/syntax,src/syntax,fixture,fixture,Mech/Mechdown,30,4,4,True,False,,deterministic path rules,[]
src/syntax/tests/fixtures/document/malformed/unclosed-fence.mec,213d4a51c7345f2a6a2ed6c2bc4e4ad0eaa0f6a4,100644,src/syntax,src/syntax,fixture,fixture,Mech/Mechdown,28,2,2,True,False,,deterministic path rules,[]
src/syntax/tests/fixtures/document/promoted-regressions/comment-to-subtitle-reclassification.mec,7b1a6e0512257fa5f8150de342f627d6b831a4c2,100644,src/syntax,src/syntax,fixture,fixture,Mech/Mechdown,13,2,2,True,False,,deterministic path rules,[]
src/syntax/tests/fixtures/document/promoted-regressions/crlf-fence.mec,b9eb74e985873080fbfaa446c666d93b5af76fc3,100644,src/syntax,src/syntax,fixture,fixture,Mech/Mechdown,40,5,5,True,False,,deterministic path rules,[]
src/syntax/tests/fixtures/document/promoted-regressions/cross-line-definition.mec,f84af39d9905c8d55446f2065e48e82c8638dc86,100644,src/syntax,src/syntax,fixture,fixture,Mech/Mechdown,7,2,2,True,False,,deterministic path rules,[]
src/syntax/tests/fixtures/document/promoted-regressions/heading-prefix-joins-section.mec,299043844da17c5d88d7e59c4d17a57b0acd23c6,100644,src/syntax,src/syntax,fixture,fixture,Mech/Mechdown,185,7,5,True,False,,deterministic path rules,[]
src/syntax/tests/fixtures/document/promoted-regressions/incomplete-definition-following-nul.case,21a6f990439b9cadd320e67d26ffab5d392965ba,100644,src/syntax,src/syntax,fixture,fixture,Other text,218,5,5,False,False,,deterministic path rules,[]
src/syntax/tests/fixtures/document/promoted-regressions/paragraph-join.mec,fd4536dab46ea40c54594658ee3404cfd05db4eb,100644,src/syntax,src/syntax,fixture,fixture,Mech/Mechdown,17,1,1,True,False,,deterministic path rules,[]
src/syntax/tests/fixtures/document/promoted-regressions/removed-section-heading.mec,9632ac6680b86c95a185b2302c0effbc6a8ca246,100644,src/syntax,src/syntax,fixture,fixture,Mech/Mechdown,10,3,3,True,False,,deterministic path rules,[]
src/syntax/tests/fixtures/document/promoted-regressions/underlined-subtitle-reclassification.mec,08c5d7dcd7328952f5f9eaeaf8da7bc868df797c,100644,src/syntax,src/syntax,fixture,fixture,Mech/Mechdown,10,2,2,True,False,,deterministic path rules,[]
src/syntax/tests/fixtures/document/promoted-regressions/unicode-eof.mec,66d0ad65236fae10185038e1d1e694958369227d,100644,src/syntax,src/syntax,fixture,fixture,Mech/Mechdown,16,1,1,True,False,,deterministic path rules,[]
src/syntax/tests/fixtures/document/trees/missing-rhs.tree,a7788b6299ea4c97ad39d1ee3e068b135434913c,100644,src/syntax,src/syntax,fixture,fixture,Other text,326,15,15,False,False,,deterministic path rules,[]
src/syntax/tests/fixtures/grammar/accepted/citation.mec,84c687aa336fa9c5483e946a176ce08ebf041174,100644,src/syntax,src/syntax,fixture,fixture,Mech/Mechdown,29,1,1,True,False,,deterministic path rules,[]
src/syntax/tests/fixtures/grammar/accepted/figures.mec,9247febc6920672b727f0b179b58006d321e82b3,100644,src/syntax,src/syntax,fixture,fixture,Mech/Mechdown,60,2,2,True,False,,deterministic path rules,[]
src/syntax/tests/fixtures/grammar/accepted/float.mec,8bdd19af6a28e236398e8be2f4f9f4901b238d17,100644,src/syntax,src/syntax,fixture,fixture,Mech/Mechdown,27,1,1,True,False,,deterministic path rules,[]
src/syntax/tests/fixtures/grammar/accepted/footnote.mec,1953a7ae50edf4d38d6b42613aa520d0188f6343,100644,src/syntax,src/syntax,fixture,fixture,Mech/Mechdown,23,1,1,True,False,,deterministic path rules,[]
src/syntax/tests/fixtures/grammar/accepted/mechdown-abstract.mec,e3c9125a0fbdd3d4a59fb4d6f925c78911c3cd1a,100644,src/syntax,src/syntax,fixture,fixture,Mech/Mechdown,22,2,1,True,False,,deterministic path rules,[]
src/syntax/tests/fixtures/grammar/accepted/mechdown-equation.mec,f1980b686acbf3e4cd4f791ea1a19b22166a0642,100644,src/syntax,src/syntax,fixture,fixture,Mech/Mechdown,8,1,1,True,False,,deterministic path rules,[]
src/syntax/tests/fixtures/grammar/accepted/mechdown-error.mec,13cb3fb062c7e29a31e07de32a159c3f6503d133,100644,src/syntax,src/syntax,fixture,fixture,Mech/Mechdown,21,2,1,True,False,,deterministic path rules,[]
src/syntax/tests/fixtures/grammar/accepted/mechdown-idea.mec,5c15b4e4daead3b316ee2f7c15bd7c5f6173f50e,100644,src/syntax,src/syntax,fixture,fixture,Mech/Mechdown,20,2,1,True,False,,deterministic path rules,[]
src/syntax/tests/fixtures/grammar/accepted/mechdown-info.mec,0249f594666dd8b9a5a0bb57b06a36278a2605af,100644,src/syntax,src/syntax,fixture,fixture,Mech/Mechdown,20,2,1,True,False,,deterministic path rules,[]
src/syntax/tests/fixtures/grammar/accepted/mechdown-inline.mec,dfc475df30df6a1bd94ca7334b555c97fbd771a5,100644,src/syntax,src/syntax,fixture,fixture,Mech/Mechdown,185,1,1,True,False,,deterministic path rules,[]
src/syntax/tests/fixtures/grammar/accepted/mechdown-ordered.mec,5bb3610dc4822c304437f4ef83f80b94dfd2fc9b,100644,src/syntax,src/syntax,fixture,fixture,Mech/Mechdown,17,2,2,True,False,,deterministic path rules,[]
src/syntax/tests/fixtures/grammar/accepted/mechdown-prompt.mec,d498555f7a057990947a61cb212079c48e54f589,100644,src/syntax,src/syntax,fixture,fixture,Mech/Mechdown,25,1,1,True,False,,deterministic path rules,[]
src/syntax/tests/fixtures/grammar/accepted/mechdown-question.mec,ad34030b7ee3bb02b15da2f4bfca8fba7261ef32,100644,src/syntax,src/syntax,fixture,fixture,Mech/Mechdown,24,2,1,True,False,,deterministic path rules,[]
src/syntax/tests/fixtures/grammar/accepted/mechdown-quote.mec,968d1424ec68814e2333f5951b9f81c573b0ba6b,100644,src/syntax,src/syntax,fixture,fixture,Mech/Mechdown,15,2,1,True,False,,deterministic path rules,[]
src/syntax/tests/fixtures/grammar/accepted/mechdown-success.mec,e76b6d6323bab9bf865b3636b0da9bbfeedbfcb6,100644,src/syntax,src/syntax,fixture,fixture,Mech/Mechdown,23,2,1,True,False,,deterministic path rules,[]
src/syntax/tests/fixtures/grammar/accepted/mechdown-table.mec,a8fa8958689d0c19fb9faa2af46837604ac7e902,100644,src/syntax,src/syntax,fixture,fixture,Mech/Mechdown,68,4,4,True,False,,deterministic path rules,[]
src/syntax/tests/fixtures/grammar/accepted/mechdown-thematic.mec,087b1716cbadbb6bcc124323fedbc1d5fe3bbd28,100644,src/syntax,src/syntax,fixture,fixture,Mech/Mechdown,5,2,1,True,False,,deterministic path rules,[]
src/syntax/tests/fixtures/grammar/accepted/mechdown-unordered.mec,a9e37cff56ba449d606658e6f7d9f71ac7052077,100644,src/syntax,src/syntax,fixture,fixture,Mech/Mechdown,17,2,2,True,False,,deterministic path rules,[]
src/syntax/tests/fixtures/grammar/accepted/mechdown-warning.mec,3ad115d56e0b275517c75202de2c71d09d64950b,100644,src/syntax,src/syntax,fixture,fixture,Mech/Mechdown,23,2,1,True,False,,deterministic path rules,[]
src/syntax/tests/fixtures/grammar/accepted/mixed-document.mec,5498e715911e546892b281354682d3e22b91d00c,100644,src/syntax,src/syntax,fixture,fixture,Mech/Mechdown,218,14,11,True,False,,deterministic path rules,[]
src/syntax/tests/grammar_correction_ledger.rs,0e832a06f28620147a5ac4445de6608ae5a506bf,100644,src/syntax,src/syntax,test,test,Rust,2998,87,80,True,False,,deterministic path rules,[]
src/syntax/tests/support/document_stream.rs,2e4a5044533a3df00be28d84483e3e3e18181240,100644,src/syntax,src/syntax,test,test,Rust,3128,83,81,True,False,,deterministic path rules,[]
src/syntax/tests/support/stream_mirror.rs,345b93a81b4ed575a0875a1d452dbc24bbd064ed,100644,src/syntax,src/syntax,test,test,Rust,6552,183,182,True,False,,deterministic path rules,[]
src/wasm/.appveyor.yml,50910bd6f38b7bd1c5c35dad3d279110d0e511bd,100644,src/wasm,src/wasm,configuration,configuration,YAML,340,11,9,False,False,,deterministic path rules,[]
src/wasm/.cargo-ok,e69de29bb2d1d6434b8b29ae775ad8c2e48c5391,100644,src/wasm,src/wasm,configuration,configuration,Other text,0,0,0,False,False,,deterministic path rules,[]
src/wasm/Cargo.toml,9860aa438d2dae1e0a3d7f43536a88e6e7cf0935,100644,src/wasm,src/wasm,configuration,configuration,TOML,23331,399,369,False,False,,deterministic path rules,[]
src/wasm/LICENSE,41c00c99942792057b7d84e2ba001fdd4f141831,100644,src/wasm,src/wasm,license,license,Other text,11344,201,169,False,False,,deterministic path rules,[]
src/wasm/README.md,da85e65e8903224be450884a86460fdbd3cdc766,100644,src/wasm,src/wasm,documentation,documentation,Markdown,1510,28,17,False,False,,deterministic path rules,[]
src/wasm/index.html,b67b6abbf7651e7a8a038046eecaedd56be81a6a,100644,src/wasm,src/wasm,production,production,HTML,224,7,7,True,False,,deterministic path rules,[]
src/wasm/src/canonical_document.rs,72a041f0dca1dd59da8aca91d1ce8547ea2c002c,100644,src/wasm,src/wasm,production-mixed-tests,production-mixed-tests,Rust,9173,237,220,True,False,,deterministic path rules,['Embedded cfg(test): whole-file mixed attribution; excluded from pure-production subtotal.']
src/wasm/src/gpu.rs,def1f7256e6a5f873d6f1866063bd3e770931046,100644,src/wasm,src/wasm,production,production,Rust,11644,329,314,True,False,,deterministic path rules,[]
src/wasm/src/host/browser_host.rs,6ebfa363e13827839bb428cd9086a4ad317022d6,100644,src/wasm,src/wasm,production,production,Rust,5851,165,156,True,False,,deterministic path rules,[]
src/wasm/src/host/mod.rs,a4b3c0a5fd0fdaf206369adc2ceced6d756fbe83,100644,src/wasm,src/wasm,production,production,Rust,64,3,2,True,False,,deterministic path rules,[]
src/wasm/src/lib.rs,218a38d9a82f667a5e0f6ea174ed99d997198d9b,100644,src/wasm,src/wasm,production,production,Rust,946,38,29,True,False,,deterministic path rules,[]
src/wasm/src/mixed_compute.rs,7d79dc9fc10de6d9b0a8ec46678ab57827c0bb50,100644,src/wasm,src/wasm,production-mixed-tests,production-mixed-tests,Rust,104048,2930,2731,True,False,,deterministic path rules,['Embedded cfg(test): whole-file mixed attribution; excluded from pure-production subtotal.']
src/wasm/src/project.rs,555fe35d4bccd8d14749917cf0b51022e620da7d,100644,src/wasm,src/wasm,production-mixed-tests,production-mixed-tests,Rust,409188,10584,10052,True,False,,deterministic path rules,['Embedded cfg(test): whole-file mixed attribution; excluded from pure-production subtotal.']
src/wasm/src/repl.rs,030e90b6d85ddab9993460d04a4c7ac951411a51,100644,src/wasm,src/wasm,production-mixed-tests,production-mixed-tests,Rust,62376,1629,1526,True,False,,deterministic path rules,['Embedded cfg(test): whole-file mixed attribution; excluded from pure-production subtotal.']
src/wasm/src/websocket.rs,c4c46227264091ada662717c756946bd8db6cf1f,100644,src/wasm,src/wasm,production,production,Rust,5011,141,128,True,False,,deterministic path rules,[]
src/wasm/tests/bytecode_v1.rs,f8ac7198496d18cd1f141aa5916b003da2a8e510,100644,src/wasm,src/wasm,test,test,Rust,1932,50,46,True,False,,deterministic path rules,[]
src/wasm/tests/fixtures/generic-multirate-sampled-scene/compute-only.mcfg,f80b2a901637a23ab3b9af49b7defc5a9c537ae2,100644,src/wasm,src/wasm,fixture,fixture,Mech configuration,292,15,15,False,False,,deterministic path rules,[]
src/wasm/tests/fixtures/generic-multirate-sampled-scene/sampling.mec,cbb02b050344631028fceb7d373aa77dcddb9a7b,100644,src/wasm,src/wasm,fixture,fixture,Mech/Mechdown,930,24,19,True,False,,deterministic path rules,[]
src/wasm/tests/fixtures/generic-multirate-sampled-scene/updates.mec,6d7ef9c088083621df387594554e4904e0261a6a,100644,src/wasm,src/wasm,fixture,fixture,Mech/Mechdown,619,14,10,True,False,,deterministic path rules,[]
src/wasm/tests/fixtures/generic-multirate-sampled-scene/visual.mcfg,3a46816a582ab121f00a233107f36a8eb356d2fc,100644,src/wasm,src/wasm,fixture,fixture,Mech configuration,713,27,27,False,False,,deterministic path rules,[]
src/wasm/tests/fixtures/generic-timer-table-scene/mech.mcfg,5cb725ffe595589892b680be04bd0150e0ac261b,100644,src/wasm,src/wasm,fixture,fixture,Mech configuration,589,36,35,False,False,,deterministic path rules,[]
src/wasm/tests/fixtures/generic-timer-table-scene/table-scene.mec,4f97ae29664fbb04f38a07574c5591a17f9a5084,100644,src/wasm,src/wasm,fixture,fixture,Mech/Mechdown,855,24,19,True,False,,deterministic path rules,[]
src/wasm/tests/function_system_source_contract.rs,6c651e134277d4dabf34d0bc00eb54d5aa78c026,100644,src/wasm,src/wasm,test,test,Rust,5359,179,160,True,False,,deterministic path rules,[]
src/web_host.rs,8af9b782ecbcdbedc32e6d51348a6b325d06436e,100644,src,src,production-mixed-tests,production-mixed-tests,Rust,15704,452,422,True,False,,deterministic path rules,['Embedded cfg(test): whole-file mixed attribution; excluded from pure-production subtotal.']
tests/architecture/bytecode-v1/canonical-composites.mecb,4fd907d07992c4f7502fa423e33c6cb424281f20,100644,tests,tests,test,test,Binary,1252,0,0,False,False,,deterministic path rules,[]
tests/architecture/bytecode-v1/canonical-matrices.mecb,def5fc34ee5eb002280ca742590773cf6c1c4718,100644,tests,tests,test,test,Binary,3580,0,0,False,False,,deterministic path rules,[]
tests/architecture/bytecode-v1/canonical-scalars.mecb,6a25691b3fa9d0985e95a20b7476ebd41b082a85,100644,tests,tests,test,test,Binary,1580,0,0,False,False,,deterministic path rules,[]
tests/architecture/bytecode-v1/cli-stdout.mecb,a106a5df100586d4bf06261fa31a8b86fc065f65,100644,tests,tests,test,test,Binary,1639,0,0,False,False,,deterministic path rules,[]
tests/architecture/bytecode-v1/console.mecb,4bb2a18ca79d1b923c023c3268c80ab0a3d4147a,100644,tests,tests,test,test,Binary,1671,0,0,False,False,,deterministic path rules,[]
tests/architecture/bytecode-v1/dynamic-matrix-add-f64.mecb,70ff15ba40dcdb1372f7152874c4093c08a2ead7,100644,tests,tests,test,test,Binary,4757,0,0,False,False,,deterministic path rules,[]
tests/architecture/bytecode-v1/fixed-matrix-add-f64.mecb,b5f38311bea4f7c7e6e49227014d3411cc2dc819,100644,tests,tests,test,test,Binary,2453,0,0,False,False,,deterministic path rules,[]
tests/architecture/bytecode-v1/literal-f64.mecb,15b04a197e186c2763d2952cbfc74e4ea8e965e6,100644,tests,tests,test,test,Binary,1040,0,0,False,False,,deterministic path rules,[]
tests/architecture/bytecode-v1/manifest.json,1354176483ddf044ce5d5be803c4a7e653e54446,100644,tests,tests,test,test,JSON,117528,5295,5295,False,False,,deterministic path rules,[]
tests/architecture/bytecode-v1/named-module-operation.mecb,813ee78ee6aa38bb39afbb8fd43c28fa7ce10f53,100644,tests,tests,test,test,Binary,1449,0,0,False,False,,deterministic path rules,[]
tests/architecture/bytecode-v1/quaternary.mecb,cd43546e2a1e8bc415248857485266e0b2063b43,100644,tests,tests,test,test,Binary,5584,0,0,False,False,,deterministic path rules,[]
tests/architecture/bytecode-v1/robot-arm.mecb,61b70b485a8814f2c7f8a7bc1b2f75ff92b188c1,100644,tests,tests,test,test,Binary,1678,0,0,False,False,,deterministic path rules,[]
tests/architecture/bytecode-v1/scalar-add-f64.mecb,d886014933d0336f7b68e191cfb10068918e3225,100644,tests,tests,test,test,Binary,1605,0,0,False,False,,deterministic path rules,[]
tests/architecture/bytecode-v1/scene.mecb,13907266102fa61ff5b1fba6291a37b2e04e688e,100644,tests,tests,test,test,Binary,2626,0,0,False,False,,deterministic path rules,[]
tests/architecture/bytecode-v1/sources/cli-stdout.mec,15327e3571d3fb495c085d653808e02fff0c5406,100644,tests,tests,test,test,Mech/Mechdown,62,5,3,True,False,,deterministic path rules,[]
tests/architecture/bytecode-v1/sources/console.mec,410a58af1628da843cf3cfedf88b90332f19f2a7,100644,tests,tests,test,test,Mech/Mechdown,96,3,3,True,False,,deterministic path rules,[]
tests/architecture/bytecode-v1/sources/dynamic-matrix-add-f64.mec,c192e9917543e72a36bca5dbea2fda85cfbc06a7,100644,tests,tests,test,test,Mech/Mechdown,245,1,1,True,False,,deterministic path rules,[]
tests/architecture/bytecode-v1/sources/fixed-matrix-add-f64.mec,c88bf56f79a78ef73b687a22e3656f4f5da28f67,100644,tests,tests,test,test,Mech/Mechdown,39,1,1,True,False,,deterministic path rules,[]
tests/architecture/bytecode-v1/sources/literal-f64.mec,706485d70d1e02d25143497c71e8a5b73aaa2cf1,100644,tests,tests,test,test,Mech/Mechdown,4,1,1,True,False,,deterministic path rules,[]
tests/architecture/bytecode-v1/sources/named-module-operation.mec,a6227d9b40eab543a5a5903cc0012204462eed98,100644,tests,tests,test,test,Mech/Mechdown,21,2,2,True,False,,deterministic path rules,[]
tests/architecture/bytecode-v1/sources/quaternary.mec,9b1a5a5419c3d9d96c7485ad588d8a5653dde9db,100644,tests,tests,test,test,Mech/Mechdown,135,1,1,True,False,,deterministic path rules,[]
tests/architecture/bytecode-v1/sources/robot-arm.mec,0453ebc659535735a1896ffa59c46e0cd36f318f,100644,tests,tests,test,test,Mech/Mechdown,72,3,3,True,False,,deterministic path rules,[]
tests/architecture/bytecode-v1/sources/scalar-add.mec,b6f416be0d15b6228cb954a154923e28b73baee1,100644,tests,tests,test,test,Mech/Mechdown,9,1,1,True,False,,deterministic path rules,[]
tests/architecture/bytecode-v1/sources/scene.mec,a641a08ace8e803451a20c035dd4f243ea2160e6,100644,tests,tests,test,test,Mech/Mechdown,143,4,4,True,False,,deterministic path rules,[]
tests/architecture/bytecode-v1/sources/string.mec,d0bbb0374432f21a9731e959c6b6bfebe211a1e0,100644,tests,tests,test,test,Mech/Mechdown,13,1,1,True,False,,deterministic path rules,[]
tests/architecture/bytecode-v1/sources/structural-match.mec,0e823f666edf793a204e9d323c960a7e9e2e9265,100644,tests,tests,test,test,Mech/Mechdown,59,1,1,True,False,,deterministic path rules,[]
tests/architecture/bytecode-v1/sources/synthetic-live-read.mec,ec2161a0665b17d4ee5b5101c36e90cff0c3ab75,100644,tests,tests,test,test,Mech/Mechdown,212,13,9,True,False,,deterministic path rules,[]
tests/architecture/bytecode-v1/sources/ternary.mec,b29f3966c41422f37a36aeee150ff1528a4db3d0,100644,tests,tests,test,test,Mech/Mechdown,14,1,1,True,False,,deterministic path rules,[]
tests/architecture/bytecode-v1/sources/time.mec,16da2d68971601173c0fe91f1abb46acf6b4b439,100644,tests,tests,test,test,Mech/Mechdown,79,3,3,True,False,,deterministic path rules,[]
tests/architecture/bytecode-v1/sources/timer.mec,c94c15db00e3c4d0533063b9338029119746b826,100644,tests,tests,test,test,Mech/Mechdown,74,3,3,True,False,,deterministic path rules,[]
tests/architecture/bytecode-v1/sources/unary.mec,b4479d1449497a6f6341eb977099479445660c74,100644,tests,tests,test,test,Mech/Mechdown,5,1,1,True,False,,deterministic path rules,[]
tests/architecture/bytecode-v1/sources/variadic-horzcat-f64.mec,dd7f3ac06bbd8b0dc6c84674799f9dc9388fb0ef,100644,tests,tests,test,test,Mech/Mechdown,21,1,1,True,False,,deterministic path rules,[]
tests/architecture/bytecode-v1/string.mecb,b70d33c32451c953bda1d39800f39169a60ed59f,100644,tests,tests,test,test,Binary,1016,0,0,False,False,,deterministic path rules,[]
tests/architecture/bytecode-v1/structural-match.mecb,e7fc5737d3e4244223e0c1e7208eeb2d29f829f1,100644,tests,tests,test,test,Binary,3087,0,0,False,False,,deterministic path rules,[]
tests/architecture/bytecode-v1/synthetic-live-read.mecb,39682d64ba35fd9140e03d7ce79ef842d977f604,100644,tests,tests,test,test,Binary,4161,0,0,False,False,,deterministic path rules,[]
tests/architecture/bytecode-v1/ternary.mecb,b708e0ed7fff41a9421c2d8501a312fe94db4e92,100644,tests,tests,test,test,Binary,1869,0,0,False,False,,deterministic path rules,[]
tests/architecture/bytecode-v1/time.mecb,118c2894bc0d160f054d709068e31235ce5ceb63,100644,tests,tests,test,test,Binary,1634,0,0,False,False,,deterministic path rules,[]
tests/architecture/bytecode-v1/timer.mecb,6d84de546a03467f0248d3e144dc8efe0fce6942,100644,tests,tests,test,test,Binary,1618,0,0,False,False,,deterministic path rules,[]
tests/architecture/bytecode-v1/unary.mecb,58346fe498909fa94ff900c025b0017d7cc123b5,100644,tests,tests,test,test,Binary,1248,0,0,False,False,,deterministic path rules,[]
tests/architecture/bytecode-v1/variadic-horzcat-f64.mecb,a986bb745fe587ae8fc3fd75892a5a2bd85f75a6,100644,tests,tests,test,test,Binary,1624,0,0,False,False,,deterministic path rules,[]
tests/architecture/distributions/full.json,36b27238a0bb796234af2bcf796347a556c8ba3e,100644,tests,tests,test,test,JSON,4688,263,263,False,False,,deterministic path rules,[]
tests/architecture/distributions/profile-contracts.json,54b921560e50a487fe5fc7b55d7861673b53cd27,100644,tests,tests,test,test,JSON,6893,238,238,False,False,,deterministic path rules,[]
tests/architecture/distributions/standard.json,877a108f12f379388113dcdbf51753670deb6d1d,100644,tests,tests,test,test,JSON,3795,198,198,False,False,,deterministic path rules,[]
tests/architecture/function-system/README.md,6029ee9c69606888c6c2d4204e94e98f1bcda0de,100644,tests,tests,test,test,Markdown,1165,36,28,False,False,,deterministic path rules,[]
tests/architecture/function-system/function-surface.json,076df4d1869cc847bba4d4f1ef8d07db7d419050,100644,tests,tests,test,test,JSON,20612,1004,1004,False,False,,deterministic path rules,[]
tests/architecture/function-system/runtime-factory-surface.json,631597673e0f82abc4ba24cfd476a0b230354e31,100644,tests,tests,test,test,JSON,1204183,48587,48587,False,False,,deterministic path rules,[]
tests/architecture/function-system/source-cases.json,dbf232904442a6e22416f379fee231334c8dc772,100644,tests,tests,test,test,JSON,3117,122,122,False,False,,deterministic path rules,[]
tests/architecture/function-system/specialization-cases.json,28c50dd2ddfc8859385399b570c10205880fd499,100644,tests,tests,test,test,JSON,9278,484,484,False,False,,deterministic path rules,[]
tests/architecture/native-linkage/coverage.json,d2997b552361f83d27dfae3d7c96c552ec6f8af4,100644,tests,tests,test,test,JSON,2549,61,61,False,False,,deterministic path rules,[]
tests/architecture/operation-contract/README.md,204f1e2724d1185981868028ee10b55efa6e8cf0,100644,tests,tests,test,test,Markdown,1183,22,18,False,False,,deterministic path rules,[]
tests/architecture/operation-contract/boundary-schema.json,98026e8edaec9b86997c803f574cce6bc84bb2dc,100644,tests,tests,test,test,JSON,1510,64,64,False,False,,deterministic path rules,[]
tests/architecture/operation-contract/boundary.json,fe1f406179bc9015c9c6a0c92cb081821bf171f5,100644,tests,tests,test,test,JSON,1252,42,42,False,False,,deterministic path rules,[]
tests/architecture/program-artifact/README.md,a9b33d56d1fc29ca8904edf61295ecfb30e423ab,100644,tests,tests,test,test,Markdown,900,19,15,False,False,,deterministic path rules,[]
tests/architecture/program-artifact/boundary-schema.json,cab958cebc4d5ca4ae94249983c63750467f267e,100644,tests,tests,test,test,JSON,1504,73,73,False,False,,deterministic path rules,[]
tests/architecture/program-artifact/boundary.json,ebf88f1aa48976061e95bdfdf151bccc6e2961e1,100644,tests,tests,test,test,JSON,972,48,48,False,False,,deterministic path rules,[]
tests/architecture/resident-activation/README.md,867b8c30b94f07b2abc2a1270cb26eed0b6b4f2a,100644,tests,tests,test,test,Markdown,2364,45,36,False,False,,deterministic path rules,[]
tests/architecture/resident-activation/ekf-source-v1.mec,5d63b0096ac06b6765ca36895b6d1ef4c1e0795a,100644,tests,tests,test,test,Mech/Mechdown,1898,74,53,True,False,,deterministic path rules,[]
tests/architecture/resident-activation/ekf-source-v1.sha256,285201390ebf20f3e334d1526929337964876b4d,100644,tests,tests,test,test,Other text,65,1,1,False,False,,deterministic path rules,[]
tests/architecture/resident-activation/n-body-source-v1.mec,44c36496b0999ad34181d1e2dccc51654de24388,100644,tests,tests,test,test,Mech/Mechdown,3446,93,87,True,False,,deterministic path rules,[]
tests/architecture/resident-activation/n-body-source-v1.sha256,4586c467b15ab91da88654f112613cd8c692bb22,100644,tests,tests,test,test,Other text,87,1,1,False,False,,deterministic path rules,[]
tests/architecture/value-execution/README.md,ef932f76f9c8adc043efe72b21e795868d452aef,100644,tests,tests,test,test,Markdown,966,21,17,False,False,,deterministic path rules,[]
tests/architecture/value-execution/legacy-boundary.json,f06f5aacd88b8fbcfac5691d9a8e8a566553b391,100644,tests,tests,test,test,JSON,17559,239,239,False,False,,deterministic path rules,[]
tests/architecture/value-system/README.md,889428bbb6a01f640bb67497d0152bcf00571b1a,100644,tests,tests,test,test,Markdown,2574,58,45,False,False,,deterministic path rules,[]
tests/architecture/value-system/canonical-encoding-v1-schema.json,abe78b090fba7fbcfc4a57acb187764fa7639ba2,100644,tests,tests,test,test,JSON,20680,665,665,False,False,,deterministic path rules,[]
tests/architecture/value-system/canonical-encoding-v1-vectors-schema.json,7bb266e9d3fc87c5ccdc45cffa136fc93306e4b1,100644,tests,tests,test,test,JSON,6521,225,225,False,False,,deterministic path rules,[]
tests/architecture/value-system/canonical-encoding-v1-vectors.json,0da7f039088f6ed060aa7d2efa5205ad198bffa9,100644,tests,tests,test,test,JSON,21187,573,573,False,False,,deterministic path rules,[]
tests/architecture/value-system/canonical-encoding-v1.json,ad7e372269d3933da8ef8061700ec7d19859b6cb,100644,tests,tests,test,test,JSON,17235,603,603,False,False,,deterministic path rules,[]
tests/architecture/value-system/retired-public-surface-v1.json,4879e5f1333a90ccfefbb2187cde12cdceddc451,100644,tests,tests,test,test,JSON,7300,223,223,False,False,,deterministic path rules,[]
tests/browser/__init__.py,d35d8c073cf7256c2f00b687c4c0b9e43a8d719e,100644,tests,tests,test,test,Python,49,1,1,True,False,,deterministic path rules,[]
tests/browser/harness/__init__.py,71ada9cab174f5c2743828b7f87329dc1b6dcabd,100644,tests,tests,test,test,Python,248,12,11,True,False,,deterministic path rules,[]
tests/browser/harness/__main__.py,11d2a05f913451ee4828896f48a95e23a0744f6b,100644,tests,tests,test,test,Python,71,3,2,True,False,,deterministic path rules,[]
tests/browser/harness/chrome.py,b02b041616ffb76eafa1f52d1c35e98e10a898d3,100644,tests,tests,test,test,Python,24987,651,588,True,False,,deterministic path rules,[]
tests/browser/harness/test_chrome_session.py,f2c46fd834435d7f51bcf06abde2ffabafcd2dfd,100644,tests,tests,test,test,Python,6092,145,126,True,False,,deterministic path rules,[]
tests/browser/harness/test_completion_server.py,5179aa730b4c98d4a18ad2bec712383e46763765,100644,tests,tests,test,test,Python,2346,73,59,True,False,,deterministic path rules,[]
tests/bytecode.rs,cab5f68fda5e38a2a8692728951fdfe707a11206,100644,tests,tests,test,test,Rust,61651,1634,1511,True,False,,deterministic path rules,[]
tests/catalog_closure.rs,ba605ec45df1ca6dcb95e6b94994659a44719b7a,100644,tests,tests,test,test,Rust,32076,820,793,True,False,,deterministic path rules,[]
tests/ci/test_ci_full_contract.py,18fc10a3b1a8b774e70fe16747628f21259dec30,100644,tests,tests,test,test,Python,81252,1559,1463,True,False,,deterministic path rules,[]
tests/ci/test_ci_impact.py,f894e00a6ace13fda7920283e6033215686bae24,100644,tests,tests,test,test,Python,21302,392,352,True,False,,deterministic path rules,[]
tests/dynamic_combinatorics.rs,50bdff846fd511463b829126d00ac2544c173f54,100644,tests,tests,test,test,Rust,3117,116,99,True,False,,deterministic path rules,[]
tests/dynamic_math.rs,5a87163f6bab6a8fac1fc33c5c85c592834c18fe,100644,tests,tests,test,test,Rust,5349,274,250,True,False,,deterministic path rules,[]
tests/dynamic_modules.rs,29fd322321ce91f8d64658706d0207f950e574a7,100644,tests,tests,test,test,Rust,9352,315,292,True,False,,deterministic path rules,[]
tests/dynamic_status_failures.rs,4c09363f57e1dfde8c0476e8aaf6e2320f6b0ef0,100644,tests,tests,test,test,Rust,2224,74,65,True,False,,deterministic path rules,[]
tests/fixtures/bytecode-compiler-producer/Cargo.toml,f294afcee35077e2a490dd48094f89424176cf8b,100644,tests,tests,fixture,fixture,TOML,1141,36,33,False,False,,deterministic path rules,[]
tests/fixtures/bytecode-compiler-producer/src/main.rs,822483c4ce5a310744e59bcb770bd1759f79fb9f,100644,tests,tests,fixture,fixture,Rust,557,18,17,True,False,,deterministic path rules,[]
tests/fixtures/bytecode-runtime-consumer/Cargo.toml,ba31e2623619224f8b2e626758ec4005bdfcb85c,100644,tests,tests,fixture,fixture,TOML,988,33,30,False,False,,deterministic path rules,[]
tests/fixtures/bytecode-runtime-consumer/src/main.rs,f7e2fd859f2cdb976dde7233e3b07a8a6652d319,100644,tests,tests,fixture,fixture,Rust,857,22,21,True,False,,deterministic path rules,[]
tests/fixtures/bytecode-v1-fixed-generator/Cargo.lock,a66991fbbd19eb5eb932d7e83cf9c3863e538a8f,100644,tests,tests,fixture,fixture,Lockfile,35195,1427,1267,False,False,,deterministic path rules,[]
tests/fixtures/bytecode-v1-fixed-generator/Cargo.toml,bc8001098ffaa5de2195f5a633775c5c14df727e,100644,tests,tests,fixture,fixture,TOML,1410,53,50,False,False,,deterministic path rules,[]
tests/fixtures/bytecode-v1-fixed-generator/src/main.rs,5bbef3a44f7ce4a4030864bc18007f6d6a530e13,100644,tests,tests,fixture,fixture,Rust,1934,52,50,True,False,,deterministic path rules,[]
tests/fixtures/bytecode-v1-generator/.gitignore,ea8c4bf7f35f6f77f75d92ad8ce8349f6e81ddba,100644,tests,tests,fixture,fixture,Other text,8,1,1,False,False,,deterministic path rules,[]
tests/fixtures/bytecode-v1-generator/Cargo.lock,3e19c21df108531d037b69a183e72bb3c7503a63,100644,tests,tests,fixture,fixture,Lockfile,18116,692,610,False,False,,deterministic path rules,[]
tests/fixtures/bytecode-v1-generator/Cargo.toml,e7f0ef8e6f68b66cdc86e9a4482acda199d0a746,100644,tests,tests,fixture,fixture,TOML,291,17,15,False,False,,deterministic path rules,[]
tests/fixtures/bytecode-v1-generator/src/main.rs,a671cc6f0ebd0514b221754a7c4162f6cc4991b5,100644,tests,tests,fixture,fixture,Rust,43900,1249,1207,True,False,,deterministic path rules,[]
tests/fixtures/bytecode-v1-source-generator/.gitignore,b83d22266ac8aa2f8df2edef68082c789727841d,100644,tests,tests,fixture,fixture,Other text,9,1,1,False,False,,deterministic path rules,[]
tests/fixtures/bytecode-v1-source-generator/Cargo.lock,1ea7501d10aef2549489fc81c1d55b5abac94c88,100644,tests,tests,fixture,fixture,Lockfile,40968,1702,1516,False,False,,deterministic path rules,[]
tests/fixtures/bytecode-v1-source-generator/Cargo.toml,7b3c31c21424834961d93ee027e2065cb6f8e8cb,100644,tests,tests,fixture,fixture,TOML,2105,66,63,False,False,,deterministic path rules,[]
tests/fixtures/bytecode-v1-source-generator/src/main.rs,837082134e3287b73963cfe594f5da45831cb0e1,100644,tests,tests,fixture,fixture,Rust,8430,232,220,True,False,,deterministic path rules,[]
tests/fixtures/dynamic-status-module/Cargo.toml,736bc674b19ea6fc1869aa5bf50db6819bce5fbf,100644,tests,tests,fixture,fixture,TOML,230,14,11,False,False,,deterministic path rules,[]
tests/fixtures/dynamic-status-module/src/lib.rs,82b5a246852ba179d5d831ccd698d937ebcec2fc,100644,tests,tests,fixture,fixture,Rust,2368,93,79,True,False,,deterministic path rules,[]
tests/fixtures/format_static/main.mec,f6ea207fddee16f79e4473a2562c7b3d22a33da8,100644,tests,tests,fixture,fixture,Mech/Mechdown,52,3,3,True,False,,deterministic path rules,[]
tests/fixtures/format_static/support.mec,9cf49a658b1dc7a3800dde0d353633a65ae87d1b,100644,tests,tests,fixture,fixture,Mech/Mechdown,21,2,2,True,False,,deterministic path rules,[]
tests/fixtures/format_static/unicode-main.mec,64184af34085df989c421d8fcacfebbfcae01bbf,100644,tests,tests,fixture,fixture,Mech/Mechdown,48,3,3,True,False,,deterministic path rules,[]
tests/fixtures/full-bytecode-runtime/.gitignore,b83d22266ac8aa2f8df2edef68082c789727841d,100644,tests,tests,fixture,fixture,Other text,9,1,1,False,False,,deterministic path rules,[]
tests/fixtures/full-bytecode-runtime/Cargo.lock,9477edeb568b8a1c2ac7af1dc0e3e9c5704eed31,100644,tests,tests,fixture,fixture,Lockfile,35587,1441,1280,False,False,,deterministic path rules,[]
tests/fixtures/full-bytecode-runtime/Cargo.toml,1ad570af1121dc69c01c25ad8605b2af2439a1cc,100644,tests,tests,fixture,fixture,TOML,1081,35,32,False,False,,deterministic path rules,[]
tests/fixtures/full-bytecode-runtime/src/main.rs,6e88dafc39323c6b5d69e5e32732850cc164b0a0,100644,tests,tests,fixture,fixture,Rust,853,22,21,True,False,,deterministic path rules,[]
tests/fixtures/full-source-runtime/Cargo.lock,0349c2ba43a5d3873160622f2ede48ec65873f23,100644,tests,tests,fixture,fixture,Lockfile,43319,1742,1549,False,False,,deterministic path rules,[]
tests/fixtures/full-source-runtime/Cargo.toml,c8edf4e1623de0bb272389d0ce1a18ef30486c70,100644,tests,tests,fixture,fixture,TOML,1507,48,44,False,False,,deterministic path rules,[]
tests/fixtures/full-source-runtime/src/main.rs,d959b190b533d6489e362e4df478cb835c0dde28,100644,tests,tests,fixture,fixture,Rust,3823,125,116,True,False,,deterministic path rules,[]
tests/fixtures/native-build-owner-runner/Cargo.lock,14fe0cdd62cd07f11cff9bc012a83f690e34a816,100644,tests,tests,fixture,fixture,Lockfile,40687,1684,1500,False,False,,deterministic path rules,[]
tests/fixtures/native-build-owner-runner/Cargo.toml,e249b9b7bcb5aae61a3e2d6947751a78ba499257,100644,tests,tests,fixture,fixture,TOML,2533,83,79,False,False,,deterministic path rules,[]
tests/fixtures/native-build-owner-runner/src/main.rs,8a3da86ff28e85740d25212da0af8b335ceb50fe,100644,tests,tests,fixture,fixture,Rust,23507,602,577,True,False,,deterministic path rules,[]
tests/fixtures/native-linkage/.gitignore,b83d22266ac8aa2f8df2edef68082c789727841d,100644,tests,tests,fixture,fixture,Other text,9,1,1,False,False,,deterministic path rules,[]
tests/fixtures/native-linkage/Cargo.toml,0163ef65e6d683de1b781469df282d12c9c153f2,100644,tests,tests,fixture,fixture,TOML,13748,370,366,False,False,,deterministic path rules,[]
tests/fixtures/native-linkage/src/main.rs,5ebaa926e53bf9d1c589750ea6239e8b42928e09,100644,tests,tests,fixture,fixture,Rust,19072,488,467,True,False,,deterministic path rules,[]
tests/fixtures/native-live-host/Cargo.toml,614ec4bcfb6c894429336ed40797a728b7a7e941,100644,tests,tests,fixture,fixture,TOML,394,11,10,False,False,,deterministic path rules,[]
tests/fixtures/native-live-host/src/lib.rs,d45b8f4ba1a7c7751d62c716de9563e6b515a05d,100644,tests,tests,fixture,fixture,Rust,16862,536,480,True,False,,deterministic path rules,[]
tests/fixtures/resident-ekf/README.md,c5a01ce796316300e466ba4f0495921e13a9d70c,100644,tests,tests,fixture,fixture,Markdown,2102,69,57,False,False,,deterministic path rules,[]
tests/fixtures/resident-ekf/ekf-input-v1.bin,3928ae34f1f3651890794662d1c3f68c5d5ca71a,100644,tests,tests,generated,fixture,Binary,131072,0,0,False,True,scripts/generate-resident-ekf-fixture.py,deterministic path rules,['Generated output; see generator field or first-eight-line source marker.']
tests/fixtures/resident-ekf/ekf-input-v1.sha256,ea355712f0e76a40c3d481852b125101a19d975a,100644,tests,tests,generated,fixture,Other text,83,1,1,False,True,scripts/generate-resident-ekf-fixture.py,deterministic path rules,['Generated output; see generator field or first-eight-line source marker.']
tests/fixtures/resident-ekf/ekf-v1.json,59eafcda7e8ad25910af2b6c86935e3cb0461573,100644,tests,tests,generated,fixture,JSON,4256,197,197,False,True,scripts/generate-resident-ekf-fixture.py,deterministic path rules,['Generated output; see generator field or first-eight-line source marker.']
tests/fixtures/resident-ekf/numpy/ekf_v1.py,4e92d89ebf6d71ce6284148732e88570c6e3ea5b,100644,tests,tests,fixture,fixture,Python,17815,497,449,True,False,,deterministic path rules,[]
tests/fixtures/resident-external/effect-source.mec,14783e481413b3e0f8c629cedde3311df048cec9,100644,tests,tests,fixture,fixture,Mech/Mechdown,187,10,7,True,False,,deterministic path rules,[]
tests/fixtures/resident-external/transactional-source.mec,3b814049ac740a90641de7b4c00b216d14833d1c,100644,tests,tests,fixture,fixture,Mech/Mechdown,210,10,7,True,False,,deterministic path rules,[]
tests/fixtures/resident-nbody-conformance/Cargo.lock,8501b15c958e0ce87c2e41b6acf93538f0f29ad6,100644,tests,tests,fixture,fixture,Lockfile,43438,1750,1556,False,False,,deterministic path rules,[]
tests/fixtures/resident-nbody-conformance/Cargo.toml,7555fb80118799dee16e6541d5c60750be225352,100644,tests,tests,fixture,fixture,TOML,1305,30,27,False,False,,deterministic path rules,[]
tests/fixtures/resident-nbody-conformance/src/main.rs,795de4e7890f186ad4b6f8e6512b87162b79cde0,100644,tests,tests,fixture,fixture,Rust,89382,2432,2357,True,False,,deterministic path rules,[]
tests/fixtures/serve/inline-shim.html,3c9b8e687a6b95f25a4dd89585ac73d420fc41d1,100644,tests,tests,fixture,fixture,HTML,2277,69,65,True,False,,deterministic path rules,[]
tests/fixtures/shims/all-slots.css,5fe5cbbc7a79efabd258ac9b34c63c710e480687,100644,tests,tests,fixture,fixture,CSS,155,4,4,True,False,,deterministic path rules,[]
tests/fixtures/shims/all-slots.html,22739e4d4b873fbda52e6bffc556dbeda657a07f,100644,tests,tests,fixture,fixture,HTML,1906,50,50,True,False,,deterministic path rules,[]
tests/fixtures/shims/all-slots.mec,b02c77fc49061d4efd58ca5bb029822705c3b6bf,100644,tests,tests,fixture,fixture,Mech/Mechdown,1217,44,31,True,False,,deterministic path rules,[]
tests/fixtures/shims/controller-literal-module.html,c1d8d02a2cf3480081f8a3181b3a0eb19db4149b,100644,tests,tests,fixture,fixture,HTML,607,24,24,True,False,,deterministic path rules,[]
tests/fixtures/shims/controller-missing-module.html,80b4ad03904cebdeb2436632f2c76a4722e546dd,100644,tests,tests,fixture,fixture,HTML,533,21,21,True,False,,deterministic path rules,[]
tests/fixtures/shims/hero.svg,f11678770fdac8ca32095ee2335fece4778f39b9,100644,tests,tests,fixture,fixture,SVG,205,4,4,False,False,,deterministic path rules,[]
tests/fixtures/shims/output-addresses.mec,ff83a7933db71ede8d76d293f4a7e203e1ffa558,100644,tests,tests,fixture,fixture,Mech/Mechdown,426,23,17,True,False,,deterministic path rules,[]
tests/fixtures/shims/static-no-controller.html,9b19958232c9b881a6a1dfe9c817b34f19273cb4,100644,tests,tests,fixture,fixture,HTML,237,14,14,True,False,,deterministic path rules,[]
tests/fixtures/standard-dynamic-matrix.mec,153e0057d75acc3b9c54ef416503cdc29c0661a1,100644,tests,tests,fixture,fixture,Mech/Mechdown,79,4,4,True,False,,deterministic path rules,[]
tests/fixtures/standard-live-timer/live.mec,c753f832a738688589da6e91c1266258c6f72df1,100644,tests,tests,fixture,fixture,Mech/Mechdown,128,5,4,True,False,,deterministic path rules,[]
tests/fixtures/standard-live-timer/mech.mcfg,060fa9a893d3fac19c6a21ecd77540d967a01cd5,100644,tests,tests,fixture,fixture,Mech configuration,504,33,32,False,False,,deterministic path rules,[]
tests/fixtures/standard-resident-scalar.mec,68dbd4fd9d53a6962f3f0559a18592152e34e521,100644,tests,tests,fixture,fixture,Mech/Mechdown,43,3,3,True,False,,deterministic path rules,[]
tests/fixtures/syntax-source-boundary/compiler.mec,c8aeda864bbb3815da749f0aa446d7ed8939bede,100644,tests,tests,fixture,fixture,Mech/Mechdown,62,3,3,True,False,,deterministic path rules,[]
tests/fixtures/syntax-source-boundary/config.mec,abf2553d716f89769939dcd36ef667172b075861,100644,tests,tests,fixture,fixture,Mech/Mechdown,65,4,4,True,False,,deterministic path rules,[]
tests/fixtures/syntax-source-boundary/document.mec,284e18ef139b75464ef6bb12dd83f7848c3cfc8b,100644,tests,tests,fixture,fixture,Mech/Mechdown,338,14,11,True,False,,deterministic path rules,[]
tests/fixtures/syntax-source-boundary/empty.mec,e69de29bb2d1d6434b8b29ae775ad8c2e48c5391,100644,tests,tests,fixture,fixture,Mech/Mechdown,0,0,0,True,False,,deterministic path rules,[]
tests/fixtures/syntax-source-boundary/executable.mec,0a2d372ad7d376920f0f4af744fa164a9fbdd7d8,100644,tests,tests,fixture,fixture,Mech/Mechdown,24,2,2,True,False,,deterministic path rules,[]
tests/fixtures/syntax-source-boundary/interactive.mec,b5ecc0aada0110697db60dcf229fd1ad1daac19e,100644,tests,tests,fixture,fixture,Mech/Mechdown,32,3,3,True,False,,deterministic path rules,[]
tests/fixtures/syntax-source-boundary/malformed.mec,9f689fc00b642b9db5de774348267c9cfa8a4a20,100644,tests,tests,fixture,fixture,Mech/Mechdown,10,1,1,True,False,,deterministic path rules,[]
tests/fixtures/syntax-source-boundary/resolver-index.mec,4e3db7180e9443a83c7a23ad76c4a4f0a9f7b7d4,100644,tests,tests,fixture,fixture,Mech/Mechdown,49,4,4,True,False,,deterministic path rules,[]
tests/fixtures/syntax-source-boundary/wasm-document.mec,7e3a593d131a8fe7254418d51ca55f8127babaa6,100644,tests,tests,fixture,fixture,Mech/Mechdown,231,10,8,True,False,,deterministic path rules,[]
tests/lazy_stdlib.rs,b35044e915942f0add96a497ab7f9aac24dca22c,100644,tests,tests,test,test,Rust,3375,129,105,True,False,,deterministic path rules,[]
tests/mech_build.rs,9dbbd71d1fb87f90b652bdeef84f642bd72202d2,100644,tests,tests,test,test,Rust,16495,475,433,True,False,,deterministic path rules,[]
tests/mech_cli_host.rs,7ffe52074c8a69d1741bc1c54fe4a1738ebd3d92,100644,tests,tests,test,test,Rust,26603,855,766,True,False,,deterministic path rules,[]
tests/mech_format_shims.rs,7fe8eee26e9436bdd86a6f0bac4dd79fbc978eab,100644,tests,tests,test,test,Rust,29120,780,739,True,False,,deterministic path rules,[]
tests/mech_repl.rs,c853f10adae7d85bbff065b6106044b88cec43e1,100644,tests,tests,test,test,Rust,17020,540,503,True,False,,deterministic path rules,[]
tests/mech_repl_ctrlc.rs,8ce881effba3b0ceaa9571c59e72b93d52cc37a0,100644,tests,tests,test,test,Rust,3713,109,97,True,False,,deterministic path rules,[]
tests/mech_serve.rs,e20cfeb100ceeea88f4013516bf01583c35dc072,100644,tests,tests,test,test,Rust,27756,805,743,True,False,,deterministic path rules,[]
tests/public_api_compat.rs,89b0eef2c9d4825bcaab55ee3e8536dee8550513,100644,tests,tests,test,test,Rust,1250,43,38,True,False,,deterministic path rules,[]
tests/style_layer_contract.rs,a3c3f334db744f6106900b6b359515b9833c684e,100644,tests,tests,test,test,Rust,32336,859,816,True,False,,deterministic path rules,[]
tests/support/bytecode/catalog.rs,1252148365cc9536cc33ab9506310d5f9161c0dc,100644,tests,tests,test,test,Rust,2137,60,57,True,False,,deterministic path rules,[]
tests/support/bytecode/dynamic_matrix_factory.rs,1e0136dd41a92d7f575a28912cd5b4e7836825c2,100644,tests,tests,test,test,Rust,2836,78,72,True,False,,deterministic path rules,[]
tests/support/intrinsic_catalog.rs,e1af69bcde3b064d3255ec0c6baee57b62f0ab8e,100644,tests,tests,test,test,Rust,762,23,20,True,False,,deterministic path rules,[]
tests/support/intrinsic_runner.rs,c9835119559e16f34651497a3766603dd612a2e7,100644,tests,tests,test,test,Rust,549,16,14,True,False,,deterministic path rules,[]
tests/support/shim_contract.rs,f82e3ddf808f4679f9a944f5e770758fe77ba558,100644,tests,tests,test,test,Rust,3515,130,125,True,False,,deterministic path rules,[]
tests/windows_source_paths.rs,e3698b8c6f8cd59998e6cf3a59ea6f91cd1124e1,100644,tests,tests,test,test,Rust,7776,219,194,True,False,,deterministic path rules,[]
